Date,Actual_Food and non-alcoholic beverages,Predicted_Food and non-alcoholic beverages,Actual_Miscellaneous goods and services,Predicted_Miscellaneous goods and services,Actual_Actual rentals for housing,Predicted_Actual rentals for housing,Actual_Maintenance and repair of the dwelling,Predicted_Maintenance and repair of the dwelling
2005-11-07,68.23,68.45,71.64,71.47,79.14,78.57,73.05,72.90
2005-11-08,68.26,68.39,71.67,71.48,79.14,78.61,73.06,72.90
2005-11-09,68.30,68.42,71.70,71.51,79.14,78.61,73.06,72.88
2005-11-10,68.34,68.46,71.72,71.53,79.14,78.63,73.06,72.89
2005-11-11,68.38,68.48,71.75,71.56,79.14,78.63,73.06,72.91
2005-11-12,68.41,68.52,71.78,71.58,79.14,78.64,73.07,72.91
2005-11-13,68.45,68.54,71.81,71.58,79.14,78.65,73.07,72.91
2005-11-14,68.49,68.56,71.84,71.58,79.14,78.65,73.07,72.91
2005-11-15,68.53,68.58,71.86,71.60,79.14,78.65,73.07,72.91
2005-11-16,68.56,68.61,71.89,71.62,79.14,78.66,73.08,72.92
2005-11-17,68.60,68.62,71.92,71.59,79.14,78.66,73.08,72.92
2005-11-18,68.64,68.63,71.95,71.60,79.14,78.66,73.08,72.93
2005-11-19,68.67,68.66,71.98,71.62,79.14,78.66,73.08,72.94
2005-11-20,68.71,68.68,72.01,71.62,79.14,78.67,73.09,72.94
2005-11-21,68.75,68.70,72.03,71.64,79.14,78.67,73.09,72.95
2005-11-22,68.79,68.72,72.06,71.66,79.14,78.67,73.09,72.95
2005-11-23,68.82,68.74,72.09,71.68,79.14,78.68,73.09,72.95
2005-11-24,68.86,68.76,72.12,71.69,79.14,78.68,73.10,72.96
2005-11-25,68.90,68.79,72.15,71.71,79.14,78.69,73.10,72.96
2005-11-26,68.94,68.81,72.18,71.72,79.14,78.69,73.10,72.97
2005-11-27,68.97,68.83,72.20,71.74,79.14,78.69,73.10,72.98
2005-11-28,69.01,68.85,72.23,71.75,79.14,78.69,73.11,72.98
2005-11-29,69.05,68.87,72.26,71.77,79.14,78.69,73.11,72.99
2005-11-30,69.09,68.89,72.29,71.78,79.14,78.70,73.11,72.99
2005-12-01,69.12,68.91,72.32,71.79,79.14,78.70,73.11,73.00
2005-12-02,69.17,68.92,72.31,71.81,79.14,78.71,73.12,73.00
2005-12-03,69.21,68.95,72.31,71.82,79.14,78.71,73.12,73.00
2005-12-04,69.25,68.96,72.30,71.83,79.14,78.72,73.12,73.01
2005-12-05,69.29,68.99,72.30,71.84,79.14,78.72,73.12,73.01
2005-12-06,69.34,69.01,72.29,71.86,79.14,78.72,73.13,73.02
2005-12-07,69.38,69.03,72.29,71.87,79.14,78.73,73.13,73.02
2005-12-08,69.42,69.05,72.28,71.88,79.14,78.73,73.13,73.03
2005-12-09,69.46,69.07,72.28,71.90,79.14,78.73,73.13,73.03
2005-12-10,69.51,69.09,72.28,71.91,79.14,78.74,73.13,73.04
2005-12-11,69.55,69.12,72.27,71.92,79.14,78.74,73.14,73.05
2005-12-12,69.59,69.14,72.27,71.94,79.14,78.74,73.14,73.05
2005-12-13,69.64,69.16,72.26,71.95,79.14,78.75,73.14,73.06
2005-12-14,69.68,69.19,72.26,71.96,79.14,78.75,73.14,73.07
2005-12-15,69.72,69.21,72.25,71.97,79.14,78.75,73.15,73.08
2005-12-16,69.76,69.23,72.25,71.99,79.14,78.76,73.15,73.08
2005-12-17,69.81,69.25,72.24,72.00,79.14,78.76,73.15,73.09
2005-12-18,69.85,69.27,72.24,72.02,79.14,78.76,73.15,73.10
2005-12-19,69.89,69.30,72.23,72.03,79.14,78.77,73.16,73.10
2005-12-20,69.94,69.32,72.23,72.04,79.14,78.77,73.16,73.11
2005-12-21,69.98,69.34,72.23,72.05,79.14,78.78,73.16,73.12
2005-12-22,70.02,69.36,72.22,72.07,79.14,78.78,73.16,73.12
2005-12-23,70.06,69.39,72.22,72.08,79.14,78.78,73.17,73.13
2005-12-24,70.11,69.41,72.21,72.09,79.14,78.79,73.17,73.13
2005-12-25,70.15,69.43,72.21,72.10,79.14,78.79,73.17,73.14
2005-12-26,70.19,69.45,72.20,72.12,79.14,78.79,73.17,73.15
2005-12-27,70.24,69.47,72.20,72.13,79.14,78.80,73.17,73.15
2005-12-28,70.28,69.49,72.19,72.15,79.14,78.80,73.18,73.16
2005-12-29,70.32,69.51,72.19,72.16,79.14,78.80,73.18,73.16
2005-12-30,70.36,69.53,72.18,72.18,79.14,78.81,73.18,73.17
2005-12-31,70.41,69.55,72.18,72.19,79.14,78.81,73.18,73.18
2006-01-01,70.45,69.57,72.18,72.20,79.14,78.82,73.19,73.19
2006-01-02,70.44,69.59,72.18,72.22,79.14,78.82,73.19,73.19
2006-01-03,70.43,69.61,72.18,72.23,79.14,78.83,73.20,73.20
2006-01-04,70.42,69.63,72.19,72.24,79.15,78.83,73.20,73.20
2006-01-05,70.41,69.65,72.19,72.26,79.15,78.83,73.21,73.21
2006-01-06,70.41,69.67,72.20,72.27,79.15,78.84,73.21,73.22
2006-01-07,70.40,69.69,72.20,72.28,79.15,78.84,73.21,73.22
2006-01-08,70.39,69.70,72.21,72.29,79.16,78.85,73.22,73.23
2006-01-09,70.38,69.72,72.21,72.31,79.16,78.85,73.22,73.24
2006-01-10,70.37,69.73,72.22,72.32,79.16,78.86,73.23,73.24
2006-01-11,70.36,69.75,72.22,72.33,79.16,78.86,73.23,73.25
2006-01-12,70.35,69.76,72.23,72.35,79.17,78.86,73.24,73.25
2006-01-13,70.34,69.78,72.23,72.36,79.17,78.87,73.24,73.26
2006-01-14,70.33,69.79,72.23,72.37,79.17,78.87,73.25,73.27
2006-01-15,70.32,69.80,72.24,72.38,79.17,78.87,73.25,73.27
2006-01-16,70.31,69.81,72.24,72.40,79.18,78.88,73.26,73.28
2006-01-17,70.31,69.82,72.25,72.41,79.18,78.88,73.26,73.29
2006-01-18,70.30,69.83,72.25,72.42,79.18,78.88,73.27,73.29
2006-01-19,70.29,69.84,72.26,72.43,79.18,78.89,73.27,73.30
2006-01-20,70.28,69.85,72.26,72.45,79.19,78.89,73.28,73.30
2006-01-21,70.27,69.86,72.27,72.46,79.19,78.89,73.28,73.31
2006-01-22,70.26,69.87,72.27,72.47,79.19,78.90,73.28,73.32
2006-01-23,70.25,69.87,72.28,72.49,79.19,78.90,73.29,73.32
2006-01-24,70.24,69.88,72.28,72.50,79.20,78.90,73.29,73.33
2006-01-25,70.23,69.89,72.28,72.51,79.20,78.91,73.30,73.34
2006-01-26,70.22,69.89,72.29,72.52,79.20,78.91,73.30,73.34
2006-01-27,70.22,69.90,72.29,72.54,79.20,78.91,73.31,73.35
2006-01-28,70.21,69.91,72.30,72.55,79.21,78.92,73.31,73.35
2006-01-29,70.20,69.91,72.30,72.56,79.21,78.92,73.32,73.36
2006-01-30,70.19,69.92,72.31,72.57,79.21,78.92,73.32,73.36
2006-01-31,70.18,69.92,72.31,72.59,79.21,78.93,73.33,73.37
2006-02-01,70.17,69.92,72.32,72.60,79.22,78.93,73.33,73.38
2006-02-02,70.17,69.93,72.34,72.61,79.22,78.93,73.33,73.38
2006-02-03,70.18,69.93,72.37,72.63,79.22,78.94,73.34,73.39
2006-02-04,70.18,69.94,72.39,72.64,79.22,78.94,73.34,73.40
2006-02-05,70.18,69.94,72.42,72.65,79.22,78.94,73.34,73.40
2006-02-06,70.18,69.94,72.44,72.66,79.22,78.95,73.34,73.41
2006-02-07,70.19,69.95,72.47,72.68,79.22,78.95,73.35,73.42
2006-02-08,70.19,69.95,72.49,72.69,79.22,78.95,73.35,73.42
2006-02-09,70.19,69.95,72.52,72.70,79.22,78.96,73.35,73.43
2006-02-10,70.19,69.95,72.54,72.72,79.22,78.96,73.35,73.44
2006-02-11,70.20,69.95,72.57,72.73,79.22,78.97,73.36,73.44
2006-02-12,70.20,69.96,72.59,72.74,79.22,78.97,73.36,73.45
2006-02-13,70.20,69.96,72.62,72.76,79.22,78.97,73.36,73.45
2006-02-14,70.20,69.96,72.65,72.77,79.22,78.98,73.37,73.46
2006-02-15,70.21,69.96,72.67,72.78,79.22,78.98,73.37,73.47
2006-02-16,70.21,69.96,72.70,72.80,79.22,78.98,73.37,73.47
2006-02-17,70.21,69.96,72.72,72.81,79.22,78.99,73.37,73.48
2006-02-18,70.21,69.96,72.75,72.83,79.22,78.99,73.38,73.49
2006-02-19,70.22,69.97,72.77,72.84,79.22,78.99,73.38,73.49
2006-02-20,70.22,69.97,72.80,72.86,79.22,79.00,73.38,73.50
2006-02-21,70.22,69.97,72.82,72.87,79.22,79.00,73.38,73.51
2006-02-22,70.22,69.97,72.85,72.89,79.22,79.01,73.39,73.51
2006-02-23,70.23,69.97,72.87,72.90,79.22,79.01,73.39,73.52
2006-02-24,70.23,69.97,72.90,72.92,79.22,79.01,73.39,73.53
2006-02-25,70.23,69.97,72.92,72.93,79.22,79.02,73.39,73.53
2006-02-26,70.23,69.97,72.95,72.95,79.22,79.02,73.40,73.54
2006-02-27,70.24,69.97,72.97,72.96,79.22,79.03,73.40,73.55
2006-02-28,70.24,69.97,73.00,72.98,79.22,79.03,73.40,73.55
2006-03-01,70.24,69.97,73.02,72.99,79.22,79.03,73.40,73.56
2006-03-02,70.23,69.97,73.06,73.01,79.22,79.04,73.41,73.56
2006-03-03,70.23,69.97,73.09,73.02,79.22,79.04,73.41,73.57
2006-03-04,70.22,69.97,73.12,73.04,79.22,79.04,73.41,73.57
2006-03-05,70.21,69.97,73.15,73.05,79.23,79.05,73.41,73.58
2006-03-06,70.21,69.97,73.18,73.07,79.23,79.05,73.42,73.59
2006-03-07,70.20,69.96,73.22,73.08,79.23,79.06,73.42,73.59
2006-03-08,70.19,69.96,73.25,73.10,79.23,79.06,73.42,73.60
2006-03-09,70.19,69.96,73.28,73.11,79.24,79.06,73.42,73.60
2006-03-10,70.18,69.96,73.31,73.12,79.24,79.07,73.43,73.61
2006-03-11,70.17,69.96,73.34,73.14,79.24,79.07,73.43,73.62
2006-03-12,70.17,69.95,73.38,73.15,79.24,79.08,73.43,73.62
2006-03-13,70.16,69.95,73.41,73.16,79.25,79.08,73.43,73.63
2006-03-14,70.15,69.95,73.44,73.18,79.25,79.08,73.43,73.63
2006-03-15,70.15,69.95,73.47,73.19,79.25,79.09,73.44,73.64
2006-03-16,70.14,69.95,73.50,73.21,79.25,79.09,73.44,73.64
2006-03-17,70.13,69.94,73.54,73.22,79.26,79.10,73.44,73.65
2006-03-18,70.13,69.94,73.57,73.23,79.26,79.10,73.44,73.65
2006-03-19,70.12,69.94,73.60,73.25,79.26,79.11,73.45,73.66
2006-03-20,70.11,69.94,73.63,73.26,79.26,79.11,73.45,73.67
2006-03-21,70.11,69.94,73.66,73.28,79.27,79.11,73.45,73.67
2006-03-22,70.10,69.94,73.70,73.29,79.27,79.12,73.45,73.68
2006-03-23,70.09,69.94,73.73,73.31,79.27,79.12,73.46,73.68
2006-03-24,70.09,69.94,73.76,73.32,79.28,79.13,73.46,73.69
2006-03-25,70.08,69.93,73.79,73.33,79.28,79.13,73.46,73.69
2006-03-26,70.07,69.93,73.82,73.35,79.28,79.14,73.46,73.70
2006-03-27,70.06,69.93,73.86,73.36,79.28,79.14,73.46,73.71
2006-03-28,70.06,69.93,73.89,73.38,79.29,79.14,73.47,73.71
2006-03-29,70.05,69.93,73.92,73.39,79.29,79.15,73.47,73.72
2006-03-30,70.04,69.93,73.95,73.40,79.29,79.15,73.47,73.72
2006-03-31,70.04,69.93,73.98,73.42,79.29,79.16,73.47,73.73
2006-04-01,70.03,69.93,74.02,73.43,79.30,79.16,73.48,73.74
2006-04-02,70.01,69.93,74.06,73.45,79.30,79.17,73.48,73.74
2006-04-03,69.99,69.93,74.10,73.46,79.30,79.17,73.49,73.75
2006-04-04,69.97,69.92,74.14,73.48,79.30,79.18,73.49,73.76
2006-04-05,69.95,69.92,74.19,73.49,79.31,79.18,73.50,73.76
2006-04-06,69.93,69.92,74.23,73.50,79.31,79.18,73.50,73.77
2006-04-07,69.91,69.92,74.27,73.52,79.31,79.19,73.51,73.77
2006-04-08,69.88,69.92,74.31,73.53,79.31,79.19,73.51,73.78
2006-04-09,69.86,69.92,74.36,73.55,79.32,79.20,73.51,73.79
2006-04-10,69.84,69.92,74.40,73.56,79.32,79.20,73.52,73.79
2006-04-11,69.82,69.92,74.44,73.58,79.32,79.21,73.52,73.80
2006-04-12,69.80,69.92,74.48,73.59,79.32,79.21,73.53,73.81
2006-04-13,69.78,69.92,74.53,73.61,79.33,79.22,73.53,73.81
2006-04-14,69.76,69.92,74.57,73.62,79.33,79.22,73.54,73.82
2006-04-15,69.74,69.92,74.61,73.64,79.33,79.23,73.54,73.83
2006-04-16,69.72,69.92,74.65,73.65,79.34,79.23,73.55,73.84
2006-04-17,69.70,69.92,74.70,73.67,79.34,79.24,73.55,73.84
2006-04-18,69.67,69.92,74.74,73.68,79.34,79.24,73.56,73.85
2006-04-19,69.65,69.92,74.78,73.70,79.34,79.25,73.56,73.86
2006-04-20,69.63,69.93,74.82,73.71,79.35,79.25,73.57,73.86
2006-04-21,69.61,69.93,74.87,73.73,79.35,79.26,73.57,73.87
2006-04-22,69.59,69.93,74.91,73.74,79.35,79.26,73.58,73.88
2006-04-23,69.57,69.93,74.95,73.76,79.35,79.27,73.58,73.89
2006-04-24,69.55,69.93,74.99,73.77,79.36,79.27,73.59,73.89
2006-04-25,69.53,69.93,75.04,73.79,79.36,79.28,73.59,73.90
2006-04-26,69.51,69.94,75.08,73.80,79.36,79.28,73.60,73.91
2006-04-27,69.49,69.94,75.12,73.82,79.36,79.29,73.60,73.91
2006-04-28,69.46,69.94,75.16,73.83,79.37,79.29,73.61,73.92
2006-04-29,69.44,69.94,75.20,73.85,79.37,79.30,73.61,73.93
2006-04-30,69.42,69.95,75.25,73.86,79.37,79.30,73.62,73.94
2006-05-01,69.40,69.95,75.29,73.88,79.37,79.31,73.62,73.94
2006-05-02,69.38,69.95,75.26,73.90,79.37,79.31,73.65,73.95
2006-05-03,69.36,69.96,75.24,73.91,79.37,79.32,73.68,73.96
2006-05-04,69.34,69.96,75.21,73.93,79.37,79.32,73.71,73.97
2006-05-05,69.32,69.96,75.19,73.94,79.37,79.33,73.74,73.97
2006-05-06,69.30,69.97,75.16,73.95,79.37,79.33,73.77,73.98
2006-05-07,69.28,69.97,75.14,73.97,79.37,79.34,73.80,73.99
2006-05-08,69.26,69.97,75.11,73.98,79.37,79.34,73.83,73.99
2006-05-09,69.24,69.97,75.09,74.00,79.37,79.35,73.86,74.00
2006-05-10,69.22,69.98,75.06,74.01,79.37,79.35,73.89,74.01
2006-05-11,69.20,69.98,75.04,74.02,79.37,79.36,73.92,74.01
2006-05-12,69.18,69.98,75.01,74.04,79.37,79.36,73.95,74.02
2006-05-13,69.16,69.99,74.99,74.05,79.37,79.37,73.99,74.03
2006-05-14,69.14,69.99,74.96,74.06,79.37,79.37,74.02,74.03
2006-05-15,69.12,69.99,74.94,74.07,79.37,79.37,74.05,74.04
2006-05-16,69.10,70.00,74.91,74.09,79.37,79.38,74.08,74.05
2006-05-17,69.08,70.00,74.89,74.10,79.37,79.38,74.11,74.05
2006-05-18,69.06,70.01,74.86,74.11,79.37,79.39,74.14,74.06
2006-05-19,69.04,70.01,74.84,74.12,79.37,79.39,74.17,74.07
2006-05-20,69.02,70.01,74.81,74.13,79.37,79.39,74.20,74.08
2006-05-21,69.00,70.02,74.79,74.14,79.37,79.40,74.23,74.08
2006-05-22,68.98,70.02,74.76,74.15,79.37,79.40,74.26,74.09
2006-05-23,68.96,70.03,74.74,74.16,79.37,79.41,74.29,74.10
2006-05-24,68.93,70.03,74.71,74.17,79.37,79.41,74.32,74.10
2006-05-25,68.91,70.04,74.69,74.18,79.37,79.41,74.35,74.11
2006-05-26,68.89,70.04,74.66,74.19,79.37,79.42,74.38,74.12
2006-05-27,68.87,70.04,74.64,74.20,79.37,79.42,74.41,74.12
2006-05-28,68.85,70.05,74.61,74.21,79.37,79.42,74.44,74.13
2006-05-29,68.83,70.06,74.59,74.22,79.37,79.43,74.47,74.14
2006-05-30,68.81,70.06,74.56,74.23,79.37,79.43,74.50,74.14
2006-05-31,68.79,70.07,74.54,74.23,79.37,79.44,74.53,74.15
2006-06-01,68.77,70.07,74.51,74.24,79.37,79.44,74.56,74.16
2006-06-02,68.79,70.08,74.53,74.25,79.38,79.44,74.56,74.16
2006-06-03,68.80,70.08,74.54,74.26,79.38,79.44,74.56,74.17
2006-06-04,68.81,70.09,74.56,74.27,79.38,79.45,74.56,74.18
2006-06-05,68.83,70.09,74.58,74.28,79.39,79.45,74.56,74.18
2006-06-06,68.84,70.10,74.59,74.28,79.39,79.45,74.56,74.19
2006-06-07,68.86,70.11,74.61,74.29,79.39,79.46,74.56,74.20
2006-06-08,68.87,70.11,74.63,74.30,79.39,79.46,74.56,74.20
2006-06-09,68.88,70.12,74.64,74.31,79.40,79.47,74.56,74.21
2006-06-10,68.90,70.13,74.66,74.32,79.40,79.47,74.56,74.22
2006-06-11,68.91,70.14,74.68,74.32,79.40,79.47,74.56,74.22
2006-06-12,68.93,70.14,74.69,74.33,79.40,79.48,74.56,74.23
2006-06-13,68.94,70.15,74.71,74.34,79.41,79.48,74.56,74.24
2006-06-14,68.95,70.16,74.73,74.35,79.41,79.48,74.56,74.24
2006-06-15,68.97,70.17,74.74,74.36,79.41,79.49,74.56,74.25
2006-06-16,68.98,70.18,74.76,74.37,79.41,79.49,74.56,74.26
2006-06-17,69.00,70.19,74.78,74.38,79.42,79.49,74.56,74.26
2006-06-18,69.01,70.19,74.79,74.38,79.42,79.50,74.56,74.27
2006-06-19,69.02,70.20,74.81,74.39,79.42,79.50,74.56,74.28
2006-06-20,69.04,70.21,74.82,74.40,79.43,79.51,74.56,74.28
2006-06-21,69.05,70.22,74.84,74.41,79.43,79.51,74.56,74.29
2006-06-22,69.07,70.23,74.86,74.42,79.43,79.51,74.56,74.30
2006-06-23,69.08,70.24,74.87,74.43,79.43,79.52,74.56,74.30
2006-06-24,69.09,70.25,74.89,74.44,79.44,79.52,74.56,74.31
2006-06-25,69.11,70.26,74.91,74.44,79.44,79.52,74.56,74.31
2006-06-26,69.12,70.27,74.92,74.45,79.44,79.53,74.56,74.32
2006-06-27,69.14,70.28,74.94,74.46,79.44,79.53,74.56,74.33
2006-06-28,69.15,70.29,74.96,74.47,79.45,79.53,74.56,74.33
2006-06-29,69.16,70.30,74.97,74.48,79.45,79.54,74.56,74.34
2006-06-30,69.18,70.31,74.99,74.49,79.45,79.54,74.56,74.34
2006-07-01,69.19,70.32,75.01,74.50,79.46,79.55,74.56,74.35
2006-07-02,69.28,70.33,75.02,74.51,79.46,79.55,74.57,74.36
2006-07-03,69.36,70.34,75.03,74.52,79.46,79.55,74.57,74.36
2006-07-04,69.45,70.35,75.04,74.52,79.46,79.56,74.57,74.37
2006-07-05,69.54,70.36,75.05,74.53,79.47,79.56,74.57,74.37
2006-07-06,69.62,70.37,75.06,74.54,79.47,79.56,74.58,74.38
2006-07-07,69.71,70.38,75.07,74.55,79.47,79.57,74.58,74.39
2006-07-08,69.79,70.39,75.09,74.56,79.47,79.57,74.58,74.39
2006-07-09,69.88,70.40,75.10,74.57,79.48,79.58,74.58,74.40
2006-07-10,69.96,70.41,75.11,74.58,79.48,79.58,74.58,74.40
2006-07-11,70.05,70.42,75.12,74.58,79.48,79.58,74.59,74.41
2006-07-12,70.14,70.44,75.13,74.59,79.48,79.59,74.59,74.41
2006-07-13,70.22,70.45,75.14,74.60,79.49,79.59,74.59,74.42
2006-07-14,70.31,70.46,75.15,74.61,79.49,79.59,74.59,74.42
2006-07-15,70.39,70.47,75.17,74.62,79.49,79.60,74.60,74.43
2006-07-16,70.48,70.48,75.18,74.63,79.49,79.60,74.60,74.43
2006-07-17,70.56,70.49,75.19,74.63,79.50,79.60,74.60,74.44
2006-07-18,70.65,70.51,75.20,74.64,79.50,79.61,74.60,74.44
2006-07-19,70.73,70.52,75.21,74.65,79.50,79.61,74.61,74.45
2006-07-20,70.82,70.53,75.22,74.66,79.50,79.62,74.61,74.45
2006-07-21,70.91,70.54,75.23,74.67,79.51,79.62,74.61,74.46
2006-07-22,70.99,70.55,75.25,74.67,79.51,79.62,74.61,74.46
2006-07-23,71.08,70.56,75.26,74.68,79.51,79.63,74.61,74.46
2006-07-24,71.16,70.58,75.27,74.69,79.51,79.63,74.62,74.47
2006-07-25,71.25,70.59,75.28,74.70,79.52,79.63,74.62,74.47
2006-07-26,71.33,70.60,75.29,74.71,79.52,79.64,74.62,74.48
2006-07-27,71.42,70.61,75.30,74.71,79.52,79.64,74.62,74.48
2006-07-28,71.51,70.62,75.31,74.72,79.52,79.64,74.63,74.49
2006-07-29,71.59,70.63,75.33,74.73,79.53,79.65,74.63,74.49
2006-07-30,71.68,70.65,75.34,74.74,79.53,79.65,74.63,74.50
2006-07-31,71.76,70.66,75.35,74.74,79.53,79.65,74.63,74.50
2006-08-01,71.85,70.67,75.36,74.75,79.53,79.66,74.64,74.50
2006-08-02,71.87,70.68,75.36,74.76,79.54,79.66,74.64,74.51
2006-08-03,71.89,70.69,75.36,74.77,79.54,79.67,74.64,74.51
2006-08-04,71.92,70.70,75.35,74.77,79.54,79.67,74.64,74.52
2006-08-05,71.94,70.71,75.35,74.78,79.54,79.67,74.65,74.52
2006-08-06,71.96,70.72,75.35,74.79,79.55,79.68,74.65,74.52
2006-08-07,71.98,70.73,75.35,74.80,79.55,79.68,74.65,74.53
2006-08-08,72.01,70.74,75.34,74.80,79.55,79.68,74.65,74.53
2006-08-09,72.03,70.76,75.34,74.81,79.55,79.69,74.65,74.54
2006-08-10,72.05,70.77,75.34,74.82,79.56,79.69,74.66,74.54
2006-08-11,72.07,70.78,75.34,74.82,79.56,79.69,74.66,74.54
2006-08-12,72.10,70.79,75.33,74.83,79.56,79.70,74.66,74.55
2006-08-13,72.12,70.79,75.33,74.84,79.56,79.70,74.66,74.55
2006-08-14,72.14,70.80,75.33,74.85,79.57,79.70,74.67,74.55
2006-08-15,72.16,70.81,75.33,74.85,79.57,79.71,74.67,74.56
2006-08-16,72.19,70.82,75.33,74.86,79.57,79.71,74.67,74.56
2006-08-17,72.21,70.83,75.32,74.87,79.57,79.71,74.67,74.56
2006-08-18,72.23,70.84,75.32,74.87,79.58,79.72,74.68,74.57
2006-08-19,72.25,70.85,75.32,74.88,79.58,79.72,74.68,74.57
2006-08-20,72.28,70.85,75.32,74.89,79.58,79.72,74.68,74.57
2006-08-21,72.30,70.86,75.31,74.89,79.58,79.73,74.68,74.58
2006-08-22,72.32,70.87,75.31,74.90,79.59,79.73,74.69,74.58
2006-08-23,72.34,70.88,75.31,74.91,79.59,79.74,74.69,74.58
2006-08-24,72.37,70.88,75.31,74.91,79.59,79.74,74.69,74.59
2006-08-25,72.39,70.89,75.31,74.92,79.59,79.74,74.69,74.59
2006-08-26,72.41,70.90,75.30,74.93,79.60,79.75,74.69,74.59
2006-08-27,72.44,70.90,75.30,74.93,79.60,79.75,74.70,74.60
2006-08-28,72.46,70.91,75.30,74.94,79.60,79.75,74.70,74.60
2006-08-29,72.48,70.92,75.30,74.95,79.60,79.76,74.70,74.60
2006-08-30,72.50,70.92,75.29,74.95,79.61,79.76,74.70,74.61
2006-08-31,72.53,70.93,75.29,74.96,79.61,79.76,74.71,74.61
2006-09-01,72.55,70.93,75.29,74.97,79.61,79.77,74.71,74.61
2006-09-02,72.50,70.94,75.29,74.97,79.62,79.77,74.71,74.61
2006-09-03,72.45,70.94,75.28,74.98,79.63,79.77,74.71,74.62
2006-09-04,72.39,70.95,75.28,74.98,79.64,79.78,74.72,74.62
2006-09-05,72.34,70.95,75.27,74.99,79.64,79.78,74.72,74.62
2006-09-06,72.29,70.95,75.27,75.00,79.65,79.78,74.72,74.63
2006-09-07,72.24,70.96,75.26,75.00,79.66,79.79,74.72,74.63
2006-09-08,72.19,70.96,75.26,75.01,79.67,79.79,74.73,74.63
2006-09-09,72.14,70.96,75.25,75.01,79.68,79.79,74.73,74.63
2006-09-10,72.09,70.97,75.25,75.02,79.68,79.80,74.73,74.64
2006-09-11,72.03,70.97,75.24,75.03,79.69,79.80,74.73,74.64
2006-09-12,71.98,70.97,75.24,75.03,79.70,79.80,74.73,74.64
2006-09-13,71.93,70.97,75.23,75.04,79.71,79.81,74.74,74.64
2006-09-14,71.88,70.97,75.23,75.04,79.72,79.81,74.74,74.65
2006-09-15,71.83,70.97,75.22,75.05,79.72,79.81,74.74,74.65
2006-09-16,71.78,70.97,75.22,75.05,79.73,79.81,74.74,74.65
2006-09-17,71.73,70.97,75.21,75.06,79.74,79.82,74.75,74.65
2006-09-18,71.68,70.97,75.21,75.07,79.75,79.82,74.75,74.65
2006-09-19,71.62,70.97,75.20,75.07,79.76,79.82,74.75,74.66
2006-09-20,71.57,70.97,75.20,75.08,79.76,79.83,74.75,74.66
2006-09-21,71.52,70.97,75.20,75.08,79.77,79.83,74.76,74.66
2006-09-22,71.47,70.97,75.19,75.09,79.78,79.83,74.76,74.66
2006-09-23,71.42,70.97,75.19,75.09,79.79,79.84,74.76,74.66
2006-09-24,71.37,70.97,75.18,75.10,79.79,79.84,74.76,74.67
2006-09-25,71.32,70.97,75.18,75.11,79.80,79.84,74.77,74.67
2006-09-26,71.27,70.97,75.17,75.11,79.81,79.85,74.77,74.67
2006-09-27,71.21,70.96,75.17,75.12,79.82,79.85,74.77,74.67
2006-09-28,71.16,70.96,75.16,75.12,79.83,79.85,74.77,74.67
2006-09-29,71.11,70.96,75.16,75.13,79.83,79.86,74.78,74.68
2006-09-30,71.06,70.96,75.15,75.13,79.84,79.86,74.78,74.68
2006-10-01,71.01,70.96,75.15,75.14,79.85,79.86,74.78,74.68
2006-10-02,70.95,70.95,75.16,75.14,79.86,79.87,74.78,74.68
2006-10-03,70.89,70.95,75.17,75.15,79.86,79.87,74.78,74.68
2006-10-04,70.83,70.95,75.18,75.15,79.87,79.87,74.78,74.69
2006-10-05,70.77,70.95,75.19,75.16,79.87,79.88,74.78,74.69
2006-10-06,70.70,70.94,75.21,75.17,79.88,79.88,74.78,74.69
2006-10-07,70.64,70.94,75.22,75.17,79.88,79.88,74.78,74.69
2006-10-08,70.58,70.94,75.23,75.18,79.89,79.88,74.78,74.69
2006-10-09,70.52,70.93,75.24,75.18,79.89,79.89,74.78,74.69
2006-10-10,70.46,70.93,75.25,75.19,79.90,79.89,74.78,74.70
2006-10-11,70.40,70.93,75.26,75.19,79.90,79.89,74.78,74.70
2006-10-12,70.34,70.92,75.27,75.20,79.91,79.90,74.78,74.70
2006-10-13,70.28,70.92,75.28,75.20,79.91,79.90,74.78,74.70
2006-10-14,70.22,70.92,75.30,75.21,79.92,79.90,74.78,74.70
2006-10-15,70.16,70.91,75.31,75.22,79.92,79.91,74.78,74.70
2006-10-16,70.10,70.91,75.32,75.22,79.93,79.91,74.78,74.71
2006-10-17,70.04,70.91,75.33,75.23,79.93,79.91,74.78,74.71
2006-10-18,69.97,70.90,75.34,75.23,79.94,79.92,74.78,74.71
2006-10-19,69.91,70.90,75.35,75.24,79.94,79.92,74.78,74.71
2006-10-20,69.85,70.90,75.36,75.25,79.95,79.92,74.78,74.71
2006-10-21,69.79,70.90,75.38,75.25,79.95,79.93,74.78,74.71
2006-10-22,69.73,70.89,75.39,75.26,79.96,79.93,74.78,74.72
2006-10-23,69.67,70.89,75.40,75.26,79.96,79.93,74.78,74.72
2006-10-24,69.61,70.89,75.41,75.27,79.97,79.93,74.78,74.72
2006-10-25,69.55,70.88,75.42,75.28,79.97,79.94,74.78,74.72
2006-10-26,69.49,70.88,75.43,75.28,79.98,79.94,74.78,74.72
2006-10-27,69.43,70.88,75.44,75.29,79.98,79.94,74.78,74.72
2006-10-28,69.37,70.87,75.46,75.30,79.99,79.95,74.78,74.72
2006-10-29,69.30,70.87,75.47,75.30,79.99,79.95,74.78,74.73
2006-10-30,69.24,70.87,75.48,75.31,80.00,79.95,74.78,74.73
2006-10-31,69.18,70.86,75.49,75.31,80.00,79.96,74.78,74.73
2006-11-01,69.12,70.86,75.50,75.32,80.01,79.96,74.78,74.73
2006-11-02,69.16,70.86,75.51,75.33,80.01,79.96,74.78,74.73
2006-11-03,69.19,70.86,75.51,75.33,80.02,79.97,74.79,74.73
2006-11-04,69.23,70.85,75.52,75.34,80.02,79.97,74.79,74.74
2006-11-05,69.26,70.85,75.52,75.35,80.03,79.97,74.79,74.74
2006-11-06,69.30,70.85,75.53,75.35,80.04,79.98,74.79,74.74
2006-11-07,69.33,70.85,75.53,75.36,80.04,79.98,74.80,74.74
2006-11-08,69.37,70.85,75.53,75.37,80.05,79.98,74.80,74.74
2006-11-09,69.40,70.85,75.54,75.38,80.05,79.99,74.80,74.75
2006-11-10,69.44,70.85,75.54,75.39,80.06,79.99,74.80,74.75
2006-11-11,69.47,70.86,75.55,75.40,80.06,80.00,74.80,74.75
2006-11-12,69.51,70.86,75.55,75.41,80.07,80.00,74.81,74.76
2006-11-13,69.54,70.86,75.56,75.42,80.07,80.00,74.81,74.76
2006-11-14,69.58,70.86,75.56,75.43,80.08,80.01,74.81,74.76
2006-11-15,69.61,70.86,75.57,75.43,80.08,80.01,74.81,74.77
2006-11-16,69.65,70.87,75.57,75.44,80.09,80.01,74.82,74.77
2006-11-17,69.68,70.87,75.58,75.45,80.09,80.02,74.82,74.77
2006-11-18,69.72,70.87,75.58,75.46,80.10,80.02,74.82,74.78
2006-11-19,69.75,70.88,75.59,75.47,80.10,80.02,74.82,74.78
2006-11-20,69.79,70.88,75.59,75.48,80.11,80.03,74.83,74.78
2006-11-21,69.82,70.88,75.60,75.49,80.11,80.03,74.83,74.78
2006-11-22,69.86,70.89,75.60,75.50,80.12,80.04,74.83,74.79
2006-11-23,69.89,70.89,75.61,75.51,80.12,80.04,74.83,74.79
2006-11-24,69.93,70.89,75.61,75.51,80.13,80.04,74.84,74.79
2006-11-25,69.96,70.90,75.62,75.52,80.14,80.05,74.84,74.80
2006-11-26,70.00,70.90,75.62,75.53,80.14,80.05,74.84,74.80
2006-11-27,70.03,70.90,75.63,75.54,80.15,80.05,74.84,74.80
2006-11-28,70.07,70.91,75.63,75.55,80.15,80.06,74.85,74.80
2006-11-29,70.10,70.91,75.63,75.56,80.16,80.06,74.85,74.81
2006-11-30,70.14,70.92,75.64,75.57,80.16,80.06,74.85,74.81
2006-12-01,70.17,70.92,75.64,75.58,80.17,80.07,74.85,74.81
2006-12-02,70.18,70.93,75.64,75.59,80.17,80.07,74.86,74.81
2006-12-03,70.19,70.93,75.64,75.60,80.18,80.07,74.86,74.82
2006-12-04,70.20,70.94,75.64,75.60,80.18,80.08,74.86,74.82
2006-12-05,70.22,70.94,75.64,75.61,80.19,80.08,74.86,74.82
2006-12-06,70.23,70.95,75.64,75.62,80.19,80.08,74.87,74.82
2006-12-07,70.24,70.95,75.64,75.63,80.20,80.09,74.87,74.83
2006-12-08,70.25,70.96,75.64,75.64,80.20,80.09,74.87,74.83
2006-12-09,70.26,70.96,75.64,75.65,80.21,80.09,74.87,74.83
2006-12-10,70.27,70.97,75.64,75.66,80.21,80.10,74.87,74.83
2006-12-11,70.28,70.97,75.64,75.67,80.22,80.10,74.88,74.84
2006-12-12,70.29,70.98,75.64,75.68,80.22,80.10,74.88,74.84
2006-12-13,70.31,70.99,75.64,75.69,80.23,80.11,74.88,74.84
2006-12-14,70.32,70.99,75.64,75.69,80.23,80.11,74.88,74.84
2006-12-15,70.33,71.00,75.64,75.70,80.24,80.11,74.89,74.85
2006-12-16,70.34,71.00,75.64,75.71,80.24,80.11,74.89,74.85
2006-12-17,70.35,71.01,75.64,75.72,80.25,80.12,74.89,74.85
2006-12-18,70.36,71.01,75.64,75.73,80.25,80.12,74.89,74.85
2006-12-19,70.37,71.02,75.64,75.74,80.26,80.12,74.90,74.85
2006-12-20,70.39,71.02,75.64,75.75,80.26,80.13,74.90,74.86
2006-12-21,70.40,71.03,75.64,75.76,80.27,80.13,74.90,74.86
2006-12-22,70.41,71.03,75.64,75.77,80.27,80.13,74.90,74.86
2006-12-23,70.42,71.04,75.64,75.77,80.28,80.14,74.90,74.86
2006-12-24,70.43,71.05,75.64,75.78,80.28,80.14,74.91,74.86
2006-12-25,70.44,71.05,75.64,75.79,80.29,80.14,74.91,74.86
2006-12-26,70.45,71.06,75.64,75.80,80.29,80.14,74.91,74.87
2006-12-27,70.46,71.06,75.64,75.81,80.30,80.15,74.91,74.87
2006-12-28,70.48,71.07,75.64,75.82,80.31,80.15,74.92,74.87
2006-12-29,70.49,71.07,75.64,75.83,80.31,80.15,74.92,74.87
2006-12-30,70.50,71.08,75.64,75.84,80.32,80.16,74.92,74.87
2006-12-31,70.51,71.08,75.64,75.84,80.32,80.16,74.92,74.87
2007-01-01,70.52,71.09,75.64,75.85,80.33,80.16,74.93,74.88
2007-01-02,70.57,71.09,75.67,75.86,80.33,80.16,74.93,74.88
2007-01-03,70.62,71.10,75.70,75.87,80.34,80.17,74.93,74.88
2007-01-04,70.68,71.11,75.73,75.88,80.34,80.17,74.93,74.88
2007-01-05,70.73,71.11,75.75,75.89,80.35,80.17,74.93,74.88
2007-01-06,70.78,71.12,75.78,75.90,80.35,80.17,74.94,74.88
2007-01-07,70.83,71.12,75.81,75.91,80.36,80.18,74.94,74.89
2007-01-08,70.88,71.13,75.84,75.92,80.36,80.18,74.94,74.89
2007-01-09,70.94,71.13,75.86,75.92,80.37,80.18,74.94,74.89
2007-01-10,70.99,71.14,75.89,75.93,80.37,80.19,74.95,74.89
2007-01-11,71.04,71.14,75.92,75.94,80.38,80.19,74.95,74.89
2007-01-12,71.09,71.15,75.95,75.95,80.38,80.19,74.95,74.89
2007-01-13,71.14,71.16,75.97,75.96,80.39,80.19,74.95,74.89
2007-01-14,71.19,71.16,76.00,75.97,80.39,80.20,74.96,74.90
2007-01-15,71.25,71.17,76.03,75.98,80.40,80.20,74.96,74.90
2007-01-16,71.30,71.18,76.05,75.99,80.40,80.20,74.96,74.90
2007-01-17,71.35,71.18,76.08,76.00,80.41,80.20,74.96,74.90
2007-01-18,71.40,71.19,76.11,76.01,80.41,80.21,74.97,74.90
2007-01-19,71.45,71.19,76.14,76.02,80.42,80.21,74.97,74.90
2007-01-20,71.51,71.20,76.16,76.03,80.42,80.21,74.97,74.91
2007-01-21,71.56,71.21,76.19,76.04,80.43,80.22,74.97,74.91
2007-01-22,71.61,71.21,76.22,76.05,80.43,80.22,74.97,74.91
2007-01-23,71.66,71.22,76.25,76.06,80.44,80.22,74.98,74.91
2007-01-24,71.71,71.23,76.27,76.07,80.44,80.23,74.98,74.91
2007-01-25,71.76,71.23,76.30,76.08,80.45,80.23,74.98,74.91
2007-01-26,71.82,71.24,76.33,76.09,80.45,80.23,74.98,74.92
2007-01-27,71.87,71.25,76.36,76.10,80.46,80.23,74.99,74.92
2007-01-28,71.92,71.25,76.38,76.11,80.46,80.24,74.99,74.92
2007-01-29,71.97,71.26,76.41,76.12,80.47,80.24,74.99,74.92
2007-01-30,72.02,71.27,76.44,76.13,80.47,80.24,74.99,74.92
2007-01-31,72.08,71.27,76.46,76.14,80.48,80.25,75.00,74.93
2007-02-01,72.13,71.28,76.49,76.15,80.48,80.25,75.00,74.93
2007-02-02,72.11,71.29,76.53,76.16,80.49,80.25,75.00,74.93
2007-02-03,72.08,71.29,76.58,76.17,80.49,80.26,75.00,74.93
2007-02-04,72.06,71.30,76.62,76.18,80.49,80.26,75.01,74.93
2007-02-05,72.04,71.31,76.66,76.19,80.50,80.26,75.01,74.93
2007-02-06,72.02,71.31,76.71,76.20,80.50,80.26,75.01,74.94
2007-02-07,71.99,71.32,76.75,76.21,80.50,80.27,75.01,74.94
2007-02-08,71.97,71.33,76.79,76.22,80.50,80.27,75.02,74.94
2007-02-09,71.95,71.33,76.84,76.23,80.51,80.27,75.02,74.94
2007-02-10,71.93,71.34,76.88,76.24,80.51,80.28,75.02,74.94
2007-02-11,71.90,71.34,76.92,76.25,80.51,80.28,75.02,74.95
2007-02-12,71.88,71.35,76.96,76.26,80.51,80.28,75.03,74.95
2007-02-13,71.86,71.35,77.01,76.27,80.52,80.29,75.03,74.95
2007-02-14,71.84,71.36,77.05,76.28,80.52,80.29,75.03,74.95
2007-02-15,71.81,71.36,77.09,76.29,80.52,80.29,75.03,74.95
2007-02-16,71.79,71.37,77.14,76.30,80.53,80.30,75.04,74.96
2007-02-17,71.77,71.37,77.18,76.31,80.53,80.30,75.04,74.96
2007-02-18,71.75,71.38,77.22,76.32,80.53,80.30,75.04,74.96
2007-02-19,71.72,71.38,77.27,76.33,80.53,80.31,75.05,74.96
2007-02-20,71.70,71.39,77.31,76.34,80.54,80.31,75.05,74.96
2007-02-21,71.68,71.39,77.35,76.35,80.54,80.31,75.05,74.97
2007-02-22,71.66,71.40,77.39,76.36,80.54,80.32,75.05,74.97
2007-02-23,71.63,71.40,77.44,76.37,80.55,80.32,75.06,74.97
2007-02-24,71.61,71.40,77.48,76.38,80.55,80.32,75.06,74.97
2007-02-25,71.59,71.41,77.52,76.40,80.55,80.33,75.06,74.97
2007-02-26,71.57,71.41,77.57,76.41,80.55,80.33,75.06,74.98
2007-02-27,71.54,71.41,77.61,76.42,80.56,80.33,75.07,74.98
2007-02-28,71.52,71.42,77.65,76.43,80.56,80.34,75.07,74.98
2007-03-01,71.50,71.42,77.69,76.44,80.56,80.34,75.07,74.98
2007-03-02,71.51,71.42,77.70,76.45,80.57,80.34,75.07,74.99
2007-03-03,71.51,71.43,77.70,76.46,80.57,80.35,75.07,74.99
2007-03-04,71.52,71.43,77.71,76.47,80.58,80.35,75.07,74.99
2007-03-05,71.53,71.43,77.71,76.48,80.58,80.35,75.07,74.99
2007-03-06,71.53,71.44,77.72,76.49,80.59,80.36,75.07,75.00
2007-03-07,71.54,71.44,77.72,76.50,80.59,80.36,75.07,75.00
2007-03-08,71.55,71.44,77.73,76.51,80.60,80.36,75.07,75.00
2007-03-09,71.55,71.44,77.73,76.53,80.60,80.37,75.07,75.00
2007-03-10,71.56,71.45,77.74,76.54,80.61,80.37,75.07,75.01
2007-03-11,71.57,71.45,77.74,76.55,80.61,80.37,75.07,75.01
2007-03-12,71.57,71.45,77.75,76.56,80.62,80.38,75.07,75.01
2007-03-13,71.58,71.45,77.75,76.57,80.62,80.38,75.07,75.01
2007-03-14,71.59,71.46,77.75,76.58,80.63,80.38,75.07,75.02
2007-03-15,71.59,71.46,77.76,76.59,80.63,80.39,75.07,75.02
2007-03-16,71.60,71.46,77.76,76.60,80.64,80.39,75.07,75.02
2007-03-17,71.61,71.46,77.77,76.61,80.64,80.39,75.07,75.02
2007-03-18,71.61,71.46,77.77,76.62,80.65,80.40,75.07,75.02
2007-03-19,71.62,71.47,77.78,76.63,80.65,80.40,75.07,75.03
2007-03-20,71.63,71.47,77.78,76.64,80.66,80.41,75.07,75.03
2007-03-21,71.63,71.47,77.79,76.65,80.67,80.41,75.07,75.03
2007-03-22,71.64,71.47,77.79,76.66,80.67,80.41,75.07,75.03
2007-03-23,71.65,71.47,77.80,76.67,80.68,80.42,75.07,75.04
2007-03-24,71.65,71.47,77.80,76.68,80.68,80.42,75.07,75.04
2007-03-25,71.66,71.47,77.80,76.69,80.69,80.42,75.07,75.04
2007-03-26,71.67,71.48,77.81,76.70,80.69,80.43,75.07,75.04
2007-03-27,71.67,71.48,77.81,76.72,80.70,80.43,75.07,75.04
2007-03-28,71.68,71.48,77.82,76.73,80.70,80.43,75.07,75.05
2007-03-29,71.69,71.48,77.82,76.74,80.71,80.44,75.07,75.05
2007-03-30,71.69,71.48,77.83,76.75,80.71,80.44,75.07,75.05
2007-03-31,71.70,71.48,77.83,76.76,80.72,80.44,75.07,75.05
2007-04-01,71.71,71.48,77.84,76.77,80.72,80.44,75.07,75.06
2007-04-02,71.69,71.48,77.84,76.77,80.72,80.45,75.07,75.06
2007-04-03,71.67,71.48,77.84,76.78,80.73,80.45,75.08,75.06
2007-04-04,71.66,71.48,77.84,76.79,80.73,80.45,75.08,75.06
2007-04-05,71.64,71.48,77.84,76.80,80.73,80.46,75.08,75.06
2007-04-06,71.63,71.48,77.84,76.81,80.74,80.46,75.08,75.06
2007-04-07,71.61,71.48,77.84,76.82,80.74,80.46,75.09,75.07
2007-04-08,71.59,71.48,77.84,76.83,80.74,80.47,75.09,75.07
2007-04-09,71.58,71.48,77.84,76.84,80.74,80.47,75.09,75.07
2007-04-10,71.56,71.48,77.84,76.85,80.75,80.47,75.09,75.07
2007-04-11,71.54,71.48,77.84,76.86,80.75,80.48,75.10,75.07
2007-04-12,71.53,71.48,77.84,76.87,80.75,80.48,75.10,75.07
2007-04-13,71.51,71.48,77.84,76.88,80.75,80.48,75.10,75.07
2007-04-14,71.50,71.48,77.84,76.89,80.76,80.49,75.10,75.08
2007-04-15,71.48,71.48,77.84,76.89,80.76,80.49,75.11,75.08
2007-04-16,71.46,71.48,77.84,76.90,80.76,80.49,75.11,75.08
2007-04-17,71.45,71.48,77.84,76.91,80.76,80.49,75.11,75.08
2007-04-18,71.43,71.47,77.84,76.92,80.77,80.50,75.11,75.08
2007-04-19,71.41,71.47,77.84,76.93,80.77,80.50,75.11,75.08
2007-04-20,71.40,71.47,77.84,76.94,80.77,80.50,75.12,75.08
2007-04-21,71.38,71.47,77.84,76.94,80.77,80.51,75.12,75.08
2007-04-22,71.37,71.47,77.84,76.95,80.78,80.51,75.12,75.09
2007-04-23,71.35,71.47,77.84,76.96,80.78,80.51,75.12,75.09
2007-04-24,71.33,71.47,77.84,76.97,80.78,80.51,75.13,75.09
2007-04-25,71.32,71.47,77.84,76.98,80.79,80.52,75.13,75.09
2007-04-26,71.30,71.47,77.84,76.98,80.79,80.52,75.13,75.09
2007-04-27,71.28,71.46,77.84,76.99,80.79,80.52,75.13,75.09
2007-04-28,71.27,71.46,77.84,77.00,80.79,80.52,75.14,75.09
2007-04-29,71.25,71.46,77.84,77.00,80.80,80.53,75.14,75.09
2007-04-30,71.24,71.46,77.84,77.01,80.80,80.53,75.14,75.09
2007-05-01,71.22,71.46,77.84,77.02,80.80,80.53,75.14,75.09
2007-05-02,71.21,71.46,77.84,77.03,80.80,80.53,75.14,75.09
2007-05-03,71.19,71.46,77.84,77.03,80.81,80.54,75.14,75.09
2007-05-04,71.18,71.46,77.84,77.04,80.81,80.54,75.14,75.09
2007-05-05,71.17,71.45,77.85,77.05,80.81,80.54,75.14,75.10
2007-05-06,71.15,71.45,77.85,77.05,80.81,80.55,75.14,75.10
2007-05-07,71.14,71.45,77.85,77.06,80.82,80.55,75.14,75.10
2007-05-08,71.12,71.45,77.85,77.07,80.82,80.55,75.14,75.10
2007-05-09,71.11,71.45,77.85,77.08,80.82,80.55,75.14,75.10
2007-05-10,71.10,71.45,77.86,77.08,80.82,80.56,75.14,75.10
2007-05-11,71.08,71.45,77.86,77.09,80.83,80.56,75.14,75.10
2007-05-12,71.07,71.45,77.86,77.10,80.83,80.56,75.14,75.10
2007-05-13,71.06,71.45,77.86,77.11,80.83,80.56,75.14,75.10
2007-05-14,71.04,71.45,77.87,77.12,80.83,80.57,75.14,75.10
2007-05-15,71.03,71.45,77.87,77.12,80.84,80.57,75.14,75.11
2007-05-16,71.02,71.45,77.87,77.13,80.84,80.57,75.14,75.11
2007-05-17,71.00,71.45,77.87,77.14,80.84,80.58,75.14,75.11
2007-05-18,70.99,71.45,77.88,77.15,80.84,80.58,75.14,75.11
2007-05-19,70.98,71.45,77.88,77.16,80.85,80.58,75.14,75.11
2007-05-20,70.96,71.46,77.88,77.17,80.85,80.59,75.14,75.11
2007-05-21,70.95,71.46,77.88,77.18,80.85,80.59,75.14,75.12
2007-05-22,70.94,71.46,77.88,77.19,80.85,80.59,75.14,75.12
2007-05-23,70.92,71.46,77.89,77.20,80.86,80.60,75.14,75.12
2007-05-24,70.91,71.46,77.89,77.21,80.86,80.60,75.14,75.12
2007-05-25,70.89,71.47,77.89,77.22,80.86,80.60,75.14,75.12
2007-05-26,70.88,71.47,77.89,77.23,80.86,80.61,75.14,75.13
2007-05-27,70.87,71.47,77.90,77.24,80.87,80.61,75.14,75.13
2007-05-28,70.85,71.47,77.90,77.25,80.87,80.61,75.14,75.13
2007-05-29,70.84,71.48,77.90,77.26,80.87,80.62,75.14,75.13
2007-05-30,70.83,71.48,77.90,77.27,80.87,80.62,75.14,75.13
2007-05-31,70.81,71.49,77.91,77.28,80.88,80.63,75.14,75.14
2007-06-01,70.80,71.49,77.91,77.29,80.88,80.63,75.14,75.14
2007-06-02,70.83,71.49,77.91,77.30,80.88,80.63,75.14,75.14
2007-06-03,70.86,71.50,77.91,77.31,80.88,80.64,75.14,75.14
2007-06-04,70.89,71.50,77.91,77.33,80.89,80.64,75.14,75.15
2007-06-05,70.92,71.51,77.92,77.34,80.89,80.64,75.14,75.15
2007-06-06,70.95,71.51,77.92,77.35,80.89,80.65,75.14,75.15
2007-06-07,70.98,71.52,77.92,77.36,80.90,80.65,75.14,75.15
2007-06-08,71.01,71.52,77.92,77.37,80.90,80.66,75.14,75.16
2007-06-09,71.04,71.53,77.93,77.38,80.90,80.66,75.14,75.16
2007-06-10,71.07,71.53,77.93,77.40,80.90,80.66,75.14,75.16
2007-06-11,71.10,71.54,77.93,77.41,80.91,80.67,75.14,75.16
2007-06-12,71.13,71.54,77.93,77.42,80.91,80.67,75.14,75.17
2007-06-13,71.16,71.55,77.94,77.43,80.91,80.68,75.14,75.17
2007-06-14,71.19,71.55,77.94,77.44,80.91,80.68,75.14,75.17
2007-06-15,71.22,71.56,77.94,77.45,80.92,80.68,75.14,75.17
2007-06-16,71.25,71.56,77.94,77.46,80.92,80.69,75.14,75.18
2007-06-17,71.28,71.57,77.95,77.47,80.92,80.69,75.14,75.18
2007-06-18,71.31,71.57,77.95,77.48,80.92,80.69,75.14,75.18
2007-06-19,71.34,71.58,77.95,77.49,80.93,80.70,75.14,75.18
2007-06-20,71.37,71.58,77.95,77.51,80.93,80.70,75.14,75.18
2007-06-21,71.40,71.59,77.95,77.52,80.93,80.71,75.14,75.19
2007-06-22,71.44,71.60,77.96,77.53,80.94,80.71,75.14,75.19
2007-06-23,71.47,71.60,77.96,77.54,80.94,80.71,75.14,75.19
2007-06-24,71.50,71.61,77.96,77.55,80.94,80.72,75.14,75.19
2007-06-25,71.53,71.61,77.96,77.56,80.94,80.72,75.14,75.19
2007-06-26,71.56,71.62,77.97,77.57,80.95,80.72,75.14,75.20
2007-06-27,71.59,71.63,77.97,77.58,80.95,80.73,75.14,75.20
2007-06-28,71.62,71.63,77.97,77.59,80.95,80.73,75.14,75.20
2007-06-29,71.65,71.64,77.97,77.60,80.95,80.74,75.14,75.20
2007-06-30,71.68,71.65,77.98,77.61,80.96,80.74,75.14,75.20
2007-07-01,71.71,71.65,77.98,77.62,80.96,80.74,75.14,75.21
2007-07-02,71.71,71.66,77.99,77.63,80.96,80.75,75.15,75.21
2007-07-03,71.72,71.67,78.01,77.64,80.97,80.75,75.15,75.21
2007-07-04,71.72,71.67,78.02,77.65,80.97,80.75,75.15,75.21
2007-07-05,71.73,71.68,78.03,77.67,80.98,80.76,75.15,75.21
2007-07-06,71.73,71.69,78.05,77.68,80.99,80.76,75.16,75.21
2007-07-07,71.73,71.69,78.06,77.69,80.99,80.76,75.16,75.22
2007-07-08,71.74,71.70,78.07,77.70,81.00,80.77,75.16,75.22
2007-07-09,71.74,71.71,78.09,77.71,81.00,80.77,75.16,75.22
2007-07-10,71.75,71.71,78.10,77.72,81.01,80.77,75.16,75.22
2007-07-11,71.75,71.72,78.12,77.73,81.01,80.78,75.17,75.22
2007-07-12,71.76,71.73,78.13,77.74,81.02,80.78,75.17,75.23
2007-07-13,71.76,71.73,78.14,77.75,81.02,80.78,75.17,75.23
2007-07-14,71.77,71.74,78.16,77.76,81.03,80.79,75.17,75.23
2007-07-15,71.77,71.75,78.17,77.77,81.03,80.79,75.18,75.23
2007-07-16,71.78,71.75,78.18,77.78,81.04,80.80,75.18,75.23
2007-07-17,71.78,71.76,78.20,77.79,81.04,80.80,75.18,75.24
2007-07-18,71.78,71.77,78.21,77.80,81.05,80.80,75.18,75.24
2007-07-19,71.79,71.77,78.22,77.82,81.05,80.81,75.19,75.24
2007-07-20,71.79,71.78,78.24,77.83,81.06,80.81,75.19,75.24
2007-07-21,71.80,71.79,78.25,77.84,81.06,80.81,75.19,75.24
2007-07-22,71.80,71.79,78.27,77.85,81.07,80.82,75.19,75.25
2007-07-23,71.81,71.80,78.28,77.86,81.07,80.82,75.20,75.25
2007-07-24,71.81,71.80,78.29,77.87,81.08,80.82,75.20,75.25
2007-07-25,71.82,71.81,78.31,77.88,81.08,80.83,75.20,75.25
2007-07-26,71.82,71.82,78.32,77.89,81.09,80.83,75.20,75.26
2007-07-27,71.83,71.82,78.33,77.90,81.09,80.83,75.20,75.26
2007-07-28,71.83,71.83,78.35,77.92,81.10,80.84,75.21,75.26
2007-07-29,71.83,71.83,78.36,77.93,81.10,80.84,75.21,75.26
2007-07-30,71.84,71.84,78.38,77.94,81.11,80.85,75.21,75.26
2007-07-31,71.84,71.84,78.39,77.95,81.11,80.85,75.21,75.27
2007-08-01,71.85,71.85,78.40,77.96,81.12,80.85,75.22,75.27
2007-08-02,71.92,71.86,78.41,77.97,81.12,80.86,75.22,75.27
2007-08-03,71.98,71.86,78.43,77.98,81.12,80.86,75.22,75.27
2007-08-04,72.05,71.87,78.44,78.00,81.13,80.86,75.22,75.28
2007-08-05,72.12,71.87,78.45,78.01,81.13,80.87,75.23,75.28
2007-08-06,72.19,71.88,78.46,78.02,81.13,80.87,75.23,75.28
2007-08-07,72.25,71.88,78.47,78.03,81.13,80.87,75.23,75.28
2007-08-08,72.32,71.89,78.48,78.04,81.14,80.88,75.23,75.29
2007-08-09,72.39,71.89,78.49,78.06,81.14,80.88,75.23,75.29
2007-08-10,72.46,71.90,78.51,78.07,81.14,80.88,75.24,75.29
2007-08-11,72.52,71.90,78.52,78.08,81.14,80.89,75.24,75.29
2007-08-12,72.59,71.91,78.53,78.09,81.15,80.89,75.24,75.30
2007-08-13,72.66,71.91,78.54,78.10,81.15,80.90,75.24,75.30
2007-08-14,72.73,71.92,78.55,78.12,81.15,80.90,75.25,75.30
2007-08-15,72.80,71.92,78.56,78.13,81.15,80.90,75.25,75.30
2007-08-16,72.86,71.93,78.57,78.14,81.16,80.91,75.25,75.31
2007-08-17,72.93,71.93,78.59,78.15,81.16,80.91,75.25,75.31
2007-08-18,73.00,71.94,78.60,78.17,81.16,80.91,75.26,75.31
2007-08-19,73.07,71.95,78.61,78.18,81.16,80.92,75.26,75.31
2007-08-20,73.13,71.95,78.62,78.19,81.17,80.92,75.26,75.32
2007-08-21,73.20,71.96,78.63,78.20,81.17,80.92,75.26,75.32
2007-08-22,73.27,71.96,78.64,78.22,81.17,80.93,75.27,75.32
2007-08-23,73.34,71.97,78.65,78.23,81.17,80.93,75.27,75.32
2007-08-24,73.40,71.97,78.66,78.24,81.18,80.94,75.27,75.33
2007-08-25,73.47,71.98,78.68,78.25,81.18,80.94,75.27,75.33
2007-08-26,73.54,71.98,78.69,78.27,81.18,80.94,75.27,75.33
2007-08-27,73.61,71.99,78.70,78.28,81.18,80.95,75.28,75.34
2007-08-28,73.67,71.99,78.71,78.29,81.19,80.95,75.28,75.34
2007-08-29,73.74,72.00,78.72,78.31,81.19,80.95,75.28,75.34
2007-08-30,73.81,72.00,78.73,78.32,81.19,80.96,75.28,75.34
2007-08-31,73.88,72.01,78.74,78.33,81.19,80.96,75.29,75.35
2007-09-01,73.95,72.01,78.76,78.35,81.20,80.96,75.29,75.35
2007-09-02,73.95,72.02,78.77,78.36,81.20,80.97,75.29,75.35
2007-09-03,73.95,72.03,78.78,78.37,81.20,80.97,75.29,75.35
2007-09-04,73.96,72.03,78.79,78.39,81.20,80.98,75.29,75.36
2007-09-05,73.96,72.04,78.80,78.40,81.21,80.98,75.29,75.36
2007-09-06,73.97,72.04,78.82,78.41,81.21,80.98,75.29,75.36
2007-09-07,73.97,72.05,78.83,78.43,81.21,80.99,75.29,75.36
2007-09-08,73.98,72.05,78.84,78.44,81.22,80.99,75.29,75.37
2007-09-09,73.98,72.06,78.85,78.45,81.22,80.99,75.29,75.37
2007-09-10,73.99,72.06,78.86,78.47,81.22,81.00,75.29,75.37
2007-09-11,73.99,72.07,78.87,78.48,81.22,81.00,75.29,75.38
2007-09-12,74.00,72.07,78.89,78.50,81.23,81.01,75.29,75.38
2007-09-13,74.00,72.08,78.90,78.51,81.23,81.01,75.29,75.38
2007-09-14,74.01,72.09,78.91,78.53,81.23,81.01,75.29,75.39
2007-09-15,74.01,72.09,78.92,78.54,81.23,81.02,75.29,75.39
2007-09-16,74.01,72.10,78.93,78.55,81.24,81.02,75.29,75.39
2007-09-17,74.02,72.10,78.95,78.57,81.24,81.03,75.29,75.40
2007-09-18,74.02,72.11,78.96,78.58,81.24,81.03,75.29,75.40
2007-09-19,74.03,72.11,78.97,78.60,81.24,81.03,75.29,75.40
2007-09-20,74.03,72.12,78.98,78.61,81.25,81.04,75.29,75.41
2007-09-21,74.04,72.12,78.99,78.63,81.25,81.04,75.29,75.41
2007-09-22,74.04,72.13,79.00,78.64,81.25,81.05,75.29,75.41
2007-09-23,74.05,72.13,79.02,78.66,81.26,81.05,75.29,75.42
2007-09-24,74.05,72.14,79.03,78.67,81.26,81.05,75.29,75.42
2007-09-25,74.06,72.14,79.04,78.69,81.26,81.06,75.29,75.42
2007-09-26,74.06,72.15,79.05,78.71,81.26,81.06,75.29,75.43
2007-09-27,74.07,72.15,79.06,78.72,81.27,81.07,75.29,75.43
2007-09-28,74.07,72.16,79.08,78.74,81.27,81.07,75.29,75.43
2007-09-29,74.08,72.16,79.09,78.75,81.27,81.08,75.29,75.44
2007-09-30,74.08,72.17,79.10,78.77,81.27,81.08,75.29,75.44
2007-10-01,74.08,72.17,79.11,78.78,81.28,81.08,75.29,75.45
2007-10-02,74.02,72.18,79.13,78.80,81.28,81.09,75.29,75.45
2007-10-03,73.96,72.18,79.15,78.82,81.29,81.09,75.29,75.45
2007-10-04,73.90,72.19,79.17,78.83,81.30,81.10,75.29,75.46
2007-10-05,73.83,72.19,79.19,78.85,81.31,81.10,75.29,75.46
2007-10-06,73.77,72.20,79.21,78.86,81.31,81.11,75.29,75.47
2007-10-07,73.71,72.20,79.23,78.88,81.32,81.11,75.29,75.47
2007-10-08,73.64,72.21,79.25,78.90,81.33,81.11,75.29,75.48
2007-10-09,73.58,72.21,79.27,78.91,81.34,81.12,75.29,75.48
2007-10-10,73.52,72.22,79.30,78.93,81.35,81.12,75.29,75.48
2007-10-11,73.45,72.22,79.32,78.95,81.35,81.13,75.29,75.49
2007-10-12,73.39,72.23,79.34,78.96,81.36,81.13,75.29,75.49
2007-10-13,73.33,72.23,79.36,78.98,81.37,81.14,75.29,75.50
2007-10-14,73.26,72.24,79.38,79.00,81.38,81.14,75.29,75.50
2007-10-15,73.20,72.24,79.40,79.01,81.38,81.15,75.29,75.51
2007-10-16,73.14,72.24,79.42,79.03,81.39,81.15,75.29,75.51
2007-10-17,73.07,72.25,79.44,79.05,81.40,81.16,75.29,75.52
2007-10-18,73.01,72.25,79.46,79.07,81.41,81.16,75.29,75.52
2007-10-19,72.95,72.26,79.48,79.08,81.41,81.17,75.29,75.53
2007-10-20,72.89,72.26,79.50,79.10,81.42,81.17,75.29,75.53
2007-10-21,72.82,72.27,79.52,79.12,81.43,81.18,75.29,75.54
2007-10-22,72.76,72.27,79.54,79.13,81.44,81.18,75.29,75.54
2007-10-23,72.70,72.28,79.56,79.15,81.44,81.19,75.29,75.55
2007-10-24,72.63,72.28,79.58,79.17,81.45,81.19,75.29,75.55
2007-10-25,72.57,72.28,79.60,79.19,81.46,81.20,75.29,75.56
2007-10-26,72.51,72.29,79.62,79.20,81.47,81.20,75.29,75.56
2007-10-27,72.44,72.29,79.64,79.22,81.48,81.21,75.29,75.57
2007-10-28,72.38,72.30,79.66,79.24,81.48,81.21,75.29,75.57
2007-10-29,72.32,72.30,79.68,79.26,81.49,81.22,75.29,75.58
2007-10-30,72.25,72.31,79.71,79.27,81.50,81.22,75.29,75.58
2007-10-31,72.19,72.31,79.73,79.29,81.51,81.23,75.29,75.59
2007-11-01,72.13,72.31,79.75,79.31,81.51,81.23,75.29,75.60
2007-11-02,72.14,72.32,79.75,79.33,81.52,81.24,75.29,75.60
2007-11-03,72.15,72.32,79.76,79.35,81.52,81.24,75.29,75.61
2007-11-04,72.16,72.33,79.77,79.36,81.53,81.25,75.29,75.61
2007-11-05,72.17,72.33,79.77,79.38,81.53,81.25,75.29,75.62
2007-11-06,72.19,72.34,79.78,79.40,81.54,81.26,75.29,75.63
2007-11-07,72.20,72.34,79.79,79.42,81.55,81.26,75.29,75.63
2007-11-08,72.21,72.35,79.80,79.44,81.55,81.27,75.29,75.64
2007-11-09,72.22,72.35,79.80,79.46,81.56,81.27,75.29,75.64
2007-11-10,72.23,72.35,79.81,79.47,81.56,81.28,75.29,75.65
2007-11-11,72.24,72.36,79.82,79.49,81.57,81.28,75.29,75.66
2007-11-12,72.26,72.36,79.82,79.51,81.57,81.29,75.29,75.66
2007-11-13,72.27,72.37,79.83,79.53,81.58,81.29,75.29,75.67
2007-11-14,72.28,72.37,79.84,79.55,81.58,81.30,75.29,75.68
2007-11-15,72.29,72.38,79.85,79.57,81.59,81.30,75.29,75.68
2007-11-16,72.30,72.39,79.85,79.59,81.59,81.31,75.29,75.69
2007-11-17,72.31,72.39,79.86,79.61,81.60,81.32,75.29,75.69
2007-11-18,72.33,72.40,79.87,79.62,81.60,81.32,75.29,75.70
2007-11-19,72.34,72.40,79.87,79.64,81.61,81.33,75.29,75.71
2007-11-20,72.35,72.41,79.88,79.66,81.61,81.33,75.29,75.71
2007-11-21,72.36,72.41,79.89,79.68,81.62,81.34,75.29,75.72
2007-11-22,72.37,72.42,79.90,79.70,81.62,81.34,75.29,75.73
2007-11-23,72.38,72.43,79.90,79.72,81.63,81.35,75.29,75.73
2007-11-24,72.40,72.43,79.91,79.74,81.64,81.35,75.29,75.74
2007-11-25,72.41,72.44,79.92,79.76,81.64,81.36,75.29,75.75
2007-11-26,72.42,72.45,79.92,79.78,81.65,81.36,75.29,75.75
2007-11-27,72.43,72.45,79.93,79.80,81.65,81.37,75.29,75.76
2007-11-28,72.44,72.46,79.94,79.82,81.66,81.37,75.29,75.77
2007-11-29,72.45,72.47,79.95,79.84,81.66,81.38,75.29,75.77
2007-11-30,72.46,72.47,79.95,79.86,81.67,81.39,75.29,75.78
2007-12-01,72.48,72.48,79.96,79.88,81.67,81.39,75.29,75.79
2007-12-02,72.48,72.49,80.02,79.90,81.68,81.40,75.29,75.80
2007-12-03,72.49,72.50,80.08,79.92,81.68,81.40,75.29,75.80
2007-12-04,72.50,72.50,80.14,79.94,81.69,81.41,75.29,75.81
2007-12-05,72.50,72.51,80.20,79.96,81.69,81.41,75.29,75.82
2007-12-06,72.51,72.52,80.26,79.98,81.70,81.42,75.29,75.82
2007-12-07,72.52,72.53,80.32,80.00,81.70,81.42,75.29,75.83
2007-12-08,72.52,72.54,80.38,80.02,81.71,81.43,75.29,75.84
2007-12-09,72.53,72.54,80.44,80.04,81.71,81.44,75.29,75.85
2007-12-10,72.54,72.55,80.49,80.06,81.72,81.44,75.29,75.85
2007-12-11,72.54,72.56,80.55,80.08,81.72,81.45,75.29,75.86
2007-12-12,72.55,72.57,80.61,80.10,81.73,81.45,75.29,75.87
2007-12-13,72.56,72.58,80.67,80.12,81.73,81.46,75.29,75.88
2007-12-14,72.56,72.59,80.73,80.14,81.74,81.46,75.29,75.89
2007-12-15,72.57,72.60,80.79,80.17,81.74,81.47,75.29,75.89
2007-12-16,72.58,72.61,80.85,80.19,81.75,81.47,75.29,75.90
2007-12-17,72.58,72.62,80.91,80.21,81.75,81.48,75.29,75.91
2007-12-18,72.59,72.63,80.97,80.23,81.76,81.49,75.29,75.92
2007-12-19,72.60,72.64,81.03,80.25,81.76,81.49,75.29,75.93
2007-12-20,72.61,72.65,81.09,80.28,81.77,81.50,75.29,75.93
2007-12-21,72.61,72.66,81.15,80.30,81.77,81.50,75.29,75.94
2007-12-22,72.62,72.67,81.21,80.32,81.78,81.51,75.29,75.95
2007-12-23,72.63,72.68,81.27,80.34,81.78,81.52,75.29,75.96
2007-12-24,72.63,72.69,81.33,80.37,81.79,81.52,75.29,75.97
2007-12-25,72.64,72.70,81.38,80.39,81.79,81.53,75.29,75.98
2007-12-26,72.65,72.71,81.44,80.41,81.80,81.53,75.29,75.99
2007-12-27,72.65,72.72,81.50,80.44,81.80,81.54,75.29,76.00
2007-12-28,72.66,72.73,81.56,80.46,81.81,81.55,75.29,76.01
2007-12-29,72.67,72.75,81.62,80.48,81.82,81.55,75.29,76.01
2007-12-30,72.67,72.76,81.68,80.51,81.82,81.56,75.29,76.02
2007-12-31,72.68,72.77,81.74,80.53,81.83,81.57,75.29,76.03
2008-01-01,72.69,72.78,81.80,80.56,81.83,81.57,75.29,76.04
2008-01-02,72.71,72.79,81.83,80.58,81.84,81.58,75.29,76.05
2008-01-03,72.73,72.80,81.85,80.61,81.84,81.58,75.29,76.06
2008-01-04,72.75,72.82,81.88,80.63,81.85,81.59,75.30,76.07
2008-01-05,72.77,72.83,81.90,80.65,81.85,81.60,75.30,76.08
2008-01-06,72.79,72.84,81.93,80.68,81.86,81.60,75.30,76.09
2008-01-07,72.81,72.85,81.95,80.70,81.86,81.61,75.30,76.10
2008-01-08,72.83,72.86,81.98,80.73,81.87,81.62,75.30,76.11
2008-01-09,72.85,72.88,82.00,80.75,81.87,81.62,75.31,76.12
2008-01-10,72.87,72.89,82.03,80.78,81.88,81.63,75.31,76.13
2008-01-11,72.89,72.90,82.05,80.80,81.88,81.63,75.31,76.14
2008-01-12,72.91,72.91,82.08,80.83,81.89,81.64,75.31,76.15
2008-01-13,72.93,72.92,82.10,80.85,81.89,81.65,75.32,76.16
2008-01-14,72.95,72.94,82.13,80.88,81.90,81.65,75.32,76.17
2008-01-15,72.97,72.95,82.15,80.90,81.90,81.66,75.32,76.18
2008-01-16,72.99,72.96,82.18,80.92,81.91,81.67,75.32,76.19
2008-01-17,73.01,72.97,82.20,80.95,81.91,81.67,75.33,76.20
2008-01-18,73.03,72.99,82.23,80.97,81.92,81.68,75.33,76.21
2008-01-19,73.05,73.00,82.25,81.00,81.92,81.68,75.33,76.22
2008-01-20,73.07,73.01,82.28,81.02,81.93,81.69,75.33,76.23
2008-01-21,73.09,73.02,82.30,81.05,81.93,81.70,75.34,76.24
2008-01-22,73.11,73.04,82.33,81.07,81.94,81.70,75.34,76.25
2008-01-23,73.13,73.05,82.35,81.10,81.94,81.71,75.34,76.26
2008-01-24,73.15,73.06,82.38,81.12,81.95,81.72,75.34,76.27
2008-01-25,73.17,73.07,82.40,81.14,81.95,81.72,75.34,76.29
2008-01-26,73.19,73.09,82.43,81.17,81.96,81.73,75.35,76.30
2008-01-27,73.22,73.10,82.45,81.19,81.96,81.73,75.35,76.31
2008-01-28,73.24,73.11,82.48,81.22,81.97,81.74,75.35,76.32
2008-01-29,73.26,73.12,82.50,81.24,81.97,81.75,75.35,76.33
2008-01-30,73.28,73.13,82.53,81.26,81.98,81.75,75.36,76.34
2008-01-31,73.30,73.15,82.55,81.29,81.98,81.76,75.36,76.35
2008-02-01,73.32,73.16,82.58,81.31,81.99,81.76,75.36,76.36
2008-02-02,73.31,73.17,82.64,81.34,82.00,81.77,75.37,76.37
2008-02-03,73.31,73.18,82.69,81.36,82.00,81.78,75.37,76.38
2008-02-04,73.30,73.20,82.75,81.38,82.01,81.78,75.38,76.39
2008-02-05,73.30,73.21,82.81,81.41,82.01,81.79,75.38,76.40
2008-02-06,73.29,73.22,82.87,81.43,82.02,81.79,75.39,76.42
2008-02-07,73.29,73.23,82.93,81.46,82.02,81.80,75.39,76.43
2008-02-08,73.28,73.24,82.99,81.48,82.03,81.81,75.40,76.44
2008-02-09,73.28,73.26,83.05,81.50,82.03,81.81,75.40,76.45
2008-02-10,73.27,73.27,83.10,81.53,82.04,81.82,75.41,76.46
2008-02-11,73.27,73.28,83.16,81.55,82.04,81.82,75.41,76.47
2008-02-12,73.26,73.29,83.22,81.57,82.05,81.83,75.42,76.48
2008-02-13,73.26,73.30,83.28,81.60,82.05,81.84,75.42,76.49
2008-02-14,73.25,73.32,83.34,81.62,82.06,81.84,75.43,76.51
2008-02-15,73.25,73.33,83.40,81.64,82.07,81.85,75.43,76.52
2008-02-16,73.24,73.34,83.46,81.67,82.07,81.85,75.44,76.53
2008-02-17,73.24,73.35,83.51,81.69,82.08,81.86,75.44,76.54
2008-02-18,73.23,73.36,83.57,81.71,82.08,81.87,75.45,76.55
2008-02-19,73.23,73.38,83.63,81.74,82.09,81.87,75.45,76.56
2008-02-20,73.22,73.39,83.69,81.76,82.09,81.88,75.46,76.58
2008-02-21,73.22,73.40,83.75,81.78,82.10,81.89,75.46,76.59
2008-02-22,73.21,73.41,83.81,81.81,82.10,81.89,75.47,76.60
2008-02-23,73.21,73.42,83.87,81.83,82.11,81.90,75.47,76.61
2008-02-24,73.21,73.44,83.93,81.85,82.11,81.90,75.48,76.62
2008-02-25,73.20,73.45,83.98,81.88,82.12,81.91,75.48,76.63
2008-02-26,73.20,73.46,84.04,81.90,82.13,81.92,75.49,76.65
2008-02-27,73.19,73.47,84.10,81.92,82.13,81.92,75.49,76.66
2008-02-28,73.19,73.48,84.16,81.94,82.14,81.93,75.50,76.67
2008-02-29,73.18,73.49,84.22,81.97,82.14,81.94,75.50,76.68
2008-03-01,73.18,73.51,84.28,81.99,82.15,81.94,75.51,76.70
2008-03-02,73.21,73.52,84.29,82.01,82.15,81.95,75.59,76.71
2008-03-03,73.25,73.53,84.30,82.03,82.16,81.95,75.67,76.72
2008-03-04,73.28,73.54,84.31,82.06,82.17,81.96,75.75,76.73
2008-03-05,73.32,73.55,84.32,82.08,82.18,81.97,75.83,76.75
2008-03-06,73.36,73.56,84.33,82.10,82.19,81.97,75.92,76.76
2008-03-07,73.39,73.57,84.35,82.12,82.19,81.98,76.00,76.77
2008-03-08,73.43,73.59,84.36,82.15,82.20,81.99,76.08,76.78
2008-03-09,73.46,73.60,84.37,82.17,82.21,81.99,76.16,76.80
2008-03-10,73.50,73.61,84.38,82.19,82.22,82.00,76.24,76.81
2008-03-11,73.54,73.62,84.39,82.21,82.22,82.00,76.33,76.82
2008-03-12,73.57,73.63,84.40,82.23,82.23,82.01,76.41,76.84
2008-03-13,73.61,73.64,84.41,82.25,82.24,82.02,76.49,76.85
2008-03-14,73.65,73.65,84.42,82.28,82.25,82.02,76.57,76.86
2008-03-15,73.68,73.66,84.44,82.30,82.25,82.03,76.65,76.88
2008-03-16,73.72,73.68,84.45,82.32,82.26,82.03,76.73,76.89
2008-03-17,73.75,73.69,84.46,82.34,82.27,82.04,76.82,76.90
2008-03-18,73.79,73.70,84.47,82.36,82.28,82.05,76.90,76.92
2008-03-19,73.83,73.71,84.48,82.38,82.29,82.05,76.98,76.93
2008-03-20,73.86,73.72,84.49,82.40,82.29,82.06,77.06,76.95
2008-03-21,73.90,73.73,84.50,82.43,82.30,82.07,77.14,76.96
2008-03-22,73.93,73.74,84.52,82.45,82.31,82.07,77.23,76.98
2008-03-23,73.97,73.76,84.53,82.47,82.32,82.08,77.31,76.99
2008-03-24,74.01,73.77,84.54,82.49,82.32,82.08,77.39,77.01
2008-03-25,74.04,73.78,84.55,82.51,82.33,82.09,77.47,77.02
2008-03-26,74.08,73.79,84.56,82.53,82.34,82.10,77.55,77.04
2008-03-27,74.11,73.80,84.57,82.55,82.35,82.10,77.64,77.05
2008-03-28,74.15,73.81,84.58,82.57,82.35,82.11,77.72,77.07
2008-03-29,74.19,73.82,84.60,82.59,82.36,82.11,77.80,77.08
2008-03-30,74.22,73.84,84.61,82.61,82.37,82.12,77.88,77.10
2008-03-31,74.26,73.85,84.62,82.63,82.38,82.13,77.96,77.11
2008-04-01,74.29,73.86,84.63,82.65,82.38,82.13,78.05,77.13
2008-04-02,74.30,73.87,84.63,82.67,82.39,82.14,78.06,77.15
2008-04-03,74.31,73.88,84.64,82.69,82.40,82.15,78.08,77.16
2008-04-04,74.32,73.90,84.64,82.72,82.40,82.15,78.10,77.18
2008-04-05,74.33,73.91,84.65,82.74,82.41,82.16,78.11,77.20
2008-04-06,74.34,73.92,84.65,82.76,82.41,82.16,78.13,77.21
2008-04-07,74.35,73.93,84.66,82.78,82.42,82.17,78.15,77.23
2008-04-08,74.36,73.95,84.66,82.80,82.42,82.18,78.16,77.25
2008-04-09,74.37,73.96,84.67,82.82,82.43,82.18,78.18,77.26
2008-04-10,74.38,73.97,84.67,82.84,82.43,82.19,78.20,77.28
2008-04-11,74.39,73.98,84.68,82.86,82.44,82.19,78.21,77.30
2008-04-12,74.40,74.00,84.68,82.88,82.44,82.20,78.23,77.31
2008-04-13,74.41,74.01,84.69,82.90,82.45,82.21,78.25,77.33
2008-04-14,74.42,74.02,84.69,82.92,82.45,82.21,78.27,77.35
2008-04-15,74.42,74.04,84.70,82.94,82.46,82.22,78.28,77.37
2008-04-16,74.43,74.05,84.70,82.96,82.46,82.23,78.30,77.38
2008-04-17,74.44,74.06,84.71,82.98,82.47,82.23,78.32,77.40
2008-04-18,74.45,74.08,84.71,83.00,82.47,82.24,78.33,77.42
2008-04-19,74.46,74.09,84.72,83.03,82.48,82.24,78.35,77.43
2008-04-20,74.47,74.10,84.72,83.05,82.49,82.25,78.37,77.45
2008-04-21,74.48,74.12,84.72,83.07,82.49,82.26,78.38,77.47
2008-04-22,74.49,74.13,84.73,83.09,82.50,82.26,78.40,77.49
2008-04-23,74.50,74.15,84.73,83.11,82.50,82.27,78.42,77.51
2008-04-24,74.51,74.16,84.74,83.13,82.51,82.28,78.43,77.52
2008-04-25,74.52,74.17,84.74,83.15,82.51,82.28,78.45,77.54
2008-04-26,74.53,74.19,84.75,83.17,82.52,82.29,78.47,77.56
2008-04-27,74.54,74.20,84.75,83.19,82.52,82.30,78.49,77.58
2008-04-28,74.55,74.22,84.76,83.21,82.53,82.30,78.50,77.59
2008-04-29,74.55,74.23,84.76,83.23,82.53,82.31,78.52,77.61
2008-04-30,74.56,74.24,84.77,83.25,82.54,82.31,78.54,77.63
2008-05-01,74.57,74.26,84.77,83.28,82.54,82.32,78.55,77.65
2008-05-02,74.57,74.27,84.78,83.30,82.55,82.33,78.57,77.67
2008-05-03,74.56,74.29,84.79,83.32,82.56,82.33,78.59,77.68
2008-05-04,74.56,74.30,84.80,83.34,82.57,82.34,78.61,77.70
2008-05-05,74.56,74.32,84.81,83.36,82.57,82.35,78.63,77.72
2008-05-06,74.55,74.33,84.82,83.38,82.58,82.35,78.65,77.74
2008-05-07,74.55,74.35,84.83,83.40,82.59,82.36,78.67,77.76
2008-05-08,74.54,74.36,84.84,83.42,82.60,82.37,78.68,77.77
2008-05-09,74.54,74.38,84.84,83.44,82.61,82.37,78.70,77.79
2008-05-10,74.53,74.40,84.85,83.47,82.61,82.38,78.72,77.81
2008-05-11,74.53,74.41,84.86,83.49,82.62,82.38,78.74,77.83
2008-05-12,74.52,74.43,84.87,83.51,82.63,82.39,78.76,77.85
2008-05-13,74.52,74.44,84.88,83.53,82.64,82.40,78.78,77.87
2008-05-14,74.51,74.46,84.89,83.55,82.64,82.40,78.80,77.89
2008-05-15,74.51,74.47,84.90,83.57,82.65,82.41,78.81,77.90
2008-05-16,74.51,74.49,84.91,83.59,82.66,82.42,78.83,77.92
2008-05-17,74.50,74.51,84.92,83.61,82.67,82.42,78.85,77.94
2008-05-18,74.50,74.52,84.93,83.64,82.67,82.43,78.87,77.96
2008-05-19,74.49,74.54,84.94,83.66,82.68,82.44,78.89,77.98
2008-05-20,74.49,74.56,84.94,83.68,82.69,82.44,78.91,78.00
2008-05-21,74.48,74.57,84.95,83.70,82.70,82.45,78.93,78.02
2008-05-22,74.48,74.59,84.96,83.72,82.71,82.46,78.95,78.04
2008-05-23,74.47,74.61,84.97,83.74,82.71,82.46,78.96,78.06
2008-05-24,74.47,74.62,84.98,83.77,82.72,82.47,78.98,78.07
2008-05-25,74.47,74.64,84.99,83.79,82.73,82.48,79.00,78.09
2008-05-26,74.46,74.66,85.00,83.81,82.74,82.48,79.02,78.11
2008-05-27,74.46,74.67,85.01,83.83,82.74,82.49,79.04,78.13
2008-05-28,74.45,74.69,85.02,83.85,82.75,82.50,79.06,78.15
2008-05-29,74.45,74.71,85.03,83.87,82.76,82.50,79.08,78.17
2008-05-30,74.44,74.73,85.04,83.90,82.77,82.51,79.10,78.19
2008-05-31,74.44,74.74,85.04,83.92,82.77,82.52,79.11,78.21
2008-06-01,74.43,74.76,85.05,83.94,82.78,82.52,79.13,78.23
2008-06-02,74.48,74.78,85.09,83.96,82.79,82.53,79.15,78.25
2008-06-03,74.53,74.80,85.12,83.98,82.79,82.54,79.17,78.27
2008-06-04,74.57,74.82,85.15,84.00,82.80,82.54,79.19,78.29
2008-06-05,74.62,74.83,85.19,84.03,82.80,82.55,79.21,78.31
2008-06-06,74.67,74.85,85.22,84.05,82.81,82.56,79.23,78.33
2008-06-07,74.71,74.87,85.25,84.07,82.81,82.56,79.25,78.35
2008-06-08,74.76,74.89,85.29,84.09,82.82,82.57,79.27,78.37
2008-06-09,74.81,74.91,85.32,84.11,82.82,82.58,79.29,78.39
2008-06-10,74.85,74.93,85.35,84.14,82.83,82.58,79.31,78.41
2008-06-11,74.90,74.94,85.38,84.16,82.83,82.59,79.33,78.43
2008-06-12,74.95,74.96,85.42,84.18,82.84,82.60,79.35,78.44
2008-06-13,74.99,74.98,85.45,84.20,82.85,82.60,79.36,78.46
2008-06-14,75.04,75.00,85.48,84.23,82.85,82.61,79.38,78.48
2008-06-15,75.09,75.02,85.52,84.25,82.86,82.62,79.40,78.50
2008-06-16,75.13,75.04,85.55,84.27,82.86,82.62,79.42,78.52
2008-06-17,75.18,75.06,85.58,84.29,82.87,82.63,79.44,78.54
2008-06-18,75.23,75.08,85.62,84.32,82.87,82.64,79.46,78.56
2008-06-19,75.27,75.10,85.65,84.34,82.88,82.64,79.48,78.58
2008-06-20,75.32,75.12,85.68,84.36,82.88,82.65,79.50,78.60
2008-06-21,75.37,75.14,85.71,84.38,82.89,82.66,79.52,78.62
2008-06-22,75.41,75.16,85.75,84.41,82.89,82.66,79.54,78.64
2008-06-23,75.46,75.18,85.78,84.43,82.90,82.67,79.56,78.66
2008-06-24,75.51,75.20,85.81,84.45,82.90,82.67,79.58,78.68
2008-06-25,75.55,75.22,85.85,84.47,82.91,82.68,79.60,78.70
2008-06-26,75.60,75.24,85.88,84.50,82.91,82.69,79.62,78.72
2008-06-27,75.65,75.26,85.91,84.52,82.92,82.69,79.64,78.74
2008-06-28,75.69,75.28,85.95,84.54,82.92,82.70,79.66,78.76
2008-06-29,75.74,75.31,85.98,84.57,82.93,82.71,79.67,78.78
2008-06-30,75.79,75.33,86.01,84.59,82.93,82.71,79.69,78.80
2008-07-01,75.83,75.35,86.05,84.61,82.94,82.72,79.71,78.82
2008-07-02,75.87,75.37,86.00,84.64,82.94,82.73,79.73,78.84
2008-07-03,75.92,75.39,85.96,84.66,82.95,82.73,79.74,78.86
2008-07-04,75.96,75.41,85.92,84.68,82.95,82.74,79.76,78.88
2008-07-05,76.00,75.44,85.88,84.70,82.96,82.75,79.77,78.90
2008-07-06,76.05,75.46,85.84,84.73,82.97,82.75,79.78,78.92
2008-07-07,76.09,75.48,85.80,84.75,82.97,82.76,79.80,78.94
2008-07-08,76.13,75.50,85.76,84.77,82.98,82.77,79.81,78.96
2008-07-09,76.17,75.52,85.72,84.80,82.98,82.77,79.83,78.98
2008-07-10,76.22,75.55,85.68,84.82,82.99,82.78,79.84,79.00
2008-07-11,76.26,75.57,85.63,84.84,82.99,82.79,79.85,79.02
2008-07-12,76.30,75.59,85.59,84.87,83.00,82.79,79.87,79.04
2008-07-13,76.35,75.61,85.55,84.89,83.00,82.80,79.88,79.06
2008-07-14,76.39,75.63,85.51,84.91,83.01,82.81,79.90,79.08
2008-07-15,76.43,75.66,85.47,84.93,83.01,82.81,79.91,79.10
2008-07-16,76.47,75.68,85.43,84.96,83.02,82.82,79.92,79.12
2008-07-17,76.52,75.70,85.39,84.98,83.02,82.82,79.94,79.14
2008-07-18,76.56,75.73,85.35,85.00,83.03,82.83,79.95,79.16
2008-07-19,76.60,75.75,85.31,85.02,83.03,82.84,79.97,79.18
2008-07-20,76.65,75.77,85.27,85.04,83.04,82.84,79.98,79.19
2008-07-21,76.69,75.79,85.22,85.07,83.04,82.85,79.99,79.21
2008-07-22,76.73,75.82,85.18,85.09,83.05,82.85,80.01,79.23
2008-07-23,76.77,75.84,85.14,85.11,83.05,82.86,80.02,79.25
2008-07-24,76.82,75.86,85.10,85.13,83.06,82.87,80.04,79.27
2008-07-25,76.86,75.88,85.06,85.15,83.06,82.87,80.05,79.29
2008-07-26,76.90,75.91,85.02,85.18,83.07,82.88,80.06,79.31
2008-07-27,76.95,75.93,84.98,85.20,83.07,82.88,80.08,79.33
2008-07-28,76.99,75.95,84.94,85.22,83.08,82.89,80.09,79.35
2008-07-29,77.03,75.98,84.90,85.24,83.08,82.90,80.11,79.37
2008-07-30,77.07,76.00,84.85,85.26,83.09,82.90,80.12,79.39
2008-07-31,77.12,76.02,84.81,85.28,83.09,82.91,80.13,79.40
2008-08-01,77.16,76.05,84.77,85.30,83.10,82.91,80.15,79.42
2008-08-02,77.18,76.07,84.82,85.32,83.10,82.92,80.18,79.44
2008-08-03,77.21,76.09,84.86,85.35,83.10,82.92,80.22,79.46
2008-08-04,77.23,76.11,84.91,85.37,83.11,82.93,80.25,79.48
2008-08-05,77.26,76.14,84.95,85.39,83.11,82.94,80.29,79.50
2008-08-06,77.28,76.16,85.00,85.41,83.11,82.94,80.32,79.52
2008-08-07,77.31,76.18,85.05,85.43,83.11,82.95,80.36,79.54
2008-08-08,77.33,76.21,85.09,85.45,83.12,82.95,80.39,79.55
2008-08-09,77.36,76.23,85.14,85.47,83.12,82.96,80.43,79.57
2008-08-10,77.38,76.25,85.18,85.49,83.12,82.96,80.46,79.59
2008-08-11,77.41,76.27,85.23,85.52,83.12,82.97,80.50,79.61
2008-08-12,77.43,76.30,85.27,85.54,83.13,82.97,80.53,79.63
2008-08-13,77.46,76.32,85.32,85.56,83.13,82.98,80.57,79.65
2008-08-14,77.48,76.34,85.37,85.58,83.13,82.98,80.60,79.67
2008-08-15,77.51,76.37,85.41,85.60,83.13,82.99,80.64,79.68
2008-08-16,77.53,76.39,85.46,85.62,83.14,83.00,80.67,79.70
2008-08-17,77.56,76.41,85.50,85.65,83.14,83.00,80.71,79.72
2008-08-18,77.58,76.43,85.55,85.67,83.14,83.01,80.75,79.74
2008-08-19,77.61,76.46,85.59,85.69,83.14,83.01,80.78,79.76
2008-08-20,77.63,76.48,85.64,85.71,83.15,83.02,80.82,79.78
2008-08-21,77.66,76.50,85.69,85.73,83.15,83.02,80.85,79.79
2008-08-22,77.68,76.52,85.73,85.76,83.15,83.03,80.89,79.81
2008-08-23,77.71,76.55,85.78,85.78,83.15,83.03,80.92,79.83
2008-08-24,77.73,76.57,85.82,85.80,83.16,83.04,80.96,79.85
2008-08-25,77.75,76.59,85.87,85.82,83.16,83.04,80.99,79.87
2008-08-26,77.78,76.61,85.91,85.85,83.16,83.05,81.03,79.89
2008-08-27,77.80,76.64,85.96,85.87,83.16,83.05,81.06,79.91
2008-08-28,77.83,76.66,86.00,85.89,83.17,83.06,81.10,79.92
2008-08-29,77.85,76.68,86.05,85.91,83.17,83.06,81.13,79.94
2008-08-30,77.88,76.70,86.10,85.94,83.17,83.07,81.17,79.96
2008-08-31,77.90,76.73,86.14,85.96,83.17,83.07,81.20,79.98
2008-09-01,77.93,76.75,86.19,85.98,83.18,83.08,81.24,80.00
2008-09-02,77.91,76.77,86.20,86.00,83.19,83.08,81.26,80.02
2008-09-03,77.89,76.79,86.22,86.03,83.19,83.09,81.29,80.03
2008-09-04,77.87,76.82,86.24,86.05,83.20,83.09,81.32,80.05
2008-09-05,77.84,76.84,86.25,86.07,83.21,83.10,81.34,80.07
2008-09-06,77.82,76.86,86.27,86.10,83.22,83.10,81.37,80.09
2008-09-07,77.80,76.88,86.29,86.12,83.22,83.11,81.40,80.11
2008-09-08,77.78,76.91,86.30,86.14,83.23,83.11,81.42,80.12
2008-09-09,77.76,76.93,86.32,86.17,83.24,83.12,81.45,80.14
2008-09-10,77.74,76.95,86.34,86.19,83.25,83.12,81.48,80.16
2008-09-11,77.72,76.97,86.35,86.21,83.26,83.13,81.50,80.18
2008-09-12,77.70,76.99,86.37,86.24,83.26,83.13,81.53,80.20
2008-09-13,77.68,77.02,86.39,86.26,83.27,83.14,81.56,80.21
2008-09-14,77.66,77.04,86.40,86.29,83.28,83.14,81.58,80.23
2008-09-15,77.63,77.06,86.42,86.31,83.29,83.15,81.61,80.25
2008-09-16,77.61,77.08,86.43,86.33,83.30,83.15,81.64,80.27
2008-09-17,77.59,77.11,86.45,86.36,83.30,83.15,81.66,80.29
2008-09-18,77.57,77.13,86.47,86.38,83.31,83.16,81.69,80.30
2008-09-19,77.55,77.15,86.48,86.40,83.32,83.16,81.72,80.32
2008-09-20,77.53,77.17,86.50,86.43,83.33,83.17,81.74,80.34
2008-09-21,77.51,77.19,86.52,86.45,83.34,83.17,81.77,80.36
2008-09-22,77.49,77.22,86.53,86.48,83.34,83.18,81.80,80.38
2008-09-23,77.47,77.24,86.55,86.50,83.35,83.18,81.82,80.39
2008-09-24,77.45,77.26,86.57,86.52,83.36,83.19,81.85,80.41
2008-09-25,77.43,77.28,86.58,86.55,83.37,83.19,81.87,80.43
2008-09-26,77.40,77.31,86.60,86.57,83.38,83.20,81.90,80.45
2008-09-27,77.38,77.33,86.62,86.59,83.38,83.20,81.93,80.46
2008-09-28,77.36,77.35,86.63,86.62,83.39,83.21,81.95,80.48
2008-09-29,77.34,77.37,86.65,86.64,83.40,83.21,81.98,80.50
2008-09-30,77.32,77.40,86.67,86.67,83.41,83.22,82.01,80.52
2008-10-01,77.30,77.42,86.68,86.69,83.42,83.22,82.03,80.53
2008-10-02,77.30,77.44,86.68,86.72,83.42,83.22,82.03,80.55
2008-10-03,77.31,77.46,86.69,86.74,83.43,83.23,82.03,80.57
2008-10-04,77.31,77.49,86.69,86.76,83.43,83.23,82.03,80.59
2008-10-05,77.32,77.51,86.69,86.79,83.44,83.24,82.03,80.60
2008-10-06,77.32,77.53,86.69,86.81,83.44,83.24,82.03,80.62
2008-10-07,77.33,77.55,86.70,86.84,83.45,83.25,82.03,80.64
2008-10-08,77.33,77.58,86.70,86.86,83.45,83.25,82.03,80.66
2008-10-09,77.34,77.60,86.70,86.88,83.46,83.26,82.03,80.67
2008-10-10,77.34,77.62,86.70,86.91,83.46,83.26,82.03,80.69
2008-10-11,77.34,77.65,86.71,86.93,83.47,83.26,82.03,80.71
2008-10-12,77.35,77.67,86.71,86.96,83.47,83.27,82.03,80.72
2008-10-13,77.35,77.69,86.71,86.98,83.48,83.27,82.03,80.74
2008-10-14,77.36,77.72,86.71,87.00,83.48,83.28,82.03,80.76
2008-10-15,77.36,77.74,86.71,87.03,83.49,83.28,82.03,80.77
2008-10-16,77.37,77.76,86.72,87.05,83.49,83.29,82.03,80.79
2008-10-17,77.37,77.79,86.72,87.08,83.50,83.29,82.03,80.81
2008-10-18,77.38,77.81,86.72,87.10,83.50,83.29,82.03,80.82
2008-10-19,77.38,77.83,86.72,87.12,83.51,83.30,82.03,80.84
2008-10-20,77.39,77.86,86.73,87.15,83.51,83.30,82.03,80.86
2008-10-21,77.39,77.88,86.73,87.17,83.52,83.31,82.03,80.87
2008-10-22,77.39,77.90,86.73,87.19,83.52,83.31,82.03,80.89
2008-10-23,77.40,77.93,86.73,87.22,83.53,83.31,82.03,80.90
2008-10-24,77.40,77.95,86.73,87.24,83.53,83.32,82.03,80.92
2008-10-25,77.41,77.98,86.74,87.26,83.54,83.32,82.03,80.93
2008-10-26,77.41,78.00,86.74,87.28,83.54,83.33,82.03,80.95
2008-10-27,77.42,78.03,86.74,87.31,83.55,83.33,82.03,80.96
2008-10-28,77.42,78.05,86.74,87.33,83.55,83.33,82.03,80.98
2008-10-29,77.43,78.07,86.75,87.35,83.56,83.34,82.03,80.99
2008-10-30,77.43,78.10,86.75,87.38,83.56,83.34,82.03,81.01
2008-10-31,77.44,78.12,86.75,87.40,83.57,83.35,82.03,81.02
2008-11-01,77.44,78.15,86.75,87.42,83.57,83.35,82.03,81.04
2008-11-02,77.48,78.17,86.81,87.44,83.58,83.35,82.04,81.05
2008-11-03,77.52,78.20,86.86,87.47,83.58,83.36,82.04,81.07
2008-11-04,77.57,78.22,86.92,87.49,83.58,83.36,82.05,81.08
2008-11-05,77.61,78.25,86.97,87.51,83.58,83.36,82.05,81.10
2008-11-06,77.65,78.27,87.02,87.54,83.59,83.37,82.06,81.11
2008-11-07,77.69,78.30,87.08,87.56,83.59,83.37,82.06,81.12
2008-11-08,77.73,78.32,87.13,87.58,83.59,83.38,82.07,81.14
2008-11-09,77.78,78.35,87.19,87.60,83.59,83.38,82.07,81.15
2008-11-10,77.82,78.37,87.24,87.63,83.60,83.38,82.08,81.17
2008-11-11,77.86,78.40,87.30,87.65,83.60,83.39,82.08,81.18
2008-11-12,77.90,78.42,87.35,87.67,83.60,83.39,82.09,81.19
2008-11-13,77.94,78.45,87.40,87.69,83.61,83.39,82.09,81.21
2008-11-14,77.98,78.47,87.46,87.72,83.61,83.40,82.10,81.22
2008-11-15,78.03,78.50,87.51,87.74,83.61,83.40,82.10,81.23
2008-11-16,78.07,78.52,87.57,87.76,83.61,83.40,82.11,81.25
2008-11-17,78.11,78.55,87.62,87.79,83.62,83.41,82.11,81.26
2008-11-18,78.15,78.57,87.68,87.81,83.62,83.41,82.12,81.27
2008-11-19,78.19,78.60,87.73,87.83,83.62,83.42,82.12,81.28
2008-11-20,78.24,78.63,87.78,87.86,83.62,83.42,82.13,81.30
2008-11-21,78.28,78.65,87.84,87.88,83.63,83.42,82.13,81.31
2008-11-22,78.32,78.68,87.89,87.90,83.63,83.43,82.14,81.32
2008-11-23,78.36,78.70,87.95,87.92,83.63,83.43,82.14,81.33
2008-11-24,78.40,78.73,88.00,87.95,83.63,83.43,82.15,81.35
2008-11-25,78.45,78.75,88.05,87.97,83.64,83.44,82.15,81.36
2008-11-26,78.49,78.78,88.11,87.99,83.64,83.44,82.16,81.37
2008-11-27,78.53,78.81,88.16,88.02,83.64,83.44,82.16,81.38
2008-11-28,78.57,78.83,88.22,88.04,83.64,83.45,82.16,81.39
2008-11-29,78.61,78.86,88.27,88.06,83.65,83.45,82.17,81.40
2008-11-30,78.66,78.88,88.33,88.09,83.65,83.45,82.17,81.42
2008-12-01,78.70,78.91,88.38,88.11,83.65,83.46,82.18,81.43
2008-12-02,78.75,78.94,88.38,88.13,83.66,83.46,82.18,81.44
2008-12-03,78.81,78.96,88.38,88.16,83.66,83.46,82.18,81.45
2008-12-04,78.86,78.99,88.37,88.18,83.66,83.47,82.19,81.46
2008-12-05,78.91,79.01,88.37,88.20,83.66,83.47,82.19,81.47
2008-12-06,78.97,79.04,88.37,88.23,83.67,83.47,82.19,81.48
2008-12-07,79.02,79.07,88.37,88.25,83.67,83.48,82.19,81.49
2008-12-08,79.08,79.09,88.36,88.27,83.67,83.48,82.20,81.50
2008-12-09,79.13,79.12,88.36,88.29,83.67,83.48,82.20,81.51
2008-12-10,79.18,79.14,88.36,88.32,83.68,83.49,82.20,81.52
2008-12-11,79.24,79.17,88.36,88.34,83.68,83.49,82.20,81.53
2008-12-12,79.29,79.19,88.35,88.36,83.68,83.49,82.20,81.54
2008-12-13,79.35,79.22,88.35,88.38,83.68,83.49,82.21,81.55
2008-12-14,79.40,79.24,88.35,88.40,83.69,83.50,82.21,81.56
2008-12-15,79.46,79.27,88.35,88.42,83.69,83.50,82.21,81.57
2008-12-16,79.51,79.29,88.35,88.44,83.69,83.50,82.21,81.58
2008-12-17,79.56,79.32,88.34,88.46,83.69,83.51,82.22,81.59
2008-12-18,79.62,79.34,88.34,88.49,83.70,83.51,82.22,81.59
2008-12-19,79.67,79.37,88.34,88.51,83.70,83.51,82.22,81.60
2008-12-20,79.73,79.39,88.34,88.53,83.70,83.51,82.22,81.61
2008-12-21,79.78,79.41,88.33,88.55,83.70,83.52,82.23,81.62
2008-12-22,79.83,79.44,88.33,88.57,83.71,83.52,82.23,81.63
2008-12-23,79.89,79.46,88.33,88.58,83.71,83.52,82.23,81.63
2008-12-24,79.94,79.48,88.33,88.60,83.71,83.53,82.23,81.64
2008-12-25,80.00,79.51,88.32,88.62,83.71,83.53,82.24,81.65
2008-12-26,80.05,79.53,88.32,88.64,83.72,83.53,82.24,81.66
2008-12-27,80.11,79.55,88.32,88.66,83.72,83.53,82.24,81.66
2008-12-28,80.16,79.58,88.32,88.68,83.72,83.54,82.24,81.67
2008-12-29,80.21,79.60,88.32,88.70,83.72,83.54,82.24,81.68
2008-12-30,80.27,79.62,88.31,88.72,83.73,83.54,82.25,81.68
2008-12-31,80.32,79.64,88.31,88.73,83.73,83.54,82.25,81.69
2009-01-01,80.38,79.67,88.31,88.75,83.73,83.54,82.25,81.69
2009-01-02,80.39,79.69,88.39,88.77,83.73,83.55,82.26,81.70
2009-01-03,80.39,79.71,88.48,88.79,83.73,83.55,82.27,81.71
2009-01-04,80.40,79.73,88.56,88.80,83.73,83.55,82.27,81.71
2009-01-05,80.41,79.75,88.65,88.82,83.73,83.55,82.28,81.72
2009-01-06,80.42,79.77,88.73,88.84,83.73,83.56,82.29,81.72
2009-01-07,80.43,79.79,88.82,88.86,83.73,83.56,82.29,81.73
2009-01-08,80.44,79.82,88.90,88.87,83.73,83.56,82.30,81.73
2009-01-09,80.45,79.84,88.98,88.89,83.73,83.56,82.31,81.74
2009-01-10,80.46,79.86,89.07,88.91,83.73,83.57,82.31,81.74
2009-01-11,80.47,79.88,89.15,88.93,83.73,83.57,82.32,81.75
2009-01-12,80.47,79.90,89.24,88.94,83.73,83.57,82.33,81.75
2009-01-13,80.48,79.92,89.32,88.96,83.73,83.57,82.34,81.76
2009-01-14,80.49,79.94,89.41,88.98,83.73,83.58,82.34,81.76
2009-01-15,80.50,79.96,89.49,89.00,83.73,83.58,82.35,81.77
2009-01-16,80.51,79.98,89.58,89.01,83.73,83.58,82.36,81.77
2009-01-17,80.52,79.99,89.66,89.03,83.73,83.58,82.36,81.78
2009-01-18,80.53,80.01,89.75,89.05,83.73,83.58,82.37,81.78
2009-01-19,80.54,80.03,89.83,89.07,83.73,83.59,82.38,81.78
2009-01-20,80.55,80.05,89.91,89.09,83.73,83.59,82.38,81.79
2009-01-21,80.56,80.07,90.00,89.10,83.73,83.59,82.39,81.79
2009-01-22,80.56,80.09,90.08,89.12,83.73,83.59,82.40,81.80
2009-01-23,80.57,80.11,90.17,89.14,83.73,83.60,82.41,81.80
2009-01-24,80.58,80.12,90.25,89.16,83.73,83.60,82.41,81.80
2009-01-25,80.59,80.14,90.34,89.18,83.73,83.60,82.42,81.81
2009-01-26,80.60,80.16,90.42,89.20,83.73,83.60,82.43,81.81
2009-01-27,80.61,80.18,90.51,89.21,83.73,83.61,82.43,81.82
2009-01-28,80.62,80.19,90.59,89.23,83.73,83.61,82.44,81.82
2009-01-29,80.63,80.21,90.67,89.25,83.73,83.61,82.45,81.82
2009-01-30,80.64,80.23,90.76,89.27,83.73,83.61,82.46,81.83
2009-01-31,80.65,80.24,90.84,89.29,83.73,83.62,82.46,81.83
2009-02-01,80.65,80.26,90.93,89.31,83.73,83.62,82.47,81.83
2009-02-02,80.70,80.28,90.97,89.32,83.73,83.62,82.47,81.84
2009-02-03,80.75,80.29,91.01,89.34,83.73,83.62,82.47,81.84
2009-02-04,80.80,80.31,91.05,89.36,83.73,83.63,82.48,81.84
2009-02-05,80.84,80.32,91.09,89.38,83.73,83.63,82.48,81.84
2009-02-06,80.89,80.34,91.13,89.40,83.73,83.63,82.48,81.85
2009-02-07,80.94,80.35,91.17,89.42,83.73,83.63,82.48,81.85
2009-02-08,80.99,80.37,91.21,89.43,83.73,83.64,82.49,81.85
2009-02-09,81.03,80.38,91.25,89.45,83.73,83.64,82.49,81.85
2009-02-10,81.08,80.40,91.29,89.47,83.73,83.64,82.49,81.86
2009-02-11,81.13,80.41,91.33,89.49,83.73,83.64,82.50,81.86
2009-02-12,81.18,80.42,91.37,89.50,83.73,83.64,82.50,81.86
2009-02-13,81.22,80.44,91.41,89.52,83.73,83.65,82.50,81.86
2009-02-14,81.27,80.45,91.45,89.54,83.73,83.65,82.50,81.86
2009-02-15,81.32,80.46,91.49,89.55,83.73,83.65,82.51,81.86
2009-02-16,81.37,80.48,91.53,89.57,83.73,83.65,82.51,81.86
2009-02-17,81.41,80.49,91.58,89.59,83.73,83.65,82.51,81.87
2009-02-18,81.46,80.50,91.62,89.60,83.73,83.66,82.51,81.87
2009-02-19,81.51,80.52,91.66,89.62,83.73,83.66,82.52,81.87
2009-02-20,81.56,80.53,91.70,89.63,83.73,83.66,82.52,81.87
2009-02-21,81.60,80.54,91.74,89.65,83.73,83.66,82.52,81.87
2009-02-22,81.65,80.55,91.78,89.67,83.73,83.66,82.52,81.87
2009-02-23,81.70,80.56,91.82,89.68,83.73,83.67,82.53,81.87
2009-02-24,81.75,80.57,91.86,89.70,83.73,83.67,82.53,81.87
2009-02-25,81.79,80.58,91.90,89.71,83.73,83.67,82.53,81.87
2009-02-26,81.84,80.59,91.94,89.73,83.73,83.67,82.53,81.87
2009-02-27,81.89,80.61,91.98,89.74,83.73,83.67,82.54,81.87
2009-02-28,81.93,80.62,92.02,89.76,83.73,83.68,82.54,81.87
2009-03-01,81.98,80.63,92.06,89.77,83.73,83.68,82.54,81.87
2009-03-02,82.03,80.64,92.01,89.78,83.73,83.68,82.54,81.87
2009-03-03,82.07,80.65,91.96,89.80,83.74,83.68,82.54,81.87
2009-03-04,82.11,80.66,91.90,89.81,83.74,83.68,82.54,81.86
2009-03-05,82.15,80.67,91.85,89.83,83.74,83.69,82.53,81.86
2009-03-06,82.20,80.67,91.80,89.84,83.74,83.69,82.53,81.86
2009-03-07,82.24,80.68,91.75,89.85,83.75,83.69,82.53,81.86
2009-03-08,82.28,80.69,91.69,89.87,83.75,83.69,82.53,81.86
2009-03-09,82.33,80.70,91.64,89.88,83.75,83.69,82.52,81.86
2009-03-10,82.37,80.71,91.59,89.89,83.76,83.69,82.52,81.86
2009-03-11,82.41,80.72,91.54,89.90,83.76,83.70,82.52,81.86
2009-03-12,82.45,80.73,91.48,89.92,83.76,83.70,82.52,81.85
2009-03-13,82.50,80.74,91.43,89.93,83.76,83.70,82.51,81.85
2009-03-14,82.54,80.75,91.38,89.94,83.77,83.70,82.51,81.85
2009-03-15,82.58,80.76,91.32,89.95,83.77,83.70,82.51,81.85
2009-03-16,82.63,80.76,91.27,89.97,83.77,83.71,82.51,81.85
2009-03-17,82.67,80.77,91.22,89.98,83.77,83.71,82.50,81.85
2009-03-18,82.71,80.78,91.17,89.99,83.78,83.71,82.50,81.85
2009-03-19,82.75,80.79,91.11,90.00,83.78,83.71,82.50,81.85
2009-03-20,82.80,80.80,91.06,90.01,83.78,83.71,82.50,81.85
2009-03-21,82.84,80.81,91.01,90.02,83.78,83.72,82.50,81.84
2009-03-22,82.88,80.82,90.96,90.03,83.79,83.72,82.49,81.84
2009-03-23,82.93,80.82,90.90,90.04,83.79,83.72,82.49,81.84
2009-03-24,82.97,80.83,90.85,90.06,83.79,83.72,82.49,81.84
2009-03-25,83.01,80.84,90.80,90.07,83.79,83.72,82.49,81.84
2009-03-26,83.05,80.85,90.75,90.08,83.80,83.73,82.48,81.84
2009-03-27,83.10,80.86,90.69,90.09,83.80,83.73,82.48,81.84
2009-03-28,83.14,80.86,90.64,90.10,83.80,83.73,82.48,81.84
2009-03-29,83.18,80.87,90.59,90.11,83.80,83.73,82.48,81.84
2009-03-30,83.23,80.88,90.54,90.12,83.81,83.73,82.47,81.84
2009-03-31,83.27,80.89,90.48,90.13,83.81,83.74,82.47,81.83
2009-04-01,83.31,80.89,90.43,90.14,83.81,83.74,82.47,81.83
2009-04-02,83.29,80.90,90.43,90.15,83.82,83.74,82.46,81.83
2009-04-03,83.27,80.91,90.44,90.16,83.82,83.74,82.46,81.83
2009-04-04,83.26,80.92,90.44,90.16,83.83,83.74,82.45,81.83
2009-04-05,83.24,80.92,90.44,90.17,83.83,83.75,82.45,81.83
2009-04-06,83.22,80.93,90.44,90.18,83.84,83.75,82.45,81.83
2009-04-07,83.20,80.94,90.45,90.19,83.84,83.75,82.44,81.83
2009-04-08,83.18,80.94,90.45,90.20,83.85,83.75,82.44,81.83
2009-04-09,83.16,80.95,90.45,90.21,83.85,83.75,82.43,81.83
2009-04-10,83.14,80.96,90.45,90.22,83.86,83.76,82.43,81.83
2009-04-11,83.12,80.96,90.46,90.23,83.86,83.76,82.42,81.83
2009-04-12,83.11,80.97,90.46,90.23,83.87,83.76,82.42,81.83
2009-04-13,83.09,80.97,90.46,90.24,83.87,83.76,82.41,81.82
2009-04-14,83.07,80.98,90.46,90.25,83.88,83.76,82.41,81.82
2009-04-15,83.05,80.98,90.47,90.26,83.89,83.77,82.40,81.82
2009-04-16,83.03,80.99,90.47,90.27,83.89,83.77,82.40,81.82
2009-04-17,83.01,80.99,90.47,90.27,83.90,83.77,82.39,81.82
2009-04-18,82.99,80.99,90.47,90.28,83.90,83.77,82.39,81.82
2009-04-19,82.98,81.00,90.47,90.29,83.91,83.77,82.38,81.82
2009-04-20,82.96,81.00,90.48,90.30,83.91,83.78,82.38,81.82
2009-04-21,82.94,81.01,90.48,90.30,83.92,83.78,82.37,81.81
2009-04-22,82.92,81.01,90.48,90.31,83.92,83.78,82.37,81.81
2009-04-23,82.90,81.01,90.48,90.32,83.93,83.78,82.36,81.81
2009-04-24,82.88,81.02,90.49,90.33,83.93,83.79,82.36,81.81
2009-04-25,82.86,81.02,90.49,90.33,83.94,83.79,82.35,81.81
2009-04-26,82.84,81.02,90.49,90.34,83.94,83.79,82.35,81.81
2009-04-27,82.83,81.02,90.49,90.35,83.95,83.79,82.34,81.80
2009-04-28,82.81,81.03,90.50,90.35,83.95,83.79,82.34,81.80
2009-04-29,82.79,81.03,90.50,90.36,83.96,83.80,82.33,81.80
2009-04-30,82.77,81.03,90.50,90.37,83.96,83.80,82.33,81.80
2009-05-01,82.75,81.03,90.50,90.37,83.97,83.80,82.32,81.80
2009-05-02,82.68,81.04,90.52,90.38,83.97,83.80,82.33,81.79
2009-05-03,82.60,81.04,90.53,90.39,83.97,83.80,82.33,81.79
2009-05-04,82.53,81.04,90.54,90.39,83.97,83.81,82.33,81.79
2009-05-05,82.45,81.04,90.56,90.40,83.97,83.81,82.33,81.79
2009-05-06,82.38,81.04,90.57,90.40,83.97,83.81,82.34,81.78
2009-05-07,82.30,81.04,90.59,90.41,83.97,83.81,82.34,81.78
2009-05-08,82.23,81.04,90.60,90.42,83.97,83.82,82.34,81.78
2009-05-09,82.16,81.04,90.61,90.42,83.97,83.82,82.34,81.78
2009-05-10,82.08,81.04,90.63,90.43,83.97,83.82,82.35,81.78
2009-05-11,82.01,81.04,90.64,90.43,83.97,83.82,82.35,81.77
2009-05-12,81.93,81.04,90.65,90.44,83.97,83.82,82.35,81.77
2009-05-13,81.86,81.04,90.67,90.44,83.97,83.83,82.35,81.77
2009-05-14,81.78,81.04,90.68,90.45,83.97,83.83,82.35,81.77
2009-05-15,81.71,81.04,90.69,90.46,83.97,83.83,82.36,81.76
2009-05-16,81.63,81.04,90.71,90.46,83.97,83.83,82.36,81.76
2009-05-17,81.56,81.04,90.72,90.47,83.97,83.84,82.36,81.76
2009-05-18,81.49,81.04,90.74,90.47,83.97,83.84,82.36,81.76
2009-05-19,81.41,81.04,90.75,90.48,83.97,83.84,82.37,81.75
2009-05-20,81.34,81.04,90.76,90.48,83.97,83.84,82.37,81.75
2009-05-21,81.26,81.04,90.78,90.49,83.97,83.84,82.37,81.75
2009-05-22,81.19,81.04,90.79,90.50,83.97,83.85,82.37,81.75
2009-05-23,81.11,81.04,90.80,90.50,83.97,83.85,82.38,81.74
2009-05-24,81.04,81.04,90.82,90.51,83.97,83.85,82.38,81.74
2009-05-25,80.97,81.04,90.83,90.51,83.97,83.85,82.38,81.74
2009-05-26,80.89,81.04,90.85,90.52,83.97,83.86,82.38,81.74
2009-05-27,80.82,81.04,90.86,90.52,83.97,83.86,82.38,81.73
2009-05-28,80.74,81.03,90.87,90.53,83.97,83.86,82.39,81.73
2009-05-29,80.67,81.03,90.89,90.53,83.97,83.86,82.39,81.73
2009-05-30,80.59,81.03,90.90,90.54,83.97,83.87,82.39,81.73
2009-05-31,80.52,81.03,90.91,90.54,83.97,83.87,82.39,81.72
2009-06-01,80.44,81.03,90.93,90.55,83.97,83.87,82.40,81.72
2009-06-02,80.47,81.03,90.93,90.56,83.97,83.87,82.39,81.72
2009-06-03,80.49,81.03,90.92,90.56,83.98,83.88,82.38,81.72
2009-06-04,80.51,81.02,90.92,90.57,83.98,83.88,82.37,81.71
2009-06-05,80.53,81.02,90.92,90.57,83.98,83.88,82.36,81.71
2009-06-06,80.55,81.02,90.92,90.58,83.98,83.88,82.35,81.71
2009-06-07,80.57,81.02,90.91,90.58,83.99,83.89,82.34,81.71
2009-06-08,80.59,81.02,90.91,90.59,83.99,83.89,82.33,81.70
2009-06-09,80.61,81.02,90.91,90.59,83.99,83.89,82.32,81.70
2009-06-10,80.63,81.02,90.91,90.60,83.99,83.89,82.31,81.70
2009-06-11,80.65,81.02,90.90,90.60,84.00,83.89,82.30,81.70
2009-06-12,80.68,81.01,90.90,90.61,84.00,83.90,82.29,81.69
2009-06-13,80.70,81.01,90.90,90.61,84.00,83.90,82.28,81.69
2009-06-14,80.72,81.01,90.90,90.62,84.00,83.90,82.27,81.69
2009-06-15,80.74,81.01,90.90,90.62,84.01,83.90,82.26,81.69
2009-06-16,80.76,81.01,90.89,90.63,84.01,83.91,82.25,81.68
2009-06-17,80.78,81.01,90.89,90.63,84.01,83.91,82.24,81.68
2009-06-18,80.80,81.01,90.89,90.63,84.01,83.91,82.23,81.68
2009-06-19,80.82,81.01,90.89,90.64,84.02,83.91,82.22,81.67
2009-06-20,80.84,81.01,90.88,90.64,84.02,83.92,82.21,81.67
2009-06-21,80.86,81.01,90.88,90.65,84.02,83.92,82.20,81.67
2009-06-22,80.88,81.01,90.88,90.65,84.03,83.92,82.19,81.67
2009-06-23,80.91,81.01,90.88,90.66,84.03,83.92,82.18,81.66
2009-06-24,80.93,81.01,90.87,90.66,84.03,83.93,82.17,81.66
2009-06-25,80.95,81.01,90.87,90.66,84.03,83.93,82.16,81.66
2009-06-26,80.97,81.00,90.87,90.67,84.04,83.93,82.15,81.65
2009-06-27,80.99,81.00,90.87,90.67,84.04,83.93,82.14,81.65
2009-06-28,81.01,81.00,90.86,90.67,84.04,83.94,82.14,81.65
2009-06-29,81.03,81.00,90.86,90.68,84.04,83.94,82.13,81.64
2009-06-30,81.05,81.00,90.86,90.68,84.05,83.94,82.12,81.64
2009-07-01,81.07,81.00,90.86,90.68,84.05,83.94,82.11,81.64
2009-07-02,81.09,81.00,90.85,90.69,84.05,83.94,82.10,81.63
2009-07-03,81.11,81.00,90.85,90.69,84.06,83.95,82.10,81.63
2009-07-04,81.13,81.00,90.84,90.69,84.06,83.95,82.09,81.63
2009-07-05,81.15,81.00,90.84,90.70,84.07,83.95,82.09,81.62
2009-07-06,81.18,81.00,90.83,90.70,84.07,83.95,82.08,81.62
2009-07-07,81.20,81.00,90.83,90.71,84.08,83.96,82.08,81.62
2009-07-08,81.22,81.00,90.83,90.71,84.08,83.96,82.07,81.61
2009-07-09,81.24,81.01,90.82,90.71,84.09,83.96,82.07,81.61
2009-07-10,81.26,81.01,90.82,90.72,84.09,83.96,82.06,81.61
2009-07-11,81.28,81.01,90.81,90.72,84.10,83.97,82.06,81.61
2009-07-12,81.30,81.01,90.81,90.72,84.10,83.97,82.05,81.60
2009-07-13,81.32,81.01,90.80,90.73,84.11,83.97,82.05,81.60
2009-07-14,81.34,81.01,90.80,90.73,84.12,83.97,82.05,81.60
2009-07-15,81.36,81.01,90.79,90.74,84.12,83.98,82.04,81.59
2009-07-16,81.38,81.02,90.79,90.74,84.13,83.98,82.04,81.59
2009-07-17,81.40,81.02,90.78,90.74,84.13,83.98,82.03,81.59
2009-07-18,81.42,81.02,90.78,90.75,84.14,83.98,82.03,81.58
2009-07-19,81.44,81.02,90.78,90.75,84.14,83.99,82.02,81.58
2009-07-20,81.46,81.02,90.77,90.76,84.15,83.99,82.02,81.58
2009-07-21,81.48,81.03,90.77,90.76,84.15,83.99,82.01,81.58
2009-07-22,81.50,81.03,90.76,90.77,84.16,83.99,82.01,81.57
2009-07-23,81.52,81.03,90.76,90.77,84.16,84.00,82.00,81.57
2009-07-24,81.54,81.03,90.75,90.78,84.17,84.00,82.00,81.57
2009-07-25,81.56,81.04,90.75,90.78,84.17,84.00,81.99,81.57
2009-07-26,81.58,81.04,90.74,90.79,84.18,84.00,81.99,81.57
2009-07-27,81.60,81.04,90.74,90.79,84.18,84.01,81.98,81.56
2009-07-28,81.62,81.05,90.73,90.80,84.19,84.01,81.98,81.56
2009-07-29,81.64,81.05,90.73,90.80,84.19,84.01,81.98,81.56
2009-07-30,81.66,81.06,90.72,90.81,84.20,84.02,81.97,81.56
2009-07-31,81.68,81.06,90.72,90.82,84.20,84.02,81.97,81.56
2009-08-01,81.70,81.06,90.72,90.82,84.21,84.02,81.96,81.55
2009-08-02,81.70,81.07,90.73,90.83,84.21,84.02,81.96,81.55
2009-08-03,81.69,81.07,90.75,90.83,84.21,84.03,81.96,81.55
2009-08-04,81.68,81.08,90.76,90.84,84.21,84.03,81.95,81.55
2009-08-05,81.68,81.08,90.78,90.85,84.22,84.03,81.95,81.55
2009-08-06,81.67,81.08,90.80,90.85,84.22,84.04,81.95,81.54
2009-08-07,81.66,81.09,90.81,90.86,84.22,84.04,81.95,81.54
2009-08-08,81.66,81.09,90.83,90.86,84.22,84.04,81.95,81.54
2009-08-09,81.65,81.10,90.84,90.87,84.23,84.05,81.94,81.54
2009-08-10,81.64,81.10,90.86,90.88,84.23,84.05,81.94,81.54
2009-08-11,81.64,81.11,90.87,90.88,84.23,84.05,81.94,81.54
2009-08-12,81.63,81.11,90.89,90.89,84.23,84.05,81.94,81.54
2009-08-13,81.62,81.12,90.91,90.90,84.24,84.06,81.93,81.54
2009-08-14,81.61,81.12,90.92,90.90,84.24,84.06,81.93,81.53
2009-08-15,81.61,81.12,90.94,90.91,84.24,84.06,81.93,81.53
2009-08-16,81.60,81.13,90.95,90.92,84.24,84.07,81.93,81.53
2009-08-17,81.59,81.13,90.97,90.92,84.25,84.07,81.92,81.53
2009-08-18,81.59,81.14,90.99,90.93,84.25,84.07,81.92,81.53
2009-08-19,81.58,81.14,91.00,90.94,84.25,84.08,81.92,81.53
2009-08-20,81.57,81.15,91.02,90.94,84.26,84.08,81.92,81.53
2009-08-21,81.57,81.15,91.03,90.95,84.26,84.08,81.92,81.53
2009-08-22,81.56,81.16,91.05,90.96,84.26,84.09,81.91,81.53
2009-08-23,81.55,81.16,91.07,90.96,84.26,84.09,81.91,81.53
2009-08-24,81.55,81.17,91.08,90.97,84.27,84.09,81.91,81.53
2009-08-25,81.54,81.17,91.10,90.98,84.27,84.10,81.91,81.53
2009-08-26,81.53,81.18,91.11,90.98,84.27,84.10,81.90,81.53
2009-08-27,81.53,81.18,91.13,90.99,84.27,84.10,81.90,81.53
2009-08-28,81.52,81.19,91.15,91.00,84.28,84.10,81.90,81.53
2009-08-29,81.51,81.19,91.16,91.01,84.28,84.11,81.90,81.53
2009-08-30,81.51,81.20,91.18,91.01,84.28,84.11,81.89,81.53
2009-08-31,81.50,81.20,91.19,91.02,84.28,84.11,81.89,81.53
2009-09-01,81.49,81.21,91.21,91.03,84.29,84.12,81.89,81.53
2009-09-02,81.48,81.21,91.21,91.04,84.29,84.12,81.89,81.53
2009-09-03,81.46,81.22,91.21,91.04,84.29,84.12,81.89,81.53
2009-09-04,81.44,81.22,91.22,91.05,84.29,84.13,81.89,81.53
2009-09-05,81.43,81.23,91.22,91.06,84.30,84.13,81.89,81.53
2009-09-06,81.41,81.23,91.22,91.07,84.30,84.13,81.89,81.53
2009-09-07,81.39,81.24,91.22,91.07,84.30,84.14,81.89,81.53
2009-09-08,81.38,81.25,91.23,91.08,84.30,84.14,81.89,81.53
2009-09-09,81.36,81.25,91.23,91.09,84.31,84.14,81.89,81.53
2009-09-10,81.35,81.26,91.23,91.10,84.31,84.15,81.89,81.53
2009-09-11,81.33,81.26,91.23,91.10,84.31,84.15,81.89,81.53
2009-09-12,81.31,81.27,91.24,91.11,84.32,84.15,81.89,81.53
2009-09-13,81.30,81.28,91.24,91.12,84.32,84.16,81.89,81.53
2009-09-14,81.28,81.28,91.24,91.13,84.32,84.16,81.89,81.53
2009-09-15,81.26,81.29,91.24,91.14,84.32,84.16,81.89,81.53
2009-09-16,81.25,81.29,91.25,91.14,84.33,84.17,81.89,81.53
2009-09-17,81.23,81.30,91.25,91.15,84.33,84.17,81.89,81.53
2009-09-18,81.22,81.31,91.25,91.16,84.33,84.17,81.89,81.53
2009-09-19,81.20,81.31,91.25,91.17,84.33,84.18,81.89,81.53
2009-09-20,81.18,81.32,91.26,91.18,84.34,84.18,81.89,81.54
2009-09-21,81.17,81.33,91.26,91.18,84.34,84.18,81.89,81.54
2009-09-22,81.15,81.33,91.26,91.19,84.34,84.19,81.89,81.54
2009-09-23,81.13,81.34,91.26,91.20,84.34,84.19,81.89,81.54
2009-09-24,81.12,81.35,91.26,91.21,84.35,84.19,81.89,81.54
2009-09-25,81.10,81.35,91.27,91.22,84.35,84.20,81.89,81.54
2009-09-26,81.08,81.36,91.27,91.23,84.35,84.20,81.89,81.54
2009-09-27,81.07,81.37,91.27,91.23,84.36,84.20,81.89,81.54
2009-09-28,81.05,81.38,91.27,91.24,84.36,84.21,81.89,81.55
2009-09-29,81.04,81.38,91.28,91.25,84.36,84.21,81.89,81.55
2009-09-30,81.02,81.39,91.28,91.26,84.36,84.21,81.89,81.55
2009-10-01,81.00,81.40,91.28,91.27,84.37,84.22,81.89,81.55
2009-10-02,80.96,81.41,91.31,91.28,84.37,84.22,81.89,81.55
2009-10-03,80.92,81.42,91.34,91.29,84.38,84.22,81.89,81.55
2009-10-04,80.88,81.42,91.36,91.30,84.38,84.23,81.89,81.55
2009-10-05,80.84,81.43,91.39,91.30,84.39,84.23,81.89,81.56
2009-10-06,80.80,81.44,91.42,91.31,84.39,84.23,81.89,81.56
2009-10-07,80.76,81.45,91.45,91.32,84.40,84.24,81.89,81.56
2009-10-08,80.72,81.46,91.47,91.33,84.40,84.24,81.89,81.56
2009-10-09,80.68,81.46,91.50,91.34,84.41,84.24,81.89,81.56
2009-10-10,80.64,81.47,91.53,91.35,84.41,84.25,81.89,81.57
2009-10-11,80.60,81.48,91.56,91.36,84.42,84.25,81.89,81.57
2009-10-12,80.56,81.49,91.58,91.37,84.42,84.25,81.89,81.57
2009-10-13,80.52,81.50,91.61,91.38,84.43,84.26,81.89,81.57
2009-10-14,80.48,81.51,91.64,91.39,84.43,84.26,81.89,81.57
2009-10-15,80.44,81.52,91.66,91.40,84.44,84.27,81.89,81.58
2009-10-16,80.39,81.53,91.69,91.41,84.44,84.27,81.89,81.58
2009-10-17,80.35,81.54,91.72,91.42,84.45,84.27,81.89,81.58
2009-10-18,80.31,81.55,91.75,91.43,84.45,84.28,81.89,81.58
2009-10-19,80.27,81.56,91.77,91.44,84.46,84.28,81.89,81.59
2009-10-20,80.23,81.57,91.80,91.45,84.46,84.28,81.89,81.59
2009-10-21,80.19,81.58,91.83,91.46,84.47,84.29,81.89,81.59
2009-10-22,80.15,81.59,91.86,91.47,84.47,84.29,81.89,81.59
2009-10-23,80.11,81.60,91.88,91.48,84.48,84.30,81.89,81.60
2009-10-24,80.07,81.61,91.91,91.49,84.48,84.30,81.89,81.60
2009-10-25,80.03,81.62,91.94,91.50,84.49,84.30,81.89,81.60
2009-10-26,79.99,81.63,91.97,91.51,84.49,84.31,81.89,81.61
2009-10-27,79.95,81.64,91.99,91.52,84.50,84.31,81.89,81.61
2009-10-28,79.91,81.65,92.02,91.54,84.50,84.31,81.89,81.61
2009-10-29,79.87,81.66,92.05,91.55,84.51,84.32,81.89,81.62
2009-10-30,79.83,81.67,92.08,91.56,84.51,84.32,81.89,81.62
2009-10-31,79.79,81.69,92.10,91.57,84.52,84.33,81.89,81.62
2009-11-01,79.75,81.70,92.13,91.58,84.52,84.33,81.89,81.63
2009-11-02,79.79,81.71,92.14,91.59,84.53,84.33,81.89,81.63
2009-11-03,79.83,81.72,92.16,91.61,84.53,84.34,81.89,81.63
2009-11-04,79.87,81.74,92.17,91.62,84.54,84.34,81.89,81.64
2009-11-05,79.91,81.75,92.19,91.63,84.54,84.35,81.89,81.64
2009-11-06,79.96,81.76,92.20,91.64,84.55,84.35,81.89,81.64
2009-11-07,80.00,81.77,92.22,91.66,84.56,84.36,81.89,81.65
2009-11-08,80.04,81.79,92.23,91.67,84.56,84.36,81.89,81.65
2009-11-09,80.08,81.80,92.24,91.68,84.57,84.36,81.89,81.66
2009-11-10,80.12,81.81,92.26,91.69,84.57,84.37,81.89,81.66
2009-11-11,80.16,81.83,92.27,91.70,84.58,84.37,81.89,81.66
2009-11-12,80.21,81.84,92.29,91.72,84.58,84.38,81.89,81.67
2009-11-13,80.25,81.86,92.30,91.73,84.59,84.38,81.89,81.67
2009-11-14,80.29,81.87,92.31,91.74,84.59,84.38,81.89,81.67
2009-11-15,80.33,81.88,92.33,91.75,84.60,84.39,81.89,81.68
2009-11-16,80.37,81.90,92.34,91.77,84.60,84.39,81.89,81.68
2009-11-17,80.42,81.91,92.36,91.78,84.61,84.40,81.89,81.69
2009-11-18,80.46,81.93,92.37,91.79,84.61,84.40,81.89,81.69
2009-11-19,80.50,81.94,92.38,91.80,84.62,84.41,81.89,81.69
2009-11-20,80.54,81.96,92.40,91.81,84.62,84.41,81.89,81.70
2009-11-21,80.58,81.97,92.41,91.83,84.63,84.41,81.89,81.70
2009-11-22,80.63,81.99,92.43,91.84,84.64,84.42,81.89,81.71
2009-11-23,80.67,82.01,92.44,91.85,84.64,84.42,81.89,81.71
2009-11-24,80.71,82.02,92.46,91.86,84.65,84.43,81.89,81.71
2009-11-25,80.75,82.04,92.47,91.87,84.65,84.43,81.89,81.72
2009-11-26,80.79,82.05,92.48,91.89,84.66,84.43,81.89,81.72
2009-11-27,80.84,82.07,92.50,91.90,84.66,84.44,81.89,81.73
2009-11-28,80.88,82.09,92.51,91.91,84.67,84.44,81.89,81.73
2009-11-29,80.92,82.10,92.53,91.92,84.67,84.45,81.89,81.74
2009-11-30,80.96,82.12,92.54,91.94,84.68,84.45,81.89,81.74
2009-12-01,81.00,82.14,92.55,91.95,84.68,84.46,81.89,81.74
2009-12-02,81.07,82.16,92.58,91.96,84.69,84.46,81.91,81.75
2009-12-03,81.13,82.17,92.60,91.97,84.69,84.46,81.94,81.75
2009-12-04,81.19,82.19,92.62,91.98,84.70,84.47,81.96,81.76
2009-12-05,81.26,82.21,92.64,92.00,84.70,84.47,81.99,81.76
2009-12-06,81.32,82.23,92.67,92.01,84.70,84.48,82.01,81.77
2009-12-07,81.38,82.24,92.69,92.02,84.71,84.48,82.04,81.77
2009-12-08,81.45,82.26,92.71,92.03,84.71,84.48,82.06,81.77
2009-12-09,81.51,82.28,92.73,92.05,84.72,84.49,82.09,81.78
2009-12-10,81.57,82.30,92.75,92.06,84.72,84.49,82.11,81.78
2009-12-11,81.63,82.32,92.78,92.07,84.72,84.50,82.14,81.79
2009-12-12,81.70,82.34,92.80,92.08,84.73,84.50,82.16,81.79
2009-12-13,81.76,82.36,92.82,92.10,84.73,84.51,82.19,81.80
2009-12-14,81.82,82.38,92.84,92.11,84.74,84.51,82.21,81.80
2009-12-15,81.89,82.40,92.86,92.12,84.74,84.51,82.24,81.81
2009-12-16,81.95,82.42,92.89,92.14,84.74,84.52,82.26,81.81
2009-12-17,82.01,82.44,92.91,92.15,84.75,84.52,82.29,81.82
2009-12-18,82.08,82.46,92.93,92.16,84.75,84.53,82.31,81.82
2009-12-19,82.14,82.48,92.95,92.18,84.76,84.53,82.34,81.83
2009-12-20,82.20,82.50,92.98,92.19,84.76,84.54,82.36,81.84
2009-12-21,82.27,82.52,93.00,92.20,84.77,84.54,82.39,81.84
2009-12-22,82.33,82.54,93.02,92.22,84.77,84.54,82.41,81.85
2009-12-23,82.39,82.56,93.04,92.23,84.77,84.55,82.44,81.85
2009-12-24,82.46,82.58,93.06,92.24,84.78,84.55,82.46,81.86
2009-12-25,82.52,82.60,93.09,92.26,84.78,84.56,82.49,81.86
2009-12-26,82.58,82.63,93.11,92.27,84.79,84.56,82.51,81.87
2009-12-27,82.64,82.65,93.13,92.29,84.79,84.57,82.53,81.87
2009-12-28,82.71,82.67,93.15,92.30,84.79,84.57,82.56,81.88
2009-12-29,82.77,82.69,93.17,92.32,84.80,84.58,82.58,81.89
2009-12-30,82.83,82.71,93.20,92.33,84.80,84.58,82.61,81.89
2009-12-31,82.90,82.74,93.22,92.34,84.81,84.58,82.63,81.90
2010-01-01,82.96,82.76,93.24,92.36,84.81,84.59,82.66,81.90
2010-01-02,82.99,82.78,93.25,92.37,84.82,84.59,82.66,81.91
2010-01-03,83.02,82.80,93.25,92.39,84.82,84.60,82.66,81.92
2010-01-04,83.05,82.83,93.26,92.40,84.83,84.60,82.66,81.92
2010-01-05,83.08,82.85,93.27,92.42,84.83,84.61,82.66,81.93
2010-01-06,83.11,82.87,93.27,92.43,84.84,84.61,82.66,81.94
2010-01-07,83.14,82.90,93.28,92.44,84.84,84.62,82.66,81.94
2010-01-08,83.18,82.92,93.28,92.46,84.85,84.62,82.66,81.95
2010-01-09,83.21,82.94,93.29,92.47,84.85,84.62,82.66,81.95
2010-01-10,83.24,82.97,93.30,92.49,84.86,84.63,82.66,81.96
2010-01-11,83.27,82.99,93.30,92.50,84.87,84.63,82.66,81.97
2010-01-12,83.30,83.01,93.31,92.51,84.87,84.64,82.66,81.97
2010-01-13,83.33,83.03,93.31,92.53,84.88,84.64,82.66,81.98
2010-01-14,83.36,83.06,93.32,92.54,84.88,84.65,82.66,81.98
2010-01-15,83.39,83.08,93.33,92.55,84.89,84.65,82.66,81.99
2010-01-16,83.42,83.10,93.33,92.57,84.89,84.65,82.66,82.00
2010-01-17,83.45,83.12,93.34,92.58,84.90,84.66,82.66,82.00
2010-01-18,83.48,83.15,93.34,92.59,84.90,84.66,82.66,82.01
2010-01-19,83.51,83.17,93.35,92.61,84.91,84.67,82.66,82.01
2010-01-20,83.54,83.19,93.36,92.62,84.92,84.67,82.66,82.02
2010-01-21,83.58,83.21,93.36,92.63,84.92,84.68,82.66,82.02
2010-01-22,83.61,83.23,93.37,92.64,84.93,84.68,82.66,82.03
2010-01-23,83.64,83.26,93.37,92.66,84.93,84.68,82.66,82.04
2010-01-24,83.67,83.28,93.38,92.67,84.94,84.69,82.66,82.04
2010-01-25,83.70,83.30,93.39,92.68,84.94,84.69,82.66,82.05
2010-01-26,83.73,83.32,93.39,92.69,84.95,84.70,82.66,82.05
2010-01-27,83.76,83.34,93.40,92.70,84.95,84.70,82.66,82.06
2010-01-28,83.79,83.37,93.40,92.71,84.96,84.71,82.66,82.06
2010-01-29,83.82,83.39,93.41,92.73,84.96,84.71,82.66,82.07
2010-01-30,83.85,83.41,93.42,92.74,84.97,84.72,82.66,82.07
2010-01-31,83.88,83.43,93.42,92.75,84.98,84.72,82.66,82.08
2010-02-01,83.91,83.45,93.43,92.76,84.98,84.72,82.66,82.08
2010-02-02,83.93,83.47,93.44,92.77,84.98,84.73,82.66,82.09
2010-02-03,83.96,83.49,93.44,92.78,84.99,84.73,82.66,82.10
2010-02-04,83.98,83.52,93.45,92.79,84.99,84.74,82.66,82.10
2010-02-05,84.00,83.54,93.46,92.80,84.99,84.74,82.66,82.11
2010-02-06,84.02,83.56,93.46,92.81,85.00,84.75,82.66,82.11
2010-02-07,84.04,83.58,93.47,92.83,85.00,84.75,82.66,82.12
2010-02-08,84.06,83.60,93.48,92.84,85.00,84.75,82.66,82.12
2010-02-09,84.09,83.62,93.48,92.85,85.01,84.76,82.66,82.13
2010-02-10,84.11,83.64,93.49,92.86,85.01,84.76,82.66,82.13
2010-02-11,84.13,83.66,93.50,92.87,85.01,84.77,82.66,82.14
2010-02-12,84.15,83.68,93.50,92.88,85.01,84.77,82.66,82.14
2010-02-13,84.17,83.70,93.51,92.89,85.02,84.78,82.66,82.15
2010-02-14,84.19,83.72,93.52,92.90,85.02,84.78,82.66,82.15
2010-02-15,84.22,83.74,93.52,92.91,85.02,84.79,82.66,82.16
2010-02-16,84.24,83.76,93.53,92.92,85.03,84.79,82.66,82.16
2010-02-17,84.26,83.78,93.54,92.93,85.03,84.79,82.66,82.17
2010-02-18,84.28,83.80,93.54,92.94,85.03,84.80,82.66,82.17
2010-02-19,84.30,83.82,93.55,92.95,85.04,84.80,82.66,82.18
2010-02-20,84.32,83.84,93.56,92.96,85.04,84.81,82.66,82.18
2010-02-21,84.34,83.86,93.56,92.97,85.04,84.81,82.66,82.19
2010-02-22,84.37,83.88,93.57,92.98,85.05,84.82,82.66,82.19
2010-02-23,84.39,83.90,93.58,92.99,85.05,84.82,82.66,82.20
2010-02-24,84.41,83.92,93.58,93.00,85.05,84.83,82.66,82.20
2010-02-25,84.43,83.94,93.59,93.01,85.05,84.83,82.66,82.21
2010-02-26,84.45,83.96,93.60,93.02,85.06,84.83,82.66,82.22
2010-02-27,84.47,83.98,93.60,93.03,85.06,84.84,82.66,82.22
2010-02-28,84.50,84.00,93.61,93.04,85.06,84.84,82.66,82.23
2010-03-01,84.52,84.02,93.62,93.05,85.07,84.85,82.66,82.23
2010-03-02,84.56,84.03,93.61,93.06,85.07,84.85,82.66,82.24
2010-03-03,84.60,84.05,93.61,93.07,85.08,84.86,82.66,82.24
2010-03-04,84.64,84.07,93.60,93.08,85.08,84.86,82.67,82.25
2010-03-05,84.68,84.09,93.59,93.09,85.09,84.86,82.67,82.25
2010-03-06,84.73,84.11,93.59,93.10,85.09,84.87,82.67,82.26
2010-03-07,84.77,84.13,93.58,93.11,85.10,84.87,82.67,82.26
2010-03-08,84.81,84.14,93.58,93.12,85.11,84.88,82.68,82.27
2010-03-09,84.85,84.16,93.57,93.13,85.11,84.88,82.68,82.27
2010-03-10,84.89,84.18,93.56,93.14,85.12,84.89,82.68,82.28
2010-03-11,84.94,84.20,93.56,93.15,85.12,84.89,82.69,82.28
2010-03-12,84.98,84.22,93.55,93.16,85.13,84.90,82.69,82.29
2010-03-13,85.02,84.24,93.54,93.17,85.13,84.90,82.69,82.29
2010-03-14,85.06,84.26,93.54,93.18,85.14,84.91,82.69,82.30
2010-03-15,85.10,84.27,93.53,93.19,85.14,84.91,82.70,82.31
2010-03-16,85.15,84.29,93.53,93.20,85.15,84.92,82.70,82.31
2010-03-17,85.19,84.31,93.52,93.21,85.15,84.92,82.70,82.32
2010-03-18,85.23,84.33,93.51,93.22,85.16,84.93,82.70,82.32
2010-03-19,85.27,84.35,93.51,93.23,85.17,84.93,82.71,82.33
2010-03-20,85.31,84.37,93.50,93.24,85.17,84.94,82.71,82.33
2010-03-21,85.36,84.39,93.50,93.25,85.18,84.94,82.71,82.34
2010-03-22,85.40,84.41,93.49,93.26,85.18,84.95,82.71,82.34
2010-03-23,85.44,84.43,93.48,93.27,85.19,84.95,82.72,82.35
2010-03-24,85.48,84.45,93.48,93.28,85.19,84.96,82.72,82.36
2010-03-25,85.52,84.47,93.47,93.29,85.20,84.96,82.72,82.36
2010-03-26,85.56,84.49,93.47,93.30,85.20,84.97,82.73,82.37
2010-03-27,85.61,84.51,93.46,93.31,85.21,84.97,82.73,82.37
2010-03-28,85.65,84.53,93.45,93.32,85.22,84.98,82.73,82.38
2010-03-29,85.69,84.55,93.45,93.33,85.22,84.98,82.73,82.38
2010-03-30,85.73,84.57,93.44,93.34,85.23,84.99,82.74,82.39
2010-03-31,85.77,84.59,93.43,93.35,85.23,84.99,82.74,82.40
2010-04-01,85.82,84.61,93.43,93.36,85.24,85.00,82.74,82.40
2010-04-02,85.80,84.63,93.44,93.37,85.24,85.00,82.75,82.41
2010-04-03,85.79,84.65,93.45,93.38,85.25,85.01,82.75,82.41
2010-04-04,85.77,84.67,93.47,93.39,85.25,85.01,82.76,82.42
2010-04-05,85.76,84.69,93.48,93.41,85.26,85.02,82.76,82.43
2010-04-06,85.74,84.71,93.49,93.42,85.27,85.03,82.77,82.43
2010-04-07,85.73,84.73,93.50,93.43,85.27,85.03,82.77,82.44
2010-04-08,85.71,84.75,93.52,93.44,85.28,85.04,82.78,82.44
2010-04-09,85.70,84.77,93.53,93.45,85.28,85.04,82.79,82.45
2010-04-10,85.69,84.79,93.54,93.46,85.29,85.05,82.79,82.45
2010-04-11,85.67,84.81,93.55,93.47,85.29,85.05,82.80,82.46
2010-04-12,85.66,84.83,93.57,93.48,85.30,85.06,82.80,82.47
2010-04-13,85.64,84.85,93.58,93.49,85.31,85.06,82.81,82.47
2010-04-14,85.63,84.87,93.59,93.50,85.31,85.07,82.81,82.48
2010-04-15,85.61,84.89,93.60,93.51,85.32,85.08,82.82,82.48
2010-04-16,85.60,84.91,93.62,93.52,85.32,85.08,82.82,82.49
2010-04-17,85.58,84.93,93.63,93.53,85.33,85.09,82.83,82.49
2010-04-18,85.57,84.95,93.64,93.54,85.33,85.09,82.84,82.50
2010-04-19,85.56,84.97,93.66,93.55,85.34,85.10,82.84,82.51
2010-04-20,85.54,84.99,93.67,93.56,85.35,85.10,82.85,82.51
2010-04-21,85.53,85.01,93.68,93.57,85.35,85.11,82.85,82.52
2010-04-22,85.51,85.03,93.69,93.58,85.36,85.12,82.86,82.52
2010-04-23,85.50,85.05,93.71,93.60,85.36,85.12,82.86,82.53
2010-04-24,85.48,85.07,93.72,93.61,85.37,85.13,82.87,82.53
2010-04-25,85.47,85.09,93.73,93.62,85.37,85.13,82.87,82.54
2010-04-26,85.46,85.10,93.74,93.63,85.38,85.14,82.88,82.55
2010-04-27,85.44,85.12,93.76,93.64,85.39,85.14,82.89,82.55
2010-04-28,85.43,85.14,93.77,93.65,85.39,85.15,82.89,82.56
2010-04-29,85.41,85.16,93.78,93.66,85.40,85.16,82.90,82.56
2010-04-30,85.40,85.18,93.79,93.67,85.40,85.16,82.90,82.57
2010-05-01,85.38,85.20,93.81,93.68,85.41,85.17,82.91,82.57
2010-05-02,85.35,85.22,93.81,93.69,85.41,85.17,82.91,82.58
2010-05-03,85.31,85.24,93.82,93.70,85.42,85.18,82.92,82.59
2010-05-04,85.27,85.26,93.82,93.71,85.43,85.18,82.92,82.59
2010-05-05,85.24,85.28,93.83,93.72,85.43,85.19,82.93,82.60
2010-05-06,85.20,85.30,93.84,93.73,85.44,85.20,82.93,82.60
2010-05-07,85.17,85.32,93.84,93.74,85.44,85.20,82.94,82.61
2010-05-08,85.13,85.34,93.85,93.76,85.45,85.21,82.94,82.62
2010-05-09,85.09,85.36,93.85,93.77,85.45,85.21,82.95,82.62
2010-05-10,85.06,85.38,93.86,93.78,85.46,85.22,82.96,82.63
2010-05-11,85.02,85.40,93.87,93.79,85.46,85.23,82.96,82.63
2010-05-12,84.98,85.42,93.87,93.80,85.47,85.23,82.97,82.64
2010-05-13,84.95,85.43,93.88,93.81,85.48,85.24,82.97,82.65
2010-05-14,84.91,85.45,93.88,93.82,85.48,85.24,82.98,82.65
2010-05-15,84.88,85.47,93.89,93.83,85.49,85.25,82.98,82.66
2010-05-16,84.84,85.49,93.90,93.84,85.49,85.26,82.99,82.67
2010-05-17,84.80,85.51,93.90,93.85,85.50,85.26,82.99,82.67
2010-05-18,84.77,85.53,93.91,93.86,85.50,85.27,83.00,82.68
2010-05-19,84.73,85.55,93.91,93.87,85.51,85.27,83.00,82.68
2010-05-20,84.69,85.57,93.92,93.88,85.51,85.28,83.01,82.69
2010-05-21,84.66,85.59,93.93,93.89,85.52,85.29,83.01,82.70
2010-05-22,84.62,85.61,93.93,93.90,85.53,85.29,83.02,82.70
2010-05-23,84.58,85.63,93.94,93.92,85.53,85.30,83.03,82.71
2010-05-24,84.55,85.65,93.95,93.93,85.54,85.31,83.03,82.72
2010-05-25,84.51,85.67,93.95,93.94,85.54,85.31,83.04,82.72
2010-05-26,84.48,85.69,93.96,93.95,85.55,85.32,83.04,82.73
2010-05-27,84.44,85.71,93.96,93.96,85.55,85.32,83.05,82.73
2010-05-28,84.40,85.73,93.97,93.97,85.56,85.33,83.05,82.74
2010-05-29,84.37,85.75,93.98,93.98,85.56,85.34,83.06,82.75
2010-05-30,84.33,85.77,93.98,93.99,85.57,85.34,83.06,82.75
2010-05-31,84.29,85.79,93.99,94.00,85.58,85.35,83.07,82.76
2010-06-01,84.26,85.81,93.99,94.01,85.58,85.36,83.07,82.77
2010-06-02,84.27,85.83,94.01,94.02,85.59,85.36,83.08,82.77
2010-06-03,84.29,85.85,94.02,94.03,85.59,85.37,83.08,82.78
2010-06-04,84.30,85.87,94.03,94.04,85.60,85.38,83.08,82.79
2010-06-05,84.32,85.89,94.04,94.05,85.60,85.38,83.08,82.79
2010-06-06,84.33,85.91,94.06,94.06,85.61,85.39,83.09,82.80
2010-06-07,84.35,85.93,94.07,94.07,85.61,85.40,83.09,82.81
2010-06-08,84.36,85.95,94.08,94.08,85.62,85.40,83.09,82.81
2010-06-09,84.37,85.98,94.09,94.09,85.63,85.41,83.10,82.82
2010-06-10,84.39,86.00,94.11,94.11,85.63,85.41,83.10,82.83
2010-06-11,84.40,86.02,94.12,94.12,85.64,85.42,83.10,82.83
2010-06-12,84.42,86.04,94.13,94.13,85.64,85.43,83.10,82.84
2010-06-13,84.43,86.06,94.14,94.14,85.65,85.43,83.11,82.85
2010-06-14,84.45,86.08,94.16,94.15,85.65,85.44,83.11,82.85
2010-06-15,84.46,86.10,94.17,94.16,85.66,85.45,83.11,82.86
2010-06-16,84.47,86.12,94.18,94.17,85.67,85.45,83.12,82.87
2010-06-17,84.49,86.14,94.19,94.18,85.67,85.46,83.12,82.87
2010-06-18,84.50,86.16,94.21,94.19,85.68,85.47,83.12,82.88
2010-06-19,84.52,86.19,94.22,94.20,85.68,85.47,83.12,82.89
2010-06-20,84.53,86.21,94.23,94.21,85.69,85.48,83.13,82.89
2010-06-21,84.55,86.23,94.25,94.22,85.69,85.49,83.13,82.90
2010-06-22,84.56,86.25,94.26,94.23,85.70,85.49,83.13,82.91
2010-06-23,84.58,86.27,94.27,94.24,85.71,85.50,83.13,82.91
2010-06-24,84.59,86.29,94.28,94.25,85.71,85.51,83.14,82.92
2010-06-25,84.60,86.31,94.30,94.26,85.72,85.51,83.14,82.93
2010-06-26,84.62,86.34,94.31,94.27,85.72,85.52,83.14,82.93
2010-06-27,84.63,86.36,94.32,94.29,85.73,85.53,83.15,82.94
2010-06-28,84.65,86.38,94.33,94.30,85.73,85.53,83.15,82.95
2010-06-29,84.66,86.40,94.35,94.31,85.74,85.54,83.15,82.96
2010-06-30,84.68,86.42,94.36,94.32,85.75,85.55,83.15,82.96
2010-07-01,84.69,86.45,94.37,94.33,85.75,85.55,83.16,82.97
2010-07-02,84.76,86.47,94.37,94.34,85.75,85.56,83.16,82.98
2010-07-03,84.83,86.49,94.38,94.35,85.76,85.57,83.16,82.98
2010-07-04,84.90,86.51,94.38,94.36,85.76,85.57,83.17,82.99
2010-07-05,84.97,86.54,94.38,94.37,85.76,85.58,83.17,83.00
2010-07-06,85.04,86.56,94.39,94.38,85.77,85.59,83.17,83.00
2010-07-07,85.11,86.58,94.39,94.39,85.77,85.60,83.17,83.01
2010-07-08,85.18,86.60,94.39,94.40,85.77,85.60,83.18,83.02
2010-07-09,85.25,86.63,94.40,94.41,85.77,85.61,83.18,83.03
2010-07-10,85.32,86.65,94.40,94.43,85.78,85.62,83.18,83.03
2010-07-11,85.39,86.67,94.40,94.44,85.78,85.62,83.18,83.04
2010-07-12,85.46,86.70,94.40,94.45,85.78,85.63,83.19,83.05
2010-07-13,85.53,86.72,94.41,94.46,85.78,85.64,83.19,83.05
2010-07-14,85.60,86.74,94.41,94.47,85.79,85.64,83.19,83.06
2010-07-15,85.67,86.77,94.41,94.48,85.79,85.65,83.20,83.07
2010-07-16,85.74,86.79,94.42,94.49,85.79,85.66,83.20,83.08
2010-07-17,85.81,86.81,94.42,94.50,85.80,85.67,83.20,83.08
2010-07-18,85.88,86.84,94.42,94.51,85.80,85.67,83.20,83.09
2010-07-19,85.95,86.86,94.43,94.52,85.80,85.68,83.21,83.10
2010-07-20,86.02,86.88,94.43,94.53,85.80,85.69,83.21,83.11
2010-07-21,86.09,86.91,94.43,94.54,85.81,85.69,83.21,83.11
2010-07-22,86.16,86.93,94.44,94.56,85.81,85.70,83.21,83.12
2010-07-23,86.23,86.96,94.44,94.57,85.81,85.71,83.22,83.13
2010-07-24,86.30,86.98,94.44,94.58,85.82,85.71,83.22,83.14
2010-07-25,86.37,87.01,94.44,94.59,85.82,85.72,83.22,83.14
2010-07-26,86.44,87.03,94.45,94.60,85.82,85.73,83.22,83.15
2010-07-27,86.51,87.05,94.45,94.61,85.82,85.74,83.23,83.16
2010-07-28,86.57,87.08,94.45,94.62,85.83,85.74,83.23,83.17
2010-07-29,86.64,87.10,94.46,94.63,85.83,85.75,83.23,83.17
2010-07-30,86.71,87.13,94.46,94.64,85.83,85.76,83.24,83.18
2010-07-31,86.78,87.15,94.46,94.65,85.83,85.76,83.24,83.19
2010-08-01,86.85,87.18,94.47,94.66,85.84,85.77,83.24,83.20
2010-08-02,87.00,87.20,94.48,94.68,85.84,85.78,83.24,83.20
2010-08-03,87.14,87.23,94.50,94.69,85.85,85.79,83.24,83.21
2010-08-04,87.28,87.25,94.51,94.70,85.85,85.79,83.24,83.22
2010-08-05,87.42,87.28,94.53,94.71,85.86,85.80,83.24,83.23
2010-08-06,87.57,87.30,94.54,94.72,85.86,85.81,83.24,83.23
2010-08-07,87.71,87.33,94.56,94.73,85.87,85.82,83.24,83.24
2010-08-08,87.85,87.35,94.57,94.74,85.88,85.82,83.24,83.25
2010-08-09,87.99,87.38,94.59,94.75,85.88,85.83,83.24,83.26
2010-08-10,88.13,87.41,94.60,94.76,85.89,85.84,83.24,83.27
2010-08-11,88.28,87.43,94.62,94.78,85.89,85.85,83.24,83.27
2010-08-12,88.42,87.46,94.63,94.79,85.90,85.85,83.24,83.28
2010-08-13,88.56,87.48,94.65,94.80,85.90,85.86,83.24,83.29
2010-08-14,88.70,87.51,94.66,94.81,85.91,85.87,83.24,83.30
2010-08-15,88.85,87.54,94.68,94.82,85.91,85.88,83.24,83.31
2010-08-16,88.99,87.56,94.69,94.83,85.92,85.88,83.24,83.31
2010-08-17,89.13,87.59,94.71,94.84,85.93,85.89,83.24,83.32
2010-08-18,89.27,87.62,94.72,94.85,85.93,85.90,83.24,83.33
2010-08-19,89.42,87.64,94.74,94.87,85.94,85.91,83.24,83.34
2010-08-20,89.56,87.67,94.75,94.88,85.94,85.92,83.24,83.35
2010-08-21,89.70,87.70,94.77,94.89,85.95,85.92,83.24,83.35
2010-08-22,89.84,87.72,94.78,94.90,85.95,85.93,83.24,83.36
2010-08-23,89.98,87.75,94.80,94.91,85.96,85.94,83.24,83.37
2010-08-24,90.13,87.78,94.81,94.92,85.96,85.95,83.24,83.38
2010-08-25,90.27,87.81,94.83,94.94,85.97,85.96,83.24,83.39
2010-08-26,90.41,87.83,94.85,94.95,85.98,85.96,83.24,83.40
2010-08-27,90.55,87.86,94.86,94.96,85.98,85.97,83.24,83.41
2010-08-28,90.70,87.89,94.88,94.97,85.99,85.98,83.24,83.41
2010-08-29,90.84,87.92,94.89,94.98,85.99,85.99,83.24,83.42
2010-08-30,90.98,87.94,94.91,94.99,86.00,86.00,83.24,83.43
2010-08-31,91.12,87.97,94.92,95.00,86.00,86.01,83.24,83.44
2010-09-01,91.27,88.00,94.94,95.02,86.01,86.01,83.24,83.45
2010-09-02,91.27,88.03,94.93,95.03,86.01,86.02,83.25,83.46
2010-09-03,91.28,88.05,94.92,95.04,86.02,86.03,83.25,83.47
2010-09-04,91.28,88.08,94.92,95.05,86.03,86.04,83.26,83.48
2010-09-05,91.29,88.11,94.91,95.06,86.03,86.05,83.26,83.49
2010-09-06,91.29,88.14,94.90,95.08,86.04,86.06,83.27,83.49
2010-09-07,91.30,88.16,94.90,95.09,86.04,86.07,83.27,83.50
2010-09-08,91.31,88.19,94.89,95.10,86.05,86.07,83.28,83.51
2010-09-09,91.31,88.22,94.89,95.11,86.05,86.08,83.29,83.52
2010-09-10,91.32,88.24,94.88,95.12,86.06,86.09,83.29,83.53
2010-09-11,91.32,88.27,94.87,95.13,86.07,86.10,83.30,83.54
2010-09-12,91.33,88.29,94.87,95.14,86.07,86.11,83.30,83.55
2010-09-13,91.33,88.32,94.86,95.16,86.08,86.12,83.31,83.56
2010-09-14,91.34,88.35,94.85,95.17,86.08,86.13,83.31,83.57
2010-09-15,91.35,88.37,94.85,95.18,86.09,86.14,83.32,83.58
2010-09-16,91.35,88.40,94.84,95.19,86.09,86.14,83.32,83.59
2010-09-17,91.36,88.42,94.84,95.20,86.10,86.15,83.33,83.60
2010-09-18,91.36,88.45,94.83,95.21,86.11,86.16,83.34,83.61
2010-09-19,91.37,88.47,94.82,95.22,86.11,86.17,83.34,83.62
2010-09-20,91.38,88.49,94.82,95.23,86.12,86.18,83.35,83.63
2010-09-21,91.38,88.52,94.81,95.25,86.12,86.19,83.35,83.64
2010-09-22,91.39,88.54,94.80,95.26,86.13,86.20,83.36,83.65
2010-09-23,91.39,88.57,94.80,95.27,86.13,86.21,83.36,83.66
2010-09-24,91.40,88.59,94.79,95.28,86.14,86.22,83.37,83.67
2010-09-25,91.40,88.61,94.79,95.29,86.15,86.23,83.37,83.68
2010-09-26,91.41,88.64,94.78,95.30,86.15,86.23,83.38,83.69
2010-09-27,91.42,88.66,94.77,95.31,86.16,86.24,83.38,83.70
2010-09-28,91.42,88.68,94.77,95.32,86.16,86.25,83.39,83.71
2010-09-29,91.43,88.71,94.76,95.33,86.17,86.26,83.40,83.72
2010-09-30,91.43,88.73,94.75,95.34,86.17,86.27,83.40,83.73
2010-10-01,91.44,88.75,94.75,95.36,86.18,86.28,83.41,83.74
2010-10-02,91.34,88.77,94.76,95.37,86.19,86.29,83.41,83.75
2010-10-03,91.25,88.80,94.77,95.38,86.20,86.30,83.42,83.76
2010-10-04,91.15,88.82,94.78,95.39,86.20,86.31,83.42,83.77
2010-10-05,91.06,88.84,94.78,95.40,86.21,86.32,83.43,83.78
2010-10-06,90.96,88.86,94.79,95.41,86.22,86.33,83.43,83.79
2010-10-07,90.87,88.88,94.80,95.42,86.23,86.34,83.44,83.80
2010-10-08,90.77,88.90,94.81,95.43,86.24,86.35,83.44,83.81
2010-10-09,90.68,88.92,94.82,95.44,86.25,86.35,83.45,83.82
2010-10-10,90.59,88.94,94.83,95.45,86.25,86.36,83.46,83.83
2010-10-11,90.49,88.96,94.84,95.46,86.26,86.37,83.46,83.84
2010-10-12,90.40,88.98,94.85,95.47,86.27,86.38,83.47,83.85
2010-10-13,90.30,89.00,94.86,95.48,86.28,86.39,83.47,83.86
2010-10-14,90.21,89.02,94.87,95.49,86.29,86.40,83.48,83.87
2010-10-15,90.11,89.04,94.88,95.50,86.30,86.41,83.48,83.89
2010-10-16,90.02,89.06,94.88,95.51,86.30,86.42,83.49,83.90
2010-10-17,89.92,89.08,94.89,95.52,86.31,86.43,83.49,83.91
2010-10-18,89.83,89.10,94.90,95.53,86.32,86.44,83.50,83.92
2010-10-19,89.73,89.11,94.91,95.54,86.33,86.45,83.50,83.93
2010-10-20,89.64,89.13,94.92,95.55,86.34,86.46,83.51,83.94
2010-10-21,89.54,89.15,94.93,95.57,86.35,86.47,83.51,83.95
2010-10-22,89.45,89.16,94.94,95.58,86.35,86.48,83.52,83.96
2010-10-23,89.35,89.18,94.95,95.59,86.36,86.49,83.52,83.97
2010-10-24,89.26,89.20,94.96,95.60,86.37,86.49,83.53,83.98
2010-10-25,89.16,89.21,94.97,95.61,86.38,86.50,83.54,83.99
2010-10-26,89.07,89.23,94.98,95.62,86.39,86.51,83.54,84.00
2010-10-27,88.97,89.25,94.98,95.63,86.40,86.52,83.55,84.02
2010-10-28,88.88,89.26,94.99,95.64,86.40,86.53,83.55,84.03
2010-10-29,88.78,89.28,95.00,95.65,86.41,86.54,83.56,84.04
2010-10-30,88.69,89.29,95.01,95.66,86.42,86.55,83.56,84.05
2010-10-31,88.59,89.31,95.02,95.67,86.43,86.56,83.57,84.06
2010-11-01,88.50,89.32,95.03,95.67,86.44,86.57,83.57,84.07
2010-11-02,88.50,89.34,95.04,95.68,86.45,86.58,83.58,84.08
2010-11-03,88.50,89.35,95.04,95.69,86.45,86.59,83.58,84.09
2010-11-04,88.50,89.37,95.05,95.70,86.46,86.60,83.58,84.10
2010-11-05,88.50,89.38,95.06,95.71,86.47,86.61,83.58,84.12
2010-11-06,88.50,89.39,95.06,95.72,86.48,86.61,83.59,84.13
2010-11-07,88.50,89.41,95.07,95.73,86.49,86.62,83.59,84.14
2010-11-08,88.50,89.42,95.07,95.74,86.50,86.63,83.59,84.15
2010-11-09,88.50,89.44,95.08,95.75,86.51,86.64,83.60,84.16
2010-11-10,88.50,89.45,95.09,95.76,86.51,86.65,83.60,84.17
2010-11-11,88.50,89.47,95.09,95.77,86.52,86.66,83.60,84.18
2010-11-12,88.50,89.48,95.10,95.78,86.53,86.67,83.60,84.19
2010-11-13,88.50,89.50,95.11,95.79,86.54,86.68,83.61,84.21
2010-11-14,88.50,89.51,95.11,95.80,86.55,86.69,83.61,84.22
2010-11-15,88.50,89.53,95.12,95.81,86.56,86.70,83.61,84.23
2010-11-16,88.50,89.54,95.12,95.82,86.57,86.71,83.61,84.24
2010-11-17,88.50,89.56,95.13,95.83,86.57,86.72,83.62,84.25
2010-11-18,88.50,89.57,95.14,95.84,86.58,86.73,83.62,84.26
2010-11-19,88.50,89.59,95.14,95.85,86.59,86.74,83.62,84.27
2010-11-20,88.50,89.60,95.15,95.86,86.60,86.75,83.63,84.29
2010-11-21,88.50,89.62,95.16,95.86,86.61,86.75,83.63,84.30
2010-11-22,88.50,89.63,95.16,95.87,86.62,86.76,83.63,84.31
2010-11-23,88.50,89.65,95.17,95.88,86.62,86.77,83.63,84.32
2010-11-24,88.50,89.66,95.17,95.89,86.63,86.78,83.64,84.33
2010-11-25,88.50,89.68,95.18,95.90,86.64,86.79,83.64,84.34
2010-11-26,88.50,89.69,95.19,95.91,86.65,86.80,83.64,84.35
2010-11-27,88.50,89.71,95.19,95.92,86.66,86.81,83.64,84.37
2010-11-28,88.50,89.73,95.20,95.93,86.67,86.82,83.65,84.38
2010-11-29,88.50,89.74,95.21,95.94,86.68,86.83,83.65,84.39
2010-11-30,88.50,89.76,95.21,95.94,86.68,86.84,83.65,84.40
2010-12-01,88.50,89.78,95.22,95.95,86.69,86.85,83.66,84.41
2010-12-02,88.59,89.79,95.23,95.96,86.70,86.86,83.67,84.42
2010-12-03,88.69,89.81,95.25,95.97,86.71,86.87,83.68,84.44
2010-12-04,88.78,89.83,95.26,95.98,86.72,86.88,83.70,84.45
2010-12-05,88.88,89.84,95.28,95.99,86.73,86.89,83.71,84.46
2010-12-06,88.97,89.86,95.29,96.00,86.73,86.90,83.72,84.47
2010-12-07,89.07,89.88,95.31,96.01,86.74,86.91,83.74,84.48
2010-12-08,89.16,89.90,95.32,96.01,86.75,86.92,83.75,84.49
2010-12-09,89.26,89.92,95.34,96.02,86.76,86.93,83.76,84.50
2010-12-10,89.35,89.93,95.36,96.03,86.77,86.94,83.78,84.52
2010-12-11,89.45,89.95,95.37,96.04,86.78,86.95,83.79,84.53
2010-12-12,89.54,89.97,95.39,96.05,86.78,86.96,83.80,84.54
2010-12-13,89.64,89.99,95.40,96.06,86.79,86.97,83.82,84.55
2010-12-14,89.73,90.01,95.42,96.07,86.80,86.98,83.83,84.56
2010-12-15,89.83,90.03,95.43,96.07,86.81,86.98,83.84,84.58
2010-12-16,89.92,90.05,95.45,96.08,86.82,86.99,83.86,84.59
2010-12-17,90.02,90.07,95.46,96.09,86.83,87.00,83.87,84.60
2010-12-18,90.11,90.09,95.48,96.10,86.83,87.01,83.88,84.61
2010-12-19,90.21,90.11,95.49,96.11,86.84,87.02,83.90,84.62
2010-12-20,90.30,90.14,95.51,96.12,86.85,87.03,83.91,84.64
2010-12-21,90.40,90.16,95.52,96.13,86.86,87.04,83.92,84.65
2010-12-22,90.49,90.18,95.54,96.13,86.87,87.05,83.94,84.66
2010-12-23,90.59,90.20,95.55,96.14,86.88,87.07,83.95,84.67
2010-12-24,90.68,90.22,95.57,96.15,86.88,87.08,83.96,84.69
2010-12-25,90.77,90.25,95.58,96.16,86.89,87.09,83.98,84.70
2010-12-26,90.87,90.27,95.60,96.17,86.90,87.10,83.99,84.71
2010-12-27,90.96,90.29,95.61,96.18,86.91,87.11,84.00,84.72
2010-12-28,91.06,90.31,95.63,96.19,86.92,87.12,84.02,84.74
2010-12-29,91.15,90.34,95.64,96.19,86.93,87.13,84.03,84.75
2010-12-30,91.25,90.36,95.66,96.20,86.93,87.14,84.04,84.76
2010-12-31,91.34,90.38,95.67,96.21,86.94,87.15,84.06,84.77
2011-01-01,91.44,90.41,95.69,96.22,86.95,87.16,84.07,84.79
2011-01-02,91.50,90.43,95.70,96.23,86.96,87.17,84.08,84.80
2011-01-03,91.56,90.46,95.71,96.24,86.97,87.18,84.09,84.81
2011-01-04,91.61,90.48,95.73,96.24,86.98,87.19,84.09,84.82
2011-01-05,91.67,90.51,95.74,96.25,86.98,87.20,84.10,84.84
2011-01-06,91.73,90.53,95.75,96.26,86.99,87.21,84.11,84.85
2011-01-07,91.79,90.56,95.76,96.27,87.00,87.22,84.12,84.86
2011-01-08,91.85,90.58,95.77,96.28,87.01,87.23,84.13,84.88
2011-01-09,91.91,90.60,95.79,96.29,87.02,87.24,84.14,84.89
2011-01-10,91.97,90.63,95.80,96.29,87.03,87.25,84.14,84.90
2011-01-11,92.03,90.65,95.81,96.30,87.03,87.26,84.15,84.91
2011-01-12,92.08,90.68,95.82,96.31,87.04,87.28,84.16,84.93
2011-01-13,92.14,90.71,95.84,96.32,87.05,87.29,84.17,84.94
2011-01-14,92.20,90.73,95.85,96.33,87.06,87.30,84.18,84.95
2011-01-15,92.26,90.76,95.86,96.34,87.07,87.31,84.18,84.97
2011-01-16,92.32,90.78,95.87,96.34,87.07,87.32,84.19,84.98
2011-01-17,92.38,90.81,95.88,96.35,87.08,87.33,84.20,84.99
2011-01-18,92.44,90.83,95.90,96.36,87.09,87.34,84.21,85.01
2011-01-19,92.49,90.86,95.91,96.37,87.10,87.35,84.22,85.02
2011-01-20,92.55,90.88,95.92,96.38,87.11,87.36,84.22,85.03
2011-01-21,92.61,90.91,95.93,96.38,87.12,87.37,84.23,85.05
2011-01-22,92.67,90.93,95.94,96.39,87.12,87.38,84.24,85.06
2011-01-23,92.73,90.96,95.96,96.40,87.13,87.39,84.25,85.07
2011-01-24,92.79,90.98,95.97,96.41,87.14,87.41,84.26,85.09
2011-01-25,92.85,91.01,95.98,96.42,87.15,87.42,84.26,85.10
2011-01-26,92.90,91.03,95.99,96.42,87.16,87.43,84.27,85.11
2011-01-27,92.96,91.06,96.01,96.43,87.17,87.44,84.28,85.13
2011-01-28,93.02,91.08,96.02,96.44,87.17,87.45,84.29,85.14
2011-01-29,93.08,91.11,96.03,96.45,87.18,87.46,84.30,85.15
2011-01-30,93.14,91.13,96.04,96.46,87.19,87.47,84.31,85.17
2011-01-31,93.20,91.16,96.05,96.46,87.20,87.48,84.31,85.18
2011-02-01,93.26,91.18,96.07,96.47,87.21,87.49,84.32,85.19
2011-02-02,93.25,91.21,96.10,96.48,87.23,87.50,84.34,85.21
2011-02-03,93.24,91.23,96.14,96.49,87.24,87.52,84.36,85.22
2011-02-04,93.23,91.26,96.18,96.49,87.26,87.53,84.38,85.23
2011-02-05,93.22,91.28,96.21,96.50,87.28,87.54,84.40,85.25
2011-02-06,93.21,91.30,96.25,96.51,87.30,87.55,84.42,85.26
2011-02-07,93.20,91.33,96.29,96.52,87.32,87.56,84.45,85.27
2011-02-08,93.19,91.35,96.33,96.52,87.34,87.57,84.47,85.29
2011-02-09,93.18,91.37,96.36,96.53,87.35,87.58,84.49,85.30
2011-02-10,93.17,91.40,96.40,96.54,87.37,87.59,84.51,85.32
2011-02-11,93.16,91.42,96.44,96.54,87.39,87.61,84.53,85.33
2011-02-12,93.15,91.44,96.47,96.55,87.41,87.62,84.55,85.34
2011-02-13,93.14,91.47,96.51,96.56,87.43,87.63,84.57,85.36
2011-02-14,93.13,91.49,96.55,96.57,87.45,87.64,84.59,85.37
2011-02-15,93.13,91.51,96.58,96.57,87.46,87.65,84.61,85.39
2011-02-16,93.12,91.53,96.62,96.58,87.48,87.66,84.63,85.40
2011-02-17,93.11,91.55,96.66,96.59,87.50,87.67,84.65,85.41
2011-02-18,93.10,91.58,96.69,96.60,87.52,87.69,84.67,85.43
2011-02-19,93.09,91.60,96.73,96.61,87.54,87.70,84.69,85.44
2011-02-20,93.08,91.62,96.77,96.61,87.56,87.71,84.72,85.46
2011-02-21,93.07,91.64,96.81,96.62,87.57,87.72,84.74,85.47
2011-02-22,93.06,91.66,96.84,96.63,87.59,87.73,84.76,85.49
2011-02-23,93.05,91.68,96.88,96.64,87.61,87.74,84.78,85.50
2011-02-24,93.04,91.70,96.92,96.64,87.63,87.76,84.80,85.52
2011-02-25,93.03,91.72,96.95,96.65,87.65,87.77,84.82,85.53
2011-02-26,93.02,91.74,96.99,96.66,87.67,87.78,84.84,85.55
2011-02-27,93.01,91.76,97.03,96.67,87.68,87.79,84.86,85.56
2011-02-28,93.00,91.78,97.06,96.67,87.70,87.80,84.88,85.57
2011-03-01,93.00,91.80,97.10,96.68,87.72,87.82,84.90,85.59
2011-03-02,92.97,91.82,97.09,96.69,87.74,87.83,84.94,85.60
2011-03-03,92.95,91.84,97.08,96.70,87.75,87.84,84.98,85.62
2011-03-04,92.92,91.86,97.07,96.71,87.76,87.85,85.02,85.64
2011-03-05,92.89,91.88,97.07,96.71,87.78,87.86,85.06,85.65
2011-03-06,92.87,91.89,97.06,96.72,87.79,87.88,85.10,85.67
2011-03-07,92.84,91.91,97.05,96.73,87.80,87.89,85.14,85.68
2011-03-08,92.82,91.93,97.04,96.74,87.82,87.90,85.18,85.70
2011-03-09,92.79,91.95,97.03,96.74,87.83,87.91,85.22,85.71
2011-03-10,92.77,91.97,97.02,96.75,87.85,87.92,85.26,85.73
2011-03-11,92.74,91.98,97.01,96.76,87.86,87.94,85.30,85.74
2011-03-12,92.72,92.00,97.00,96.77,87.87,87.95,85.34,85.76
2011-03-13,92.69,92.02,96.99,96.77,87.89,87.96,85.38,85.77
2011-03-14,92.67,92.03,96.98,96.78,87.90,87.97,85.42,85.79
2011-03-15,92.64,92.05,96.97,96.79,87.92,87.98,85.46,85.80
2011-03-16,92.62,92.06,96.97,96.79,87.93,88.00,85.50,85.82
2011-03-17,92.59,92.08,96.96,96.80,87.94,88.01,85.54,85.84
2011-03-18,92.57,92.10,96.95,96.81,87.96,88.02,85.59,85.85
2011-03-19,92.54,92.11,96.94,96.82,87.97,88.03,85.63,85.87
2011-03-20,92.52,92.13,96.93,96.82,87.98,88.04,85.67,85.88
2011-03-21,92.49,92.14,96.92,96.83,88.00,88.06,85.71,85.90
2011-03-22,92.47,92.16,96.91,96.84,88.01,88.07,85.75,85.92
2011-03-23,92.44,92.17,96.90,96.84,88.03,88.08,85.79,85.93
2011-03-24,92.42,92.19,96.89,96.85,88.04,88.09,85.83,85.95
2011-03-25,92.39,92.20,96.88,96.86,88.05,88.10,85.87,85.96
2011-03-26,92.37,92.21,96.87,96.86,88.07,88.11,85.91,85.98
2011-03-27,92.34,92.23,96.86,96.87,88.08,88.13,85.95,85.99
2011-03-28,92.32,92.24,96.86,96.88,88.10,88.14,85.99,86.01
2011-03-29,92.29,92.26,96.85,96.88,88.11,88.15,86.03,86.03
2011-03-30,92.27,92.27,96.84,96.89,88.12,88.16,86.07,86.04
2011-03-31,92.24,92.28,96.83,96.90,88.14,88.17,86.11,86.06
2011-04-01,92.22,92.30,96.82,96.90,88.15,88.19,86.15,86.07
2011-04-02,92.19,92.31,96.84,96.91,88.17,88.20,86.18,86.09
2011-04-03,92.15,92.32,96.86,96.91,88.18,88.21,86.21,86.11
2011-04-04,92.12,92.33,96.89,96.92,88.19,88.22,86.24,86.12
2011-04-05,92.09,92.35,96.91,96.93,88.21,88.23,86.27,86.14
2011-04-06,92.06,92.36,96.93,96.93,88.22,88.24,86.30,86.16
2011-04-07,92.03,92.37,96.95,96.94,88.24,88.26,86.33,86.17
2011-04-08,92.00,92.39,96.97,96.94,88.25,88.27,86.36,86.19
2011-04-09,91.96,92.40,97.00,96.95,88.26,88.28,86.39,86.20
2011-04-10,91.93,92.41,97.02,96.96,88.28,88.29,86.42,86.22
2011-04-11,91.90,92.42,97.04,96.96,88.29,88.30,86.45,86.24
2011-04-12,91.87,92.43,97.06,96.97,88.31,88.32,86.48,86.25
2011-04-13,91.84,92.45,97.08,96.98,88.32,88.33,86.51,86.27
2011-04-14,91.80,92.46,97.11,96.98,88.34,88.34,86.54,86.29
2011-04-15,91.77,92.47,97.13,96.99,88.35,88.35,86.57,86.30
2011-04-16,91.74,92.48,97.15,96.99,88.36,88.36,86.60,86.32
2011-04-17,91.71,92.50,97.17,97.00,88.38,88.37,86.64,86.34
2011-04-18,91.68,92.51,97.19,97.01,88.39,88.39,86.67,86.35
2011-04-19,91.65,92.52,97.21,97.01,88.41,88.40,86.70,86.37
2011-04-20,91.61,92.53,97.24,97.02,88.42,88.41,86.73,86.39
2011-04-21,91.58,92.54,97.26,97.03,88.44,88.42,86.76,86.40
2011-04-22,91.55,92.56,97.28,97.03,88.45,88.43,86.79,86.42
2011-04-23,91.52,92.57,97.30,97.04,88.46,88.45,86.82,86.44
2011-04-24,91.49,92.58,97.32,97.05,88.48,88.46,86.85,86.45
2011-04-25,91.46,92.59,97.35,97.05,88.49,88.47,86.88,86.47
2011-04-26,91.42,92.61,97.37,97.06,88.51,88.48,86.91,86.49
2011-04-27,91.39,92.62,97.39,97.07,88.52,88.49,86.94,86.50
2011-04-28,91.36,92.63,97.41,97.07,88.54,88.51,86.97,86.52
2011-04-29,91.33,92.64,97.43,97.08,88.55,88.52,87.00,86.54
2011-04-30,91.30,92.65,97.46,97.09,88.56,88.53,87.03,86.55
2011-05-01,91.27,92.67,97.48,97.09,88.58,88.54,87.06,86.57
2011-05-02,91.29,92.68,97.48,97.10,88.59,88.55,87.09,86.59
2011-05-03,91.31,92.69,97.48,97.10,88.61,88.57,87.12,86.61
2011-05-04,91.33,92.71,97.48,97.11,88.62,88.58,87.14,86.62
2011-05-05,91.35,92.72,97.48,97.12,88.63,88.59,87.17,86.64
2011-05-06,91.38,92.73,97.48,97.12,88.65,88.60,87.20,86.66
2011-05-07,91.40,92.74,97.48,97.13,88.66,88.61,87.22,86.67
2011-05-08,91.42,92.76,97.48,97.14,88.68,88.63,87.25,86.69
2011-05-09,91.44,92.77,97.48,97.14,88.69,88.64,87.28,86.71
2011-05-10,91.47,92.78,97.48,97.15,88.70,88.65,87.30,86.73
2011-05-11,91.49,92.80,97.48,97.16,88.72,88.66,87.33,86.74
2011-05-12,91.51,92.81,97.48,97.16,88.73,88.68,87.36,86.76
2011-05-13,91.53,92.83,97.48,97.17,88.74,88.69,87.38,86.78
2011-05-14,91.56,92.84,97.48,97.18,88.76,88.70,87.41,86.80
2011-05-15,91.58,92.86,97.48,97.18,88.77,88.71,87.44,86.81
2011-05-16,91.60,92.87,97.48,97.19,88.79,88.72,87.46,86.83
2011-05-17,91.62,92.89,97.48,97.19,88.80,88.74,87.49,86.85
2011-05-18,91.65,92.90,97.48,97.20,88.81,88.75,87.52,86.86
2011-05-19,91.67,92.92,97.48,97.21,88.83,88.76,87.54,86.88
2011-05-20,91.69,92.93,97.48,97.21,88.84,88.77,87.57,86.90
2011-05-21,91.71,92.95,97.48,97.22,88.85,88.79,87.60,86.92
2011-05-22,91.73,92.96,97.48,97.22,88.87,88.80,87.62,86.93
2011-05-23,91.76,92.98,97.48,97.23,88.88,88.81,87.65,86.95
2011-05-24,91.78,93.00,97.48,97.24,88.90,88.82,87.68,86.97
2011-05-25,91.80,93.01,97.48,97.24,88.91,88.84,87.70,86.99
2011-05-26,91.82,93.03,97.48,97.25,88.92,88.85,87.73,87.01
2011-05-27,91.85,93.05,97.48,97.25,88.94,88.86,87.76,87.02
2011-05-28,91.87,93.07,97.48,97.26,88.95,88.87,87.79,87.04
2011-05-29,91.89,93.08,97.48,97.26,88.97,88.89,87.81,87.06
2011-05-30,91.91,93.10,97.48,97.27,88.98,88.90,87.84,87.08
2011-05-31,91.94,93.12,97.48,97.28,88.99,88.91,87.87,87.09
2011-06-01,91.96,93.14,97.48,97.28,89.01,88.93,87.89,87.11
2011-06-02,92.02,93.16,97.48,97.29,89.02,88.94,87.90,87.13
2011-06-03,92.07,93.18,97.48,97.29,89.02,88.95,87.91,87.15
2011-06-04,92.13,93.19,97.48,97.30,89.03,88.96,87.93,87.17
2011-06-05,92.19,93.21,97.48,97.30,89.04,88.98,87.94,87.18
2011-06-06,92.25,93.23,97.48,97.31,89.05,88.99,87.95,87.20
2011-06-07,92.30,93.25,97.48,97.31,89.06,89.00,87.96,87.22
2011-06-08,92.36,93.27,97.48,97.32,89.07,89.02,87.97,87.24
2011-06-09,92.42,93.29,97.48,97.32,89.08,89.03,87.98,87.25
2011-06-10,92.48,93.31,97.48,97.32,89.08,89.04,87.99,87.27
2011-06-11,92.53,93.33,97.48,97.33,89.09,89.05,88.00,87.29
2011-06-12,92.59,93.35,97.48,97.33,89.10,89.07,88.01,87.31
2011-06-13,92.65,93.37,97.48,97.34,89.11,89.08,88.03,87.32
2011-06-14,92.71,93.39,97.48,97.34,89.12,89.09,88.04,87.34
2011-06-15,92.77,93.42,97.48,97.35,89.13,89.11,88.05,87.36
2011-06-16,92.82,93.44,97.48,97.35,89.14,89.12,88.06,87.38
2011-06-17,92.88,93.46,97.48,97.35,89.14,89.13,88.07,87.39
2011-06-18,92.94,93.48,97.48,97.36,89.15,89.14,88.08,87.41
2011-06-19,93.00,93.50,97.48,97.36,89.16,89.16,88.09,87.43
2011-06-20,93.05,93.52,97.48,97.36,89.17,89.17,88.10,87.45
2011-06-21,93.11,93.54,97.48,97.37,89.18,89.18,88.11,87.46
2011-06-22,93.17,93.57,97.48,97.37,89.19,89.20,88.12,87.48
2011-06-23,93.23,93.59,97.48,97.37,89.20,89.21,88.14,87.50
2011-06-24,93.28,93.61,97.48,97.38,89.20,89.22,88.15,87.51
2011-06-25,93.34,93.63,97.48,97.38,89.21,89.23,88.16,87.53
2011-06-26,93.40,93.66,97.48,97.38,89.22,89.25,88.17,87.55
2011-06-27,93.46,93.68,97.48,97.38,89.23,89.26,88.18,87.57
2011-06-28,93.52,93.70,97.48,97.39,89.24,89.27,88.19,87.58
2011-06-29,93.57,93.72,97.48,97.39,89.25,89.28,88.20,87.60
2011-06-30,93.63,93.75,97.48,97.39,89.25,89.30,88.21,87.62
2011-07-01,93.69,93.77,97.48,97.39,89.26,89.31,88.22,87.63
2011-07-02,93.78,93.79,97.48,97.39,89.27,89.32,88.23,87.65
2011-07-03,93.87,93.81,97.48,97.40,89.29,89.34,88.23,87.67
2011-07-04,93.96,93.84,97.49,97.40,89.30,89.35,88.23,87.68
2011-07-05,94.06,93.86,97.49,97.40,89.31,89.36,88.24,87.70
2011-07-06,94.15,93.88,97.49,97.40,89.32,89.37,88.24,87.72
2011-07-07,94.24,93.91,97.50,97.40,89.33,89.39,88.24,87.73
2011-07-08,94.33,93.93,97.50,97.40,89.34,89.40,88.24,87.75
2011-07-09,94.42,93.95,97.50,97.40,89.35,89.41,88.25,87.76
2011-07-10,94.52,93.98,97.51,97.41,89.36,89.42,88.25,87.78
2011-07-11,94.61,94.00,97.51,97.41,89.37,89.44,88.25,87.80
2011-07-12,94.70,94.02,97.51,97.41,89.39,89.45,88.25,87.81
2011-07-13,94.79,94.05,97.51,97.41,89.40,89.46,88.26,87.83
2011-07-14,94.89,94.07,97.52,97.41,89.41,89.47,88.26,87.85
2011-07-15,94.98,94.09,97.52,97.41,89.42,89.49,88.26,87.86
2011-07-16,95.07,94.12,97.52,97.41,89.43,89.50,88.27,87.88
2011-07-17,95.16,94.14,97.53,97.41,89.44,89.51,88.27,87.89
2011-07-18,95.25,94.16,97.53,97.41,89.45,89.52,88.27,87.91
2011-07-19,95.35,94.19,97.53,97.41,89.46,89.54,88.27,87.92
2011-07-20,95.44,94.21,97.54,97.41,89.47,89.55,88.28,87.94
2011-07-21,95.53,94.23,97.54,97.41,89.48,89.56,88.28,87.96
2011-07-22,95.62,94.26,97.54,97.41,89.50,89.57,88.28,87.97
2011-07-23,95.71,94.28,97.55,97.40,89.51,89.59,88.28,87.99
2011-07-24,95.81,94.30,97.55,97.40,89.52,89.60,88.29,88.00
2011-07-25,95.90,94.33,97.55,97.40,89.53,89.61,88.29,88.02
2011-07-26,95.99,94.35,97.55,97.40,89.54,89.62,88.29,88.03
2011-07-27,96.08,94.37,97.56,97.40,89.55,89.64,88.29,88.05
2011-07-28,96.17,94.40,97.56,97.40,89.56,89.65,88.30,88.06
2011-07-29,96.27,94.42,97.56,97.40,89.57,89.66,88.30,88.08
2011-07-30,96.36,94.44,97.57,97.39,89.58,89.67,88.30,88.09
2011-07-31,96.45,94.46,97.57,97.39,89.60,89.69,88.31,88.11
2011-08-01,96.54,94.49,97.57,97.39,89.61,89.70,88.31,88.12
2011-08-02,96.53,94.51,97.58,97.39,89.62,89.71,88.32,88.14
2011-08-03,96.53,94.53,97.58,97.38,89.63,89.72,88.33,88.15
2011-08-04,96.52,94.55,97.58,97.38,89.64,89.74,88.34,88.17
2011-08-05,96.51,94.57,97.58,97.38,89.65,89.75,88.35,88.18
2011-08-06,96.50,94.59,97.59,97.38,89.66,89.76,88.36,88.19
2011-08-07,96.49,94.62,97.59,97.37,89.67,89.77,88.37,88.21
2011-08-08,96.48,94.64,97.59,97.37,89.68,89.79,88.38,88.22
2011-08-09,96.48,94.66,97.60,97.37,89.70,89.80,88.39,88.24
2011-08-10,96.47,94.68,97.60,97.36,89.71,89.81,88.40,88.25
2011-08-11,96.46,94.70,97.60,97.36,89.72,89.82,88.42,88.26
2011-08-12,96.45,94.71,97.61,97.36,89.73,89.83,88.43,88.28
2011-08-13,96.44,94.73,97.61,97.35,89.74,89.85,88.44,88.29
2011-08-14,96.43,94.75,97.61,97.35,89.75,89.86,88.45,88.30
2011-08-15,96.43,94.77,97.62,97.34,89.76,89.87,88.46,88.32
2011-08-16,96.42,94.79,97.62,97.34,89.77,89.88,88.47,88.33
2011-08-17,96.41,94.80,97.62,97.33,89.78,89.89,88.48,88.34
2011-08-18,96.40,94.82,97.62,97.33,89.79,89.90,88.49,88.36
2011-08-19,96.39,94.84,97.63,97.33,89.81,89.91,88.50,88.37
2011-08-20,96.38,94.85,97.63,97.32,89.82,89.93,88.51,88.38
2011-08-21,96.37,94.87,97.63,97.32,89.83,89.94,88.52,88.39
2011-08-22,96.37,94.88,97.64,97.31,89.84,89.95,88.53,88.41
2011-08-23,96.36,94.90,97.64,97.31,89.85,89.96,88.54,88.42
2011-08-24,96.35,94.91,97.64,97.30,89.86,89.97,88.55,88.43
2011-08-25,96.34,94.93,97.65,97.30,89.87,89.98,88.57,88.44
2011-08-26,96.33,94.94,97.65,97.29,89.88,89.99,88.58,88.46
2011-08-27,96.32,94.95,97.65,97.28,89.89,90.00,88.59,88.47
2011-08-28,96.32,94.96,97.65,97.28,89.91,90.02,88.60,88.48
2011-08-29,96.31,94.98,97.66,97.27,89.92,90.03,88.61,88.49
2011-08-30,96.30,94.99,97.66,97.27,89.93,90.04,88.62,88.50
2011-08-31,96.29,95.00,97.66,97.26,89.94,90.05,88.63,88.51
2011-09-01,96.28,95.01,97.67,97.25,89.95,90.06,88.64,88.53
2011-09-02,96.21,95.02,97.66,97.25,89.96,90.07,88.65,88.54
2011-09-03,96.13,95.03,97.66,97.24,89.98,90.08,88.65,88.55
2011-09-04,96.06,95.04,97.66,97.24,89.99,90.09,88.66,88.56
2011-09-05,95.98,95.05,97.65,97.23,90.01,90.10,88.66,88.57
2011-09-06,95.91,95.06,97.65,97.22,90.02,90.11,88.67,88.58
2011-09-07,95.83,95.07,97.65,97.22,90.04,90.12,88.67,88.59
2011-09-08,95.76,95.08,97.64,97.21,90.05,90.13,88.68,88.60
2011-09-09,95.68,95.09,97.64,97.20,90.06,90.14,88.68,88.61
2011-09-10,95.61,95.10,97.64,97.20,90.08,90.15,88.69,88.63
2011-09-11,95.53,95.11,97.64,97.19,90.09,90.17,88.70,88.64
2011-09-12,95.46,95.12,97.63,97.18,90.11,90.18,88.70,88.65
2011-09-13,95.38,95.12,97.63,97.17,90.12,90.19,88.71,88.66
2011-09-14,95.31,95.13,97.63,97.17,90.14,90.20,88.71,88.67
2011-09-15,95.23,95.14,97.62,97.16,90.15,90.21,88.72,88.68
2011-09-16,95.16,95.15,97.62,97.15,90.16,90.22,88.72,88.69
2011-09-17,95.08,95.15,97.62,97.14,90.18,90.23,88.73,88.70
2011-09-18,95.01,95.16,97.61,97.14,90.19,90.24,88.73,88.71
2011-09-19,94.93,95.17,97.61,97.13,90.21,90.25,88.74,88.72
2011-09-20,94.86,95.17,97.61,97.12,90.22,90.26,88.75,88.74
2011-09-21,94.78,95.18,97.60,97.11,90.24,90.27,88.75,88.75
2011-09-22,94.71,95.18,97.60,97.10,90.25,90.29,88.76,88.76
2011-09-23,94.63,95.19,97.60,97.10,90.26,90.30,88.76,88.77
2011-09-24,94.56,95.20,97.59,97.09,90.28,90.31,88.77,88.78
2011-09-25,94.48,95.20,97.59,97.08,90.29,90.32,88.77,88.79
2011-09-26,94.41,95.21,97.59,97.07,90.31,90.33,88.78,88.80
2011-09-27,94.33,95.21,97.59,97.06,90.32,90.34,88.78,88.81
2011-09-28,94.26,95.22,97.58,97.05,90.34,90.35,88.79,88.82
2011-09-29,94.18,95.22,97.58,97.05,90.35,90.36,88.80,88.83
2011-09-30,94.11,95.22,97.58,97.04,90.36,90.37,88.80,88.85
2011-10-01,94.03,95.23,97.57,97.03,90.38,90.39,88.81,88.86
2011-10-02,94.03,95.23,97.58,97.02,90.39,90.40,88.81,88.87
2011-10-03,94.02,95.24,97.58,97.01,90.41,90.41,88.82,88.88
2011-10-04,94.01,95.24,97.59,97.00,90.42,90.42,88.83,88.89
2011-10-05,94.00,95.25,97.60,96.99,90.43,90.43,88.84,88.90
2011-10-06,93.99,95.25,97.60,96.98,90.45,90.44,88.85,88.91
2011-10-07,93.98,95.26,97.61,96.97,90.46,90.45,88.85,88.92
2011-10-08,93.97,95.26,97.62,96.96,90.47,90.47,88.86,88.93
2011-10-09,93.97,95.27,97.62,96.95,90.49,90.48,88.87,88.94
2011-10-10,93.96,95.27,97.63,96.94,90.50,90.49,88.88,88.96
2011-10-11,93.95,95.28,97.63,96.93,90.52,90.50,88.89,88.97
2011-10-12,93.94,95.28,97.64,96.92,90.53,90.51,88.89,88.98
2011-10-13,93.93,95.29,97.65,96.91,90.54,90.52,88.90,88.99
2011-10-14,93.92,95.29,97.65,96.90,90.56,90.53,88.91,89.00
2011-10-15,93.92,95.30,97.66,96.89,90.57,90.55,88.92,89.01
2011-10-16,93.91,95.30,97.66,96.88,90.58,90.56,88.93,89.02
2011-10-17,93.90,95.31,97.67,96.87,90.60,90.57,88.93,89.04
2011-10-18,93.89,95.31,97.68,96.86,90.61,90.58,88.94,89.05
2011-10-19,93.88,95.32,97.68,96.85,90.63,90.59,88.95,89.06
2011-10-20,93.87,95.33,97.69,96.84,90.64,90.60,88.96,89.07
2011-10-21,93.87,95.33,97.69,96.83,90.65,90.62,88.97,89.08
2011-10-22,93.86,95.34,97.70,96.82,90.67,90.63,88.97,89.09
2011-10-23,93.85,95.35,97.71,96.81,90.68,90.64,88.98,89.10
2011-10-24,93.84,95.35,97.71,96.80,90.70,90.65,88.99,89.12
2011-10-25,93.83,95.36,97.72,96.79,90.71,90.66,89.00,89.13
2011-10-26,93.82,95.37,97.73,96.78,90.72,90.68,89.01,89.14
2011-10-27,93.82,95.38,97.73,96.77,90.74,90.69,89.02,89.15
2011-10-28,93.81,95.38,97.74,96.76,90.75,90.70,89.02,89.16
2011-10-29,93.80,95.39,97.74,96.75,90.76,90.71,89.03,89.17
2011-10-30,93.79,95.40,97.75,96.74,90.78,90.72,89.04,89.19
2011-10-31,93.78,95.41,97.76,96.73,90.79,90.73,89.05,89.20
2011-11-01,93.77,95.42,97.76,96.72,90.81,90.75,89.06,89.21
2011-11-02,93.82,95.43,97.77,96.70,90.81,90.76,89.06,89.22
2011-11-03,93.87,95.44,97.79,96.69,90.82,90.77,89.07,89.23
2011-11-04,93.91,95.44,97.80,96.68,90.83,90.78,89.07,89.25
2011-11-05,93.96,95.45,97.81,96.67,90.84,90.79,89.08,89.26
2011-11-06,94.01,95.46,97.82,96.66,90.85,90.81,89.08,89.27
2011-11-07,94.05,95.47,97.84,96.65,90.86,90.82,89.09,89.28
2011-11-08,94.10,95.48,97.85,96.64,90.87,90.83,89.09,89.29
2011-11-09,94.14,95.49,97.86,96.63,90.87,90.84,89.10,89.30
2011-11-10,94.19,95.51,97.87,96.61,90.88,90.86,89.10,89.32
2011-11-11,94.24,95.52,97.89,96.60,90.89,90.87,89.11,89.33
2011-11-12,94.28,95.53,97.90,96.59,90.90,90.88,89.12,89.34
2011-11-13,94.33,95.54,97.91,96.58,90.91,90.89,89.12,89.35
2011-11-14,94.37,95.55,97.92,96.57,90.92,90.90,89.13,89.36
2011-11-15,94.42,95.56,97.94,96.56,90.93,90.91,89.13,89.38
2011-11-16,94.47,95.57,97.95,96.54,90.93,90.93,89.14,89.39
2011-11-17,94.51,95.59,97.96,96.53,90.94,90.94,89.14,89.40
2011-11-18,94.56,95.60,97.97,96.52,90.95,90.95,89.15,89.41
2011-11-19,94.61,95.61,97.99,96.51,90.96,90.96,89.15,89.42
2011-11-20,94.65,95.62,98.00,96.50,90.97,90.97,89.16,89.43
2011-11-21,94.70,95.64,98.01,96.49,90.98,90.99,89.17,89.44
2011-11-22,94.74,95.65,98.02,96.47,90.99,91.00,89.17,89.46
2011-11-23,94.79,95.66,98.04,96.46,90.99,91.01,89.18,89.47
2011-11-24,94.84,95.68,98.05,96.45,91.00,91.02,89.18,89.48
2011-11-25,94.88,95.69,98.06,96.44,91.01,91.03,89.19,89.49
2011-11-26,94.93,95.71,98.08,96.43,91.02,91.04,89.19,89.50
2011-11-27,94.97,95.72,98.09,96.41,91.03,91.06,89.20,89.51
2011-11-28,95.02,95.73,98.10,96.40,91.04,91.07,89.20,89.52
2011-11-29,95.07,95.75,98.11,96.39,91.05,91.08,89.21,89.53
2011-11-30,95.11,95.76,98.13,96.38,91.05,91.09,89.22,89.55
2011-12-01,95.16,95.78,98.14,96.37,91.06,91.10,89.22,89.56
2011-12-02,95.21,95.79,98.07,96.35,91.07,91.11,89.23,89.57
2011-12-03,95.27,95.81,97.99,96.34,91.08,91.12,89.25,89.58
2011-12-04,95.32,95.82,97.92,96.33,91.09,91.14,89.26,89.59
2011-12-05,95.38,95.84,97.85,96.32,91.10,91.15,89.27,89.60
2011-12-06,95.44,95.85,97.78,96.30,91.11,91.16,89.29,89.61
2011-12-07,95.49,95.87,97.71,96.29,91.12,91.17,89.30,89.62
2011-12-08,95.55,95.88,97.64,96.28,91.13,91.18,89.32,89.63
2011-12-09,95.60,95.90,97.56,96.27,91.14,91.19,89.33,89.65
2011-12-10,95.66,95.91,97.49,96.25,91.15,91.20,89.34,89.66
2011-12-11,95.71,95.93,97.42,96.24,91.15,91.22,89.36,89.67
2011-12-12,95.77,95.94,97.35,96.23,91.16,91.23,89.37,89.68
2011-12-13,95.82,95.96,97.28,96.21,91.17,91.24,89.38,89.69
2011-12-14,95.88,95.98,97.21,96.20,91.18,91.25,89.40,89.70
2011-12-15,95.93,95.99,97.13,96.18,91.19,91.26,89.41,89.71
2011-12-16,95.99,96.01,97.06,96.17,91.20,91.27,89.42,89.72
2011-12-17,96.04,96.02,96.99,96.15,91.21,91.28,89.44,89.73
2011-12-18,96.10,96.04,96.92,96.14,91.22,91.29,89.45,89.74
2011-12-19,96.15,96.05,96.85,96.12,91.23,91.30,89.46,89.75
2011-12-20,96.21,96.07,96.78,96.11,91.24,91.31,89.48,89.76
2011-12-21,96.26,96.08,96.70,96.09,91.25,91.33,89.49,89.77
2011-12-22,96.32,96.10,96.63,96.08,91.25,91.34,89.50,89.79
2011-12-23,96.37,96.12,96.56,96.06,91.26,91.35,89.52,89.80
2011-12-24,96.43,96.13,96.49,96.05,91.27,91.36,89.53,89.81
2011-12-25,96.49,96.15,96.42,96.03,91.28,91.37,89.54,89.82
2011-12-26,96.54,96.16,96.35,96.02,91.29,91.38,89.56,89.83
2011-12-27,96.60,96.18,96.27,96.00,91.30,91.39,89.57,89.84
2011-12-28,96.65,96.19,96.20,95.98,91.31,91.40,89.58,89.85
2011-12-29,96.71,96.21,96.13,95.97,91.32,91.41,89.60,89.86
2011-12-30,96.76,96.22,96.06,95.95,91.33,91.42,89.61,89.87
2011-12-31,96.82,96.24,95.99,95.94,91.34,91.43,89.62,89.88
2012-01-01,96.87,96.25,95.92,95.92,91.35,91.44,89.64,89.89
2012-01-02,96.86,96.27,95.93,95.90,91.35,91.45,89.64,89.90
2012-01-03,96.85,96.28,95.95,95.89,91.36,91.46,89.65,89.91
2012-01-04,96.84,96.30,95.96,95.87,91.37,91.47,89.65,89.92
2012-01-05,96.83,96.31,95.98,95.85,91.38,91.49,89.66,89.93
2012-01-06,96.82,96.33,95.99,95.83,91.39,91.50,89.67,89.94
2012-01-07,96.81,96.34,96.01,95.82,91.39,91.51,89.67,89.95
2012-01-08,96.80,96.35,96.02,95.80,91.40,91.52,89.68,89.96
2012-01-09,96.78,96.37,96.04,95.78,91.41,91.53,89.68,89.97
2012-01-10,96.77,96.38,96.05,95.77,91.42,91.54,89.69,89.98
2012-01-11,96.76,96.39,96.07,95.75,91.43,91.55,89.70,89.99
2012-01-12,96.75,96.41,96.08,95.73,91.43,91.56,89.70,90.00
2012-01-13,96.74,96.42,96.10,95.72,91.44,91.57,89.71,90.02
2012-01-14,96.73,96.43,96.11,95.70,91.45,91.58,89.71,90.03
2012-01-15,96.72,96.44,96.13,95.68,91.46,91.59,89.72,90.04
2012-01-16,96.71,96.45,96.14,95.67,91.47,91.60,89.73,90.05
2012-01-17,96.70,96.47,96.16,95.65,91.47,91.61,89.73,90.06
2012-01-18,96.69,96.48,96.17,95.63,91.48,91.62,89.74,90.07
2012-01-19,96.68,96.49,96.19,95.62,91.49,91.63,89.74,90.08
2012-01-20,96.66,96.50,96.20,95.60,91.50,91.64,89.75,90.09
2012-01-21,96.65,96.51,96.22,95.58,91.51,91.65,89.75,90.10
2012-01-22,96.64,96.52,96.24,95.57,91.51,91.66,89.76,90.11
2012-01-23,96.63,96.53,96.25,95.55,91.52,91.67,89.77,90.12
2012-01-24,96.62,96.54,96.27,95.53,91.53,91.68,89.77,90.13
2012-01-25,96.61,96.55,96.28,95.52,91.54,91.69,89.78,90.14
2012-01-26,96.60,96.56,96.30,95.50,91.55,91.70,89.78,90.15
2012-01-27,96.59,96.57,96.31,95.48,91.55,91.71,89.79,90.16
2012-01-28,96.58,96.58,96.33,95.47,91.56,91.72,89.80,90.17
2012-01-29,96.57,96.58,96.34,95.45,91.57,91.73,89.80,90.18
2012-01-30,96.56,96.59,96.36,95.43,91.58,91.74,89.81,90.19
2012-01-31,96.54,96.60,96.37,95.42,91.59,91.75,89.81,90.20
2012-02-01,96.53,96.61,96.39,95.40,91.59,91.76,89.82,90.21
2012-02-02,96.57,96.61,96.27,95.39,91.61,91.77,89.84,90.22
2012-02-03,96.60,96.62,96.16,95.37,91.62,91.78,89.85,90.23
2012-02-04,96.63,96.63,96.04,95.35,91.64,91.79,89.87,90.24
2012-02-05,96.66,96.64,95.92,95.34,91.65,91.80,89.88,90.25
2012-02-06,96.70,96.64,95.81,95.32,91.66,91.81,89.90,90.26
2012-02-07,96.73,96.65,95.69,95.30,91.68,91.82,89.91,90.27
2012-02-08,96.76,96.65,95.58,95.29,91.69,91.83,89.93,90.28
2012-02-09,96.80,96.66,95.46,95.27,91.71,91.84,89.95,90.29
2012-02-10,96.83,96.67,95.35,95.25,91.72,91.85,89.96,90.30
2012-02-11,96.86,96.67,95.23,95.24,91.74,91.86,89.98,90.31
2012-02-12,96.89,96.68,95.12,95.22,91.75,91.87,89.99,90.32
2012-02-13,96.93,96.68,95.00,95.20,91.76,91.88,90.01,90.33
2012-02-14,96.96,96.69,94.88,95.19,91.78,91.89,90.02,90.34
2012-02-15,96.99,96.69,94.77,95.17,91.79,91.90,90.04,90.36
2012-02-16,97.03,96.70,94.65,95.15,91.81,91.91,90.06,90.37
2012-02-17,97.06,96.70,94.54,95.13,91.82,91.92,90.07,90.38
2012-02-18,97.09,96.71,94.42,95.11,91.84,91.92,90.09,90.39
2012-02-19,97.12,96.71,94.31,95.10,91.85,91.93,90.10,90.40
2012-02-20,97.16,96.72,94.19,95.08,91.86,91.94,90.12,90.41
2012-02-21,97.19,96.72,94.07,95.06,91.88,91.95,90.14,90.42
2012-02-22,97.22,96.73,93.96,95.04,91.89,91.96,90.15,90.43
2012-02-23,97.26,96.73,93.84,95.02,91.91,91.97,90.17,90.44
2012-02-24,97.29,96.74,93.73,95.01,91.92,91.98,90.18,90.45
2012-02-25,97.32,96.74,93.61,94.99,91.93,91.99,90.20,90.46
2012-02-26,97.35,96.74,93.50,94.97,91.95,92.00,90.21,90.47
2012-02-27,97.39,96.75,93.38,94.95,91.96,92.01,90.23,90.48
2012-02-28,97.42,96.75,93.27,94.93,91.98,92.02,90.25,90.49
2012-02-29,97.45,96.76,93.15,94.91,91.99,92.03,90.26,90.50
2012-03-01,97.49,96.76,93.03,94.90,92.01,92.04,90.28,90.51
2012-03-02,97.47,96.76,93.05,94.88,92.02,92.05,90.29,90.52
2012-03-03,97.46,96.77,93.06,94.86,92.03,92.05,90.30,90.53
2012-03-04,97.45,96.77,93.07,94.84,92.04,92.06,90.31,90.54
2012-03-05,97.44,96.78,93.09,94.82,92.05,92.07,90.32,90.55
2012-03-06,97.43,96.78,93.10,94.80,92.06,92.08,90.33,90.57
2012-03-07,97.41,96.78,93.11,94.79,92.08,92.09,90.34,90.58
2012-03-08,97.40,96.79,93.13,94.77,92.09,92.10,90.35,90.59
2012-03-09,97.39,96.79,93.14,94.75,92.10,92.11,90.36,90.60
2012-03-10,97.38,96.79,93.15,94.73,92.11,92.12,90.37,90.61
2012-03-11,97.37,96.80,93.16,94.72,92.12,92.13,90.38,90.62
2012-03-12,97.35,96.80,93.18,94.70,92.13,92.14,90.39,90.63
2012-03-13,97.34,96.80,93.19,94.68,92.14,92.15,90.40,90.64
2012-03-14,97.33,96.80,93.20,94.66,92.16,92.16,90.41,90.65
2012-03-15,97.32,96.81,93.22,94.65,92.17,92.16,90.42,90.66
2012-03-16,97.31,96.81,93.23,94.63,92.18,92.17,90.43,90.67
2012-03-17,97.29,96.81,93.24,94.62,92.19,92.18,90.44,90.68
2012-03-18,97.28,96.82,93.26,94.60,92.20,92.19,90.44,90.70
2012-03-19,97.27,96.82,93.27,94.58,92.21,92.20,90.45,90.71
2012-03-20,97.26,96.82,93.28,94.57,92.23,92.21,90.46,90.72
2012-03-21,97.25,96.82,93.30,94.55,92.24,92.22,90.47,90.73
2012-03-22,97.23,96.83,93.31,94.54,92.25,92.23,90.48,90.74
2012-03-23,97.22,96.83,93.32,94.52,92.26,92.24,90.49,90.75
2012-03-24,97.21,96.83,93.33,94.51,92.27,92.25,90.50,90.76
2012-03-25,97.20,96.83,93.35,94.49,92.28,92.26,90.51,90.77
2012-03-26,97.19,96.83,93.36,94.48,92.29,92.27,90.52,90.79
2012-03-27,97.17,96.84,93.37,94.46,92.31,92.28,90.53,90.80
2012-03-28,97.16,96.84,93.39,94.45,92.32,92.29,90.54,90.81
2012-03-29,97.15,96.84,93.40,94.43,92.33,92.29,90.55,90.82
2012-03-30,97.14,96.84,93.41,94.42,92.34,92.30,90.56,90.83
2012-03-31,97.13,96.84,93.43,94.41,92.35,92.31,90.57,90.84
2012-04-01,97.11,96.85,93.44,94.39,92.36,92.32,90.58,90.85
2012-04-02,97.11,96.85,93.44,94.38,92.37,92.33,90.61,90.86
2012-04-03,97.10,96.85,93.44,94.37,92.38,92.34,90.63,90.88
2012-04-04,97.10,96.85,93.44,94.35,92.39,92.35,90.65,90.89
2012-04-05,97.09,96.85,93.45,94.34,92.40,92.36,90.67,90.90
2012-04-06,97.09,96.86,93.45,94.33,92.41,92.37,90.70,90.91
2012-04-07,97.08,96.86,93.45,94.31,92.42,92.38,90.72,90.92
2012-04-08,97.08,96.86,93.45,94.30,92.43,92.39,90.74,90.93
2012-04-09,97.07,96.86,93.45,94.29,92.44,92.40,90.77,90.95
2012-04-10,97.06,96.86,93.46,94.28,92.45,92.41,90.79,90.96
2012-04-11,97.06,96.87,93.46,94.26,92.46,92.41,90.81,90.97
2012-04-12,97.05,96.87,93.46,94.25,92.47,92.42,90.83,90.98
2012-04-13,97.05,96.87,93.46,94.24,92.48,92.43,90.86,90.99
2012-04-14,97.04,96.87,93.46,94.23,92.49,92.44,90.88,91.00
2012-04-15,97.04,96.87,93.46,94.21,92.50,92.45,90.90,91.02
2012-04-16,97.03,96.88,93.47,94.20,92.51,92.46,90.92,91.03
2012-04-17,97.03,96.88,93.47,94.19,92.52,92.47,90.95,91.04
2012-04-18,97.02,96.88,93.47,94.18,92.53,92.48,90.97,91.05
2012-04-19,97.02,96.88,93.47,94.17,92.53,92.49,90.99,91.06
2012-04-20,97.01,96.89,93.47,94.16,92.54,92.50,91.02,91.07
2012-04-21,97.00,96.89,93.48,94.14,92.55,92.51,91.04,91.09
2012-04-22,97.00,96.89,93.48,94.13,92.56,92.52,91.06,91.10
2012-04-23,96.99,96.89,93.48,94.12,92.57,92.52,91.08,91.11
2012-04-24,96.99,96.90,93.48,94.11,92.58,92.53,91.11,91.12
2012-04-25,96.98,96.90,93.48,94.10,92.59,92.54,91.13,91.13
2012-04-26,96.98,96.90,93.49,94.09,92.60,92.55,91.15,91.14
2012-04-27,96.97,96.90,93.49,94.08,92.61,92.56,91.17,91.16
2012-04-28,96.97,96.91,93.49,94.07,92.62,92.57,91.20,91.17
2012-04-29,96.96,96.91,93.49,94.06,92.63,92.58,91.22,91.18
2012-04-30,96.95,96.91,93.49,94.05,92.64,92.59,91.24,91.19
2012-05-01,96.95,96.92,93.49,94.04,92.65,92.60,91.27,91.20
2012-05-02,96.93,96.92,93.50,94.02,92.65,92.61,91.27,91.22
2012-05-03,96.91,96.92,93.50,94.01,92.66,92.61,91.28,91.23
2012-05-04,96.90,96.93,93.50,94.00,92.67,92.62,91.29,91.24
2012-05-05,96.88,96.93,93.50,93.99,92.68,92.63,91.30,91.25
2012-05-06,96.86,96.93,93.50,93.98,92.68,92.64,91.31,91.26
2012-05-07,96.85,96.94,93.50,93.98,92.69,92.65,91.32,91.28
2012-05-08,96.83,96.94,93.50,93.97,92.70,92.66,91.32,91.29
2012-05-09,96.81,96.94,93.50,93.96,92.70,92.67,91.33,91.30
2012-05-10,96.79,96.95,93.50,93.95,92.71,92.68,91.34,91.31
2012-05-11,96.78,96.95,93.50,93.94,92.72,92.68,91.35,91.32
2012-05-12,96.76,96.96,93.50,93.93,92.72,92.69,91.36,91.33
2012-05-13,96.74,96.96,93.50,93.92,92.73,92.70,91.36,91.35
2012-05-14,96.72,96.97,93.50,93.91,92.74,92.71,91.37,91.36
2012-05-15,96.71,96.97,93.50,93.90,92.74,92.72,91.38,91.37
2012-05-16,96.69,96.97,93.50,93.89,92.75,92.73,91.39,91.38
2012-05-17,96.67,96.98,93.50,93.88,92.76,92.74,91.40,91.39
2012-05-18,96.66,96.98,93.51,93.88,92.77,92.74,91.41,91.41
2012-05-19,96.64,96.99,93.51,93.87,92.77,92.75,91.41,91.42
2012-05-20,96.62,96.99,93.51,93.86,92.78,92.76,91.42,91.43
2012-05-21,96.60,97.00,93.51,93.85,92.79,92.77,91.43,91.44
2012-05-22,96.59,97.00,93.51,93.84,92.79,92.78,91.44,91.45
2012-05-23,96.57,97.01,93.51,93.83,92.80,92.79,91.45,91.46
2012-05-24,96.55,97.01,93.51,93.83,92.81,92.80,91.46,91.47
2012-05-25,96.53,97.02,93.51,93.82,92.81,92.80,91.46,91.49
2012-05-26,96.52,97.03,93.51,93.81,92.82,92.81,91.47,91.50
2012-05-27,96.50,97.03,93.51,93.80,92.83,92.82,91.48,91.51
2012-05-28,96.48,97.04,93.51,93.80,92.83,92.83,91.49,91.52
2012-05-29,96.46,97.04,93.51,93.79,92.84,92.84,91.50,91.53
2012-05-30,96.45,97.05,93.51,93.78,92.85,92.85,91.51,91.54
2012-05-31,96.43,97.06,93.51,93.77,92.85,92.85,91.51,91.55
2012-06-01,96.41,97.06,93.51,93.77,92.86,92.86,91.52,91.57
2012-06-02,96.39,97.07,93.47,93.76,92.87,92.87,91.53,91.58
2012-06-03,96.37,97.07,93.43,93.75,92.87,92.88,91.54,91.59
2012-06-04,96.35,97.08,93.40,93.75,92.88,92.89,91.54,91.60
2012-06-05,96.33,97.09,93.36,93.74,92.88,92.90,91.55,91.61
2012-06-06,96.30,97.09,93.32,93.73,92.89,92.90,91.56,91.62
2012-06-07,96.28,97.10,93.28,93.73,92.89,92.91,91.57,91.63
2012-06-08,96.26,97.11,93.24,93.72,92.90,92.92,91.57,91.64
2012-06-09,96.24,97.11,93.20,93.71,92.91,92.93,91.58,91.66
2012-06-10,96.22,97.12,93.16,93.71,92.91,92.94,91.59,91.67
2012-06-11,96.19,97.13,93.12,93.70,92.92,92.94,91.59,91.68
2012-06-12,96.17,97.14,93.08,93.69,92.92,92.95,91.60,91.69
2012-06-13,96.15,97.14,93.04,93.69,92.93,92.96,91.61,91.70
2012-06-14,96.13,97.15,93.00,93.68,92.93,92.97,91.62,91.71
2012-06-15,96.11,97.16,92.96,93.68,92.94,92.98,91.62,91.72
2012-06-16,96.08,97.16,92.92,93.67,92.94,92.99,91.63,91.73
2012-06-17,96.06,97.17,92.88,93.66,92.95,92.99,91.64,91.75
2012-06-18,96.04,97.18,92.84,93.66,92.95,93.00,91.65,91.76
2012-06-19,96.02,97.19,92.80,93.65,92.96,93.01,91.65,91.77
2012-06-20,96.00,97.19,92.76,93.65,92.96,93.02,91.66,91.78
2012-06-21,95.97,97.20,92.72,93.64,92.97,93.02,91.67,91.79
2012-06-22,95.95,97.21,92.68,93.64,92.98,93.03,91.67,91.80
2012-06-23,95.93,97.22,92.64,93.63,92.98,93.04,91.68,91.81
2012-06-24,95.91,97.23,92.60,93.63,92.99,93.05,91.69,91.82
2012-06-25,95.89,97.23,92.56,93.62,92.99,93.06,91.70,91.83
2012-06-26,95.86,97.24,92.53,93.61,93.00,93.06,91.70,91.84
2012-06-27,95.84,97.25,92.49,93.61,93.00,93.07,91.71,91.86
2012-06-28,95.82,97.26,92.45,93.60,93.01,93.08,91.72,91.87
2012-06-29,95.80,97.26,92.41,93.60,93.01,93.09,91.72,91.88
2012-06-30,95.78,97.27,92.37,93.60,93.02,93.10,91.73,91.89
2012-07-01,95.76,97.28,92.33,93.59,93.02,93.10,91.74,91.90
2012-07-02,95.79,97.29,92.35,93.59,93.03,93.11,91.74,91.91
2012-07-03,95.83,97.30,92.37,93.58,93.04,93.12,91.75,91.92
2012-07-04,95.87,97.30,92.39,93.58,93.04,93.13,91.75,91.93
2012-07-05,95.91,97.31,92.41,93.57,93.05,93.13,91.76,91.94
2012-07-06,95.95,97.32,92.42,93.57,93.05,93.14,91.76,91.95
2012-07-07,95.99,97.33,92.44,93.57,93.06,93.15,91.76,91.96
2012-07-08,96.03,97.33,92.46,93.56,93.06,93.16,91.77,91.97
2012-07-09,96.07,97.34,92.48,93.56,93.07,93.17,91.77,91.99
2012-07-10,96.10,97.35,92.50,93.55,93.07,93.17,91.78,92.00
2012-07-11,96.14,97.36,92.52,93.55,93.08,93.18,91.78,92.01
2012-07-12,96.18,97.36,92.54,93.55,93.09,93.19,91.79,92.02
2012-07-13,96.22,97.37,92.56,93.55,93.09,93.20,91.79,92.03
2012-07-14,96.26,97.38,92.58,93.54,93.10,93.20,91.79,92.04
2012-07-15,96.30,97.39,92.60,93.54,93.10,93.21,91.80,92.05
2012-07-16,96.34,97.40,92.62,93.54,93.11,93.22,91.80,92.06
2012-07-17,96.38,97.40,92.64,93.54,93.11,93.23,91.81,92.07
2012-07-18,96.42,97.41,92.66,93.53,93.12,93.23,91.81,92.08
2012-07-19,96.45,97.42,92.68,93.53,93.12,93.24,91.82,92.09
2012-07-20,96.49,97.43,92.70,93.53,93.13,93.25,91.82,92.10
2012-07-21,96.53,97.43,92.72,93.53,93.13,93.26,91.82,92.11
2012-07-22,96.57,97.44,92.74,93.53,93.14,93.26,91.83,92.12
2012-07-23,96.61,97.45,92.76,93.53,93.15,93.27,91.83,92.13
2012-07-24,96.65,97.46,92.77,93.52,93.15,93.28,91.84,92.14
2012-07-25,96.69,97.46,92.79,93.52,93.16,93.29,91.84,92.15
2012-07-26,96.73,97.47,92.81,93.52,93.16,93.29,91.85,92.16
2012-07-27,96.76,97.48,92.83,93.52,93.17,93.30,91.85,92.17
2012-07-28,96.80,97.48,92.85,93.52,93.17,93.31,91.85,92.18
2012-07-29,96.84,97.49,92.87,93.52,93.18,93.32,91.86,92.19
2012-07-30,96.88,97.50,92.89,93.52,93.18,93.32,91.86,92.20
2012-07-31,96.92,97.51,92.91,93.52,93.19,93.33,91.87,92.21
2012-08-01,96.96,97.51,92.93,93.52,93.20,93.34,91.87,92.22
2012-08-02,97.07,97.52,92.98,93.52,93.20,93.35,91.88,92.23
2012-08-03,97.19,97.52,93.02,93.52,93.21,93.35,91.89,92.24
2012-08-04,97.30,97.53,93.07,93.52,93.21,93.36,91.90,92.25
2012-08-05,97.41,97.54,93.11,93.52,93.22,93.37,91.90,92.26
2012-08-06,97.53,97.54,93.16,93.52,93.22,93.38,91.91,92.27
2012-08-07,97.64,97.55,93.21,93.52,93.23,93.38,91.92,92.28
2012-08-08,97.76,97.56,93.25,93.53,93.23,93.39,91.93,92.29
2012-08-09,97.87,97.56,93.30,93.53,93.24,93.40,91.93,92.30
2012-08-10,97.99,97.57,93.35,93.53,93.24,93.40,91.94,92.31
2012-08-11,98.10,97.58,93.39,93.53,93.25,93.41,91.95,92.32
2012-08-12,98.21,97.58,93.44,93.53,93.25,93.42,91.96,92.33
2012-08-13,98.33,97.59,93.48,93.53,93.26,93.43,91.97,92.34
2012-08-14,98.44,97.60,93.53,93.54,93.26,93.43,91.97,92.35
2012-08-15,98.56,97.61,93.58,93.54,93.27,93.44,91.98,92.36
2012-08-16,98.67,97.61,93.62,93.54,93.27,93.45,91.99,92.37
2012-08-17,98.78,97.62,93.67,93.54,93.28,93.46,92.00,92.38
2012-08-18,98.90,97.63,93.72,93.55,93.29,93.46,92.00,92.39
2012-08-19,99.01,97.63,93.76,93.55,93.29,93.47,92.01,92.40
2012-08-20,99.13,97.64,93.81,93.55,93.30,93.48,92.02,92.41
2012-08-21,99.24,97.65,93.85,93.55,93.30,93.49,92.03,92.42
2012-08-22,99.36,97.65,93.90,93.56,93.31,93.49,92.03,92.43
2012-08-23,99.47,97.66,93.95,93.56,93.31,93.50,92.04,92.44
2012-08-24,99.58,97.67,93.99,93.56,93.32,93.51,92.05,92.45
2012-08-25,99.70,97.67,94.04,93.57,93.32,93.52,92.06,92.46
2012-08-26,99.81,97.68,94.09,93.57,93.33,93.52,92.07,92.47
2012-08-27,99.93,97.69,94.13,93.57,93.33,93.53,92.07,92.48
2012-08-28,100.04,97.69,94.18,93.58,93.34,93.54,92.08,92.49
2012-08-29,100.15,97.70,94.22,93.58,93.34,93.54,92.09,92.50
2012-08-30,100.27,97.71,94.27,93.58,93.35,93.55,92.10,92.51
2012-08-31,100.38,97.71,94.32,93.59,93.35,93.56,92.10,92.52
2012-09-01,100.50,97.72,94.36,93.59,93.36,93.57,92.11,92.53
2012-09-02,100.44,97.73,94.37,93.60,93.37,93.57,92.15,92.54
2012-09-03,100.39,97.73,94.37,93.60,93.37,93.58,92.18,92.55
2012-09-04,100.34,97.74,94.38,93.61,93.38,93.59,92.22,92.56
2012-09-05,100.28,97.75,94.38,93.61,93.39,93.60,92.25,92.57
2012-09-06,100.23,97.75,94.38,93.61,93.39,93.60,92.29,92.58
2012-09-07,100.17,97.76,94.39,93.62,93.40,93.61,92.33,92.59
2012-09-08,100.12,97.77,94.39,93.62,93.41,93.62,92.36,92.60
2012-09-09,100.07,97.77,94.40,93.63,93.41,93.62,92.40,92.61
2012-09-10,100.01,97.78,94.40,93.63,93.42,93.63,92.43,92.62
2012-09-11,99.96,97.78,94.41,93.64,93.42,93.64,92.47,92.63
2012-09-12,99.91,97.79,94.41,93.64,93.43,93.65,92.50,92.64
2012-09-13,99.85,97.79,94.41,93.64,93.44,93.65,92.54,92.65
2012-09-14,99.80,97.80,94.42,93.65,93.44,93.66,92.57,92.66
2012-09-15,99.75,97.80,94.42,93.65,93.45,93.67,92.61,92.67
2012-09-16,99.69,97.80,94.43,93.66,93.46,93.67,92.64,92.68
2012-09-17,99.64,97.81,94.43,93.66,93.46,93.68,92.68,92.69
2012-09-18,99.58,97.81,94.44,93.67,93.47,93.69,92.71,92.70
2012-09-19,99.53,97.82,94.44,93.67,93.48,93.69,92.75,92.71
2012-09-20,99.48,97.82,94.45,93.68,93.48,93.70,92.79,92.72
2012-09-21,99.42,97.82,94.45,93.68,93.49,93.71,92.82,92.73
2012-09-22,99.37,97.82,94.45,93.68,93.50,93.72,92.86,92.74
2012-09-23,99.32,97.83,94.46,93.69,93.50,93.72,92.89,92.76
2012-09-24,99.26,97.83,94.46,93.69,93.51,93.73,92.93,92.77
2012-09-25,99.21,97.83,94.47,93.70,93.52,93.74,92.96,92.78
2012-09-26,99.16,97.83,94.47,93.70,93.52,93.74,93.00,92.79
2012-09-27,99.10,97.84,94.48,93.71,93.53,93.75,93.03,92.80
2012-09-28,99.05,97.84,94.48,93.71,93.54,93.76,93.07,92.81
2012-09-29,98.99,97.84,94.48,93.71,93.54,93.76,93.10,92.82
2012-09-30,98.94,97.84,94.49,93.72,93.55,93.77,93.14,92.83
2012-10-01,98.89,97.84,94.49,93.72,93.56,93.78,93.18,92.84
2012-10-02,98.81,97.84,94.48,93.73,93.56,93.78,93.18,92.85
2012-10-03,98.73,97.85,94.47,93.73,93.57,93.79,93.19,92.86
2012-10-04,98.65,97.85,94.46,93.74,93.58,93.80,93.19,92.87
2012-10-05,98.57,97.85,94.45,93.74,93.59,93.80,93.20,92.88
2012-10-06,98.49,97.85,94.44,93.74,93.59,93.81,93.21,92.89
2012-10-07,98.42,97.85,94.43,93.75,93.60,93.82,93.21,92.90
2012-10-08,98.34,97.85,94.43,93.75,93.61,93.82,93.22,92.92
2012-10-09,98.26,97.85,94.42,93.76,93.62,93.83,93.22,92.93
2012-10-10,98.18,97.85,94.41,93.76,93.63,93.84,93.23,92.94
2012-10-11,98.10,97.85,94.40,93.76,93.63,93.84,93.24,92.95
2012-10-12,98.02,97.85,94.39,93.77,93.64,93.85,93.24,92.96
2012-10-13,97.95,97.85,94.38,93.77,93.65,93.86,93.25,92.97
2012-10-14,97.87,97.84,94.37,93.77,93.66,93.86,93.26,92.98
2012-10-15,97.79,97.84,94.36,93.78,93.66,93.87,93.26,92.99
2012-10-16,97.71,97.84,94.35,93.78,93.67,93.88,93.27,93.00
2012-10-17,97.63,97.84,94.34,93.79,93.68,93.88,93.27,93.01
2012-10-18,97.55,97.84,94.33,93.79,93.69,93.89,93.28,93.02
2012-10-19,97.48,97.84,94.32,93.79,93.70,93.90,93.29,93.03
2012-10-20,97.40,97.84,94.31,93.80,93.70,93.90,93.29,93.04
2012-10-21,97.32,97.84,94.30,93.80,93.71,93.91,93.30,93.05
2012-10-22,97.24,97.83,94.29,93.80,93.72,93.91,93.31,93.06
2012-10-23,97.16,97.83,94.28,93.81,93.73,93.92,93.31,93.07
2012-10-24,97.08,97.83,94.27,93.81,93.73,93.93,93.32,93.08
2012-10-25,97.01,97.83,94.26,93.81,93.74,93.93,93.32,93.09
2012-10-26,96.93,97.83,94.25,93.82,93.75,93.94,93.33,93.10
2012-10-27,96.85,97.82,94.24,93.82,93.76,93.95,93.34,93.11
2012-10-28,96.77,97.82,94.23,93.82,93.77,93.95,93.34,93.12
2012-10-29,96.69,97.82,94.22,93.83,93.77,93.96,93.35,93.13
2012-10-30,96.61,97.82,94.21,93.83,93.78,93.97,93.35,93.14
2012-10-31,96.53,97.81,94.20,93.83,93.79,93.97,93.36,93.15
2012-11-01,96.46,97.81,94.19,93.84,93.80,93.98,93.37,93.16
2012-11-02,96.48,97.81,94.21,93.84,93.80,93.99,93.37,93.17
2012-11-03,96.50,97.81,94.22,93.84,93.81,93.99,93.37,93.17
2012-11-04,96.53,97.81,94.23,93.85,93.82,94.00,93.37,93.18
2012-11-05,96.55,97.80,94.25,93.85,93.82,94.00,93.37,93.19
2012-11-06,96.57,97.80,94.26,93.85,93.83,94.01,93.37,93.20
2012-11-07,96.60,97.80,94.28,93.86,93.84,94.02,93.37,93.21
2012-11-08,96.62,97.80,94.29,93.86,93.84,94.02,93.37,93.22
2012-11-09,96.64,97.79,94.30,93.86,93.85,94.03,93.37,93.23
2012-11-10,96.67,97.79,94.32,93.87,93.86,94.04,93.37,93.24
2012-11-11,96.69,97.79,94.33,93.87,93.86,94.04,93.37,93.25
2012-11-12,96.71,97.79,94.35,93.88,93.87,94.05,93.37,93.26
2012-11-13,96.74,97.79,94.36,93.88,93.88,94.05,93.37,93.27
2012-11-14,96.76,97.79,94.38,93.88,93.89,94.06,93.37,93.28
2012-11-15,96.78,97.79,94.39,93.89,93.89,94.07,93.37,93.28
2012-11-16,96.81,97.78,94.40,93.89,93.90,94.07,93.37,93.29
2012-11-17,96.83,97.78,94.42,93.89,93.91,94.08,93.37,93.30
2012-11-18,96.85,97.78,94.43,93.90,93.91,94.09,93.37,93.31
2012-11-19,96.88,97.78,94.45,93.90,93.92,94.09,93.37,93.32
2012-11-20,96.90,97.78,94.46,93.90,93.93,94.10,93.37,93.33
2012-11-21,96.92,97.78,94.47,93.91,93.93,94.10,93.37,93.34
2012-11-22,96.95,97.78,94.49,93.91,93.94,94.11,93.37,93.35
2012-11-23,96.97,97.78,94.50,93.92,93.95,94.12,93.37,93.35
2012-11-24,96.99,97.78,94.52,93.92,93.95,94.12,93.37,93.36
2012-11-25,97.02,97.78,94.53,93.92,93.96,94.13,93.37,93.37
2012-11-26,97.04,97.78,94.55,93.93,93.97,94.14,93.37,93.38
2012-11-27,97.06,97.78,94.56,93.93,93.97,94.14,93.37,93.39
2012-11-28,97.09,97.78,94.57,93.94,93.98,94.15,93.37,93.39
2012-11-29,97.11,97.78,94.59,93.94,93.99,94.15,93.37,93.40
2012-11-30,97.13,97.78,94.60,93.94,93.99,94.16,93.38,93.41
2012-12-01,97.16,97.78,94.62,93.95,94.00,94.17,93.38,93.42
2012-12-02,97.22,97.78,94.61,93.95,94.01,94.17,93.38,93.43
2012-12-03,97.29,97.79,94.61,93.96,94.01,94.18,93.39,93.43
2012-12-04,97.35,97.79,94.61,93.96,94.02,94.18,93.40,93.44
2012-12-05,97.41,97.79,94.61,93.96,94.03,94.19,93.40,93.45
2012-12-06,97.48,97.79,94.61,93.97,94.03,94.20,93.41,93.46
2012-12-07,97.54,97.79,94.61,93.97,94.04,94.20,93.42,93.47
2012-12-08,97.61,97.79,94.61,93.98,94.05,94.21,93.42,93.47
2012-12-09,97.67,97.80,94.61,93.98,94.05,94.22,93.43,93.48
2012-12-10,97.73,97.80,94.61,93.98,94.06,94.22,93.44,93.49
2012-12-11,97.80,97.80,94.60,93.99,94.06,94.23,93.45,93.50
2012-12-12,97.86,97.80,94.60,93.99,94.07,94.23,93.45,93.50
2012-12-13,97.93,97.81,94.60,94.00,94.08,94.24,93.46,93.51
2012-12-14,97.99,97.81,94.60,94.00,94.08,94.25,93.47,93.52
2012-12-15,98.06,97.81,94.60,94.01,94.09,94.25,93.47,93.53
2012-12-16,98.12,97.82,94.60,94.01,94.10,94.26,93.48,93.54
2012-12-17,98.18,97.82,94.60,94.01,94.10,94.27,93.49,93.54
2012-12-18,98.25,97.83,94.60,94.02,94.11,94.27,93.49,93.55
2012-12-19,98.31,97.83,94.59,94.02,94.12,94.28,93.50,93.56
2012-12-20,98.38,97.83,94.59,94.03,94.12,94.28,93.51,93.57
2012-12-21,98.44,97.84,94.59,94.03,94.13,94.29,93.51,93.57
2012-12-22,98.51,97.84,94.59,94.04,94.13,94.30,93.52,93.58
2012-12-23,98.57,97.85,94.59,94.04,94.14,94.30,93.53,93.59
2012-12-24,98.63,97.85,94.59,94.04,94.15,94.31,93.54,93.60
2012-12-25,98.70,97.86,94.59,94.05,94.15,94.31,93.54,93.60
2012-12-26,98.76,97.86,94.59,94.05,94.16,94.32,93.55,93.61
2012-12-27,98.83,97.87,94.58,94.06,94.17,94.33,93.56,93.62
2012-12-28,98.89,97.87,94.58,94.06,94.17,94.33,93.56,93.62
2012-12-29,98.95,97.88,94.58,94.06,94.18,94.34,93.57,93.63
2012-12-30,99.02,97.88,94.58,94.07,94.19,94.35,93.58,93.64
2012-12-31,99.08,97.89,94.58,94.07,94.19,94.35,93.58,93.65
2013-01-01,99.15,97.89,94.58,94.08,94.20,94.36,93.59,93.65
2013-01-02,99.16,97.90,94.59,94.08,94.20,94.36,93.59,93.66
2013-01-03,99.18,97.90,94.59,94.08,94.21,94.37,93.60,93.67
2013-01-04,99.20,97.91,94.60,94.09,94.21,94.38,93.60,93.68
2013-01-05,99.21,97.92,94.61,94.09,94.22,94.38,93.60,93.68
2013-01-06,99.23,97.92,94.61,94.10,94.22,94.39,93.60,93.69
2013-01-07,99.25,97.93,94.62,94.10,94.23,94.39,93.61,93.70
2013-01-08,99.27,97.93,94.63,94.10,94.24,94.40,93.61,93.70
2013-01-09,99.28,97.94,94.64,94.11,94.24,94.41,93.61,93.71
2013-01-10,99.30,97.94,94.64,94.11,94.25,94.41,93.62,93.72
2013-01-11,99.32,97.95,94.65,94.11,94.25,94.42,93.62,93.72
2013-01-12,99.33,97.95,94.66,94.12,94.26,94.42,93.62,93.73
2013-01-13,99.35,97.96,94.67,94.12,94.26,94.43,93.62,93.74
2013-01-14,99.37,97.97,94.67,94.12,94.27,94.44,93.63,93.75
2013-01-15,99.39,97.97,94.68,94.13,94.27,94.44,93.63,93.75
2013-01-16,99.40,97.98,94.69,94.13,94.28,94.45,93.63,93.76
2013-01-17,99.42,97.98,94.70,94.13,94.28,94.45,93.63,93.77
2013-01-18,99.44,97.99,94.70,94.14,94.29,94.46,93.64,93.77
2013-01-19,99.45,97.99,94.71,94.14,94.29,94.47,93.64,93.78
2013-01-20,99.47,98.00,94.72,94.15,94.30,94.47,93.64,93.79
2013-01-21,99.49,98.00,94.72,94.15,94.30,94.48,93.65,93.79
2013-01-22,99.50,98.01,94.73,94.15,94.31,94.48,93.65,93.80
2013-01-23,99.52,98.01,94.74,94.16,94.31,94.49,93.65,93.81
2013-01-24,99.54,98.02,94.75,94.16,94.32,94.50,93.65,93.81
2013-01-25,99.56,98.02,94.75,94.16,94.32,94.50,93.66,93.82
2013-01-26,99.57,98.03,94.76,94.17,94.33,94.51,93.66,93.83
2013-01-27,99.59,98.03,94.77,94.17,94.33,94.51,93.66,93.83
2013-01-28,99.61,98.03,94.78,94.17,94.34,94.52,93.66,93.84
2013-01-29,99.62,98.04,94.78,94.18,94.35,94.53,93.67,93.85
2013-01-30,99.64,98.04,94.79,94.18,94.35,94.53,93.67,93.85
2013-01-31,99.66,98.05,94.80,94.18,94.36,94.54,93.67,93.86
2013-02-01,99.67,98.05,94.80,94.19,94.36,94.54,93.67,93.86
2013-02-02,99.64,98.06,94.76,94.19,94.37,94.55,93.68,93.87
2013-02-03,99.60,98.06,94.71,94.19,94.38,94.56,93.68,93.88
2013-02-04,99.57,98.06,94.66,94.20,94.39,94.56,93.69,93.88
2013-02-05,99.54,98.07,94.61,94.20,94.40,94.57,93.69,93.89
2013-02-06,99.50,98.07,94.57,94.20,94.41,94.57,93.70,93.90
2013-02-07,99.47,98.07,94.52,94.20,94.41,94.58,93.70,93.90
2013-02-08,99.43,98.08,94.47,94.21,94.42,94.58,93.71,93.91
2013-02-09,99.40,98.08,94.42,94.21,94.43,94.59,93.71,93.92
2013-02-10,99.36,98.08,94.38,94.21,94.44,94.60,93.72,93.92
2013-02-11,99.33,98.09,94.33,94.22,94.45,94.60,93.72,93.93
2013-02-12,99.29,98.09,94.28,94.22,94.46,94.61,93.73,93.94
2013-02-13,99.26,98.09,94.24,94.22,94.47,94.61,93.73,93.94
2013-02-14,99.22,98.09,94.19,94.22,94.48,94.62,93.74,93.95
2013-02-15,99.19,98.10,94.14,94.23,94.49,94.63,93.74,93.96
2013-02-16,99.16,98.10,94.09,94.23,94.49,94.63,93.75,93.96
2013-02-17,99.12,98.10,94.05,94.23,94.50,94.64,93.75,93.97
2013-02-18,99.09,98.10,94.00,94.23,94.51,94.64,93.76,93.98
2013-02-19,99.05,98.10,93.95,94.23,94.52,94.65,93.76,93.98
2013-02-20,99.02,98.10,93.90,94.24,94.53,94.66,93.77,93.99
2013-02-21,98.98,98.10,93.86,94.24,94.54,94.66,93.77,94.00
2013-02-22,98.95,98.11,93.81,94.24,94.55,94.67,93.77,94.00
2013-02-23,98.91,98.11,93.76,94.24,94.56,94.67,93.78,94.01
2013-02-24,98.88,98.11,93.71,94.24,94.57,94.68,93.78,94.02
2013-02-25,98.84,98.11,93.67,94.25,94.57,94.69,93.79,94.02
2013-02-26,98.81,98.11,93.62,94.25,94.58,94.69,93.79,94.03
2013-02-27,98.78,98.11,93.57,94.25,94.59,94.70,93.80,94.04
2013-02-28,98.74,98.11,93.52,94.25,94.60,94.70,93.80,94.04
2013-03-01,98.71,98.11,93.48,94.25,94.61,94.71,93.81,94.05
2013-03-02,98.71,98.11,93.47,94.25,94.62,94.71,93.82,94.06
2013-03-03,98.71,98.11,93.46,94.26,94.63,94.72,93.83,94.06
2013-03-04,98.72,98.11,93.45,94.26,94.63,94.73,93.84,94.07
2013-03-05,98.72,98.11,93.44,94.26,94.64,94.73,93.85,94.08
2013-03-06,98.72,98.10,93.43,94.26,94.65,94.74,93.86,94.08
2013-03-07,98.73,98.10,93.42,94.26,94.65,94.74,93.87,94.09
2013-03-08,98.73,98.10,93.41,94.26,94.66,94.75,93.88,94.10
2013-03-09,98.73,98.10,93.40,94.26,94.67,94.76,93.89,94.10
2013-03-10,98.74,98.10,93.39,94.26,94.68,94.76,93.90,94.11
2013-03-11,98.74,98.10,93.39,94.26,94.68,94.77,93.91,94.12
2013-03-12,98.74,98.10,93.38,94.27,94.69,94.77,93.92,94.12
2013-03-13,98.75,98.10,93.37,94.27,94.70,94.78,93.93,94.13
2013-03-14,98.75,98.09,93.36,94.27,94.71,94.78,93.94,94.14
2013-03-15,98.75,98.09,93.35,94.27,94.71,94.79,93.95,94.14
2013-03-16,98.76,98.09,93.34,94.27,94.72,94.80,93.96,94.15
2013-03-17,98.76,98.09,93.33,94.27,94.73,94.80,93.97,94.16
2013-03-18,98.76,98.09,93.32,94.27,94.74,94.81,93.98,94.16
2013-03-19,98.77,98.09,93.31,94.27,94.74,94.81,93.99,94.17
2013-03-20,98.77,98.09,93.30,94.28,94.75,94.82,94.00,94.18
2013-03-21,98.77,98.08,93.29,94.28,94.76,94.83,94.01,94.18
2013-03-22,98.78,98.08,93.28,94.28,94.77,94.83,94.02,94.19
2013-03-23,98.78,98.08,93.28,94.28,94.77,94.84,94.03,94.20
2013-03-24,98.78,98.08,93.27,94.28,94.78,94.84,94.04,94.20
2013-03-25,98.79,98.08,93.26,94.28,94.79,94.85,94.05,94.21
2013-03-26,98.79,98.07,93.25,94.28,94.80,94.85,94.06,94.22
2013-03-27,98.79,98.07,93.24,94.28,94.80,94.86,94.07,94.22
2013-03-28,98.80,98.07,93.23,94.29,94.81,94.87,94.08,94.23
2013-03-29,98.80,98.07,93.22,94.29,94.82,94.87,94.09,94.24
2013-03-30,98.80,98.07,93.21,94.29,94.83,94.88,94.10,94.24
2013-03-31,98.81,98.06,93.20,94.29,94.83,94.88,94.11,94.25
2013-04-01,98.81,98.06,93.19,94.29,94.84,94.89,94.12,94.26
2013-04-02,98.77,98.06,93.24,94.29,94.85,94.89,94.13,94.26
2013-04-03,98.74,98.06,93.28,94.29,94.85,94.90,94.14,94.27
2013-04-04,98.71,98.05,93.32,94.30,94.86,94.90,94.14,94.28
2013-04-05,98.67,98.05,93.37,94.30,94.87,94.91,94.15,94.28
2013-04-06,98.64,98.05,93.41,94.30,94.88,94.92,94.16,94.29
2013-04-07,98.60,98.05,93.45,94.30,94.88,94.92,94.17,94.29
2013-04-08,98.57,98.04,93.49,94.30,94.89,94.93,94.17,94.30
2013-04-09,98.54,98.04,93.54,94.31,94.90,94.93,94.18,94.31
2013-04-10,98.50,98.04,93.58,94.31,94.90,94.94,94.19,94.31
2013-04-11,98.47,98.04,93.62,94.31,94.91,94.94,94.20,94.32
2013-04-12,98.43,98.03,93.67,94.31,94.92,94.95,94.20,94.33
2013-04-13,98.40,98.03,93.71,94.31,94.92,94.96,94.21,94.33
2013-04-14,98.37,98.03,93.75,94.32,94.93,94.96,94.22,94.34
2013-04-15,98.33,98.03,93.80,94.32,94.94,94.97,94.23,94.35
2013-04-16,98.30,98.02,93.84,94.32,94.94,94.97,94.23,94.35
2013-04-17,98.26,98.02,93.88,94.32,94.95,94.98,94.24,94.36
2013-04-18,98.23,98.02,93.92,94.33,94.96,94.98,94.25,94.37
2013-04-19,98.20,98.01,93.97,94.33,94.96,94.99,94.26,94.37
2013-04-20,98.16,98.01,94.01,94.33,94.97,95.00,94.26,94.38
2013-04-21,98.13,98.01,94.05,94.34,94.98,95.00,94.27,94.39
2013-04-22,98.09,98.00,94.10,94.34,94.99,95.01,94.28,94.39
2013-04-23,98.06,98.00,94.14,94.34,94.99,95.01,94.29,94.40
2013-04-24,98.03,98.00,94.18,94.35,95.00,95.02,94.29,94.41
2013-04-25,97.99,97.99,94.23,94.35,95.01,95.02,94.30,94.41
2013-04-26,97.96,97.99,94.27,94.35,95.01,95.03,94.31,94.42
2013-04-27,97.92,97.99,94.31,94.36,95.02,95.03,94.32,94.43
2013-04-28,97.89,97.98,94.36,94.36,95.03,95.04,94.32,94.43
2013-04-29,97.86,97.98,94.40,94.37,95.03,95.05,94.33,94.44
2013-04-30,97.82,97.97,94.44,94.37,95.04,95.05,94.34,94.44
2013-05-01,97.79,97.97,94.48,94.37,95.05,95.06,94.35,94.45
2013-05-02,97.75,97.97,94.49,94.38,95.05,95.06,94.35,94.46
2013-05-03,97.72,97.96,94.50,94.38,95.06,95.07,94.35,94.46
2013-05-04,97.68,97.96,94.51,94.39,95.06,95.07,94.36,94.47
2013-05-05,97.64,97.96,94.52,94.39,95.07,95.08,94.36,94.48
2013-05-06,97.61,97.95,94.53,94.40,95.08,95.08,94.36,94.48
2013-05-07,97.57,97.95,94.54,94.40,95.08,95.09,94.37,94.49
2013-05-08,97.54,97.95,94.55,94.40,95.09,95.10,94.37,94.50
2013-05-09,97.50,97.94,94.56,94.41,95.09,95.10,94.37,94.50
2013-05-10,97.46,97.94,94.57,94.41,95.10,95.11,94.38,94.51
2013-05-11,97.43,97.93,94.58,94.42,95.11,95.11,94.38,94.51
2013-05-12,97.39,97.93,94.58,94.42,95.11,95.12,94.38,94.52
2013-05-13,97.36,97.93,94.59,94.43,95.12,95.12,94.39,94.53
2013-05-14,97.32,97.92,94.60,94.43,95.12,95.13,94.39,94.53
2013-05-15,97.28,97.92,94.61,94.44,95.13,95.13,94.39,94.54
2013-05-16,97.25,97.92,94.62,94.44,95.13,95.14,94.40,94.55
2013-05-17,97.21,97.91,94.63,94.45,95.14,95.15,94.40,94.55
2013-05-18,97.18,97.91,94.64,94.45,95.15,95.15,94.40,94.56
2013-05-19,97.14,97.91,94.65,94.45,95.15,95.16,94.40,94.56
2013-05-20,97.10,97.90,94.66,94.46,95.16,95.16,94.41,94.57
2013-05-21,97.07,97.90,94.67,94.46,95.16,95.17,94.41,94.58
2013-05-22,97.03,97.90,94.68,94.47,95.17,95.17,94.41,94.58
2013-05-23,97.00,97.89,94.68,94.47,95.17,95.18,94.42,94.59
2013-05-24,96.96,97.89,94.69,94.48,95.18,95.18,94.42,94.60
2013-05-25,96.93,97.89,94.70,94.48,95.19,95.19,94.42,94.60
2013-05-26,96.89,97.88,94.71,94.49,95.19,95.20,94.43,94.61
2013-05-27,96.85,97.88,94.72,94.49,95.20,95.20,94.43,94.61
2013-05-28,96.82,97.88,94.73,94.50,95.20,95.21,94.43,94.62
2013-05-29,96.78,97.88,94.74,94.50,95.21,95.21,94.44,94.63
2013-05-30,96.75,97.87,94.75,94.51,95.21,95.22,94.44,94.63
2013-05-31,96.71,97.87,94.76,94.51,95.22,95.22,94.44,94.64
2013-06-01,96.67,97.87,94.77,94.52,95.23,95.23,94.45,94.65
2013-06-02,96.70,97.87,94.77,94.52,95.23,95.23,94.45,94.65
2013-06-03,96.72,97.86,94.77,94.53,95.24,95.24,94.45,94.66
2013-06-04,96.74,97.86,94.76,94.53,95.24,95.25,94.45,94.66
2013-06-05,96.77,97.86,94.76,94.53,95.25,95.25,94.45,94.67
2013-06-06,96.79,97.86,94.76,94.54,95.25,95.26,94.45,94.68
2013-06-07,96.81,97.86,94.76,94.54,95.26,95.26,94.45,94.68
2013-06-08,96.84,97.85,94.76,94.55,95.26,95.27,94.45,94.69
2013-06-09,96.86,97.85,94.76,94.55,95.27,95.27,94.45,94.69
2013-06-10,96.88,97.85,94.76,94.56,95.27,95.28,94.45,94.70
2013-06-11,96.91,97.85,94.76,94.56,95.27,95.28,94.45,94.71
2013-06-12,96.93,97.85,94.76,94.57,95.28,95.29,94.45,94.71
2013-06-13,96.95,97.85,94.76,94.57,95.28,95.30,94.45,94.72
2013-06-14,96.98,97.85,94.76,94.58,95.29,95.30,94.45,94.73
2013-06-15,97.00,97.85,94.76,94.58,95.29,95.31,94.45,94.73
2013-06-16,97.02,97.85,94.76,94.59,95.30,95.31,94.45,94.74
2013-06-17,97.05,97.85,94.76,94.59,95.30,95.32,94.45,94.74
2013-06-18,97.07,97.85,94.76,94.60,95.31,95.32,94.45,94.75
2013-06-19,97.09,97.85,94.76,94.60,95.31,95.33,94.45,94.76
2013-06-20,97.12,97.85,94.75,94.61,95.32,95.33,94.45,94.76
2013-06-21,97.14,97.85,94.75,94.61,95.32,95.34,94.45,94.77
2013-06-22,97.16,97.85,94.75,94.62,95.33,95.35,94.45,94.77
2013-06-23,97.19,97.85,94.75,94.62,95.33,95.35,94.45,94.78
2013-06-24,97.21,97.86,94.75,94.63,95.34,95.36,94.45,94.79
2013-06-25,97.23,97.86,94.75,94.63,95.34,95.36,94.45,94.79
2013-06-26,97.26,97.86,94.75,94.64,95.35,95.37,94.45,94.80
2013-06-27,97.28,97.86,94.75,94.64,95.35,95.37,94.45,94.81
2013-06-28,97.30,97.86,94.75,94.65,95.36,95.38,94.45,94.81
2013-06-29,97.33,97.87,94.75,94.65,95.36,95.38,94.45,94.82
2013-06-30,97.35,97.87,94.75,94.66,95.37,95.39,94.45,94.82
2013-07-01,97.37,97.87,94.75,94.66,95.37,95.40,94.45,94.83
2013-07-02,97.45,97.88,94.63,94.67,95.38,95.40,94.45,94.84
2013-07-03,97.52,97.88,94.50,94.67,95.38,95.41,94.46,94.84
2013-07-04,97.59,97.88,94.38,94.68,95.39,95.41,94.46,94.85
2013-07-05,97.67,97.89,94.26,94.69,95.40,95.42,94.47,94.86
2013-07-06,97.74,97.89,94.14,94.69,95.40,95.42,94.48,94.86
2013-07-07,97.81,97.89,94.02,94.69,95.41,95.43,94.48,94.87
2013-07-08,97.89,97.90,93.90,94.70,95.42,95.43,94.49,94.87
2013-07-09,97.96,97.90,93.78,94.70,95.42,95.44,94.49,94.88
2013-07-10,98.03,97.91,93.65,94.71,95.43,95.44,94.50,94.89
2013-07-11,98.11,97.91,93.53,94.71,95.44,95.45,94.51,94.89
2013-07-12,98.18,97.91,93.41,94.72,95.44,95.46,94.51,94.90
2013-07-13,98.25,97.92,93.29,94.72,95.45,95.46,94.52,94.90
2013-07-14,98.33,97.92,93.17,94.72,95.45,95.47,94.52,94.91
2013-07-15,98.40,97.93,93.05,94.73,95.46,95.47,94.53,94.92
2013-07-16,98.47,97.93,92.92,94.73,95.47,95.48,94.53,94.92
2013-07-17,98.55,97.94,92.80,94.74,95.47,95.48,94.54,94.93
2013-07-18,98.62,97.94,92.68,94.74,95.48,95.49,94.55,94.94
2013-07-19,98.69,97.95,92.56,94.74,95.49,95.49,94.55,94.94
2013-07-20,98.77,97.95,92.44,94.74,95.49,95.50,94.56,94.95
2013-07-21,98.84,97.96,92.32,94.75,95.50,95.50,94.56,94.95
2013-07-22,98.91,97.97,92.20,94.75,95.50,95.51,94.57,94.96
2013-07-23,98.99,97.97,92.07,94.75,95.51,95.52,94.58,94.97
2013-07-24,99.06,97.98,91.95,94.76,95.52,95.52,94.58,94.97
2013-07-25,99.13,97.98,91.83,94.76,95.52,95.53,94.59,94.98
2013-07-26,99.21,97.99,91.71,94.76,95.53,95.53,94.59,94.99
2013-07-27,99.28,98.00,91.59,94.76,95.54,95.54,94.60,94.99
2013-07-28,99.35,98.00,91.47,94.77,95.54,95.54,94.61,95.00
2013-07-29,99.43,98.01,91.34,94.77,95.55,95.55,94.61,95.00
2013-07-30,99.50,98.01,91.22,94.77,95.56,95.55,94.62,95.01
2013-07-31,99.57,98.02,91.10,94.77,95.56,95.56,94.62,95.02
2013-08-01,99.65,98.03,90.98,94.78,95.57,95.57,94.63,95.02
2013-08-02,99.65,98.03,91.12,94.78,95.57,95.57,94.64,95.03
2013-08-03,99.65,98.04,91.25,94.78,95.58,95.58,94.64,95.04
2013-08-04,99.65,98.04,91.39,94.78,95.59,95.58,94.65,95.04
2013-08-05,99.65,98.05,91.53,94.78,95.59,95.59,94.66,95.05
2013-08-06,99.65,98.05,91.67,94.79,95.60,95.59,94.67,95.05
2013-08-07,99.65,98.06,91.80,94.79,95.60,95.60,94.68,95.06
2013-08-08,99.65,98.06,91.94,94.79,95.61,95.60,94.68,95.07
2013-08-09,99.65,98.07,92.08,94.79,95.62,95.61,94.69,95.07
2013-08-10,99.66,98.07,92.21,94.80,95.62,95.62,94.70,95.08
2013-08-11,99.66,98.08,92.35,94.80,95.63,95.62,94.71,95.08
2013-08-12,99.66,98.08,92.49,94.80,95.63,95.63,94.71,95.09
2013-08-13,99.66,98.09,92.62,94.81,95.64,95.63,94.72,95.10
2013-08-14,99.66,98.09,92.76,94.81,95.64,95.64,94.73,95.10
2013-08-15,99.66,98.09,92.90,94.82,95.65,95.64,94.74,95.11
2013-08-16,99.66,98.10,93.04,94.82,95.66,95.65,94.75,95.12
2013-08-17,99.66,98.10,93.17,94.82,95.66,95.65,94.75,95.12
2013-08-18,99.66,98.10,93.31,94.83,95.67,95.66,94.76,95.13
2013-08-19,99.66,98.10,93.45,94.83,95.67,95.67,94.77,95.13
2013-08-20,99.66,98.10,93.58,94.84,95.68,95.67,94.78,95.14
2013-08-21,99.66,98.11,93.72,94.84,95.68,95.68,94.78,95.15
2013-08-22,99.67,98.11,93.86,94.85,95.69,95.68,94.79,95.15
2013-08-23,99.67,98.11,93.99,94.85,95.70,95.69,94.80,95.16
2013-08-24,99.67,98.11,94.13,94.86,95.70,95.69,94.81,95.16
2013-08-25,99.67,98.11,94.27,94.87,95.71,95.70,94.82,95.17
2013-08-26,99.67,98.11,94.41,94.87,95.71,95.71,94.82,95.18
2013-08-27,99.67,98.11,94.54,94.88,95.72,95.71,94.83,95.18
2013-08-28,99.67,98.11,94.68,94.89,95.73,95.72,94.84,95.19
2013-08-29,99.67,98.11,94.82,94.89,95.73,95.72,94.85,95.19
2013-08-30,99.67,98.10,94.95,94.90,95.74,95.73,94.85,95.20
2013-08-31,99.67,98.10,95.09,94.91,95.74,95.73,94.86,95.21
2013-09-01,99.67,98.10,95.23,94.91,95.75,95.74,94.87,95.21
2013-09-02,99.60,98.10,95.24,94.92,95.76,95.75,94.89,95.22
2013-09-03,99.53,98.10,95.26,94.93,95.76,95.75,94.90,95.22
2013-09-04,99.45,98.09,95.28,94.94,95.77,95.76,94.92,95.23
2013-09-05,99.38,98.09,95.30,94.94,95.77,95.76,94.93,95.23
2013-09-06,99.30,98.09,95.31,94.95,95.78,95.77,94.95,95.24
2013-09-07,99.23,98.09,95.33,94.96,95.79,95.77,94.96,95.25
2013-09-08,99.15,98.08,95.35,94.97,95.79,95.78,94.98,95.25
2013-09-09,99.08,98.08,95.37,94.98,95.80,95.78,94.99,95.26
2013-09-10,99.00,98.07,95.38,94.98,95.81,95.79,95.01,95.26
2013-09-11,98.93,98.07,95.40,94.99,95.81,95.80,95.03,95.27
2013-09-12,98.86,98.07,95.42,95.00,95.82,95.80,95.04,95.28
2013-09-13,98.78,98.06,95.43,95.01,95.82,95.81,95.06,95.28
2013-09-14,98.71,98.06,95.45,95.02,95.83,95.81,95.07,95.29
2013-09-15,98.63,98.05,95.47,95.03,95.84,95.82,95.09,95.29
2013-09-16,98.56,98.05,95.49,95.03,95.84,95.83,95.10,95.30
2013-09-17,98.48,98.04,95.50,95.04,95.85,95.83,95.12,95.31
2013-09-18,98.41,98.04,95.52,95.05,95.86,95.84,95.13,95.31
2013-09-19,98.34,98.03,95.54,95.06,95.86,95.84,95.15,95.32
2013-09-20,98.26,98.02,95.56,95.07,95.87,95.85,95.17,95.32
2013-09-21,98.19,98.02,95.57,95.08,95.87,95.85,95.18,95.33
2013-09-22,98.11,98.01,95.59,95.08,95.88,95.86,95.20,95.34
2013-09-23,98.04,98.01,95.61,95.09,95.89,95.87,95.21,95.34
2013-09-24,97.96,98.00,95.62,95.10,95.89,95.87,95.23,95.35
2013-09-25,97.89,97.99,95.64,95.11,95.90,95.88,95.24,95.36
2013-09-26,97.82,97.99,95.66,95.12,95.91,95.88,95.26,95.36
2013-09-27,97.74,97.98,95.68,95.13,95.91,95.89,95.27,95.37
2013-09-28,97.67,97.98,95.69,95.14,95.92,95.90,95.29,95.38
2013-09-29,97.59,97.97,95.71,95.15,95.93,95.90,95.30,95.38
2013-09-30,97.52,97.96,95.73,95.16,95.93,95.91,95.32,95.39
2013-10-01,97.44,97.96,95.75,95.16,95.94,95.91,95.34,95.39
2013-10-02,97.39,97.95,95.75,95.17,95.94,95.92,95.34,95.40
2013-10-03,97.34,97.94,95.76,95.18,95.95,95.93,95.35,95.41
2013-10-04,97.29,97.94,95.76,95.19,95.96,95.93,95.36,95.41
2013-10-05,97.24,97.93,95.77,95.20,95.96,95.94,95.36,95.42
2013-10-06,97.19,97.92,95.78,95.21,95.97,95.95,95.37,95.43
2013-10-07,97.15,97.92,95.78,95.22,95.98,95.95,95.38,95.43
2013-10-08,97.10,97.91,95.79,95.23,95.98,95.96,95.39,95.44
2013-10-09,97.05,97.90,95.79,95.24,95.99,95.96,95.39,95.45
2013-10-10,97.00,97.90,95.80,95.25,96.00,95.97,95.40,95.45
2013-10-11,96.95,97.89,95.81,95.26,96.00,95.98,95.41,95.46
2013-10-12,96.90,97.88,95.81,95.26,96.01,95.98,95.42,95.47
2013-10-13,96.85,97.88,95.82,95.27,96.02,95.99,95.42,95.47
2013-10-14,96.80,97.87,95.82,95.28,96.02,95.99,95.43,95.48
2013-10-15,96.75,97.87,95.83,95.29,96.03,96.00,95.44,95.49
2013-10-16,96.70,97.86,95.84,95.30,96.04,96.01,95.44,95.49
2013-10-17,96.65,97.85,95.84,95.31,96.04,96.01,95.45,95.50
2013-10-18,96.60,97.85,95.85,95.32,96.05,96.02,95.46,95.51
2013-10-19,96.55,97.84,95.86,95.33,96.06,96.02,95.47,95.51
2013-10-20,96.50,97.84,95.86,95.34,96.06,96.03,95.47,95.52
2013-10-21,96.45,97.83,95.87,95.35,96.07,96.04,95.48,95.53
2013-10-22,96.40,97.83,95.87,95.35,96.08,96.04,95.49,95.53
2013-10-23,96.35,97.82,95.88,95.36,96.08,96.05,95.50,95.54
2013-10-24,96.30,97.82,95.89,95.37,96.09,96.06,95.50,95.55
2013-10-25,96.25,97.81,95.89,95.38,96.10,96.06,95.51,95.55
2013-10-26,96.20,97.81,95.90,95.39,96.10,96.07,95.52,95.56
2013-10-27,96.15,97.80,95.90,95.40,96.11,96.07,95.52,95.56
2013-10-28,96.10,97.80,95.91,95.41,96.12,96.08,95.53,95.57
2013-10-29,96.05,97.79,95.92,95.42,96.12,96.09,95.54,95.58
2013-10-30,96.00,97.79,95.92,95.42,96.13,96.09,95.55,95.58
2013-10-31,95.95,97.79,95.93,95.43,96.14,96.10,95.55,95.59
2013-11-01,95.90,97.78,95.93,95.44,96.14,96.10,95.56,95.60
2013-11-02,95.91,97.78,95.94,95.45,96.15,96.11,95.56,95.60
2013-11-03,95.93,97.78,95.94,95.46,96.16,96.12,95.57,95.61
2013-11-04,95.94,97.77,95.94,95.47,96.16,96.12,95.57,95.62
2013-11-05,95.95,97.77,95.94,95.48,96.17,96.13,95.57,95.62
2013-11-06,95.96,97.77,95.95,95.48,96.18,96.13,95.58,95.63
2013-11-07,95.97,97.77,95.95,95.49,96.18,96.14,95.58,95.64
2013-11-08,95.98,97.76,95.95,95.50,96.19,96.15,95.58,95.64
2013-11-09,96.00,97.76,95.95,95.51,96.20,96.15,95.59,95.65
2013-11-10,96.01,97.76,95.95,95.52,96.20,96.16,95.59,95.65
2013-11-11,96.02,97.76,95.96,95.53,96.21,96.16,95.59,95.66
2013-11-12,96.03,97.76,95.96,95.54,96.22,96.17,95.59,95.67
2013-11-13,96.04,97.76,95.96,95.54,96.22,96.18,95.60,95.67
2013-11-14,96.05,97.76,95.96,95.55,96.23,96.18,95.60,95.68
2013-11-15,96.06,97.76,95.96,95.56,96.24,96.19,95.60,95.69
2013-11-16,96.08,97.76,95.97,95.57,96.24,96.19,95.61,95.69
2013-11-17,96.09,97.76,95.97,95.58,96.25,96.20,95.61,95.70
2013-11-18,96.10,97.76,95.97,95.59,96.25,96.21,95.61,95.70
2013-11-19,96.11,97.76,95.97,95.59,96.26,96.21,95.62,95.71
2013-11-20,96.12,97.76,95.98,95.60,96.27,96.22,95.62,95.72
2013-11-21,96.13,97.76,95.98,95.61,96.27,96.22,95.62,95.72
2013-11-22,96.14,97.76,95.98,95.62,96.28,96.23,95.62,95.73
2013-11-23,96.16,97.76,95.98,95.63,96.29,96.24,95.63,95.74
2013-11-24,96.17,97.76,95.98,95.64,96.29,96.24,95.63,95.74
2013-11-25,96.18,97.76,95.99,95.64,96.30,96.25,95.63,95.75
2013-11-26,96.19,97.76,95.99,95.65,96.31,96.25,95.64,95.75
2013-11-27,96.20,97.76,95.99,95.66,96.31,96.26,95.64,95.76
2013-11-28,96.21,97.77,95.99,95.67,96.32,96.27,95.64,95.77
2013-11-29,96.23,97.77,96.00,95.68,96.33,96.27,95.65,95.77
2013-11-30,96.24,97.77,96.00,95.69,96.33,96.28,95.65,95.78
2013-12-01,96.25,97.77,96.00,95.69,96.34,96.28,95.65,95.78
2013-12-02,96.28,97.77,95.99,95.70,96.34,96.29,95.66,95.79
2013-12-03,96.32,97.78,95.97,95.71,96.35,96.30,95.67,95.80
2013-12-04,96.35,97.78,95.96,95.72,96.35,96.30,95.67,95.80
2013-12-05,96.39,97.78,95.95,95.73,96.36,96.31,95.68,95.81
2013-12-06,96.43,97.79,95.94,95.73,96.36,96.31,95.69,95.81
2013-12-07,96.46,97.79,95.93,95.74,96.37,96.32,95.69,95.82
2013-12-08,96.50,97.79,95.91,95.75,96.37,96.33,95.70,95.83
2013-12-09,96.53,97.80,95.90,95.76,96.38,96.33,95.71,95.83
2013-12-10,96.57,97.80,95.89,95.77,96.38,96.34,95.71,95.84
2013-12-11,96.60,97.80,95.88,95.77,96.39,96.34,95.72,95.84
2013-12-12,96.64,97.81,95.86,95.78,96.39,96.35,95.73,95.85
2013-12-13,96.67,97.81,95.85,95.79,96.40,96.36,95.73,95.86
2013-12-14,96.71,97.81,95.84,95.80,96.40,96.36,95.74,95.86
2013-12-15,96.74,97.82,95.83,95.81,96.41,96.37,95.75,95.87
2013-12-16,96.78,97.82,95.81,95.81,96.41,96.37,95.75,95.87
2013-12-17,96.82,97.83,95.80,95.82,96.42,96.38,95.76,95.88
2013-12-18,96.85,97.83,95.79,95.83,96.42,96.39,95.77,95.88
2013-12-19,96.89,97.83,95.78,95.84,96.42,96.39,95.77,95.89
2013-12-20,96.92,97.84,95.76,95.85,96.43,96.40,95.78,95.90
2013-12-21,96.96,97.84,95.75,95.85,96.43,96.40,95.79,95.90
2013-12-22,96.99,97.85,95.74,95.86,96.44,96.41,95.79,95.91
2013-12-23,97.03,97.85,95.73,95.87,96.44,96.42,95.80,95.91
2013-12-24,97.06,97.86,95.71,95.88,96.45,96.42,95.81,95.92
2013-12-25,97.10,97.86,95.70,95.89,96.45,96.43,95.81,95.93
2013-12-26,97.13,97.87,95.69,95.89,96.46,96.43,95.82,95.93
2013-12-27,97.17,97.87,95.68,95.90,96.46,96.44,95.83,95.94
2013-12-28,97.20,97.87,95.66,95.91,96.47,96.45,95.83,95.94
2013-12-29,97.24,97.88,95.65,95.92,96.47,96.45,95.84,95.95
2013-12-30,97.28,97.88,95.64,95.92,96.48,96.46,95.85,95.95
2013-12-31,97.31,97.89,95.63,95.93,96.48,96.46,95.85,95.96
2014-01-01,97.35,97.89,95.61,95.94,96.49,96.47,95.86,95.97
2014-01-02,97.38,97.90,95.64,95.95,96.49,96.47,95.86,95.97
2014-01-03,97.41,97.90,95.66,95.96,96.50,96.48,95.87,95.98
2014-01-04,97.44,97.91,95.68,95.96,96.51,96.49,95.88,95.98
2014-01-05,97.48,97.91,95.70,95.97,96.51,96.49,95.88,95.99
2014-01-06,97.51,97.91,95.73,95.98,96.52,96.50,95.89,95.99
2014-01-07,97.54,97.92,95.75,95.99,96.53,96.50,95.89,96.00
2014-01-08,97.57,97.92,95.77,95.99,96.53,96.51,95.90,96.01
2014-01-09,97.60,97.93,95.79,96.00,96.54,96.52,95.90,96.01
2014-01-10,97.64,97.93,95.82,96.01,96.55,96.52,95.91,96.02
2014-01-11,97.67,97.94,95.84,96.02,96.55,96.53,95.92,96.02
2014-01-12,97.70,97.94,95.86,96.02,96.56,96.53,95.92,96.03
2014-01-13,97.73,97.95,95.88,96.03,96.57,96.54,95.93,96.03
2014-01-14,97.76,97.95,95.91,96.04,96.57,96.55,95.93,96.04
2014-01-15,97.80,97.95,95.93,96.05,96.58,96.55,95.94,96.05
2014-01-16,97.83,97.96,95.95,96.06,96.58,96.56,95.94,96.05
2014-01-17,97.86,97.96,95.97,96.06,96.59,96.56,95.95,96.06
2014-01-18,97.89,97.97,96.00,96.07,96.60,96.57,95.95,96.06
2014-01-19,97.92,97.97,96.02,96.08,96.60,96.58,95.96,96.07
2014-01-20,97.96,97.98,96.04,96.09,96.61,96.58,95.97,96.07
2014-01-21,97.99,97.98,96.06,96.09,96.62,96.59,95.97,96.08
2014-01-22,98.02,97.98,96.09,96.10,96.62,96.59,95.98,96.09
2014-01-23,98.05,97.99,96.11,96.11,96.63,96.60,95.98,96.09
2014-01-24,98.08,97.99,96.13,96.12,96.64,96.60,95.99,96.10
2014-01-25,98.12,97.99,96.15,96.13,96.64,96.61,95.99,96.10
2014-01-26,98.15,98.00,96.18,96.13,96.65,96.62,96.00,96.11
2014-01-27,98.18,98.00,96.20,96.14,96.66,96.62,96.01,96.11
2014-01-28,98.21,98.01,96.22,96.15,96.66,96.63,96.01,96.12
2014-01-29,98.25,98.01,96.24,96.16,96.67,96.63,96.02,96.13
2014-01-30,98.28,98.01,96.27,96.17,96.68,96.64,96.02,96.13
2014-01-31,98.31,98.02,96.29,96.17,96.68,96.65,96.03,96.14
2014-02-01,98.34,98.02,96.31,96.18,96.69,96.65,96.03,96.14
2014-02-02,98.35,98.02,96.34,96.19,96.70,96.66,96.04,96.15
2014-02-03,98.36,98.03,96.37,96.20,96.71,96.66,96.04,96.15
2014-02-04,98.37,98.03,96.40,96.21,96.72,96.67,96.04,96.16
2014-02-05,98.38,98.03,96.43,96.21,96.72,96.68,96.05,96.17
2014-02-06,98.39,98.03,96.47,96.22,96.73,96.68,96.05,96.17
2014-02-07,98.40,98.04,96.50,96.23,96.74,96.69,96.05,96.18
2014-02-08,98.41,98.04,96.53,96.24,96.75,96.69,96.06,96.18
2014-02-09,98.42,98.04,96.56,96.25,96.76,96.70,96.06,96.19
2014-02-10,98.43,98.05,96.59,96.25,96.77,96.71,96.06,96.20
2014-02-11,98.43,98.05,96.62,96.26,96.78,96.71,96.07,96.20
2014-02-12,98.44,98.05,96.65,96.27,96.79,96.72,96.07,96.21
2014-02-13,98.45,98.05,96.68,96.28,96.79,96.72,96.07,96.21
2014-02-14,98.46,98.06,96.71,96.29,96.80,96.73,96.08,96.22
2014-02-15,98.47,98.06,96.74,96.29,96.81,96.74,96.08,96.23
2014-02-16,98.48,98.06,96.78,96.30,96.82,96.74,96.08,96.23
2014-02-17,98.49,98.06,96.81,96.31,96.83,96.75,96.09,96.24
2014-02-18,98.50,98.06,96.84,96.32,96.84,96.75,96.09,96.24
2014-02-19,98.51,98.07,96.87,96.33,96.85,96.76,96.09,96.25
2014-02-20,98.52,98.07,96.90,96.34,96.85,96.77,96.10,96.26
2014-02-21,98.53,98.07,96.93,96.34,96.86,96.77,96.10,96.26
2014-02-22,98.54,98.07,96.96,96.35,96.87,96.78,96.10,96.27
2014-02-23,98.55,98.08,96.99,96.36,96.88,96.78,96.11,96.28
2014-02-24,98.56,98.08,97.02,96.37,96.89,96.79,96.11,96.28
2014-02-25,98.56,98.08,97.05,96.38,96.90,96.80,96.11,96.29
2014-02-26,98.57,98.08,97.09,96.39,96.91,96.80,96.12,96.29
2014-02-27,98.58,98.08,97.12,96.40,96.91,96.81,96.12,96.30
2014-02-28,98.59,98.08,97.15,96.40,96.92,96.81,96.12,96.31
2014-03-01,98.60,98.09,97.18,96.41,96.93,96.82,96.13,96.31
2014-03-02,98.60,98.09,97.18,96.42,96.94,96.82,96.13,96.32
2014-03-03,98.60,98.09,97.18,96.43,96.95,96.83,96.14,96.33
2014-03-04,98.59,98.09,97.18,96.44,96.96,96.84,96.15,96.33
2014-03-05,98.59,98.09,97.19,96.45,96.97,96.84,96.16,96.34
2014-03-06,98.59,98.09,97.19,96.46,96.98,96.85,96.16,96.34
2014-03-07,98.58,98.09,97.19,96.47,96.99,96.85,96.17,96.35
2014-03-08,98.58,98.10,97.19,96.47,97.00,96.86,96.18,96.36
2014-03-09,98.58,98.10,97.20,96.48,97.00,96.87,96.19,96.36
2014-03-10,98.58,98.10,97.20,96.49,97.01,96.87,96.20,96.37
2014-03-11,98.57,98.10,97.20,96.50,97.02,96.88,96.20,96.38
2014-03-12,98.57,98.10,97.20,96.51,97.03,96.88,96.21,96.38
2014-03-13,98.57,98.10,97.20,96.52,97.04,96.89,96.22,96.39
2014-03-14,98.57,98.10,97.21,96.53,97.05,96.90,96.23,96.40
2014-03-15,98.56,98.10,97.21,96.53,97.06,96.90,96.23,96.40
2014-03-16,98.56,98.10,97.21,96.54,97.07,96.91,96.24,96.41
2014-03-17,98.56,98.10,97.21,96.55,97.08,96.91,96.25,96.41
2014-03-18,98.55,98.10,97.21,96.56,97.09,96.92,96.26,96.42
2014-03-19,98.55,98.10,97.22,96.57,97.10,96.92,96.27,96.43
2014-03-20,98.55,98.10,97.22,96.58,97.10,96.93,96.27,96.43
2014-03-21,98.55,98.10,97.22,96.59,97.11,96.94,96.28,96.44
2014-03-22,98.54,98.10,97.22,96.59,97.12,96.94,96.29,96.45
2014-03-23,98.54,98.10,97.22,96.60,97.13,96.95,96.30,96.45
2014-03-24,98.54,98.10,97.23,96.61,97.14,96.95,96.30,96.46
2014-03-25,98.53,98.10,97.23,96.62,97.15,96.96,96.31,96.47
2014-03-26,98.53,98.10,97.23,96.63,97.16,96.97,96.32,96.47
2014-03-27,98.53,98.10,97.23,96.64,97.17,96.97,96.33,96.48
2014-03-28,98.53,98.10,97.24,96.64,97.18,96.98,96.34,96.49
2014-03-29,98.52,98.10,97.24,96.65,97.19,96.98,96.34,96.49
2014-03-30,98.52,98.10,97.24,96.66,97.20,96.99,96.35,96.50
2014-03-31,98.52,98.10,97.24,96.67,97.20,97.00,96.36,96.51
2014-04-01,98.51,98.10,97.24,96.68,97.21,97.00,96.37,96.51
2014-04-02,98.51,98.10,97.26,96.69,97.22,97.01,96.38,96.52
2014-04-03,98.51,98.10,97.27,96.70,97.22,97.01,96.39,96.53
2014-04-04,98.52,98.10,97.29,96.70,97.23,97.02,96.40,96.53
2014-04-05,98.52,98.10,97.30,96.71,97.23,97.03,96.42,96.54
2014-04-06,98.52,98.10,97.32,96.72,97.24,97.03,96.43,96.55
2014-04-07,98.52,98.10,97.33,96.73,97.24,97.04,96.44,96.55
2014-04-08,98.52,98.10,97.34,96.74,97.25,97.04,96.45,96.56
2014-04-09,98.52,98.10,97.36,96.75,97.25,97.05,96.47,96.57
2014-04-10,98.52,98.10,97.37,96.75,97.25,97.06,96.48,96.58
2014-04-11,98.52,98.10,97.39,96.76,97.26,97.06,96.49,96.58
2014-04-12,98.52,98.10,97.40,96.77,97.26,97.07,96.50,96.59
2014-04-13,98.52,98.10,97.42,96.78,97.27,97.07,96.52,96.60
2014-04-14,98.52,98.10,97.43,96.79,97.27,97.08,96.53,96.60
2014-04-15,98.52,98.10,97.45,96.80,97.28,97.09,96.54,96.61
2014-04-16,98.52,98.10,97.46,96.80,97.28,97.09,96.55,96.62
2014-04-17,98.52,98.10,97.47,96.81,97.29,97.10,96.57,96.62
2014-04-18,98.52,98.10,97.49,96.82,97.29,97.10,96.58,96.63
2014-04-19,98.52,98.10,97.50,96.83,97.30,97.11,96.59,96.64
2014-04-20,98.52,98.10,97.52,96.84,97.30,97.12,96.60,96.64
2014-04-21,98.52,98.10,97.53,96.84,97.30,97.12,96.62,96.65
2014-04-22,98.52,98.10,97.55,96.85,97.31,97.13,96.63,96.66
2014-04-23,98.52,98.10,97.56,96.86,97.31,97.13,96.64,96.66
2014-04-24,98.52,98.10,97.58,96.87,97.32,97.14,96.65,96.67
2014-04-25,98.52,98.10,97.59,96.88,97.32,97.14,96.66,96.68
2014-04-26,98.52,98.10,97.60,96.88,97.33,97.15,96.68,96.68
2014-04-27,98.52,98.10,97.62,96.89,97.33,97.16,96.69,96.69
2014-04-28,98.52,98.10,97.63,96.90,97.34,97.16,96.70,96.70
2014-04-29,98.52,98.10,97.65,96.91,97.34,97.17,96.71,96.70
2014-04-30,98.52,98.10,97.66,96.92,97.35,97.17,96.73,96.71
2014-05-01,98.52,98.10,97.68,96.92,97.35,97.18,96.74,96.72
2014-05-02,98.51,98.10,97.68,96.93,97.35,97.19,96.74,96.72
2014-05-03,98.50,98.10,97.69,96.94,97.36,97.19,96.74,96.73
2014-05-04,98.48,98.10,97.69,96.95,97.36,97.20,96.75,96.73
2014-05-05,98.47,98.10,97.69,96.96,97.37,97.20,96.75,96.74
2014-05-06,98.45,98.10,97.70,96.96,97.37,97.21,96.75,96.75
2014-05-07,98.44,98.10,97.70,96.97,97.38,97.21,96.75,96.75
2014-05-08,98.43,98.11,97.71,96.98,97.38,97.22,96.75,96.76
2014-05-09,98.41,98.11,97.71,96.99,97.38,97.23,96.76,96.77
2014-05-10,98.40,98.11,97.72,96.99,97.39,97.23,96.76,96.77
2014-05-11,98.38,98.11,97.72,97.00,97.39,97.24,96.76,96.78
2014-05-12,98.37,98.11,97.72,97.01,97.40,97.24,96.76,96.79
2014-05-13,98.36,98.11,97.73,97.02,97.40,97.25,96.77,96.79
2014-05-14,98.34,98.11,97.73,97.02,97.40,97.25,96.77,96.80
2014-05-15,98.33,98.12,97.74,97.03,97.41,97.26,96.77,96.81
2014-05-16,98.31,98.12,97.74,97.04,97.41,97.27,96.77,96.81
2014-05-17,98.30,98.12,97.74,97.05,97.42,97.27,96.77,96.82
2014-05-18,98.29,98.12,97.75,97.05,97.42,97.28,96.78,96.83
2014-05-19,98.27,98.12,97.75,97.06,97.43,97.28,96.78,96.83
2014-05-20,98.26,98.13,97.76,97.07,97.43,97.29,96.78,96.84
2014-05-21,98.24,98.13,97.76,97.08,97.43,97.30,96.78,96.84
2014-05-22,98.23,98.13,97.77,97.08,97.44,97.30,96.78,96.85
2014-05-23,98.22,98.14,97.77,97.09,97.44,97.31,96.79,96.86
2014-05-24,98.20,98.14,97.77,97.10,97.45,97.31,96.79,96.86
2014-05-25,98.19,98.14,97.78,97.11,97.45,97.32,96.79,96.87
2014-05-26,98.17,98.14,97.78,97.11,97.45,97.32,96.79,96.88
2014-05-27,98.16,98.15,97.79,97.12,97.46,97.33,96.80,96.88
2014-05-28,98.15,98.15,97.79,97.13,97.46,97.33,96.80,96.89
2014-05-29,98.13,98.15,97.80,97.14,97.47,97.34,96.80,96.89
2014-05-30,98.12,98.16,97.80,97.14,97.47,97.35,96.80,96.90
2014-05-31,98.10,98.16,97.80,97.15,97.48,97.35,96.80,96.91
2014-06-01,98.09,98.17,97.81,97.16,97.48,97.36,96.81,96.91
2014-06-02,98.10,98.17,97.81,97.16,97.48,97.36,96.81,96.92
2014-06-03,98.11,98.17,97.81,97.17,97.49,97.37,96.82,96.93
2014-06-04,98.12,98.18,97.81,97.18,97.49,97.37,96.83,96.93
2014-06-05,98.13,98.18,97.81,97.19,97.50,97.38,96.84,96.94
2014-06-06,98.14,98.19,97.81,97.19,97.50,97.39,96.84,96.94
2014-06-07,98.15,98.19,97.81,97.20,97.50,97.39,96.85,96.95
2014-06-08,98.16,98.20,97.81,97.21,97.51,97.40,96.86,96.96
2014-06-09,98.17,98.20,97.81,97.21,97.51,97.40,96.86,96.96
2014-06-10,98.18,98.21,97.81,97.22,97.52,97.41,96.87,96.97
2014-06-11,98.19,98.21,97.81,97.23,97.52,97.41,96.88,96.97
2014-06-12,98.21,98.22,97.81,97.24,97.52,97.42,96.89,96.98
2014-06-13,98.22,98.22,97.81,97.24,97.53,97.42,96.89,96.99
2014-06-14,98.23,98.23,97.81,97.25,97.53,97.43,96.90,96.99
2014-06-15,98.24,98.24,97.81,97.26,97.54,97.44,96.91,97.00
2014-06-16,98.25,98.24,97.81,97.26,97.54,97.44,96.91,97.00
2014-06-17,98.26,98.25,97.81,97.27,97.54,97.45,96.92,97.01
2014-06-18,98.27,98.25,97.81,97.28,97.55,97.45,96.93,97.02
2014-06-19,98.28,98.26,97.81,97.28,97.55,97.46,96.94,97.02
2014-06-20,98.29,98.27,97.81,97.29,97.56,97.46,96.94,97.03
2014-06-21,98.30,98.27,97.81,97.30,97.56,97.47,96.95,97.04
2014-06-22,98.31,98.28,97.81,97.30,97.56,97.47,96.96,97.04
2014-06-23,98.32,98.28,97.81,97.31,97.57,97.48,96.97,97.05
2014-06-24,98.33,98.29,97.81,97.32,97.57,97.49,96.97,97.05
2014-06-25,98.34,98.30,97.81,97.33,97.58,97.49,96.98,97.06
2014-06-26,98.35,98.30,97.81,97.33,97.58,97.50,96.99,97.07
2014-06-27,98.36,98.31,97.81,97.34,97.58,97.50,96.99,97.07
2014-06-28,98.37,98.32,97.81,97.35,97.59,97.51,97.00,97.08
2014-06-29,98.38,98.32,97.81,97.35,97.59,97.51,97.01,97.09
2014-06-30,98.39,98.33,97.81,97.36,97.60,97.52,97.02,97.09
2014-07-01,98.40,98.34,97.81,97.37,97.60,97.52,97.02,97.10
2014-07-02,98.43,98.35,97.81,97.37,97.60,97.53,97.03,97.10
2014-07-03,98.45,98.35,97.81,97.38,97.61,97.54,97.03,97.11
2014-07-04,98.48,98.36,97.82,97.39,97.61,97.54,97.03,97.12
2014-07-05,98.51,98.37,97.82,97.39,97.62,97.55,97.03,97.12
2014-07-06,98.53,98.37,97.82,97.40,97.62,97.55,97.04,97.13
2014-07-07,98.56,98.38,97.83,97.41,97.62,97.56,97.04,97.14
2014-07-08,98.58,98.39,97.83,97.42,97.63,97.56,97.04,97.14
2014-07-09,98.61,98.40,97.83,97.42,97.63,97.57,97.05,97.15
2014-07-10,98.63,98.40,97.84,97.43,97.63,97.57,97.05,97.16
2014-07-11,98.66,98.41,97.84,97.44,97.64,97.58,97.05,97.16
2014-07-12,98.69,98.42,97.84,97.44,97.64,97.59,97.06,97.17
2014-07-13,98.71,98.43,97.85,97.45,97.65,97.59,97.06,97.18
2014-07-14,98.74,98.44,97.85,97.46,97.65,97.60,97.06,97.18
2014-07-15,98.76,98.44,97.85,97.47,97.65,97.60,97.06,97.19
2014-07-16,98.79,98.45,97.85,97.47,97.66,97.61,97.07,97.20
2014-07-17,98.81,98.46,97.86,97.48,97.66,97.61,97.07,97.20
2014-07-18,98.84,98.47,97.86,97.49,97.66,97.62,97.07,97.21
2014-07-19,98.87,98.48,97.86,97.50,97.67,97.62,97.08,97.22
2014-07-20,98.89,98.48,97.87,97.50,97.67,97.63,97.08,97.22
2014-07-21,98.92,98.49,97.87,97.51,97.68,97.63,97.08,97.23
2014-07-22,98.94,98.50,97.87,97.52,97.68,97.64,97.08,97.24
2014-07-23,98.97,98.51,97.88,97.53,97.68,97.64,97.09,97.24
2014-07-24,98.99,98.52,97.88,97.54,97.69,97.65,97.09,97.25
2014-07-25,99.02,98.52,97.88,97.54,97.69,97.65,97.09,97.26
2014-07-26,99.05,98.53,97.88,97.55,97.70,97.66,97.10,97.26
2014-07-27,99.07,98.54,97.89,97.56,97.70,97.66,97.10,97.27
2014-07-28,99.10,98.55,97.89,97.57,97.70,97.67,97.10,97.28
2014-07-29,99.12,98.56,97.89,97.58,97.71,97.68,97.11,97.29
2014-07-30,99.15,98.56,97.90,97.58,97.71,97.68,97.11,97.29
2014-07-31,99.17,98.57,97.90,97.59,97.71,97.69,97.11,97.30
2014-08-01,99.20,98.58,97.90,97.60,97.72,97.69,97.11,97.31
2014-08-02,99.22,98.59,97.90,97.61,97.72,97.70,97.12,97.32
2014-08-03,99.24,98.60,97.90,97.62,97.73,97.70,97.13,97.32
2014-08-04,99.26,98.60,97.90,97.62,97.74,97.71,97.14,97.33
2014-08-05,99.28,98.61,97.90,97.63,97.74,97.71,97.15,97.34
2014-08-06,99.31,98.62,97.90,97.64,97.75,97.72,97.16,97.35
2014-08-07,99.33,98.63,97.90,97.65,97.75,97.72,97.17,97.35
2014-08-08,99.35,98.63,97.90,97.66,97.76,97.73,97.18,97.36
2014-08-09,99.37,98.64,97.90,97.66,97.77,97.73,97.19,97.37
2014-08-10,99.39,98.65,97.90,97.67,97.77,97.74,97.20,97.37
2014-08-11,99.41,98.65,97.90,97.68,97.78,97.74,97.21,97.38
2014-08-12,99.43,98.66,97.90,97.69,97.78,97.75,97.21,97.39
2014-08-13,99.45,98.67,97.90,97.69,97.79,97.75,97.22,97.40
2014-08-14,99.47,98.68,97.90,97.70,97.79,97.76,97.23,97.40
2014-08-15,99.50,98.68,97.90,97.71,97.80,97.76,97.24,97.41
2014-08-16,99.52,98.69,97.90,97.72,97.81,97.77,97.25,97.42
2014-08-17,99.54,98.69,97.90,97.73,97.81,97.77,97.26,97.42
2014-08-18,99.56,98.70,97.90,97.73,97.82,97.78,97.27,97.43
2014-08-19,99.58,98.71,97.90,97.74,97.82,97.78,97.28,97.44
2014-08-20,99.60,98.71,97.90,97.75,97.83,97.79,97.29,97.45
2014-08-21,99.62,98.72,97.90,97.75,97.83,97.79,97.30,97.45
2014-08-22,99.64,98.72,97.90,97.76,97.84,97.80,97.31,97.46
2014-08-23,99.67,98.73,97.90,97.77,97.85,97.80,97.31,97.47
2014-08-24,99.69,98.73,97.90,97.78,97.85,97.81,97.32,97.47
2014-08-25,99.71,98.74,97.90,97.78,97.86,97.81,97.33,97.48
2014-08-26,99.73,98.74,97.90,97.79,97.86,97.82,97.34,97.49
2014-08-27,99.75,98.75,97.90,97.80,97.87,97.82,97.35,97.49
2014-08-28,99.77,98.75,97.90,97.80,97.88,97.83,97.36,97.50
2014-08-29,99.79,98.76,97.90,97.81,97.88,97.83,97.37,97.51
2014-08-30,99.81,98.76,97.90,97.82,97.89,97.84,97.38,97.51
2014-08-31,99.83,98.77,97.90,97.83,97.89,97.84,97.39,97.52
2014-09-01,99.86,98.77,97.90,97.83,97.90,97.85,97.40,97.53
2014-09-02,99.79,98.77,97.90,97.84,97.90,97.85,97.40,97.53
2014-09-03,99.73,98.78,97.90,97.85,97.91,97.86,97.40,97.54
2014-09-04,99.66,98.78,97.90,97.85,97.92,97.87,97.41,97.55
2014-09-05,99.60,98.78,97.90,97.86,97.92,97.87,97.41,97.55
2014-09-06,99.53,98.79,97.90,97.87,97.93,97.88,97.42,97.56
2014-09-07,99.47,98.79,97.90,97.87,97.93,97.88,97.42,97.57
2014-09-08,99.40,98.79,97.90,97.88,97.94,97.89,97.43,97.57
2014-09-09,99.34,98.80,97.91,97.89,97.94,97.89,97.43,97.58
2014-09-10,99.27,98.80,97.91,97.89,97.95,97.90,97.43,97.59
2014-09-11,99.21,98.80,97.91,97.90,97.95,97.90,97.44,97.59
2014-09-12,99.14,98.80,97.91,97.91,97.96,97.91,97.44,97.60
2014-09-13,99.08,98.81,97.91,97.91,97.96,97.91,97.45,97.61
2014-09-14,99.01,98.81,97.91,97.92,97.97,97.92,97.45,97.61
2014-09-15,98.95,98.81,97.91,97.93,97.97,97.92,97.45,97.62
2014-09-16,98.88,98.81,97.91,97.93,97.98,97.93,97.46,97.63
2014-09-17,98.82,98.81,97.91,97.94,97.99,97.94,97.46,97.64
2014-09-18,98.75,98.81,97.91,97.95,97.99,97.94,97.47,97.64
2014-09-19,98.69,98.82,97.91,97.95,98.00,97.95,97.47,97.65
2014-09-20,98.62,98.82,97.91,97.96,98.00,97.95,97.47,97.66
2014-09-21,98.56,98.82,97.91,97.97,98.01,97.96,97.48,97.66
2014-09-22,98.49,98.82,97.91,97.97,98.01,97.96,97.48,97.67
2014-09-23,98.43,98.82,97.91,97.98,98.02,97.97,97.49,97.68
2014-09-24,98.36,98.82,97.91,97.99,98.02,97.97,97.49,97.68
2014-09-25,98.30,98.82,97.91,97.99,98.03,97.98,97.50,97.69
2014-09-26,98.23,98.82,97.91,98.00,98.03,97.98,97.50,97.70
2014-09-27,98.17,98.82,97.91,98.01,98.04,97.99,97.50,97.70
2014-09-28,98.10,98.83,97.91,98.01,98.05,98.00,97.51,97.71
2014-09-29,98.04,98.83,97.91,98.02,98.05,98.00,97.51,97.72
2014-09-30,97.97,98.83,97.91,98.03,98.06,98.01,97.52,97.72
2014-10-01,97.91,98.83,97.91,98.03,98.06,98.01,97.52,97.73
2014-10-02,97.90,98.83,97.90,98.04,98.07,98.02,97.53,97.74
2014-10-03,97.89,98.83,97.89,98.05,98.08,98.02,97.53,97.74
2014-10-04,97.88,98.83,97.88,98.05,98.08,98.03,97.54,97.75
2014-10-05,97.87,98.83,97.87,98.06,98.09,98.03,97.55,97.76
2014-10-06,97.86,98.83,97.86,98.06,98.10,98.04,97.55,97.76
2014-10-07,97.85,98.83,97.84,98.07,98.11,98.05,97.56,97.77
2014-10-08,97.84,98.83,97.83,98.08,98.11,98.05,97.57,97.78
2014-10-09,97.83,98.83,97.82,98.08,98.12,98.06,97.57,97.78
2014-10-10,97.81,98.83,97.81,98.09,98.13,98.06,97.58,97.79
2014-10-11,97.80,98.83,97.80,98.10,98.14,98.07,97.58,97.80
2014-10-12,97.79,98.83,97.79,98.10,98.14,98.07,97.59,97.80
2014-10-13,97.78,98.83,97.78,98.11,98.15,98.08,97.60,97.81
2014-10-14,97.77,98.83,97.77,98.11,98.16,98.08,97.60,97.82
2014-10-15,97.76,98.83,97.75,98.12,98.17,98.09,97.61,97.82
2014-10-16,97.75,98.83,97.74,98.13,98.17,98.10,97.62,97.83
2014-10-17,97.74,98.83,97.73,98.13,98.18,98.10,97.62,97.84
2014-10-18,97.73,98.83,97.72,98.14,98.19,98.11,97.63,97.84
2014-10-19,97.72,98.83,97.71,98.14,98.20,98.11,97.64,97.85
2014-10-20,97.71,98.83,97.70,98.15,98.20,98.12,97.64,97.86
2014-10-21,97.70,98.84,97.69,98.16,98.21,98.12,97.65,97.87
2014-10-22,97.69,98.84,97.68,98.16,98.22,98.13,97.66,97.87
2014-10-23,97.68,98.84,97.66,98.17,98.23,98.13,97.66,97.88
2014-10-24,97.67,98.84,97.65,98.17,98.23,98.14,97.67,97.89
2014-10-25,97.66,98.84,97.64,98.18,98.24,98.15,97.68,97.89
2014-10-26,97.64,98.84,97.63,98.19,98.25,98.15,97.68,97.90
2014-10-27,97.63,98.84,97.62,98.19,98.26,98.16,97.69,97.91
2014-10-28,97.62,98.84,97.61,98.20,98.26,98.16,97.69,97.91
2014-10-29,97.61,98.85,97.60,98.20,98.27,98.17,97.70,97.92
2014-10-30,97.60,98.85,97.59,98.21,98.28,98.17,97.71,97.93
2014-10-31,97.59,98.85,97.58,98.21,98.29,98.18,97.71,97.93
2014-11-01,97.58,98.85,97.56,98.22,98.29,98.18,97.72,97.94
2014-11-02,97.60,98.85,97.58,98.23,98.30,98.19,97.73,97.95
2014-11-03,97.62,98.86,97.59,98.23,98.31,98.20,97.74,97.95
2014-11-04,97.64,98.86,97.61,98.24,98.31,98.20,97.74,97.96
2014-11-05,97.66,98.86,97.62,98.24,98.32,98.21,97.75,97.97
2014-11-06,97.68,98.86,97.63,98.25,98.33,98.21,97.76,97.97
2014-11-07,97.70,98.86,97.65,98.25,98.33,98.22,97.77,97.98
2014-11-08,97.72,98.87,97.66,98.26,98.34,98.22,97.77,97.99
2014-11-09,97.74,98.87,97.67,98.27,98.35,98.23,97.78,97.99
2014-11-10,97.75,98.87,97.69,98.27,98.35,98.23,97.79,98.00
2014-11-11,97.77,98.88,97.70,98.28,98.36,98.24,97.80,98.01
2014-11-12,97.79,98.88,97.72,98.28,98.37,98.25,97.80,98.01
2014-11-13,97.81,98.88,97.73,98.29,98.38,98.25,97.81,98.02
2014-11-14,97.83,98.89,97.74,98.29,98.38,98.26,97.82,98.02
2014-11-15,97.85,98.89,97.76,98.30,98.39,98.26,97.83,98.03
2014-11-16,97.87,98.89,97.77,98.31,98.40,98.27,97.83,98.04
2014-11-17,97.89,98.90,97.78,98.31,98.40,98.27,97.84,98.04
2014-11-18,97.91,98.90,97.80,98.32,98.41,98.28,97.85,98.05
2014-11-19,97.93,98.90,97.81,98.32,98.42,98.28,97.85,98.06
2014-11-20,97.95,98.91,97.83,98.33,98.42,98.29,97.86,98.06
2014-11-21,97.97,98.91,97.84,98.34,98.43,98.30,97.87,98.07
2014-11-22,97.99,98.92,97.85,98.34,98.44,98.30,97.88,98.08
2014-11-23,98.01,98.92,97.87,98.35,98.44,98.31,97.88,98.08
2014-11-24,98.03,98.92,97.88,98.36,98.45,98.31,97.89,98.09
2014-11-25,98.05,98.93,97.90,98.36,98.46,98.32,97.90,98.10
2014-11-26,98.06,98.93,97.91,98.37,98.46,98.32,97.91,98.10
2014-11-27,98.08,98.94,97.92,98.37,98.47,98.33,97.91,98.11
2014-11-28,98.10,98.94,97.94,98.38,98.48,98.34,97.92,98.12
2014-11-29,98.12,98.95,97.95,98.39,98.48,98.34,97.93,98.12
2014-11-30,98.14,98.95,97.96,98.39,98.49,98.35,97.94,98.13
2014-12-01,98.16,98.96,97.98,98.40,98.50,98.35,97.94,98.14
2014-12-02,98.21,98.96,98.03,98.41,98.52,98.36,97.95,98.14
2014-12-03,98.26,98.97,98.09,98.41,98.54,98.36,97.96,98.15
2014-12-04,98.31,98.97,98.14,98.42,98.56,98.37,97.97,98.16
2014-12-05,98.36,98.98,98.20,98.43,98.58,98.37,97.98,98.16
2014-12-06,98.41,98.98,98.25,98.43,98.60,98.38,97.99,98.17
2014-12-07,98.46,98.99,98.31,98.44,98.62,98.39,98.00,98.18
2014-12-08,98.51,99.00,98.36,98.45,98.63,98.39,98.00,98.18
2014-12-09,98.56,99.00,98.42,98.45,98.65,98.40,98.01,98.19
2014-12-10,98.61,99.01,98.48,98.46,98.67,98.40,98.02,98.20
2014-12-11,98.66,99.01,98.53,98.47,98.69,98.41,98.03,98.20
2014-12-12,98.71,99.02,98.59,98.47,98.71,98.41,98.04,98.21
2014-12-13,98.76,99.03,98.64,98.48,98.73,98.42,98.05,98.22
2014-12-14,98.82,99.03,98.70,98.49,98.75,98.43,98.06,98.22
2014-12-15,98.87,99.04,98.75,98.50,98.77,98.43,98.06,98.23
2014-12-16,98.92,99.05,98.81,98.51,98.79,98.44,98.07,98.24
2014-12-17,98.97,99.05,98.86,98.51,98.81,98.44,98.08,98.24
2014-12-18,99.02,99.06,98.92,98.52,98.83,98.45,98.09,98.25
2014-12-19,99.07,99.07,98.97,98.53,98.85,98.46,98.10,98.26
2014-12-20,99.12,99.08,99.03,98.54,98.87,98.46,98.11,98.26
2014-12-21,99.17,99.08,99.08,98.55,98.89,98.47,98.11,98.27
2014-12-22,99.22,99.09,99.14,98.56,98.91,98.47,98.12,98.28
2014-12-23,99.27,99.10,99.19,98.56,98.93,98.48,98.13,98.28
2014-12-24,99.32,99.11,99.25,98.57,98.95,98.49,98.14,98.29
2014-12-25,99.37,99.11,99.30,98.58,98.97,98.49,98.15,98.30
2014-12-26,99.42,99.12,99.36,98.59,98.98,98.50,98.16,98.30
2014-12-27,99.47,99.13,99.41,98.60,99.00,98.51,98.17,98.31
2014-12-28,99.52,99.14,99.47,98.61,99.02,98.51,98.17,98.32
2014-12-29,99.57,99.15,99.52,98.62,99.04,98.52,98.18,98.33
2014-12-30,99.62,99.15,99.58,98.63,99.06,98.52,98.19,98.33
2014-12-31,99.67,99.16,99.63,98.64,99.08,98.53,98.20,98.34
2015-01-01,99.72,99.17,99.69,98.65,99.10,98.54,98.21,98.35
2015-01-02,99.74,99.18,99.69,98.66,99.10,98.54,98.22,98.35
2015-01-03,99.76,99.19,99.70,98.67,99.11,98.55,98.22,98.36
2015-01-04,99.79,99.20,99.70,98.68,99.11,98.56,98.23,98.37
2015-01-05,99.81,99.20,99.71,98.69,99.12,98.56,98.24,98.38
2015-01-06,99.83,99.21,99.71,98.70,99.12,98.57,98.25,98.38
2015-01-07,99.85,99.22,99.72,98.71,99.12,98.58,98.25,98.39
2015-01-08,99.87,99.23,99.72,98.72,99.13,98.58,98.26,98.40
2015-01-09,99.89,99.24,99.73,98.73,99.13,98.59,98.27,98.40
2015-01-10,99.92,99.25,99.73,98.74,99.13,98.60,98.28,98.41
2015-01-11,99.94,99.25,99.74,98.75,99.14,98.60,98.29,98.42
2015-01-12,99.96,99.26,99.74,98.76,99.14,98.61,98.29,98.43
2015-01-13,99.98,99.27,99.74,98.77,99.14,98.62,98.30,98.43
2015-01-14,100.00,99.28,99.75,98.78,99.15,98.62,98.31,98.44
2015-01-15,100.02,99.29,99.75,98.79,99.15,98.63,98.32,98.45
2015-01-16,100.04,99.30,99.76,98.80,99.15,98.64,98.32,98.45
2015-01-17,100.07,99.30,99.76,98.81,99.16,98.64,98.33,98.46
2015-01-18,100.09,99.31,99.77,98.82,99.16,98.65,98.34,98.47
2015-01-19,100.11,99.32,99.77,98.83,99.16,98.66,98.35,98.48
2015-01-20,100.13,99.33,99.78,98.84,99.17,98.66,98.36,98.48
2015-01-21,100.15,99.34,99.78,98.85,99.17,98.67,98.36,98.49
2015-01-22,100.17,99.34,99.78,98.86,99.18,98.68,98.37,98.50
2015-01-23,100.20,99.35,99.79,98.87,99.18,98.68,98.38,98.50
2015-01-24,100.22,99.36,99.79,98.88,99.18,98.69,98.39,98.51
2015-01-25,100.24,99.37,99.80,98.89,99.19,98.70,98.39,98.52
2015-01-26,100.26,99.37,99.80,98.90,99.19,98.70,98.40,98.53
2015-01-27,100.28,99.38,99.81,98.91,99.19,98.71,98.41,98.53
2015-01-28,100.30,99.39,99.81,98.92,99.20,98.71,98.42,98.54
2015-01-29,100.33,99.40,99.82,98.93,99.20,98.72,98.43,98.55
2015-01-30,100.35,99.40,99.82,98.94,99.20,98.73,98.43,98.55
2015-01-31,100.37,99.41,99.83,98.95,99.21,98.73,98.44,98.56
2015-02-01,100.39,99.42,99.83,98.96,99.21,98.74,98.45,98.57
2015-02-02,100.36,99.43,99.85,98.97,99.22,98.75,98.47,98.58
2015-02-03,100.32,99.43,99.86,98.98,99.22,98.75,98.50,98.58
2015-02-04,100.29,99.44,99.88,98.99,99.23,98.76,98.52,98.59
2015-02-05,100.26,99.45,99.89,99.00,99.23,98.77,98.54,98.60
2015-02-06,100.22,99.45,99.91,99.01,99.24,98.77,98.57,98.60
2015-02-07,100.19,99.46,99.92,99.02,99.25,98.78,98.59,98.61
2015-02-08,100.15,99.47,99.94,99.03,99.25,98.79,98.61,98.62
2015-02-09,100.12,99.47,99.96,99.04,99.26,98.79,98.64,98.63
2015-02-10,100.09,99.48,99.97,99.05,99.26,98.80,98.66,98.63
2015-02-11,100.05,99.48,99.99,99.06,99.27,98.80,98.68,98.64
2015-02-12,100.02,99.49,100.00,99.07,99.27,98.81,98.71,98.65
2015-02-13,99.98,99.50,100.02,99.08,99.28,98.82,98.73,98.65
2015-02-14,99.95,99.50,100.03,99.09,99.29,98.82,98.75,98.66
2015-02-15,99.92,99.51,100.05,99.10,99.29,98.83,98.78,98.67
2015-02-16,99.88,99.51,100.07,99.11,99.30,98.84,98.80,98.68
2015-02-17,99.85,99.52,100.08,99.12,99.30,98.84,98.83,98.68
2015-02-18,99.81,99.52,100.10,99.13,99.31,98.85,98.85,98.69
2015-02-19,99.78,99.53,100.11,99.14,99.31,98.86,98.87,98.70
2015-02-20,99.75,99.53,100.13,99.15,99.32,98.86,98.90,98.71
2015-02-21,99.71,99.54,100.14,99.16,99.33,98.87,98.92,98.71
2015-02-22,99.68,99.54,100.16,99.17,99.33,98.88,98.94,98.72
2015-02-23,99.64,99.55,100.18,99.18,99.34,98.88,98.97,98.73
2015-02-24,99.61,99.55,100.19,99.19,99.34,98.89,98.99,98.73
2015-02-25,99.58,99.55,100.21,99.20,99.35,98.89,99.01,98.74
2015-02-26,99.54,99.56,100.22,99.21,99.35,98.90,99.04,98.75
2015-02-27,99.51,99.56,100.24,99.22,99.36,98.91,99.06,98.76
2015-02-28,99.48,99.57,100.25,99.22,99.37,98.91,99.08,98.76
2015-03-01,99.44,99.57,100.27,99.23,99.37,98.92,99.11,98.77
2015-03-02,99.44,99.57,100.26,99.24,99.38,98.93,99.13,98.78
2015-03-03,99.43,99.58,100.24,99.25,99.38,98.93,99.15,98.79
2015-03-04,99.43,99.58,100.23,99.26,99.39,98.94,99.17,98.79
2015-03-05,99.43,99.58,100.22,99.27,99.40,98.94,99.19,98.80
2015-03-06,99.43,99.59,100.21,99.28,99.40,98.95,99.21,98.81
2015-03-07,99.42,99.59,100.19,99.29,99.41,98.96,99.23,98.82
2015-03-08,99.42,99.59,100.18,99.30,99.42,98.96,99.25,98.83
2015-03-09,99.42,99.59,100.17,99.31,99.42,98.97,99.27,98.83
2015-03-10,99.41,99.60,100.16,99.32,99.43,98.98,99.29,98.84
2015-03-11,99.41,99.60,100.14,99.33,99.44,98.98,99.31,98.85
2015-03-12,99.41,99.60,100.13,99.34,99.44,98.99,99.34,98.86
2015-03-13,99.40,99.61,100.12,99.35,99.45,99.00,99.36,98.86
2015-03-14,99.40,99.61,100.11,99.36,99.46,99.00,99.38,98.87
2015-03-15,99.40,99.61,100.09,99.37,99.46,99.01,99.40,98.88
2015-03-16,99.39,99.62,100.08,99.38,99.47,99.01,99.42,98.89
2015-03-17,99.39,99.62,100.07,99.38,99.47,99.02,99.44,98.90
2015-03-18,99.39,99.62,100.06,99.39,99.48,99.03,99.46,98.90
2015-03-19,99.38,99.62,100.04,99.40,99.49,99.03,99.48,98.91
2015-03-20,99.38,99.63,100.03,99.41,99.49,99.04,99.50,98.92
2015-03-21,99.38,99.63,100.02,99.42,99.50,99.05,99.52,98.93
2015-03-22,99.37,99.63,100.01,99.43,99.51,99.05,99.54,98.94
2015-03-23,99.37,99.64,99.99,99.44,99.51,99.06,99.56,98.94
2015-03-24,99.37,99.64,99.98,99.45,99.52,99.06,99.58,98.95
2015-03-25,99.36,99.64,99.97,99.46,99.53,99.07,99.60,98.96
2015-03-26,99.36,99.65,99.96,99.46,99.53,99.08,99.62,98.97
2015-03-27,99.36,99.65,99.94,99.47,99.54,99.08,99.64,98.98
2015-03-28,99.35,99.65,99.93,99.48,99.55,99.09,99.67,98.98
2015-03-29,99.35,99.65,99.92,99.49,99.55,99.09,99.69,98.99
2015-03-30,99.35,99.66,99.91,99.50,99.56,99.10,99.71,99.00
2015-03-31,99.34,99.66,99.89,99.51,99.56,99.11,99.73,99.01
2015-04-01,99.34,99.66,99.88,99.52,99.57,99.11,99.75,99.02
2015-04-02,99.39,99.67,99.89,99.52,99.58,99.12,99.76,99.02
2015-04-03,99.44,99.67,99.89,99.53,99.58,99.13,99.77,99.03
2015-04-04,99.49,99.67,99.90,99.54,99.59,99.13,99.78,99.04
2015-04-05,99.53,99.68,99.91,99.55,99.60,99.14,99.79,99.05
2015-04-06,99.58,99.68,99.91,99.56,99.60,99.14,99.80,99.06
2015-04-07,99.63,99.68,99.92,99.57,99.61,99.15,99.81,99.07
2015-04-08,99.68,99.69,99.93,99.57,99.62,99.16,99.82,99.07
2015-04-09,99.73,99.69,99.93,99.58,99.62,99.16,99.83,99.08
2015-04-10,99.78,99.70,99.94,99.59,99.63,99.17,99.84,99.09
2015-04-11,99.82,99.70,99.95,99.60,99.63,99.17,99.85,99.10
2015-04-12,99.87,99.70,99.95,99.61,99.64,99.18,99.86,99.11
2015-04-13,99.92,99.71,99.96,99.62,99.65,99.19,99.87,99.11
2015-04-14,99.97,99.71,99.97,99.62,99.65,99.19,99.88,99.12
2015-04-15,100.02,99.72,99.97,99.63,99.66,99.20,99.89,99.13
2015-04-16,100.07,99.72,99.98,99.64,99.67,99.21,99.90,99.14
2015-04-17,100.11,99.73,99.99,99.65,99.67,99.21,99.91,99.15
2015-04-18,100.16,99.73,99.99,99.66,99.68,99.22,99.92,99.16
2015-04-19,100.21,99.74,100.00,99.67,99.69,99.22,99.93,99.16
2015-04-20,100.26,99.74,100.01,99.68,99.69,99.23,99.94,99.17
2015-04-21,100.31,99.75,100.01,99.68,99.70,99.24,99.95,99.18
2015-04-22,100.36,99.75,100.02,99.69,99.70,99.24,99.97,99.19
2015-04-23,100.40,99.76,100.03,99.70,99.71,99.25,99.98,99.20
2015-04-24,100.45,99.76,100.03,99.71,99.72,99.26,99.99,99.21
2015-04-25,100.50,99.77,100.04,99.72,99.72,99.26,100.00,99.21
2015-04-26,100.55,99.78,100.05,99.73,99.73,99.27,100.01,99.22
2015-04-27,100.60,99.78,100.05,99.74,99.74,99.27,100.02,99.23
2015-04-28,100.65,99.79,100.06,99.74,99.74,99.28,100.03,99.24
2015-04-29,100.69,99.79,100.07,99.75,99.75,99.29,100.04,99.25
2015-04-30,100.74,99.80,100.07,99.76,99.75,99.29,100.05,99.26
2015-05-01,100.79,99.81,100.08,99.77,99.76,99.30,100.06,99.26
2015-05-02,100.78,99.81,100.07,99.78,99.77,99.31,100.06,99.27
2015-05-03,100.77,99.82,100.06,99.79,99.77,99.31,100.07,99.28
2015-05-04,100.76,99.83,100.06,99.80,99.78,99.32,100.07,99.29
2015-05-05,100.75,99.83,100.05,99.80,99.78,99.33,100.08,99.30
2015-05-06,100.74,99.84,100.04,99.81,99.79,99.33,100.08,99.30
2015-05-07,100.73,99.85,100.03,99.82,99.80,99.34,100.09,99.31
2015-05-08,100.72,99.85,100.02,99.83,99.80,99.34,100.09,99.32
2015-05-09,100.71,99.86,100.02,99.84,99.81,99.35,100.10,99.33
2015-05-10,100.70,99.87,100.01,99.85,99.81,99.36,100.10,99.34
2015-05-11,100.69,99.88,100.00,99.86,99.82,99.36,100.11,99.35
2015-05-12,100.68,99.88,99.99,99.86,99.82,99.37,100.11,99.35
2015-05-13,100.67,99.89,99.98,99.87,99.83,99.38,100.12,99.36
2015-05-14,100.66,99.90,99.98,99.88,99.84,99.38,100.13,99.37
2015-05-15,100.66,99.90,99.97,99.89,99.84,99.39,100.13,99.38
2015-05-16,100.65,99.91,99.96,99.90,99.85,99.39,100.14,99.39
2015-05-17,100.64,99.92,99.95,99.91,99.85,99.40,100.14,99.40
2015-05-18,100.63,99.92,99.94,99.91,99.86,99.41,100.15,99.40
2015-05-19,100.62,99.93,99.93,99.92,99.87,99.41,100.15,99.41
2015-05-20,100.61,99.94,99.93,99.93,99.87,99.42,100.16,99.42
2015-05-21,100.60,99.95,99.92,99.94,99.88,99.43,100.16,99.43
2015-05-22,100.59,99.95,99.91,99.95,99.88,99.43,100.17,99.44
2015-05-23,100.58,99.96,99.90,99.95,99.89,99.44,100.17,99.45
2015-05-24,100.57,99.97,99.89,99.96,99.89,99.45,100.18,99.45
2015-05-25,100.56,99.97,99.89,99.97,99.90,99.45,100.18,99.46
2015-05-26,100.55,99.98,99.88,99.98,99.91,99.46,100.19,99.47
2015-05-27,100.54,99.99,99.87,99.99,99.91,99.46,100.19,99.48
2015-05-28,100.53,100.00,99.86,99.99,99.92,99.47,100.20,99.49
2015-05-29,100.52,100.00,99.85,100.00,99.92,99.48,100.20,99.50
2015-05-30,100.51,100.01,99.85,100.01,99.93,99.48,100.21,99.50
2015-05-31,100.50,100.02,99.84,100.02,99.93,99.49,100.21,99.51
2015-06-01,100.49,100.02,99.83,100.03,99.94,99.50,100.22,99.52
2015-06-02,100.48,100.03,99.83,100.03,99.95,99.50,100.22,99.53
2015-06-03,100.47,100.04,99.82,100.04,99.95,99.51,100.23,99.54
2015-06-04,100.46,100.05,99.82,100.05,99.96,99.52,100.23,99.55
2015-06-05,100.46,100.05,99.82,100.06,99.96,99.52,100.24,99.56
2015-06-06,100.45,100.06,99.82,100.06,99.97,99.53,100.24,99.56
2015-06-07,100.44,100.07,99.81,100.07,99.97,99.53,100.24,99.57
2015-06-08,100.43,100.07,99.81,100.08,99.98,99.54,100.25,99.58
2015-06-09,100.42,100.08,99.81,100.09,99.99,99.55,100.25,99.59
2015-06-10,100.41,100.09,99.81,100.09,99.99,99.55,100.26,99.60
2015-06-11,100.40,100.10,99.80,100.10,100.00,99.56,100.26,99.61
2015-06-12,100.40,100.10,99.80,100.11,100.00,99.57,100.27,99.61
2015-06-13,100.39,100.11,99.80,100.12,100.01,99.57,100.27,99.62
2015-06-14,100.38,100.12,99.80,100.13,100.01,99.58,100.27,99.63
2015-06-15,100.37,100.12,99.79,100.13,100.02,99.59,100.28,99.64
2015-06-16,100.36,100.13,99.79,100.14,100.03,99.59,100.28,99.65
2015-06-17,100.35,100.14,99.79,100.15,100.03,99.60,100.29,99.66
2015-06-18,100.34,100.14,99.78,100.16,100.04,99.61,100.29,99.66
2015-06-19,100.33,100.15,99.78,100.16,100.04,99.61,100.30,99.67
2015-06-20,100.33,100.16,99.78,100.17,100.05,99.62,100.30,99.68
2015-06-21,100.32,100.16,99.78,100.18,100.05,99.63,100.31,99.69
2015-06-22,100.31,100.17,99.77,100.18,100.06,99.63,100.31,99.70
2015-06-23,100.30,100.18,99.77,100.19,100.07,99.64,100.31,99.71
2015-06-24,100.29,100.19,99.77,100.20,100.07,99.64,100.32,99.72
2015-06-25,100.28,100.19,99.77,100.21,100.08,99.65,100.32,99.72
2015-06-26,100.27,100.20,99.76,100.21,100.08,99.66,100.33,99.73
2015-06-27,100.27,100.21,99.76,100.22,100.09,99.66,100.33,99.74
2015-06-28,100.26,100.21,99.76,100.23,100.09,99.67,100.34,99.75
2015-06-29,100.25,100.22,99.75,100.24,100.10,99.68,100.34,99.76
2015-06-30,100.24,100.23,99.75,100.24,100.10,99.68,100.34,99.77
2015-07-01,100.23,100.23,99.75,100.25,100.11,99.69,100.35,99.78
2015-07-02,100.25,100.24,99.77,100.26,100.12,99.70,100.35,99.78
2015-07-03,100.27,100.25,99.78,100.27,100.12,99.70,100.36,99.79
2015-07-04,100.29,100.25,99.80,100.27,100.13,99.71,100.36,99.80
2015-07-05,100.32,100.26,99.81,100.28,100.13,99.72,100.36,99.81
2015-07-06,100.34,100.27,99.83,100.29,100.14,99.72,100.36,99.82
2015-07-07,100.36,100.27,99.84,100.30,100.14,99.73,100.37,99.83
2015-07-08,100.38,100.28,99.86,100.30,100.15,99.74,100.37,99.83
2015-07-09,100.40,100.29,99.88,100.31,100.15,99.74,100.37,99.84
2015-07-10,100.42,100.30,99.89,100.32,100.16,99.75,100.38,99.85
2015-07-11,100.44,100.30,99.91,100.33,100.17,99.76,100.38,99.86
2015-07-12,100.46,100.31,99.92,100.33,100.17,99.76,100.38,99.87
2015-07-13,100.49,100.32,99.94,100.34,100.18,99.77,100.39,99.88
2015-07-14,100.51,100.32,99.96,100.35,100.18,99.78,100.39,99.89
2015-07-15,100.53,100.33,99.97,100.36,100.19,99.78,100.39,99.89
2015-07-16,100.55,100.34,99.99,100.36,100.19,99.79,100.40,99.90
2015-07-17,100.57,100.34,100.00,100.37,100.20,99.80,100.40,99.91
2015-07-18,100.59,100.35,100.02,100.38,100.20,99.80,100.40,99.92
2015-07-19,100.61,100.36,100.03,100.39,100.21,99.81,100.41,99.93
2015-07-20,100.64,100.36,100.05,100.39,100.21,99.82,100.41,99.94
2015-07-21,100.66,100.37,100.07,100.40,100.22,99.82,100.41,99.95
2015-07-22,100.68,100.38,100.08,100.41,100.23,99.83,100.42,99.96
2015-07-23,100.70,100.39,100.10,100.42,100.23,99.84,100.42,99.96
2015-07-24,100.72,100.39,100.11,100.43,100.24,99.84,100.42,99.97
2015-07-25,100.74,100.40,100.13,100.43,100.24,99.85,100.43,99.98
2015-07-26,100.76,100.41,100.15,100.44,100.25,99.86,100.43,99.99
2015-07-27,100.78,100.41,100.16,100.45,100.25,99.86,100.43,100.00
2015-07-28,100.81,100.42,100.18,100.46,100.26,99.87,100.44,100.01
2015-07-29,100.83,100.43,100.19,100.47,100.26,99.88,100.44,100.02
2015-07-30,100.85,100.44,100.21,100.48,100.27,99.88,100.44,100.02
2015-07-31,100.87,100.44,100.22,100.48,100.27,99.89,100.44,100.03
2015-08-01,100.89,100.45,100.24,100.49,100.28,99.90,100.45,100.04
2015-08-02,100.88,100.46,100.23,100.50,100.28,99.90,100.45,100.05
2015-08-03,100.88,100.46,100.21,100.51,100.29,99.91,100.45,100.06
2015-08-04,100.87,100.47,100.20,100.52,100.29,99.92,100.46,100.07
2015-08-05,100.86,100.48,100.18,100.53,100.30,99.92,100.46,100.08
2015-08-06,100.86,100.48,100.17,100.53,100.30,99.93,100.46,100.08
2015-08-07,100.85,100.49,100.16,100.54,100.31,99.94,100.46,100.09
2015-08-08,100.85,100.50,100.14,100.55,100.31,99.94,100.47,100.10
2015-08-09,100.84,100.50,100.13,100.56,100.32,99.95,100.47,100.11
2015-08-10,100.83,100.51,100.12,100.57,100.32,99.96,100.47,100.12
2015-08-11,100.83,100.52,100.10,100.58,100.33,99.96,100.47,100.13
2015-08-12,100.82,100.52,100.09,100.58,100.33,99.97,100.48,100.14
2015-08-13,100.81,100.53,100.07,100.59,100.33,99.98,100.48,100.15
2015-08-14,100.81,100.54,100.06,100.60,100.34,99.98,100.48,100.15
2015-08-15,100.80,100.54,100.05,100.61,100.34,99.99,100.48,100.16
2015-08-16,100.79,100.55,100.03,100.62,100.35,100.00,100.49,100.17
2015-08-17,100.79,100.56,100.02,100.63,100.35,100.00,100.49,100.18
2015-08-18,100.78,100.56,100.00,100.63,100.36,100.01,100.49,100.19
2015-08-19,100.77,100.57,99.99,100.64,100.36,100.02,100.49,100.20
2015-08-20,100.77,100.57,99.98,100.65,100.37,100.02,100.50,100.21
2015-08-21,100.76,100.58,99.96,100.66,100.37,100.03,100.50,100.21
2015-08-22,100.76,100.59,99.95,100.67,100.38,100.04,100.50,100.22
2015-08-23,100.75,100.59,99.94,100.67,100.38,100.04,100.50,100.23
2015-08-24,100.74,100.60,99.92,100.68,100.38,100.05,100.51,100.24
2015-08-25,100.74,100.60,99.91,100.69,100.39,100.05,100.51,100.25
2015-08-26,100.73,100.61,99.89,100.70,100.39,100.06,100.51,100.26
2015-08-27,100.72,100.61,99.88,100.71,100.40,100.07,100.52,100.27
2015-08-28,100.72,100.62,99.87,100.71,100.40,100.07,100.52,100.27
2015-08-29,100.71,100.63,99.85,100.72,100.41,100.08,100.52,100.28
2015-08-30,100.70,100.63,99.84,100.73,100.41,100.09,100.52,100.29
2015-08-31,100.70,100.64,99.82,100.74,100.42,100.09,100.53,100.30
2015-09-01,100.69,100.64,99.81,100.75,100.42,100.10,100.53,100.31
2015-09-02,100.66,100.65,99.82,100.76,100.43,100.11,100.53,100.32
2015-09-03,100.62,100.65,99.82,100.76,100.43,100.11,100.54,100.32
2015-09-04,100.59,100.66,99.83,100.77,100.44,100.12,100.55,100.33
2015-09-05,100.56,100.66,99.83,100.78,100.44,100.13,100.55,100.34
2015-09-06,100.52,100.67,99.84,100.79,100.44,100.13,100.56,100.35
2015-09-07,100.49,100.67,99.85,100.80,100.45,100.14,100.57,100.36
2015-09-08,100.46,100.68,99.85,100.80,100.45,100.15,100.57,100.37
2015-09-09,100.42,100.68,99.86,100.81,100.46,100.15,100.58,100.38
2015-09-10,100.39,100.69,99.86,100.82,100.46,100.16,100.59,100.38
2015-09-11,100.36,100.69,99.87,100.83,100.47,100.17,100.59,100.39
2015-09-12,100.32,100.70,99.88,100.83,100.47,100.17,100.60,100.40
2015-09-13,100.29,100.70,99.88,100.84,100.48,100.18,100.60,100.41
2015-09-14,100.26,100.71,99.89,100.85,100.48,100.19,100.61,100.42
2015-09-15,100.22,100.71,99.89,100.86,100.49,100.19,100.62,100.43
2015-09-16,100.19,100.72,99.90,100.87,100.49,100.20,100.62,100.44
2015-09-17,100.16,100.72,99.91,100.87,100.50,100.21,100.63,100.44
2015-09-18,100.12,100.73,99.91,100.88,100.50,100.21,100.64,100.45
2015-09-19,100.09,100.73,99.92,100.89,100.51,100.22,100.64,100.46
2015-09-20,100.06,100.73,99.92,100.90,100.51,100.22,100.65,100.47
2015-09-21,100.02,100.74,99.93,100.91,100.51,100.23,100.66,100.48
2015-09-22,99.99,100.74,99.94,100.91,100.52,100.24,100.66,100.49
2015-09-23,99.96,100.75,99.94,100.92,100.52,100.24,100.67,100.50
2015-09-24,99.92,100.75,99.95,100.93,100.53,100.25,100.67,100.50
2015-09-25,99.89,100.76,99.95,100.94,100.53,100.26,100.68,100.51
2015-09-26,99.86,100.76,99.96,100.95,100.54,100.26,100.69,100.52
2015-09-27,99.82,100.77,99.97,100.95,100.54,100.27,100.69,100.53
2015-09-28,99.79,100.77,99.97,100.96,100.55,100.28,100.70,100.54
2015-09-29,99.76,100.78,99.98,100.97,100.55,100.28,100.71,100.55
2015-09-30,99.72,100.78,99.98,100.98,100.56,100.29,100.71,100.56
2015-10-01,99.69,100.79,99.99,100.99,100.56,100.30,100.72,100.57
2015-10-02,99.65,100.79,100.00,100.99,100.57,100.30,100.73,100.57
2015-10-03,99.61,100.80,100.02,101.00,100.57,100.31,100.74,100.58
2015-10-04,99.56,100.80,100.03,101.01,100.58,100.32,100.75,100.59
2015-10-05,99.52,100.81,100.04,101.02,100.58,100.32,100.76,100.60
2015-10-06,99.48,100.81,100.05,101.02,100.59,100.33,100.76,100.61
2015-10-07,99.44,100.82,100.07,101.03,100.59,100.33,100.77,100.62
2015-10-08,99.39,100.82,100.08,101.04,100.60,100.34,100.78,100.63
2015-10-09,99.35,100.83,100.09,101.05,100.60,100.35,100.79,100.64
2015-10-10,99.31,100.83,100.10,101.06,100.61,100.35,100.80,100.64
2015-10-11,99.27,100.84,100.12,101.06,100.62,100.36,100.81,100.65
2015-10-12,99.22,100.84,100.13,101.07,100.62,100.37,100.82,100.66
2015-10-13,99.18,100.85,100.14,101.08,100.63,100.37,100.83,100.67
2015-10-14,99.14,100.85,100.15,101.09,100.63,100.38,100.84,100.68
2015-10-15,99.10,100.85,100.17,101.09,100.64,100.38,100.85,100.69
2015-10-16,99.05,100.86,100.18,101.10,100.64,100.39,100.85,100.70
2015-10-17,99.01,100.86,100.19,101.11,100.65,100.40,100.86,100.71
2015-10-18,98.97,100.87,100.20,101.12,100.65,100.40,100.87,100.72
2015-10-19,98.92,100.87,100.22,101.13,100.66,100.41,100.88,100.73
2015-10-20,98.88,100.88,100.23,101.13,100.67,100.42,100.89,100.73
2015-10-21,98.84,100.88,100.24,101.14,100.67,100.42,100.90,100.74
2015-10-22,98.80,100.89,100.25,101.15,100.68,100.43,100.91,100.75
2015-10-23,98.75,100.90,100.27,101.16,100.68,100.43,100.92,100.76
2015-10-24,98.71,100.90,100.28,101.17,100.69,100.44,100.93,100.77
2015-10-25,98.67,100.91,100.29,101.17,100.69,100.45,100.94,100.78
2015-10-26,98.63,100.91,100.30,101.18,100.70,100.45,100.94,100.79
2015-10-27,98.58,100.92,100.32,101.19,100.70,100.46,100.95,100.80
2015-10-28,98.54,100.92,100.33,101.20,100.71,100.47,100.96,100.81
2015-10-29,98.50,100.93,100.34,101.20,100.71,100.47,100.97,100.81
2015-10-30,98.46,100.93,100.35,101.21,100.72,100.48,100.98,100.82
2015-10-31,98.41,100.94,100.37,101.22,100.73,100.48,100.99,100.83
2015-11-01,98.37,100.94,100.38,101.23,100.73,100.49,101.00,100.84
2015-11-02,98.42,100.95,100.38,101.24,100.74,100.50,101.00,100.85
2015-11-03,98.48,100.95,100.37,101.24,100.74,100.50,101.01,100.86
2015-11-04,98.53,100.96,100.37,101.25,100.75,100.51,101.02,100.87
2015-11-05,98.58,100.97,100.36,101.26,100.76,100.51,101.02,100.88
2015-11-06,98.63,100.97,100.36,101.27,100.77,100.52,101.03,100.89
2015-11-07,98.69,100.98,100.35,101.28,100.77,100.53,101.03,100.90
2015-11-08,98.74,100.98,100.35,101.28,100.78,100.53,101.04,100.91
2015-11-09,98.79,100.99,100.35,101.29,100.79,100.54,101.04,100.91
2015-11-10,98.85,101.00,100.34,101.30,100.79,100.54,101.05,100.92
2015-11-11,98.90,101.00,100.34,101.31,100.80,100.55,101.05,100.93
2015-11-12,98.95,101.01,100.33,101.32,100.81,100.56,101.06,100.94
2015-11-13,99.00,101.02,100.33,101.32,100.81,100.56,101.07,100.95
2015-11-14,99.06,101.02,100.32,101.33,100.82,100.57,101.07,100.96
2015-11-15,99.11,101.03,100.32,101.34,100.83,100.57,101.08,100.97
2015-11-16,99.16,101.04,100.31,101.35,100.84,100.58,101.08,100.98
2015-11-17,99.21,101.05,100.31,101.35,100.84,100.59,101.09,100.99
2015-11-18,99.27,101.05,100.31,101.36,100.85,100.59,101.09,101.00
2015-11-19,99.32,101.06,100.30,101.37,100.86,100.60,101.10,101.01
2015-11-20,99.37,101.07,100.30,101.38,100.86,100.60,101.11,101.01
2015-11-21,99.42,101.08,100.29,101.39,100.87,100.61,101.11,101.02
2015-11-22,99.48,101.09,100.29,101.39,100.88,100.62,101.12,101.03
2015-11-23,99.53,101.10,100.28,101.40,100.88,100.62,101.12,101.04
2015-11-24,99.58,101.10,100.28,101.41,100.89,100.63,101.13,101.05
2015-11-25,99.64,101.11,100.28,101.42,100.90,100.63,101.13,101.06
2015-11-26,99.69,101.12,100.27,101.42,100.91,100.64,101.14,101.07
2015-11-27,99.74,101.13,100.27,101.43,100.91,100.65,101.15,101.08
2015-11-28,99.79,101.14,100.26,101.44,100.92,100.65,101.15,101.09
2015-11-29,99.85,101.15,100.26,101.45,100.93,100.66,101.16,101.10
2015-11-30,99.90,101.16,100.25,101.46,100.93,100.66,101.16,101.10
2015-12-01,99.95,101.17,100.25,101.46,100.94,100.67,101.17,101.11
2015-12-02,99.98,101.18,100.34,101.47,100.95,100.68,101.15,101.12
2015-12-03,100.00,101.19,100.42,101.48,100.95,100.68,101.14,101.13
2015-12-04,100.03,101.20,100.51,101.49,100.96,100.69,101.12,101.14
2015-12-05,100.06,101.21,100.59,101.49,100.96,100.69,101.10,101.15
2015-12-06,100.08,101.21,100.68,101.50,100.97,100.70,101.09,101.16
2015-12-07,100.11,101.22,100.76,101.51,100.97,100.71,101.07,101.17
2015-12-08,100.13,101.23,100.85,101.52,100.98,100.71,101.06,101.17
2015-12-09,100.16,101.24,100.93,101.53,100.98,100.72,101.04,101.18
2015-12-10,100.19,101.25,101.02,101.53,100.99,100.72,101.02,101.19
2015-12-11,100.21,101.26,101.10,101.54,101.00,100.73,101.01,101.20
2015-12-12,100.24,101.27,101.19,101.55,101.00,100.74,100.99,101.21
2015-12-13,100.26,101.28,101.27,101.56,101.01,100.74,100.97,101.22
2015-12-14,100.29,101.29,101.36,101.57,101.01,100.75,100.96,101.22
2015-12-15,100.32,101.30,101.44,101.58,101.02,100.75,100.94,101.23
2015-12-16,100.34,101.31,101.53,101.58,101.02,100.76,100.93,101.24
2015-12-17,100.37,101.32,101.61,101.59,101.03,100.76,100.91,101.25
2015-12-18,100.40,101.33,101.70,101.60,101.03,100.77,100.89,101.26
2015-12-19,100.42,101.34,101.78,101.61,101.04,100.77,100.88,101.26
2015-12-20,100.45,101.34,101.87,101.62,101.05,100.78,100.86,101.27
2015-12-21,100.47,101.35,101.95,101.63,101.05,100.79,100.85,101.28
2015-12-22,100.50,101.36,102.04,101.64,101.06,100.79,100.83,101.28
2015-12-23,100.53,101.37,102.12,101.65,101.06,100.80,100.81,101.29
2015-12-24,100.55,101.38,102.21,101.66,101.07,100.80,100.80,101.30
2015-12-25,100.58,101.39,102.29,101.67,101.07,100.81,100.78,101.31
2015-12-26,100.60,101.39,102.38,101.68,101.08,100.81,100.76,101.31
2015-12-27,100.63,101.40,102.46,101.69,101.08,100.82,100.75,101.32
2015-12-28,100.66,101.41,102.55,101.69,101.09,100.82,100.73,101.33
2015-12-29,100.68,101.42,102.63,101.70,101.09,100.83,100.72,101.33
2015-12-30,100.71,101.43,102.72,101.71,101.10,100.83,100.70,101.34
2015-12-31,100.73,101.43,102.80,101.72,101.11,100.84,100.68,101.34
2016-01-01,100.76,101.44,102.89,101.73,101.11,100.84,100.67,101.35
2016-01-02,100.85,101.45,102.90,101.74,101.11,100.85,100.68,101.36
2016-01-03,100.93,101.45,102.91,101.75,101.12,100.85,100.69,101.36
2016-01-04,101.02,101.46,102.92,101.76,101.12,100.86,100.70,101.37
2016-01-05,101.11,101.47,102.94,101.77,101.13,100.86,100.71,101.38
2016-01-06,101.19,101.48,102.95,101.79,101.13,100.87,100.72,101.38
2016-01-07,101.28,101.48,102.96,101.80,101.13,100.87,100.72,101.39
2016-01-08,101.36,101.49,102.97,101.81,101.14,100.88,100.73,101.39
2016-01-09,101.45,101.50,102.98,101.82,101.14,100.88,100.74,101.40
2016-01-10,101.54,101.50,102.99,101.83,101.14,100.89,100.75,101.40
2016-01-11,101.62,101.51,103.01,101.84,101.15,100.89,100.76,101.41
2016-01-12,101.71,101.52,103.02,101.85,101.15,100.89,100.77,101.42
2016-01-13,101.79,101.53,103.03,101.86,101.15,100.90,100.78,101.42
2016-01-14,101.88,101.53,103.04,101.87,101.16,100.90,100.79,101.43
2016-01-15,101.97,101.54,103.05,101.88,101.16,100.91,100.80,101.43
2016-01-16,102.05,101.55,103.06,101.89,101.16,100.91,100.81,101.44
2016-01-17,102.14,101.56,103.08,101.90,101.17,100.92,100.82,101.45
2016-01-18,102.23,101.56,103.09,101.91,101.17,100.92,100.83,101.45
2016-01-19,102.31,101.57,103.10,101.92,101.17,100.93,100.84,101.46
2016-01-20,102.40,101.58,103.11,101.93,101.18,100.93,100.85,101.46
2016-01-21,102.48,101.58,103.12,101.94,101.18,100.94,100.86,101.47
2016-01-22,102.57,101.59,103.13,101.95,101.19,100.94,100.86,101.48
2016-01-23,102.66,101.60,103.15,101.96,101.19,100.95,100.87,101.48
2016-01-24,102.74,101.61,103.16,101.97,101.19,100.95,100.88,101.49
2016-01-25,102.83,101.61,103.17,101.98,101.20,100.96,100.89,101.50
2016-01-26,102.91,101.62,103.18,101.99,101.20,100.96,100.90,101.50
2016-01-27,103.00,101.63,103.19,102.00,101.20,100.97,100.91,101.51
2016-01-28,103.09,101.64,103.20,102.01,101.21,100.97,100.92,101.51
2016-01-29,103.17,101.64,103.22,102.02,101.21,100.98,100.93,101.52
2016-01-30,103.26,101.65,103.23,102.03,101.21,100.98,100.94,101.53
2016-01-31,103.35,101.66,103.24,102.04,101.22,100.99,100.95,101.53
2016-02-01,103.43,101.67,103.25,102.05,101.22,100.99,100.96,101.54
2016-02-02,103.39,101.67,103.26,102.06,101.23,101.00,100.97,101.54
2016-02-03,103.35,101.68,103.27,102.07,101.23,101.00,100.98,101.55
2016-02-04,103.31,101.69,103.28,102.08,101.24,101.00,100.99,101.56
2016-02-05,103.27,101.70,103.29,102.09,101.24,101.01,101.00,101.56
2016-02-06,103.23,101.70,103.30,102.10,101.25,101.01,101.01,101.57
2016-02-07,103.19,101.71,103.31,102.11,101.26,101.02,101.02,101.58
2016-02-08,103.15,101.72,103.32,102.12,101.26,101.02,101.04,101.58
2016-02-09,103.11,101.73,103.33,102.13,101.27,101.03,101.05,101.59
2016-02-10,103.07,101.73,103.34,102.14,101.27,101.03,101.06,101.60
2016-02-11,103.02,101.74,103.35,102.15,101.28,101.04,101.07,101.60
2016-02-12,102.98,101.75,103.36,102.16,101.29,101.04,101.08,101.61
2016-02-13,102.94,101.75,103.37,102.17,101.29,101.05,101.09,101.61
2016-02-14,102.90,101.76,103.38,102.18,101.30,101.05,101.10,101.62
2016-02-15,102.86,101.76,103.39,102.19,101.30,101.06,101.11,101.63
2016-02-16,102.82,101.77,103.40,102.20,101.31,101.06,101.12,101.63
2016-02-17,102.78,101.78,103.41,102.21,101.31,101.07,101.13,101.64
2016-02-18,102.74,101.78,103.42,102.22,101.32,101.07,101.15,101.65
2016-02-19,102.70,101.79,103.43,102.23,101.33,101.08,101.16,101.65
2016-02-20,102.66,101.79,103.44,102.24,101.33,101.08,101.17,101.66
2016-02-21,102.62,101.80,103.45,102.25,101.34,101.09,101.18,101.67
2016-02-22,102.58,101.80,103.46,102.26,101.34,101.09,101.19,101.67
2016-02-23,102.54,101.81,103.47,102.27,101.35,101.10,101.20,101.68
2016-02-24,102.50,101.81,103.48,102.28,101.36,101.10,101.21,101.69
2016-02-25,102.45,101.82,103.49,102.29,101.36,101.11,101.22,101.69
2016-02-26,102.41,101.82,103.50,102.30,101.37,101.11,101.23,101.70
2016-02-27,102.37,101.83,103.51,102.31,101.37,101.12,101.25,101.70
2016-02-28,102.33,101.83,103.52,102.32,101.38,101.12,101.26,101.71
2016-02-29,102.29,101.84,103.53,102.33,101.38,101.13,101.27,101.72
2016-03-01,102.25,101.84,103.54,102.34,101.39,101.13,101.28,101.72
2016-03-02,102.25,101.84,103.54,102.35,101.39,101.14,101.29,101.73
2016-03-03,102.25,101.85,103.54,102.36,101.40,101.14,101.29,101.74
2016-03-04,102.26,101.85,103.54,102.37,101.40,101.15,101.30,101.74
2016-03-05,102.26,101.86,103.54,102.38,101.41,101.15,101.31,101.75
2016-03-06,102.26,101.86,103.54,102.39,101.41,101.16,101.31,101.76
2016-03-07,102.26,101.87,103.54,102.40,101.41,101.16,101.32,101.76
2016-03-08,102.26,101.87,103.54,102.41,101.42,101.17,101.33,101.77
2016-03-09,102.26,101.87,103.54,102.42,101.42,101.17,101.34,101.77
2016-03-10,102.27,101.88,103.54,102.43,101.42,101.18,101.34,101.78
2016-03-11,102.27,101.88,103.54,102.44,101.43,101.18,101.35,101.79
2016-03-12,102.27,101.89,103.54,102.44,101.43,101.19,101.36,101.79
2016-03-13,102.27,101.89,103.54,102.45,101.43,101.19,101.36,101.80
2016-03-14,102.27,101.89,103.54,102.46,101.44,101.20,101.37,101.81
2016-03-15,102.27,101.90,103.54,102.47,101.44,101.20,101.38,101.81
2016-03-16,102.28,101.90,103.55,102.48,101.44,101.21,101.39,101.82
2016-03-17,102.28,101.91,103.55,102.49,101.45,101.21,101.39,101.83
2016-03-18,102.28,101.91,103.55,102.50,101.45,101.22,101.40,101.83
2016-03-19,102.28,101.91,103.55,102.51,101.46,101.22,101.41,101.84
2016-03-20,102.28,101.92,103.55,102.52,101.46,101.23,101.41,101.85
2016-03-21,102.28,101.92,103.55,102.53,101.46,101.23,101.42,101.85
2016-03-22,102.29,101.93,103.55,102.54,101.47,101.24,101.43,101.86
2016-03-23,102.29,101.93,103.55,102.55,101.47,101.24,101.43,101.86
2016-03-24,102.29,101.94,103.55,102.56,101.47,101.25,101.44,101.87
2016-03-25,102.29,101.94,103.55,102.57,101.48,101.25,101.45,101.88
2016-03-26,102.29,101.94,103.55,102.58,101.48,101.26,101.46,101.88
2016-03-27,102.29,101.95,103.55,102.59,101.48,101.27,101.46,101.89
2016-03-28,102.29,101.95,103.55,102.59,101.49,101.27,101.47,101.90
2016-03-29,102.30,101.96,103.55,102.60,101.49,101.28,101.48,101.90
2016-03-30,102.30,101.96,103.55,102.61,101.49,101.28,101.48,101.91
2016-03-31,102.30,101.97,103.55,102.62,101.50,101.29,101.49,101.92
2016-04-01,102.30,101.97,103.55,102.63,101.50,101.29,101.50,101.92
2016-04-02,102.27,101.98,103.56,102.64,101.51,101.30,101.51,101.93
2016-04-03,102.23,101.98,103.57,102.65,101.51,101.30,101.52,101.93
2016-04-04,102.20,101.99,103.58,102.66,101.52,101.31,101.53,101.94
2016-04-05,102.16,101.99,103.58,102.67,101.52,101.31,101.54,101.95
2016-04-06,102.12,102.00,103.59,102.68,101.52,101.32,101.55,101.95
2016-04-07,102.09,102.00,103.60,102.69,101.53,101.32,101.56,101.96
2016-04-08,102.05,102.01,103.61,102.69,101.53,101.33,101.57,101.97
2016-04-09,102.02,102.01,103.62,102.70,101.54,101.33,101.58,101.97
2016-04-10,101.98,102.01,103.63,102.71,101.54,101.34,101.59,101.98
2016-04-11,101.95,102.02,103.64,102.72,101.55,101.34,101.60,101.98
2016-04-12,101.91,102.02,103.65,102.73,101.55,101.35,101.61,101.99
2016-04-13,101.88,102.03,103.65,102.74,101.56,101.35,101.62,102.00
2016-04-14,101.84,102.03,103.66,102.75,101.56,101.36,101.63,102.00
2016-04-15,101.81,102.04,103.67,102.76,101.57,101.36,101.64,102.01
2016-04-16,101.77,102.04,103.68,102.76,101.57,101.37,101.65,102.02
2016-04-17,101.74,102.05,103.69,102.77,101.58,101.37,101.66,102.02
2016-04-18,101.70,102.05,103.70,102.78,101.58,101.38,101.67,102.03
2016-04-19,101.66,102.05,103.71,102.79,101.59,101.38,101.68,102.03
2016-04-20,101.63,102.06,103.71,102.80,101.59,101.39,101.70,102.04
2016-04-21,101.59,102.06,103.72,102.81,101.59,101.39,101.71,102.05
2016-04-22,101.56,102.07,103.73,102.82,101.60,101.40,101.72,102.05
2016-04-23,101.52,102.07,103.74,102.82,101.60,101.40,101.73,102.06
2016-04-24,101.49,102.08,103.75,102.83,101.61,101.41,101.74,102.06
2016-04-25,101.45,102.08,103.76,102.84,101.61,101.41,101.75,102.07
2016-04-26,101.42,102.08,103.77,102.85,101.62,101.42,101.76,102.08
2016-04-27,101.38,102.09,103.77,102.86,101.62,101.42,101.77,102.08
2016-04-28,101.35,102.09,103.78,102.87,101.63,101.42,101.78,102.09
2016-04-29,101.31,102.10,103.79,102.88,101.63,101.43,101.79,102.09
2016-04-30,101.28,102.10,103.80,102.88,101.64,101.43,101.80,102.10
2016-05-01,101.24,102.10,103.81,102.89,101.64,101.44,101.81,102.11
2016-05-02,101.19,102.11,103.81,102.90,101.65,101.44,101.81,102.11
2016-05-03,101.14,102.11,103.81,102.91,101.65,101.45,101.81,102.12
2016-05-04,101.09,102.12,103.81,102.92,101.66,101.45,101.81,102.12
2016-05-05,101.04,102.12,103.80,102.93,101.66,101.46,101.81,102.13
2016-05-06,100.99,102.12,103.80,102.93,101.67,101.46,101.81,102.14
2016-05-07,100.93,102.13,103.80,102.94,101.67,101.47,101.81,102.14
2016-05-08,100.88,102.13,103.80,102.95,101.67,101.47,101.81,102.15
2016-05-09,100.83,102.14,103.80,102.96,101.68,101.48,101.81,102.15
2016-05-10,100.78,102.14,103.80,102.97,101.68,101.48,101.81,102.16
2016-05-11,100.73,102.14,103.80,102.98,101.69,101.49,101.81,102.16
2016-05-12,100.68,102.15,103.80,102.98,101.69,101.49,101.81,102.17
2016-05-13,100.63,102.15,103.79,102.99,101.70,101.50,101.81,102.18
2016-05-14,100.58,102.16,103.79,103.00,101.70,101.50,101.81,102.18
2016-05-15,100.53,102.16,103.79,103.01,101.71,101.51,101.81,102.19
2016-05-16,100.48,102.17,103.79,103.02,101.71,101.51,101.81,102.19
2016-05-17,100.42,102.17,103.79,103.02,101.72,101.52,101.81,102.20
2016-05-18,100.37,102.18,103.79,103.03,101.72,101.52,101.81,102.21
2016-05-19,100.32,102.18,103.79,103.04,101.73,101.53,101.81,102.21
2016-05-20,100.27,102.19,103.79,103.05,101.73,101.53,101.81,102.22
2016-05-21,100.22,102.19,103.78,103.06,101.74,101.54,101.81,102.22
2016-05-22,100.17,102.19,103.78,103.06,101.74,101.54,101.82,102.23
2016-05-23,100.12,102.20,103.78,103.07,101.75,101.55,101.82,102.24
2016-05-24,100.07,102.20,103.78,103.08,101.75,101.55,101.82,102.24
2016-05-25,100.02,102.21,103.78,103.09,101.76,101.56,101.82,102.25
2016-05-26,99.97,102.21,103.78,103.09,101.76,101.56,101.82,102.25
2016-05-27,99.92,102.22,103.78,103.10,101.77,101.57,101.82,102.26
2016-05-28,99.86,102.23,103.77,103.11,101.77,101.57,101.82,102.26
2016-05-29,99.81,102.23,103.77,103.12,101.78,101.58,101.82,102.27
2016-05-30,99.76,102.24,103.77,103.12,101.78,101.58,101.82,102.28
2016-05-31,99.71,102.24,103.77,103.13,101.79,101.59,101.82,102.28
2016-06-01,99.66,102.25,103.77,103.14,101.79,101.59,101.82,102.29
2016-06-02,99.66,102.25,103.76,103.14,101.80,101.60,101.82,102.29
2016-06-03,99.66,102.26,103.75,103.15,101.80,101.60,101.82,102.30
2016-06-04,99.66,102.26,103.74,103.16,101.81,101.61,101.82,102.31
2016-06-05,99.66,102.27,103.73,103.17,101.81,101.61,101.82,102.31
2016-06-06,99.66,102.28,103.71,103.17,101.82,101.62,101.82,102.32
2016-06-07,99.66,102.28,103.70,103.18,101.82,101.62,101.82,102.32
2016-06-08,99.66,102.29,103.69,103.19,101.83,101.63,101.82,102.33
2016-06-09,99.66,102.29,103.68,103.19,101.83,101.63,101.82,102.33
2016-06-10,99.66,102.30,103.67,103.20,101.84,101.64,101.82,102.34
2016-06-11,99.66,102.31,103.66,103.21,101.84,101.64,101.82,102.35
2016-06-12,99.66,102.31,103.65,103.22,101.85,101.64,101.83,102.35
2016-06-13,99.66,102.32,103.64,103.22,101.86,101.65,101.83,102.36
2016-06-14,99.66,102.33,103.63,103.23,101.86,101.65,101.83,102.36
2016-06-15,99.66,102.33,103.62,103.24,101.87,101.66,101.83,102.37
2016-06-16,99.66,102.34,103.60,103.24,101.87,101.66,101.83,102.38
2016-06-17,99.66,102.35,103.59,103.25,101.88,101.67,101.83,102.38
2016-06-18,99.66,102.36,103.58,103.26,101.88,101.67,101.83,102.39
2016-06-19,99.65,102.36,103.57,103.26,101.89,101.68,101.83,102.39
2016-06-20,99.65,102.37,103.56,103.27,101.89,101.68,101.83,102.40
2016-06-21,99.65,102.38,103.55,103.28,101.90,101.69,101.83,102.41
2016-06-22,99.65,102.39,103.54,103.28,101.90,101.69,101.83,102.41
2016-06-23,99.65,102.40,103.53,103.29,101.91,101.70,101.83,102.42
2016-06-24,99.65,102.41,103.52,103.30,101.91,101.70,101.83,102.42
2016-06-25,99.65,102.41,103.51,103.30,101.92,101.71,101.83,102.43
2016-06-26,99.65,102.42,103.49,103.31,101.92,101.71,101.83,102.44
2016-06-27,99.65,102.43,103.48,103.32,101.93,101.72,101.84,102.44
2016-06-28,99.65,102.44,103.47,103.32,101.93,101.72,101.84,102.45
2016-06-29,99.65,102.45,103.46,103.33,101.94,101.73,101.84,102.45
2016-06-30,99.65,102.46,103.45,103.34,101.95,101.73,101.84,102.46
2016-07-01,99.65,102.47,103.44,103.34,101.95,101.74,101.84,102.47
2016-07-02,99.70,102.48,103.44,103.35,101.96,101.74,101.84,102.47
2016-07-03,99.74,102.49,103.44,103.36,101.96,101.75,101.85,102.48
2016-07-04,99.78,102.50,103.44,103.36,101.96,101.75,101.85,102.48
2016-07-05,99.83,102.51,103.44,103.37,101.97,101.76,101.86,102.49
2016-07-06,99.87,102.52,103.44,103.38,101.97,101.76,101.86,102.50
2016-07-07,99.92,102.52,103.44,103.38,101.98,101.77,101.87,102.50
2016-07-08,99.96,102.53,103.43,103.39,101.98,101.77,101.87,102.51
2016-07-09,100.00,102.54,103.43,103.40,101.99,101.78,101.87,102.51
2016-07-10,100.05,102.55,103.43,103.40,101.99,101.78,101.88,102.52
2016-07-11,100.09,102.56,103.43,103.41,102.00,101.79,101.88,102.53
2016-07-12,100.14,102.57,103.43,103.42,102.00,101.79,101.89,102.53
2016-07-13,100.18,102.58,103.43,103.42,102.00,101.79,101.89,102.54
2016-07-14,100.23,102.59,103.43,103.43,102.01,101.80,101.90,102.54
2016-07-15,100.27,102.61,103.43,103.44,102.01,101.80,101.90,102.55
2016-07-16,100.31,102.62,103.43,103.44,102.02,101.81,101.91,102.56
2016-07-17,100.36,102.63,103.43,103.45,102.02,101.81,101.91,102.56
2016-07-18,100.40,102.64,103.43,103.45,102.03,101.82,101.92,102.57
2016-07-19,100.45,102.65,103.43,103.46,102.03,101.82,101.92,102.57
2016-07-20,100.49,102.66,103.43,103.47,102.04,101.83,101.92,102.58
2016-07-21,100.54,102.67,103.43,103.47,102.04,101.83,101.93,102.59
2016-07-22,100.58,102.68,103.43,103.48,102.05,101.84,101.93,102.59
2016-07-23,100.62,102.69,103.43,103.49,102.05,101.84,101.94,102.60
2016-07-24,100.67,102.70,103.42,103.49,102.05,101.85,101.94,102.60
2016-07-25,100.71,102.71,103.42,103.50,102.06,101.85,101.95,102.61
2016-07-26,100.76,102.72,103.42,103.50,102.06,101.86,101.95,102.62
2016-07-27,100.80,102.73,103.42,103.51,102.07,101.86,101.96,102.62
2016-07-28,100.84,102.74,103.42,103.52,102.07,101.87,101.96,102.63
2016-07-29,100.89,102.75,103.42,103.52,102.08,101.87,101.96,102.63
2016-07-30,100.93,102.76,103.42,103.53,102.08,101.88,101.97,102.64
2016-07-31,100.98,102.77,103.42,103.53,102.09,101.88,101.97,102.65
2016-08-01,101.02,102.78,103.42,103.54,102.09,101.89,101.98,102.65
2016-08-02,101.18,102.79,103.42,103.55,102.09,101.89,101.98,102.66
2016-08-03,101.34,102.80,103.43,103.55,102.10,101.90,101.98,102.66
2016-08-04,101.50,102.82,103.43,103.56,102.10,101.90,101.99,102.67
2016-08-05,101.66,102.83,103.44,103.57,102.11,101.91,101.99,102.68
2016-08-06,101.81,102.84,103.44,103.57,102.11,101.91,101.99,102.68
2016-08-07,101.97,102.85,103.44,103.58,102.11,101.92,101.99,102.69
2016-08-08,102.13,102.86,103.45,103.58,102.12,101.92,101.99,102.69
2016-08-09,102.29,102.87,103.45,103.59,102.12,101.92,102.00,102.70
2016-08-10,102.45,102.88,103.45,103.60,102.13,101.93,102.00,102.71
2016-08-11,102.61,102.89,103.46,103.60,102.13,101.93,102.00,102.71
2016-08-12,102.77,102.90,103.46,103.61,102.13,101.94,102.00,102.72
2016-08-13,102.93,102.92,103.47,103.62,102.14,101.94,102.01,102.73
2016-08-14,103.08,102.93,103.47,103.62,102.14,101.95,102.01,102.73
2016-08-15,103.24,102.94,103.47,103.63,102.14,101.95,102.01,102.74
2016-08-16,103.40,102.95,103.48,103.64,102.15,101.96,102.01,102.75
2016-08-17,103.56,102.96,103.48,103.64,102.15,101.96,102.01,102.75
2016-08-18,103.72,102.98,103.49,103.65,102.16,101.97,102.02,102.76
2016-08-19,103.88,102.99,103.49,103.66,102.16,101.97,102.02,102.77
2016-08-20,104.04,103.00,103.49,103.66,102.16,101.98,102.02,102.77
2016-08-21,104.19,103.01,103.50,103.67,102.17,101.98,102.02,102.78
2016-08-22,104.35,103.03,103.50,103.68,102.17,101.99,102.03,102.79
2016-08-23,104.51,103.04,103.51,103.68,102.18,101.99,102.03,102.79
2016-08-24,104.67,103.05,103.51,103.69,102.18,102.00,102.03,102.80
2016-08-25,104.83,103.07,103.51,103.70,102.18,102.00,102.03,102.81
2016-08-26,104.99,103.08,103.52,103.70,102.19,102.01,102.03,102.81
2016-08-27,105.15,103.09,103.52,103.71,102.19,102.01,102.04,102.82
2016-08-28,105.31,103.11,103.52,103.72,102.19,102.02,102.04,102.83
2016-08-29,105.46,103.12,103.53,103.72,102.20,102.02,102.04,102.83
2016-08-30,105.62,103.13,103.53,103.73,102.20,102.03,102.04,102.84
2016-08-31,105.78,103.15,103.54,103.74,102.21,102.03,102.05,102.85
2016-09-01,105.94,103.16,103.54,103.74,102.21,102.04,102.05,102.86
2016-09-02,105.89,103.18,103.54,103.75,102.21,102.04,102.06,102.86
2016-09-03,105.84,103.19,103.53,103.76,102.22,102.04,102.08,102.87
2016-09-04,105.79,103.20,103.53,103.76,102.22,102.05,102.09,102.88
2016-09-05,105.75,103.22,103.52,103.77,102.22,102.05,102.11,102.89
2016-09-06,105.70,103.23,103.52,103.78,102.23,102.06,102.12,102.89
2016-09-07,105.65,103.24,103.51,103.79,102.23,102.06,102.14,102.90
2016-09-08,105.60,103.26,103.51,103.79,102.23,102.07,102.16,102.91
2016-09-09,105.55,103.27,103.50,103.80,102.24,102.07,102.17,102.92
2016-09-10,105.50,103.28,103.50,103.81,102.24,102.08,102.19,102.92
2016-09-11,105.45,103.29,103.49,103.81,102.24,102.08,102.20,102.93
2016-09-12,105.41,103.30,103.49,103.82,102.25,102.09,102.22,102.94
2016-09-13,105.36,103.32,103.48,103.83,102.25,102.09,102.23,102.95
2016-09-14,105.31,103.33,103.48,103.83,102.25,102.10,102.25,102.95
2016-09-15,105.26,103.34,103.47,103.84,102.26,102.10,102.26,102.96
2016-09-16,105.21,103.35,103.47,103.85,102.26,102.11,102.28,102.97
2016-09-17,105.16,103.36,103.47,103.85,102.26,102.11,102.29,102.98
2016-09-18,105.11,103.37,103.46,103.86,102.27,102.12,102.31,102.98
2016-09-19,105.06,103.38,103.46,103.87,102.27,102.12,102.32,102.99
2016-09-20,105.02,103.38,103.45,103.87,102.27,102.12,102.34,103.00
2016-09-21,104.97,103.39,103.45,103.88,102.28,102.13,102.36,103.01
2016-09-22,104.92,103.40,103.44,103.88,102.28,102.13,102.37,103.02
2016-09-23,104.87,103.41,103.44,103.89,102.28,102.14,102.39,103.02
2016-09-24,104.82,103.42,103.43,103.90,102.29,102.14,102.40,103.03
2016-09-25,104.77,103.42,103.43,103.90,102.29,102.15,102.42,103.04
2016-09-26,104.72,103.43,103.42,103.91,102.29,102.15,102.43,103.05
2016-09-27,104.68,103.44,103.42,103.92,102.30,102.16,102.45,103.06
2016-09-28,104.63,103.44,103.41,103.92,102.30,102.16,102.46,103.06
2016-09-29,104.58,103.45,103.41,103.93,102.30,102.17,102.48,103.07
2016-09-30,104.53,103.46,103.40,103.93,102.31,102.17,102.49,103.08
2016-10-01,104.48,103.46,103.40,103.94,102.31,102.17,102.51,103.09
2016-10-02,104.43,103.47,103.41,103.95,102.32,102.18,102.52,103.10
2016-10-03,104.38,103.47,103.41,103.95,102.32,102.18,102.52,103.10
2016-10-04,104.33,103.48,103.42,103.96,102.33,102.19,102.53,103.11
2016-10-05,104.28,103.48,103.42,103.96,102.33,102.19,102.54,103.12
2016-10-06,104.23,103.49,103.43,103.97,102.34,102.20,102.55,103.13
2016-10-07,104.18,103.49,103.44,103.97,102.34,102.20,102.55,103.14
2016-10-08,104.13,103.50,103.44,103.98,102.35,102.21,102.56,103.15
2016-10-09,104.08,103.50,103.45,103.99,102.35,102.21,102.57,103.15
2016-10-10,104.03,103.50,103.45,103.99,102.36,102.22,102.58,103.16
2016-10-11,103.98,103.51,103.46,104.00,102.36,102.22,102.58,103.17
2016-10-12,103.93,103.51,103.47,104.00,102.37,102.22,102.59,103.18
2016-10-13,103.88,103.52,103.47,104.01,102.37,102.23,102.60,103.19
2016-10-14,103.83,103.52,103.48,104.01,102.38,102.23,102.60,103.20
2016-10-15,103.78,103.52,103.49,104.02,102.38,102.24,102.61,103.20
2016-10-16,103.73,103.52,103.49,104.03,102.39,102.24,102.62,103.21
2016-10-17,103.68,103.53,103.50,104.03,102.39,102.25,102.63,103.22
2016-10-18,103.63,103.53,103.50,104.04,102.40,102.25,102.63,103.23
2016-10-19,103.58,103.53,103.51,104.04,102.40,102.26,102.64,103.24
2016-10-20,103.53,103.54,103.52,104.05,102.41,102.26,102.65,103.25
2016-10-21,103.48,103.54,103.52,104.05,102.41,102.27,102.66,103.26
2016-10-22,103.43,103.54,103.53,104.06,102.42,102.27,102.66,103.26
2016-10-23,103.38,103.54,103.53,104.06,102.42,102.27,102.67,103.27
2016-10-24,103.33,103.55,103.54,104.07,102.43,102.28,102.68,103.28
2016-10-25,103.28,103.55,103.55,104.08,102.43,102.28,102.69,103.29
2016-10-26,103.23,103.55,103.55,104.08,102.44,102.29,102.69,103.30
2016-10-27,103.18,103.55,103.56,104.09,102.45,102.29,102.70,103.31
2016-10-28,103.13,103.56,103.57,104.09,102.45,102.30,102.71,103.31
2016-10-29,103.08,103.56,103.57,104.10,102.46,102.30,102.72,103.32
2016-10-30,103.03,103.56,103.58,104.10,102.46,102.31,102.72,103.33
2016-10-31,102.98,103.56,103.58,104.11,102.47,102.31,102.73,103.34
2016-11-01,102.93,103.57,103.59,104.11,102.47,102.31,102.74,103.35
2016-11-02,102.97,103.57,103.57,104.12,102.48,102.32,102.75,103.36
2016-11-03,103.00,103.57,103.56,104.13,102.48,102.32,102.76,103.36
2016-11-04,103.04,103.57,103.54,104.13,102.49,102.33,102.77,103.37
2016-11-05,103.08,103.58,103.52,104.14,102.50,102.33,102.78,103.38
2016-11-06,103.11,103.58,103.51,104.14,102.50,102.34,102.79,103.39
2016-11-07,103.15,103.58,103.49,104.15,102.51,102.34,102.80,103.40
2016-11-08,103.18,103.58,103.48,104.15,102.52,102.35,102.81,103.41
2016-11-09,103.22,103.59,103.46,104.16,102.52,102.35,102.82,103.41
2016-11-10,103.26,103.59,103.44,104.16,102.53,102.36,102.83,103.42
2016-11-11,103.29,103.59,103.43,104.17,102.54,102.36,102.84,103.43
2016-11-12,103.33,103.60,103.41,104.17,102.54,102.36,102.85,103.44
2016-11-13,103.37,103.60,103.39,104.18,102.55,102.37,102.86,103.45
2016-11-14,103.40,103.61,103.38,104.18,102.56,102.37,102.87,103.46
2016-11-15,103.44,103.61,103.36,104.19,102.56,102.38,102.88,103.46
2016-11-16,103.48,103.61,103.34,104.19,102.57,102.38,102.89,103.47
2016-11-17,103.51,103.62,103.33,104.20,102.58,102.39,102.90,103.48
2016-11-18,103.55,103.62,103.31,104.21,102.58,102.39,102.91,103.49
2016-11-19,103.58,103.63,103.30,104.21,102.59,102.40,102.92,103.50
2016-11-20,103.62,103.63,103.28,104.22,102.60,102.40,102.93,103.51
2016-11-21,103.66,103.64,103.26,104.22,102.60,102.40,102.94,103.51
2016-11-22,103.69,103.65,103.25,104.23,102.61,102.41,102.96,103.52
2016-11-23,103.73,103.65,103.23,104.23,102.62,102.41,102.97,103.53
2016-11-24,103.77,103.66,103.21,104.24,102.62,102.42,102.98,103.54
2016-11-25,103.80,103.66,103.20,104.24,102.63,102.42,102.99,103.55
2016-11-26,103.84,103.67,103.18,104.25,102.64,102.43,103.00,103.56
2016-11-27,103.88,103.68,103.16,104.25,102.64,102.43,103.01,103.56
2016-11-28,103.91,103.68,103.15,104.26,102.65,102.44,103.02,103.57
2016-11-29,103.95,103.69,103.13,104.26,102.66,102.44,103.03,103.58
2016-11-30,103.98,103.70,103.12,104.27,102.66,102.45,103.04,103.59
2016-12-01,104.02,103.71,103.10,104.27,102.67,102.45,103.05,103.60
2016-12-02,104.12,103.71,103.21,104.28,102.68,102.45,103.07,103.61
2016-12-03,104.22,103.72,103.31,104.29,102.68,102.46,103.09,103.61
2016-12-04,104.32,103.73,103.42,104.29,102.69,102.46,103.12,103.62
2016-12-05,104.43,103.74,103.53,104.30,102.69,102.47,103.14,103.63
2016-12-06,104.53,103.75,103.64,104.30,102.70,102.47,103.16,103.64
2016-12-07,104.63,103.76,103.74,104.31,102.70,102.48,103.18,103.65
2016-12-08,104.73,103.77,103.85,104.31,102.71,102.48,103.20,103.66
2016-12-09,104.83,103.78,103.96,104.32,102.71,102.49,103.23,103.66
2016-12-10,104.93,103.79,104.07,104.32,102.71,102.49,103.25,103.67
2016-12-11,105.03,103.80,104.17,104.33,102.72,102.49,103.27,103.68
2016-12-12,105.14,103.81,104.28,104.34,102.72,102.50,103.29,103.69
2016-12-13,105.24,103.82,104.39,104.34,102.73,102.50,103.32,103.70
2016-12-14,105.34,103.83,104.50,104.35,102.73,102.51,103.34,103.70
2016-12-15,105.44,103.84,104.60,104.36,102.74,102.51,103.36,103.71
2016-12-16,105.54,103.85,104.71,104.36,102.74,102.52,103.38,103.72
2016-12-17,105.64,103.86,104.82,104.37,102.75,102.52,103.40,103.73
2016-12-18,105.74,103.87,104.93,104.38,102.75,102.52,103.43,103.74
2016-12-19,105.84,103.88,105.03,104.39,102.76,102.53,103.45,103.75
2016-12-20,105.95,103.89,105.14,104.39,102.76,102.53,103.47,103.75
2016-12-21,106.05,103.91,105.25,104.40,102.77,102.54,103.49,103.76
2016-12-22,106.15,103.92,105.36,104.41,102.77,102.54,103.52,103.77
2016-12-23,106.25,103.93,105.46,104.42,102.78,102.55,103.54,103.78
2016-12-24,106.35,103.94,105.57,104.42,102.78,102.55,103.56,103.79
2016-12-25,106.45,103.95,105.68,104.43,102.79,102.55,103.58,103.80
2016-12-26,106.55,103.97,105.78,104.44,102.79,102.56,103.60,103.80
2016-12-27,106.65,103.98,105.89,104.45,102.80,102.56,103.63,103.81
2016-12-28,106.76,103.99,106.00,104.45,102.80,102.57,103.65,103.82
2016-12-29,106.86,104.00,106.11,104.46,102.81,102.57,103.67,103.83
2016-12-30,106.96,104.02,106.21,104.47,102.81,102.57,103.69,103.84
2016-12-31,107.06,104.03,106.32,104.48,102.82,102.58,103.72,103.84
2017-01-01,107.16,104.04,106.43,104.49,102.82,102.58,103.74,103.85
2017-01-02,107.16,104.06,106.43,104.50,102.83,102.59,103.75,103.86
2017-01-03,107.17,104.07,106.44,104.51,102.83,102.59,103.76,103.87
2017-01-04,107.17,104.08,106.44,104.51,102.84,102.59,103.77,103.88
2017-01-05,107.17,104.10,106.44,104.52,102.84,102.60,103.78,103.89
2017-01-06,107.18,104.11,106.45,104.53,102.85,102.60,103.79,103.89
2017-01-07,107.18,104.12,106.45,104.54,102.86,102.61,103.80,103.90
2017-01-08,107.18,104.14,106.45,104.55,102.86,102.61,103.81,103.91
2017-01-09,107.19,104.15,106.46,104.56,102.87,102.62,103.82,103.92
2017-01-10,107.19,104.16,106.46,104.57,102.87,102.62,103.83,103.93
2017-01-11,107.19,104.18,106.47,104.58,102.88,102.62,103.84,103.94
2017-01-12,107.20,104.19,106.47,104.58,102.89,102.63,103.85,103.94
2017-01-13,107.20,104.20,106.47,104.59,102.89,102.63,103.86,103.95
2017-01-14,107.20,104.22,106.48,104.60,102.90,102.64,103.87,103.96
2017-01-15,107.21,104.23,106.48,104.61,102.90,102.64,103.88,103.97
2017-01-16,107.21,104.24,106.48,104.62,102.91,102.64,103.89,103.98
2017-01-17,107.21,104.25,106.49,104.63,102.91,102.65,103.90,103.98
2017-01-18,107.22,104.27,106.49,104.64,102.92,102.65,103.91,103.99
2017-01-19,107.22,104.28,106.49,104.64,102.93,102.66,103.92,104.00
2017-01-20,107.22,104.29,106.50,104.65,102.93,102.66,103.93,104.01
2017-01-21,107.23,104.30,106.50,104.66,102.94,102.66,103.94,104.02
2017-01-22,107.23,104.31,106.50,104.67,102.94,102.67,103.95,104.02
2017-01-23,107.23,104.32,106.51,104.68,102.95,102.67,103.96,104.03
2017-01-24,107.24,104.34,106.51,104.69,102.95,102.68,103.97,104.04
2017-01-25,107.24,104.35,106.52,104.69,102.96,102.68,103.98,104.05
2017-01-26,107.24,104.36,106.52,104.70,102.97,102.68,103.99,104.06
2017-01-27,107.25,104.37,106.52,104.71,102.97,102.69,104.00,104.06
2017-01-28,107.25,104.38,106.53,104.72,102.98,102.69,104.01,104.07
2017-01-29,107.25,104.39,106.53,104.73,102.98,102.70,104.02,104.08
2017-01-30,107.25,104.40,106.53,104.73,102.99,102.70,104.03,104.09
2017-01-31,107.26,104.41,106.54,104.74,102.99,102.71,104.04,104.10
2017-02-01,107.26,104.42,106.54,104.75,103.00,102.71,104.05,104.10
2017-02-02,107.23,104.43,106.54,104.76,103.01,102.71,104.06,104.11
2017-02-03,107.19,104.44,106.54,104.77,103.01,102.72,104.07,104.12
2017-02-04,107.16,104.45,106.54,104.77,103.02,102.72,104.09,104.13
2017-02-05,107.13,104.46,106.55,104.78,103.02,102.73,104.10,104.14
2017-02-06,107.09,104.47,106.55,104.79,103.03,102.73,104.11,104.14
2017-02-07,107.06,104.48,106.55,104.80,103.04,102.74,104.13,104.15
2017-02-08,107.03,104.49,106.55,104.81,103.04,102.74,104.14,104.16
2017-02-09,106.99,104.50,106.55,104.81,103.05,102.74,104.15,104.17
2017-02-10,106.96,104.51,106.55,104.82,103.06,102.75,104.17,104.18
2017-02-11,106.93,104.51,106.55,104.83,103.06,102.75,104.18,104.18
2017-02-12,106.89,104.52,106.56,104.84,103.07,102.76,104.19,104.19
2017-02-13,106.86,104.53,106.56,104.84,103.07,102.76,104.21,104.20
2017-02-14,106.82,104.54,106.56,104.85,103.08,102.77,104.22,104.21
2017-02-15,106.79,104.55,106.56,104.86,103.09,102.77,104.23,104.22
2017-02-16,106.76,104.56,106.56,104.86,103.09,102.77,104.25,104.23
2017-02-17,106.72,104.56,106.56,104.87,103.10,102.78,104.26,104.23
2017-02-18,106.69,104.57,106.56,104.88,103.10,102.78,104.27,104.24
2017-02-19,106.66,104.58,106.57,104.89,103.11,102.79,104.29,104.25
2017-02-20,106.62,104.59,106.57,104.89,103.12,102.79,104.30,104.26
2017-02-21,106.59,104.59,106.57,104.90,103.12,102.80,104.31,104.27
2017-02-22,106.56,104.60,106.57,104.91,103.13,102.80,104.33,104.28
2017-02-23,106.52,104.61,106.57,104.91,103.13,102.80,104.34,104.28
2017-02-24,106.49,104.62,106.57,104.92,103.14,102.81,104.35,104.29
2017-02-25,106.46,104.62,106.57,104.93,103.15,102.81,104.37,104.30
2017-02-26,106.42,104.63,106.58,104.94,103.15,102.82,104.38,104.31
2017-02-27,106.39,104.64,106.58,104.94,103.16,102.82,104.39,104.32
2017-02-28,106.35,104.64,106.58,104.95,103.16,102.83,104.41,104.33
2017-03-01,106.32,104.65,106.58,104.96,103.17,102.83,104.42,104.34
2017-03-02,106.28,104.66,106.57,104.96,103.18,102.83,104.44,104.35
2017-03-03,106.25,104.66,106.55,104.97,103.18,102.84,104.47,104.35
2017-03-04,106.21,104.67,106.54,104.98,103.19,102.84,104.49,104.36
2017-03-05,106.18,104.67,106.52,104.98,103.19,102.85,104.52,104.37
2017-03-06,106.14,104.68,106.51,104.99,103.19,102.85,104.55,104.38
2017-03-07,106.10,104.69,106.49,105.00,103.20,102.86,104.57,104.39
2017-03-08,106.07,104.69,106.48,105.00,103.20,102.86,104.60,104.40
2017-03-09,106.03,104.70,106.46,105.01,103.21,102.86,104.62,104.41
2017-03-10,105.99,104.70,106.45,105.02,103.21,102.87,104.65,104.42
2017-03-11,105.96,104.71,106.43,105.02,103.22,102.87,104.67,104.43
2017-03-12,105.92,104.71,106.42,105.03,103.22,102.88,104.70,104.44
2017-03-13,105.88,104.72,106.40,105.03,103.23,102.88,104.72,104.45
2017-03-14,105.85,104.72,106.39,105.04,103.23,102.89,104.75,104.45
2017-03-15,105.81,104.73,106.37,105.05,103.24,102.89,104.77,104.46
2017-03-16,105.77,104.73,106.36,105.05,103.24,102.90,104.80,104.47
2017-03-17,105.74,104.74,106.34,105.06,103.25,102.90,104.83,104.48
2017-03-18,105.70,104.74,106.33,105.07,103.25,102.90,104.85,104.49
2017-03-19,105.66,104.75,106.31,105.07,103.26,102.91,104.88,104.50
2017-03-20,105.63,104.75,106.30,105.08,103.26,102.91,104.90,104.51
2017-03-21,105.59,104.76,106.28,105.08,103.27,102.92,104.93,104.52
2017-03-22,105.56,104.76,106.27,105.09,103.27,102.92,104.95,104.53
2017-03-23,105.52,104.76,106.25,105.10,103.28,102.93,104.98,104.54
2017-03-24,105.48,104.77,106.24,105.10,103.28,102.93,105.00,104.55
2017-03-25,105.45,104.77,106.22,105.11,103.29,102.94,105.03,104.56
2017-03-26,105.41,104.78,106.21,105.11,103.29,102.94,105.06,104.57
2017-03-27,105.37,104.78,106.19,105.12,103.30,102.94,105.08,104.58
2017-03-28,105.34,104.78,106.18,105.13,103.30,102.95,105.11,104.59
2017-03-29,105.30,104.79,106.16,105.13,103.31,102.95,105.13,104.60
2017-03-30,105.26,104.79,106.15,105.14,103.31,102.96,105.16,104.61
2017-03-31,105.23,104.79,106.14,105.14,103.32,102.96,105.18,104.62
2017-04-01,105.19,104.80,106.12,105.15,103.32,102.97,105.21,104.63
2017-04-02,105.18,104.80,106.14,105.16,103.33,102.97,105.22,104.64
2017-04-03,105.17,104.80,106.15,105.16,103.33,102.98,105.24,104.65
2017-04-04,105.16,104.81,106.17,105.17,103.34,102.98,105.25,104.67
2017-04-05,105.15,104.81,106.18,105.17,103.34,102.99,105.27,104.68
2017-04-06,105.13,104.81,106.20,105.18,103.35,102.99,105.28,104.69
2017-04-07,105.12,104.82,106.21,105.19,103.36,102.99,105.29,104.70
2017-04-08,105.11,104.82,106.23,105.19,103.36,103.00,105.31,104.71
2017-04-09,105.10,104.82,106.24,105.20,103.37,103.00,105.32,104.72
2017-04-10,105.09,104.83,106.26,105.20,103.37,103.01,105.34,104.73
2017-04-11,105.08,104.83,106.27,105.21,103.38,103.01,105.35,104.74
2017-04-12,105.07,104.83,106.29,105.21,103.39,103.02,105.37,104.75
2017-04-13,105.05,104.84,106.30,105.22,103.39,103.02,105.38,104.76
2017-04-14,105.04,104.84,106.32,105.23,103.40,103.03,105.39,104.77
2017-04-15,105.03,104.84,106.33,105.23,103.40,103.03,105.41,104.78
2017-04-16,105.02,104.85,106.35,105.24,103.41,103.04,105.42,104.79
2017-04-17,105.01,104.85,106.36,105.25,103.42,103.04,105.44,104.81
2017-04-18,105.00,104.85,106.38,105.25,103.42,103.05,105.45,104.82
2017-04-19,104.99,104.86,106.39,105.26,103.43,103.05,105.47,104.83
2017-04-20,104.98,104.86,106.41,105.26,103.44,103.05,105.48,104.84
2017-04-21,104.96,104.86,106.42,105.27,103.44,103.06,105.49,104.85
2017-04-22,104.95,104.87,106.44,105.28,103.45,103.06,105.51,104.86
2017-04-23,104.94,104.87,106.45,105.28,103.45,103.07,105.52,104.87
2017-04-24,104.93,104.87,106.47,105.29,103.46,103.07,105.54,104.88
2017-04-25,104.92,104.88,106.48,105.29,103.47,103.08,105.55,104.89
2017-04-26,104.91,104.88,106.50,105.30,103.47,103.08,105.57,104.91
2017-04-27,104.90,104.88,106.51,105.31,103.48,103.09,105.58,104.92
2017-04-28,104.89,104.89,106.53,105.31,103.48,103.09,105.59,104.93
2017-04-29,104.87,104.89,106.54,105.32,103.49,103.10,105.61,104.94
2017-04-30,104.86,104.89,106.56,105.33,103.50,103.10,105.62,104.95
2017-05-01,104.85,104.90,106.57,105.33,103.50,103.10,105.64,104.96
2017-05-02,104.83,104.90,106.55,105.34,103.50,103.11,105.65,104.97
2017-05-03,104.80,104.91,106.53,105.34,103.51,103.11,105.67,104.98
2017-05-04,104.78,104.91,106.52,105.35,103.51,103.12,105.68,105.00
2017-05-05,104.75,104.91,106.50,105.36,103.51,103.12,105.70,105.01
2017-05-06,104.73,104.92,106.48,105.36,103.51,103.13,105.71,105.02
2017-05-07,104.70,104.92,106.46,105.37,103.52,103.13,105.72,105.03
2017-05-08,104.68,104.93,106.44,105.37,103.52,103.14,105.74,105.04
2017-05-09,104.66,104.93,106.43,105.38,103.52,103.14,105.75,105.05
2017-05-10,104.63,104.93,106.41,105.39,103.52,103.15,105.77,105.06
2017-05-11,104.61,104.94,106.39,105.39,103.53,103.15,105.78,105.08
2017-05-12,104.58,104.94,106.37,105.40,103.53,103.15,105.80,105.09
2017-05-13,104.56,104.95,106.35,105.40,103.53,103.16,105.81,105.10
2017-05-14,104.53,104.95,106.33,105.41,103.53,103.16,105.83,105.11
2017-05-15,104.51,104.96,106.32,105.42,103.54,103.17,105.84,105.12
2017-05-16,104.48,104.96,106.30,105.42,103.54,103.17,105.86,105.13
2017-05-17,104.46,104.97,106.28,105.43,103.54,103.18,105.87,105.15
2017-05-18,104.43,104.97,106.26,105.43,103.54,103.18,105.88,105.16
2017-05-19,104.41,104.97,106.24,105.44,103.55,103.19,105.90,105.17
2017-05-20,104.39,104.98,106.23,105.44,103.55,103.19,105.91,105.18
2017-05-21,104.36,104.99,106.21,105.45,103.55,103.19,105.93,105.19
2017-05-22,104.34,104.99,106.19,105.45,103.55,103.20,105.94,105.21
2017-05-23,104.31,105.00,106.17,105.46,103.56,103.20,105.96,105.22
2017-05-24,104.29,105.00,106.15,105.46,103.56,103.21,105.97,105.23
2017-05-25,104.26,105.01,106.14,105.47,103.56,103.21,105.99,105.24
2017-05-26,104.24,105.01,106.12,105.47,103.57,103.22,106.00,105.25
2017-05-27,104.21,105.02,106.10,105.48,103.57,103.22,106.02,105.27
2017-05-28,104.19,105.02,106.08,105.48,103.57,103.22,106.03,105.28
2017-05-29,104.16,105.03,106.06,105.49,103.57,103.23,106.04,105.29
2017-05-30,104.14,105.04,106.05,105.49,103.58,103.23,106.06,105.30
2017-05-31,104.12,105.04,106.03,105.50,103.58,103.24,106.07,105.32
2017-06-01,104.09,105.05,106.01,105.50,103.58,103.24,106.09,105.33
2017-06-02,104.10,105.05,106.02,105.51,103.58,103.25,106.10,105.34
2017-06-03,104.11,105.06,106.03,105.51,103.58,103.25,106.12,105.35
2017-06-04,104.12,105.07,106.04,105.52,103.59,103.25,106.13,105.37
2017-06-05,104.13,105.07,106.04,105.52,103.59,103.26,106.15,105.38
2017-06-06,104.14,105.08,106.05,105.53,103.59,103.26,106.16,105.39
2017-06-07,104.15,105.09,106.06,105.53,103.59,103.27,106.18,105.40
2017-06-08,104.16,105.10,106.07,105.54,103.59,103.27,106.20,105.42
2017-06-09,104.17,105.10,106.08,105.54,103.60,103.28,106.21,105.43
2017-06-10,104.18,105.11,106.09,105.55,103.60,103.28,106.23,105.44
2017-06-11,104.19,105.12,106.10,105.55,103.60,103.28,106.24,105.45
2017-06-12,104.20,105.13,106.10,105.55,103.60,103.29,106.26,105.47
2017-06-13,104.21,105.13,106.11,105.56,103.60,103.29,106.27,105.48
2017-06-14,104.22,105.14,106.12,105.56,103.61,103.30,106.29,105.49
2017-06-15,104.23,105.15,106.13,105.57,103.61,103.30,106.30,105.51
2017-06-16,104.24,105.16,106.14,105.57,103.61,103.30,106.32,105.52
2017-06-17,104.25,105.17,106.15,105.58,103.61,103.31,106.33,105.53
2017-06-18,104.26,105.18,106.16,105.58,103.61,103.31,106.35,105.55
2017-06-19,104.27,105.19,106.17,105.58,103.62,103.31,106.36,105.56
2017-06-20,104.28,105.19,106.17,105.59,103.62,103.32,106.38,105.57
2017-06-21,104.29,105.20,106.18,105.59,103.62,103.32,106.39,105.58
2017-06-22,104.30,105.21,106.19,105.60,103.62,103.33,106.41,105.60
2017-06-23,104.31,105.22,106.20,105.60,103.62,103.33,106.43,105.61
2017-06-24,104.32,105.23,106.21,105.60,103.63,103.33,106.44,105.62
2017-06-25,104.33,105.24,106.22,105.61,103.63,103.34,106.46,105.64
2017-06-26,104.34,105.25,106.23,105.61,103.63,103.34,106.47,105.65
2017-06-27,104.35,105.26,106.24,105.62,103.63,103.34,106.49,105.66
2017-06-28,104.36,105.27,106.24,105.62,103.63,103.35,106.50,105.68
2017-06-29,104.37,105.28,106.25,105.62,103.64,103.35,106.52,105.69
2017-06-30,104.38,105.29,106.26,105.63,103.64,103.36,106.53,105.70
2017-07-01,104.39,105.31,106.27,105.63,103.64,103.36,106.55,105.72
2017-07-02,104.49,105.32,106.27,105.64,103.64,103.36,106.55,105.73
2017-07-03,104.59,105.33,106.26,105.64,103.65,103.37,106.56,105.74
2017-07-04,104.69,105.34,106.26,105.64,103.65,103.37,106.56,105.76
2017-07-05,104.79,105.35,106.26,105.65,103.65,103.37,106.57,105.77
2017-07-06,104.89,105.36,106.26,105.65,103.65,103.38,106.57,105.79
2017-07-07,104.99,105.37,106.25,105.66,103.65,103.38,106.58,105.80
2017-07-08,105.09,105.39,106.25,105.66,103.66,103.38,106.58,105.81
2017-07-09,105.19,105.40,106.25,105.66,103.66,103.39,106.59,105.83
2017-07-10,105.29,105.41,106.24,105.67,103.66,103.39,106.59,105.84
2017-07-11,105.39,105.42,106.24,105.67,103.66,103.39,106.60,105.85
2017-07-12,105.49,105.44,106.24,105.67,103.67,103.40,106.60,105.87
2017-07-13,105.59,105.45,106.24,105.68,103.67,103.40,106.61,105.88
2017-07-14,105.70,105.46,106.23,105.68,103.67,103.40,106.61,105.89
2017-07-15,105.80,105.48,106.23,105.69,103.67,103.41,106.62,105.91
2017-07-16,105.90,105.49,106.23,105.69,103.67,103.41,106.62,105.92
2017-07-17,106.00,105.50,106.22,105.69,103.68,103.41,106.63,105.94
2017-07-18,106.10,105.52,106.22,105.70,103.68,103.42,106.63,105.95
2017-07-19,106.20,105.53,106.22,105.70,103.68,103.42,106.64,105.96
2017-07-20,106.30,105.55,106.21,105.70,103.68,103.42,106.64,105.98
2017-07-21,106.40,105.56,106.21,105.71,103.69,103.43,106.65,105.99
2017-07-22,106.50,105.58,106.21,105.71,103.69,103.43,106.65,106.00
2017-07-23,106.60,105.59,106.21,105.72,103.69,103.43,106.65,106.02
2017-07-24,106.70,105.61,106.20,105.72,103.69,103.44,106.66,106.03
2017-07-25,106.80,105.62,106.20,105.72,103.70,103.44,106.66,106.04
2017-07-26,106.90,105.64,106.20,105.73,103.70,103.45,106.67,106.06
2017-07-27,107.00,105.65,106.19,105.73,103.70,103.45,106.67,106.07
2017-07-28,107.10,105.67,106.19,105.73,103.70,103.45,106.68,106.09
2017-07-29,107.20,105.68,106.19,105.74,103.70,103.46,106.68,106.10
2017-07-30,107.30,105.70,106.19,105.74,103.71,103.46,106.69,106.11
2017-07-31,107.40,105.71,106.18,105.74,103.71,103.46,106.69,106.13
2017-08-01,107.50,105.73,106.18,105.75,103.71,103.46,106.70,106.14
2017-08-02,107.54,105.74,106.18,105.75,103.71,103.47,106.71,106.15
2017-08-03,107.59,105.76,106.18,105.76,103.71,103.47,106.73,106.17
2017-08-04,107.63,105.78,106.18,105.76,103.72,103.47,106.75,106.18
2017-08-05,107.67,105.79,106.18,105.76,103.72,103.48,106.76,106.20
2017-08-06,107.72,105.81,106.18,105.77,103.72,103.48,106.78,106.21
2017-08-07,107.76,105.82,106.18,105.77,103.72,103.48,106.79,106.22
2017-08-08,107.80,105.84,106.18,105.77,103.72,103.49,106.81,106.24
2017-08-09,107.85,105.85,106.19,105.78,103.72,103.49,106.82,106.25
2017-08-10,107.89,105.87,106.19,105.78,103.73,103.49,106.84,106.26
2017-08-11,107.93,105.88,106.19,105.79,103.73,103.50,106.86,106.28
2017-08-12,107.98,105.90,106.19,105.79,103.73,103.50,106.87,106.29
2017-08-13,108.02,105.91,106.19,105.79,103.73,103.50,106.89,106.30
2017-08-14,108.06,105.92,106.19,105.80,103.73,103.51,106.90,106.32
2017-08-15,108.11,105.94,106.19,105.80,103.73,103.51,106.92,106.33
2017-08-16,108.15,105.95,106.19,105.80,103.73,103.51,106.94,106.34
2017-08-17,108.19,105.96,106.19,105.81,103.74,103.52,106.95,106.36
2017-08-18,108.24,105.98,106.19,105.81,103.74,103.52,106.97,106.37
2017-08-19,108.28,105.99,106.19,105.82,103.74,103.52,106.98,106.39
2017-08-20,108.32,106.00,106.19,105.82,103.74,103.52,107.00,106.40
2017-08-21,108.37,106.01,106.19,105.82,103.74,103.53,107.01,106.41
2017-08-22,108.41,106.03,106.19,105.83,103.74,103.53,107.03,106.43
2017-08-23,108.45,106.04,106.19,105.83,103.75,103.53,107.05,106.44
2017-08-24,108.50,106.05,106.19,105.84,103.75,103.54,107.06,106.45
2017-08-25,108.54,106.06,106.20,105.84,103.75,103.54,107.08,106.47
2017-08-26,108.58,106.07,106.20,105.84,103.75,103.54,107.09,106.48
2017-08-27,108.63,106.08,106.20,105.85,103.75,103.55,107.11,106.49
2017-08-28,108.67,106.09,106.20,105.85,103.75,103.55,107.13,106.51
2017-08-29,108.71,106.10,106.20,105.86,103.76,103.55,107.14,106.52
2017-08-30,108.75,106.11,106.20,105.86,103.76,103.55,107.16,106.53
2017-08-31,108.80,106.12,106.20,105.86,103.76,103.56,107.17,106.55
2017-09-01,108.84,106.13,106.20,105.87,103.76,103.56,107.19,106.56
2017-09-02,108.75,106.14,106.21,105.87,103.76,103.56,107.20,106.57
2017-09-03,108.66,106.15,106.22,105.87,103.76,103.57,107.21,106.59
2017-09-04,108.57,106.15,106.23,105.88,103.76,103.57,107.22,106.60
2017-09-05,108.48,106.16,106.24,105.88,103.76,103.57,107.23,106.61
2017-09-06,108.39,106.17,106.25,105.89,103.77,103.57,107.24,106.63
2017-09-07,108.31,106.18,106.26,105.89,103.77,103.58,107.25,106.64
2017-09-08,108.22,106.18,106.27,105.89,103.77,103.58,107.26,106.65
2017-09-09,108.13,106.19,106.28,105.90,103.77,103.58,107.27,106.67
2017-09-10,108.04,106.20,106.29,105.90,103.77,103.59,107.28,106.68
2017-09-11,107.95,106.20,106.30,105.91,103.77,103.59,107.30,106.69
2017-09-12,107.86,106.21,106.31,105.91,103.77,103.59,107.31,106.71
2017-09-13,107.77,106.21,106.32,105.91,103.77,103.59,107.32,106.72
2017-09-14,107.68,106.22,106.33,105.92,103.77,103.60,107.33,106.73
2017-09-15,107.59,106.22,106.34,105.92,103.77,103.60,107.34,106.75
2017-09-16,107.50,106.23,106.35,105.93,103.78,103.60,107.35,106.76
2017-09-17,107.41,106.23,106.36,105.93,103.78,103.60,107.36,106.77
2017-09-18,107.32,106.23,106.37,105.93,103.78,103.61,107.37,106.79
2017-09-19,107.23,106.24,106.38,105.94,103.78,103.61,107.38,106.80
2017-09-20,107.14,106.24,106.39,105.94,103.78,103.61,107.39,106.82
2017-09-21,107.05,106.24,106.40,105.95,103.78,103.62,107.40,106.83
2017-09-22,106.96,106.25,106.41,105.95,103.78,103.62,107.41,106.84
2017-09-23,106.88,106.25,106.42,105.95,103.78,103.62,107.42,106.86
2017-09-24,106.79,106.25,106.43,105.96,103.78,103.62,107.43,106.87
2017-09-25,106.70,106.25,106.44,105.96,103.79,103.63,107.44,106.88
2017-09-26,106.61,106.26,106.45,105.97,103.79,103.63,107.46,106.90
2017-09-27,106.52,106.26,106.46,105.97,103.79,103.63,107.47,106.91
2017-09-28,106.43,106.26,106.47,105.97,103.79,103.63,107.48,106.93
2017-09-29,106.34,106.26,106.48,105.98,103.79,103.64,107.49,106.94
2017-09-30,106.25,106.26,106.49,105.98,103.79,103.64,107.50,106.95
2017-10-01,106.16,106.27,106.50,105.98,103.79,103.64,107.51,106.97
2017-10-02,106.07,106.27,106.49,105.99,103.79,103.65,107.51,106.98
2017-10-03,105.97,106.27,106.47,105.99,103.80,103.65,107.52,106.99
2017-10-04,105.87,106.27,106.46,106.00,103.80,103.65,107.52,107.01
2017-10-05,105.78,106.27,106.45,106.00,103.80,103.65,107.53,107.02
2017-10-06,105.68,106.27,106.44,106.00,103.81,103.66,107.53,107.04
2017-10-07,105.59,106.27,106.42,106.01,103.81,103.66,107.54,107.05
2017-10-08,105.49,106.27,106.41,106.01,103.81,103.66,107.54,107.07
2017-10-09,105.40,106.27,106.40,106.02,103.82,103.66,107.54,107.08
2017-10-10,105.30,106.27,106.38,106.02,103.82,103.67,107.55,107.09
2017-10-11,105.21,106.28,106.37,106.02,103.82,103.67,107.55,107.11
2017-10-12,105.11,106.28,106.36,106.03,103.83,103.67,107.56,107.12
2017-10-13,105.01,106.28,106.35,106.03,103.83,103.67,107.56,107.14
2017-10-14,104.92,106.28,106.33,106.03,103.83,103.68,107.57,107.15
2017-10-15,104.82,106.28,106.32,106.04,103.84,103.68,107.57,107.16
2017-10-16,104.73,106.28,106.31,106.04,103.84,103.68,107.58,107.18
2017-10-17,104.63,106.28,106.29,106.04,103.84,103.68,107.58,107.19
2017-10-18,104.54,106.28,106.28,106.05,103.85,103.69,107.58,107.21
2017-10-19,104.44,106.28,106.27,106.05,103.85,103.69,107.59,107.22
2017-10-20,104.35,106.28,106.26,106.05,103.85,103.69,107.59,107.24
2017-10-21,104.25,106.28,106.24,106.06,103.86,103.69,107.60,107.25
2017-10-22,104.16,106.28,106.23,106.06,103.86,103.70,107.60,107.26
2017-10-23,104.06,106.28,106.22,106.07,103.86,103.70,107.61,107.28
2017-10-24,103.96,106.29,106.20,106.07,103.87,103.70,107.61,107.29
2017-10-25,103.87,106.29,106.19,106.07,103.87,103.70,107.62,107.31
2017-10-26,103.77,106.29,106.18,106.08,103.87,103.71,107.62,107.32
2017-10-27,103.68,106.29,106.16,106.08,103.88,103.71,107.63,107.34
2017-10-28,103.58,106.29,106.15,106.08,103.88,103.71,107.63,107.35
2017-10-29,103.49,106.29,106.14,106.09,103.88,103.71,107.63,107.37
2017-10-30,103.39,106.29,106.13,106.09,103.88,103.71,107.64,107.38
2017-10-31,103.30,106.30,106.11,106.09,103.89,103.72,107.64,107.39
2017-11-01,103.20,106.30,106.10,106.10,103.89,103.72,107.65,107.41
2017-11-02,103.24,106.30,106.10,106.10,103.89,103.72,107.65,107.42
2017-11-03,103.28,106.30,106.11,106.10,103.89,103.72,107.65,107.44
2017-11-04,103.32,106.31,106.11,106.11,103.89,103.73,107.66,107.45
2017-11-05,103.37,106.31,106.11,106.11,103.89,103.73,107.66,107.47
2017-11-06,103.41,106.31,106.12,106.11,103.89,103.73,107.66,107.48
2017-11-07,103.45,106.31,106.12,106.12,103.89,103.73,107.67,107.50
2017-11-08,103.49,106.32,106.13,106.12,103.89,103.74,107.67,107.51
2017-11-09,103.53,106.32,106.13,106.12,103.89,103.74,107.67,107.53
2017-11-10,103.57,106.33,106.13,106.13,103.89,103.74,107.68,107.54
2017-11-11,103.61,106.33,106.14,106.13,103.89,103.74,107.68,107.55
2017-11-12,103.66,106.34,106.14,106.13,103.89,103.74,107.68,107.57
2017-11-13,103.70,106.34,106.14,106.14,103.89,103.75,107.68,107.58
2017-11-14,103.74,106.35,106.15,106.14,103.90,103.75,107.69,107.60
2017-11-15,103.78,106.35,106.15,106.14,103.90,103.75,107.69,107.61
2017-11-16,103.82,106.36,106.16,106.15,103.90,103.75,107.69,107.63
2017-11-17,103.86,106.37,106.16,106.15,103.90,103.75,107.70,107.64
2017-11-18,103.90,106.37,106.16,106.15,103.90,103.76,107.70,107.66
2017-11-19,103.94,106.38,106.17,106.16,103.90,103.76,107.70,107.67
2017-11-20,103.99,106.39,106.17,106.16,103.90,103.76,107.71,107.68
2017-11-21,104.03,106.40,106.17,106.16,103.90,103.76,107.71,107.70
2017-11-22,104.07,106.40,106.18,106.17,103.90,103.76,107.71,107.71
2017-11-23,104.11,106.41,106.18,106.17,103.90,103.76,107.71,107.73
2017-11-24,104.15,106.42,106.18,106.17,103.90,103.77,107.72,107.74
2017-11-25,104.19,106.43,106.19,106.17,103.90,103.77,107.72,107.75
2017-11-26,104.23,106.44,106.19,106.18,103.90,103.77,107.72,107.77
2017-11-27,104.28,106.45,106.20,106.18,103.90,103.77,107.73,107.78
2017-11-28,104.32,106.46,106.20,106.18,103.90,103.77,107.73,107.80
2017-11-29,104.36,106.47,106.20,106.19,103.90,103.77,107.73,107.81
2017-11-30,104.40,106.48,106.21,106.19,103.90,103.78,107.74,107.82
2017-12-01,104.44,106.49,106.21,106.19,103.90,103.78,107.74,107.84
2017-12-02,104.49,106.50,106.21,106.20,103.90,103.78,107.75,107.85
2017-12-03,104.54,106.51,106.20,106.20,103.91,103.78,107.75,107.87
2017-12-04,104.59,106.52,106.20,106.20,103.91,103.78,107.76,107.88
2017-12-05,104.64,106.54,106.20,106.21,103.91,103.78,107.77,107.89
2017-12-06,104.69,106.55,106.19,106.21,103.91,103.79,107.78,107.91
2017-12-07,104.74,106.56,106.19,106.21,103.92,103.79,107.78,107.92
2017-12-08,104.79,106.57,106.19,106.22,103.92,103.79,107.79,107.93
2017-12-09,104.84,106.58,106.18,106.22,103.92,103.79,107.80,107.95
2017-12-10,104.89,106.59,106.18,106.22,103.92,103.79,107.81,107.96
2017-12-11,104.94,106.61,106.18,106.22,103.93,103.79,107.81,107.97
2017-12-12,104.99,106.62,106.17,106.23,103.93,103.79,107.82,107.99
2017-12-13,105.04,106.63,106.17,106.23,103.93,103.80,107.83,108.00
2017-12-14,105.10,106.64,106.17,106.23,103.93,103.80,107.83,108.01
2017-12-15,105.15,106.66,106.16,106.23,103.94,103.80,107.84,108.02
2017-12-16,105.20,106.67,106.16,106.24,103.94,103.80,107.85,108.04
2017-12-17,105.25,106.68,106.16,106.24,103.94,103.80,107.86,108.05
2017-12-18,105.30,106.69,106.16,106.24,103.94,103.80,107.86,108.06
2017-12-19,105.35,106.70,106.15,106.25,103.95,103.80,107.87,108.07
2017-12-20,105.40,106.72,106.15,106.25,103.95,103.81,107.88,108.08
2017-12-21,105.45,106.73,106.15,106.25,103.95,103.81,107.89,108.10
2017-12-22,105.50,106.74,106.14,106.25,103.95,103.81,107.89,108.11
2017-12-23,105.55,106.75,106.14,106.26,103.96,103.81,107.90,108.12
2017-12-24,105.60,106.76,106.14,106.26,103.96,103.81,107.91,108.13
2017-12-25,105.65,106.78,106.13,106.26,103.96,103.81,107.92,108.14
2017-12-26,105.70,106.79,106.13,106.26,103.97,103.81,107.92,108.15
2017-12-27,105.75,106.80,106.13,106.27,103.97,103.82,107.93,108.16
2017-12-28,105.80,106.81,106.12,106.27,103.97,103.82,107.94,108.17
2017-12-29,105.85,106.82,106.12,106.27,103.97,103.82,107.95,108.19
2017-12-30,105.90,106.84,106.12,106.27,103.98,103.82,107.95,108.20
2017-12-31,105.95,106.85,106.11,106.27,103.98,103.82,107.96,108.21
2018-01-01,106.00,106.86,106.11,106.28,103.98,103.82,107.97,108.22
2018-01-02,106.10,106.87,106.12,106.28,103.98,103.82,107.98,108.23
2018-01-03,106.20,106.88,106.14,106.28,103.99,103.83,107.99,108.24
2018-01-04,106.30,106.89,106.15,106.28,103.99,103.83,108.00,108.25
2018-01-05,106.40,106.90,106.16,106.29,103.99,103.83,108.01,108.26
2018-01-06,106.50,106.91,106.18,106.29,103.99,103.83,108.02,108.27
2018-01-07,106.59,106.93,106.19,106.29,103.99,103.83,108.03,108.28
2018-01-08,106.69,106.94,106.20,106.29,104.00,103.83,108.04,108.29
2018-01-09,106.79,106.95,106.22,106.29,104.00,103.83,108.05,108.30
2018-01-10,106.89,106.96,106.23,106.30,104.00,103.84,108.06,108.31
2018-01-11,106.99,106.97,106.24,106.30,104.00,103.84,108.07,108.32
2018-01-12,107.09,106.98,106.26,106.30,104.01,103.84,108.08,108.33
2018-01-13,107.19,106.99,106.27,106.30,104.01,103.84,108.09,108.34
2018-01-14,107.29,107.00,106.28,106.31,104.01,103.84,108.10,108.35
2018-01-15,107.39,107.02,106.30,106.31,104.01,103.84,108.11,108.36
2018-01-16,107.49,107.03,106.31,106.31,104.01,103.85,108.12,108.37
2018-01-17,107.59,107.04,106.32,106.31,104.02,103.85,108.13,108.38
2018-01-18,107.68,107.05,106.34,106.31,104.02,103.85,108.14,108.40
2018-01-19,107.78,107.06,106.35,106.32,104.02,103.85,108.15,108.41
2018-01-20,107.88,107.07,106.36,106.32,104.02,103.85,108.16,108.42
2018-01-21,107.98,107.08,106.37,106.32,104.03,103.85,108.17,108.43
2018-01-22,108.08,107.10,106.39,106.32,104.03,103.85,108.18,108.44
2018-01-23,108.18,107.11,106.40,106.32,104.03,103.86,108.19,108.45
2018-01-24,108.28,107.12,106.41,106.33,104.03,103.86,108.20,108.46
2018-01-25,108.38,107.13,106.43,106.33,104.03,103.86,108.21,108.47
2018-01-26,108.48,107.14,106.44,106.33,104.04,103.86,108.22,108.48
2018-01-27,108.58,107.15,106.45,106.33,104.04,103.86,108.23,108.49
2018-01-28,108.67,107.16,106.47,106.34,104.04,103.86,108.24,108.50
2018-01-29,108.77,107.17,106.48,106.34,104.04,103.86,108.25,108.51
2018-01-30,108.87,107.19,106.49,106.34,104.05,103.87,108.26,108.52
2018-01-31,108.97,107.20,106.51,106.34,104.05,103.87,108.27,108.53
2018-02-01,109.07,107.21,106.52,106.34,104.05,103.87,108.28,108.54
2018-02-02,109.01,107.22,106.53,106.35,104.05,103.87,108.29,108.55
2018-02-03,108.95,107.23,106.54,106.35,104.05,103.87,108.31,108.57
2018-02-04,108.88,107.24,106.55,106.35,104.05,103.87,108.33,108.58
2018-02-05,108.82,107.25,106.56,106.35,104.06,103.87,108.34,108.59
2018-02-06,108.76,107.26,106.56,106.35,104.06,103.87,108.36,108.60
2018-02-07,108.70,107.27,106.57,106.36,104.06,103.88,108.37,108.61
2018-02-08,108.63,107.28,106.58,106.36,104.06,103.88,108.39,108.62
2018-02-09,108.57,107.29,106.59,106.36,104.06,103.88,108.40,108.63
2018-02-10,108.51,107.30,106.60,106.36,104.06,103.88,108.42,108.64
2018-02-11,108.45,107.30,106.61,106.36,104.06,103.88,108.44,108.65
2018-02-12,108.38,107.31,106.62,106.37,104.06,103.88,108.45,108.66
2018-02-13,108.32,107.32,106.63,106.37,104.06,103.88,108.47,108.67
2018-02-14,108.26,107.33,106.64,106.37,104.06,103.88,108.48,108.68
2018-02-15,108.20,107.33,106.64,106.37,104.07,103.89,108.50,108.70
2018-02-16,108.13,107.34,106.65,106.37,104.07,103.89,108.51,108.71
2018-02-17,108.07,107.35,106.66,106.37,104.07,103.89,108.53,108.72
2018-02-18,108.01,107.35,106.67,106.38,104.07,103.89,108.55,108.73
2018-02-19,107.95,107.36,106.68,106.38,104.07,103.89,108.56,108.74
2018-02-20,107.88,107.36,106.69,106.38,104.07,103.89,108.58,108.75
2018-02-21,107.82,107.37,106.70,106.38,104.07,103.89,108.59,108.76
2018-02-22,107.76,107.37,106.71,106.38,104.07,103.89,108.61,108.77
2018-02-23,107.70,107.38,106.72,106.39,104.07,103.89,108.62,108.79
2018-02-24,107.63,107.38,106.72,106.39,104.08,103.90,108.64,108.80
2018-02-25,107.57,107.38,106.73,106.39,104.08,103.90,108.66,108.81
2018-02-26,107.51,107.39,106.74,106.39,104.08,103.90,108.67,108.82
2018-02-27,107.45,107.39,106.75,106.39,104.08,103.90,108.69,108.83
2018-02-28,107.38,107.39,106.76,106.39,104.08,103.90,108.70,108.84
2018-03-01,107.32,107.40,106.77,106.40,104.08,103.90,108.72,108.85
2018-03-02,107.34,107.40,106.78,106.40,104.08,103.90,108.77,108.87
2018-03-03,107.36,107.40,106.79,106.40,104.08,103.90,108.82,108.88
2018-03-04,107.37,107.40,106.79,106.40,104.08,103.90,108.87,108.89
2018-03-05,107.39,107.40,106.80,106.40,104.09,103.90,108.92,108.90
2018-03-06,107.41,107.40,106.81,106.40,104.09,103.91,108.97,108.91
2018-03-07,107.43,107.40,106.82,106.40,104.09,103.91,109.02,108.92
2018-03-08,107.44,107.41,106.83,106.41,104.09,103.91,109.07,108.94
2018-03-09,107.46,107.41,106.84,106.41,104.09,103.91,109.12,108.95
2018-03-10,107.48,107.41,106.84,106.41,104.09,103.91,109.17,108.96
2018-03-11,107.49,107.41,106.85,106.41,104.09,103.91,109.22,108.97
2018-03-12,107.51,107.41,106.86,106.41,104.09,103.91,109.27,108.99
2018-03-13,107.53,107.41,106.87,106.42,104.10,103.91,109.32,109.00
2018-03-14,107.55,107.41,106.88,106.42,104.10,103.91,109.37,109.01
2018-03-15,107.56,107.41,106.89,106.42,104.10,103.92,109.42,109.02
2018-03-16,107.58,107.41,106.90,106.42,104.10,103.92,109.47,109.04
2018-03-17,107.60,107.41,106.90,106.42,104.10,103.92,109.52,109.05
2018-03-18,107.62,107.41,106.91,106.42,104.10,103.92,109.57,109.06
2018-03-19,107.63,107.42,106.92,106.43,104.10,103.92,109.62,109.07
2018-03-20,107.65,107.42,106.93,106.43,104.11,103.92,109.67,109.09
2018-03-21,107.67,107.42,106.94,106.43,104.11,103.92,109.72,109.10
2018-03-22,107.69,107.42,106.95,106.43,104.11,103.92,109.77,109.11
2018-03-23,107.70,107.42,106.95,106.43,104.11,103.92,109.82,109.13
2018-03-24,107.72,107.42,106.96,106.44,104.11,103.93,109.87,109.14
2018-03-25,107.74,107.42,106.97,106.44,104.11,103.93,109.92,109.16
2018-03-26,107.76,107.42,106.98,106.44,104.11,103.93,109.97,109.17
2018-03-27,107.77,107.42,106.99,106.44,104.11,103.93,110.02,109.18
2018-03-28,107.79,107.42,107.00,106.44,104.12,103.93,110.07,109.20
2018-03-29,107.81,107.42,107.00,106.45,104.12,103.93,110.12,109.21
2018-03-30,107.83,107.42,107.01,106.45,104.12,103.93,110.17,109.22
2018-03-31,107.84,107.43,107.02,106.45,104.12,103.93,110.22,109.24
2018-04-01,107.86,107.43,107.03,106.45,104.12,103.94,110.27,109.25
2018-04-02,107.83,107.43,107.03,106.46,104.12,103.94,110.29,109.27
2018-04-03,107.79,107.43,107.03,106.46,104.12,103.94,110.30,109.28
2018-04-04,107.76,107.43,107.02,106.46,104.12,103.94,110.32,109.29
2018-04-05,107.73,107.43,107.02,106.46,104.13,103.94,110.34,109.31
2018-04-06,107.69,107.43,107.02,106.46,104.13,103.94,110.35,109.32
2018-04-07,107.66,107.44,107.02,106.47,104.13,103.94,110.37,109.34
2018-04-08,107.63,107.44,107.02,106.47,104.13,103.94,110.39,109.35
2018-04-09,107.59,107.44,107.02,106.47,104.13,103.95,110.41,109.37
2018-04-10,107.56,107.44,107.01,106.47,104.13,103.95,110.42,109.38
2018-04-11,107.52,107.44,107.01,106.47,104.13,103.95,110.44,109.39
2018-04-12,107.49,107.44,107.01,106.48,104.14,103.95,110.46,109.41
2018-04-13,107.46,107.44,107.01,106.48,104.14,103.95,110.48,109.42
2018-04-14,107.42,107.44,107.01,106.48,104.14,103.95,110.49,109.44
2018-04-15,107.39,107.44,107.01,106.48,104.14,103.95,110.51,109.45
2018-04-16,107.36,107.44,107.00,106.49,104.14,103.95,110.53,109.47
2018-04-17,107.32,107.45,107.00,106.49,104.14,103.95,110.55,109.48
2018-04-18,107.29,107.45,107.00,106.49,104.14,103.96,110.56,109.49
2018-04-19,107.26,107.45,107.00,106.49,104.14,103.96,110.58,109.51
2018-04-20,107.22,107.45,107.00,106.49,104.15,103.96,110.60,109.52
2018-04-21,107.19,107.45,107.00,106.49,104.15,103.96,110.62,109.54
2018-04-22,107.15,107.45,106.99,106.50,104.15,103.96,110.63,109.55
2018-04-23,107.12,107.45,106.99,106.50,104.15,103.96,110.65,109.56
2018-04-24,107.09,107.45,106.99,106.50,104.15,103.96,110.67,109.58
2018-04-25,107.05,107.45,106.99,106.50,104.15,103.96,110.68,109.59
2018-04-26,107.02,107.45,106.99,106.50,104.15,103.96,110.70,109.61
2018-04-27,106.99,107.46,106.99,106.51,104.16,103.97,110.72,109.62
2018-04-28,106.95,107.46,106.98,106.51,104.16,103.97,110.74,109.63
2018-04-29,106.92,107.46,106.98,106.51,104.16,103.97,110.75,109.65
2018-04-30,106.89,107.46,106.98,106.51,104.16,103.97,110.77,109.66
2018-05-01,106.85,107.46,106.98,106.51,104.16,103.97,110.79,109.68
2018-05-02,106.81,107.46,106.98,106.51,104.16,103.97,110.81,109.69
2018-05-03,106.76,107.46,106.99,106.52,104.16,103.97,110.83,109.70
2018-05-04,106.72,107.47,106.99,106.52,104.16,103.97,110.84,109.72
2018-05-05,106.67,107.47,107.00,106.52,104.16,103.97,110.86,109.73
2018-05-06,106.63,107.47,107.00,106.52,104.16,103.97,110.88,109.74
2018-05-07,106.59,107.47,107.01,106.52,104.16,103.97,110.90,109.76
2018-05-08,106.54,107.47,107.01,106.53,104.16,103.98,110.92,109.77
2018-05-09,106.50,107.48,107.02,106.53,104.16,103.98,110.94,109.79
2018-05-10,106.45,107.48,107.02,106.53,104.16,103.98,110.95,109.80
2018-05-11,106.41,107.48,107.03,106.53,104.16,103.98,110.97,109.81
2018-05-12,106.36,107.48,107.03,106.53,104.16,103.98,110.99,109.83
2018-05-13,106.32,107.49,107.04,106.53,104.16,103.98,111.01,109.84
2018-05-14,106.28,107.49,107.04,106.54,104.16,103.98,111.03,109.86
2018-05-15,106.23,107.49,107.05,106.54,104.16,103.98,111.05,109.87
2018-05-16,106.19,107.49,107.05,106.54,104.16,103.98,111.06,109.88
2018-05-17,106.14,107.50,107.06,106.54,104.16,103.98,111.08,109.90
2018-05-18,106.10,107.50,107.06,106.54,104.16,103.99,111.10,109.91
2018-05-19,106.06,107.51,107.07,106.55,104.16,103.99,111.12,109.93
2018-05-20,106.01,107.51,107.07,106.55,104.16,103.99,111.14,109.94
2018-05-21,105.97,107.51,107.08,106.55,104.16,103.99,111.16,109.95
2018-05-22,105.92,107.52,107.08,106.55,104.16,103.99,111.17,109.97
2018-05-23,105.88,107.52,107.09,106.55,104.16,103.99,111.19,109.98
2018-05-24,105.83,107.53,107.09,106.56,104.16,103.99,111.21,109.99
2018-05-25,105.79,107.53,107.10,106.56,104.16,103.99,111.23,110.01
2018-05-26,105.75,107.54,107.10,106.56,104.16,103.99,111.25,110.02
2018-05-27,105.70,107.54,107.11,106.56,104.16,103.99,111.27,110.04
2018-05-28,105.66,107.55,107.11,106.56,104.16,103.99,111.28,110.05
2018-05-29,105.61,107.55,107.11,106.57,104.16,104.00,111.30,110.06
2018-05-30,105.57,107.56,107.12,106.57,104.16,104.00,111.32,110.08
2018-05-31,105.52,107.57,107.12,106.57,104.16,104.00,111.34,110.09
2018-06-01,105.48,107.57,107.13,106.57,104.16,104.00,111.36,110.11
2018-06-02,105.49,107.58,107.12,106.57,104.16,104.00,111.37,110.12
2018-06-03,105.50,107.59,107.11,106.58,104.16,104.00,111.39,110.13
2018-06-04,105.51,107.59,107.10,106.58,104.16,104.00,111.41,110.15
2018-06-05,105.52,107.60,107.09,106.58,104.16,104.00,111.43,110.16
2018-06-06,105.53,107.61,107.08,106.58,104.16,104.00,111.44,110.17
2018-06-07,105.54,107.62,107.07,106.59,104.17,104.00,111.46,110.19
2018-06-08,105.56,107.62,107.06,106.59,104.17,104.01,111.48,110.20
2018-06-09,105.57,107.63,107.05,106.59,104.17,104.01,111.49,110.22
2018-06-10,105.58,107.64,107.05,106.59,104.17,104.01,111.51,110.23
2018-06-11,105.59,107.65,107.04,106.59,104.17,104.01,111.53,110.24
2018-06-12,105.60,107.66,107.03,106.60,104.17,104.01,111.54,110.26
2018-06-13,105.61,107.67,107.02,106.60,104.17,104.01,111.56,110.27
2018-06-14,105.62,107.68,107.01,106.60,104.17,104.01,111.58,110.28
2018-06-15,105.63,107.69,107.00,106.60,104.17,104.01,111.60,110.30
2018-06-16,105.64,107.70,106.99,106.61,104.17,104.01,111.61,110.31
2018-06-17,105.65,107.71,106.98,106.61,104.17,104.01,111.63,110.32
2018-06-18,105.66,107.72,106.97,106.61,104.17,104.02,111.65,110.34
2018-06-19,105.67,107.73,106.96,106.61,104.17,104.02,111.66,110.35
2018-06-20,105.68,107.74,106.95,106.61,104.17,104.02,111.68,110.37
2018-06-21,105.69,107.75,106.94,106.62,104.17,104.02,111.70,110.38
2018-06-22,105.70,107.77,106.93,106.62,104.18,104.02,111.71,110.39
2018-06-23,105.72,107.78,106.92,106.62,104.18,104.02,111.73,110.41
2018-06-24,105.73,107.79,106.92,106.62,104.18,104.02,111.75,110.42
2018-06-25,105.74,107.80,106.91,106.63,104.18,104.02,111.77,110.43
2018-06-26,105.75,107.81,106.90,106.63,104.18,104.02,111.78,110.45
2018-06-27,105.76,107.83,106.89,106.63,104.18,104.03,111.80,110.46
2018-06-28,105.77,107.84,106.88,106.63,104.18,104.03,111.82,110.47
2018-06-29,105.78,107.85,106.87,106.64,104.18,104.03,111.83,110.49
2018-06-30,105.79,107.87,106.86,106.64,104.18,104.03,111.85,110.50
2018-07-01,105.80,107.88,106.85,106.64,104.18,104.03,111.87,110.52
2018-07-02,105.98,107.89,106.86,106.64,104.18,104.03,111.87,110.53
2018-07-03,106.16,107.91,106.87,106.64,104.18,104.03,111.87,110.54
2018-07-04,106.34,107.92,106.88,106.65,104.18,104.03,111.87,110.56
2018-07-05,106.52,107.94,106.89,106.65,104.18,104.03,111.88,110.57
2018-07-06,106.69,107.95,106.89,106.65,104.18,104.03,111.88,110.58
2018-07-07,106.87,107.97,106.90,106.65,104.18,104.04,111.88,110.60
2018-07-08,107.05,107.98,106.91,106.66,104.19,104.04,111.88,110.61
2018-07-09,107.23,108.00,106.92,106.66,104.19,104.04,111.88,110.62
2018-07-10,107.41,108.01,106.93,106.66,104.19,104.04,111.89,110.64
2018-07-11,107.59,108.03,106.94,106.66,104.19,104.04,111.89,110.65
2018-07-12,107.77,108.05,106.95,106.67,104.19,104.04,111.89,110.66
2018-07-13,107.95,108.06,106.95,106.67,104.19,104.04,111.89,110.68
2018-07-14,108.12,108.08,106.96,106.67,104.19,104.04,111.89,110.69
2018-07-15,108.30,108.10,106.97,106.68,104.19,104.04,111.90,110.70
2018-07-16,108.48,108.11,106.98,106.68,104.19,104.04,111.90,110.72
2018-07-17,108.66,108.13,106.99,106.68,104.19,104.05,111.90,110.73
2018-07-18,108.84,108.15,107.00,106.68,104.19,104.05,111.90,110.74
2018-07-19,109.02,108.17,107.01,106.69,104.19,104.05,111.90,110.76
2018-07-20,109.20,108.18,107.02,106.69,104.19,104.05,111.90,110.77
2018-07-21,109.38,108.20,107.02,106.69,104.19,104.05,111.91,110.78
2018-07-22,109.55,108.22,107.03,106.69,104.19,104.05,111.91,110.79
2018-07-23,109.73,108.24,107.04,106.70,104.20,104.05,111.91,110.81
2018-07-24,109.91,108.26,107.05,106.70,104.20,104.05,111.91,110.82
2018-07-25,110.09,108.28,107.06,106.70,104.20,104.05,111.91,110.83
2018-07-26,110.27,108.30,107.07,106.71,104.20,104.05,111.92,110.85
2018-07-27,110.45,108.32,107.08,106.71,104.20,104.05,111.92,110.86
2018-07-28,110.63,108.33,107.08,106.71,104.20,104.05,111.92,110.87
2018-07-29,110.81,108.35,107.09,106.71,104.20,104.05,111.92,110.89
2018-07-30,110.98,108.37,107.10,106.72,104.20,104.06,111.92,110.90
2018-07-31,111.16,108.39,107.11,106.72,104.20,104.06,111.93,110.91
2018-08-01,111.34,108.41,107.12,106.72,104.20,104.06,111.93,110.92
2018-08-02,111.47,108.43,107.12,106.73,104.20,104.06,111.94,110.94
2018-08-03,111.59,108.45,107.13,106.73,104.20,104.06,111.95,110.95
2018-08-04,111.71,108.47,107.13,106.73,104.20,104.06,111.96,110.96
2018-08-05,111.84,108.49,107.14,106.74,104.20,104.06,111.97,110.98
2018-08-06,111.96,108.51,107.14,106.74,104.20,104.06,111.98,110.99
2018-08-07,112.09,108.53,107.14,106.74,104.20,104.06,111.99,111.00
2018-08-08,112.21,108.54,107.15,106.75,104.20,104.06,112.00,111.01
2018-08-09,112.34,108.56,107.15,106.75,104.20,104.06,112.01,111.03
2018-08-10,112.46,108.58,107.15,106.75,104.20,104.06,112.02,111.04
2018-08-11,112.59,108.60,107.16,106.76,104.20,104.06,112.03,111.05
2018-08-12,112.71,108.62,107.16,106.76,104.20,104.06,112.04,111.07
2018-08-13,112.84,108.63,107.17,106.76,104.20,104.06,112.05,111.08
2018-08-14,112.96,108.65,107.17,106.77,104.20,104.06,112.06,111.09
2018-08-15,113.08,108.67,107.17,106.77,104.20,104.06,112.07,111.10
2018-08-16,113.21,108.69,107.18,106.77,104.20,104.06,112.08,111.12
2018-08-17,113.33,108.70,107.18,106.78,104.20,104.06,112.09,111.13
2018-08-18,113.46,108.72,107.19,106.78,104.20,104.06,112.10,111.14
2018-08-19,113.58,108.74,107.19,106.78,104.20,104.07,112.11,111.15
2018-08-20,113.71,108.75,107.19,106.79,104.20,104.07,112.12,111.17
2018-08-21,113.83,108.77,107.20,106.79,104.20,104.07,112.13,111.18
2018-08-22,113.96,108.78,107.20,106.79,104.20,104.07,112.14,111.19
2018-08-23,114.08,108.80,107.21,106.80,104.20,104.07,112.15,111.20
2018-08-24,114.20,108.81,107.21,106.80,104.20,104.07,112.16,111.22
2018-08-25,114.33,108.83,107.21,106.80,104.20,104.07,112.17,111.23
2018-08-26,114.45,108.84,107.22,106.81,104.20,104.07,112.18,111.24
2018-08-27,114.58,108.86,107.22,106.81,104.20,104.07,112.19,111.25
2018-08-28,114.70,108.87,107.22,106.81,104.20,104.07,112.20,111.27
2018-08-29,114.83,108.88,107.23,106.82,104.20,104.07,112.21,111.28
2018-08-30,114.95,108.90,107.23,106.82,104.20,104.07,112.22,111.29
2018-08-31,115.08,108.91,107.24,106.83,104.20,104.07,112.23,111.30
2018-09-01,115.20,108.92,107.24,106.83,104.20,104.07,112.24,111.32
2018-09-02,115.10,108.93,107.23,106.83,104.20,104.07,112.25,111.33
2018-09-03,115.00,108.95,107.23,106.84,104.20,104.07,112.26,111.34
2018-09-04,114.90,108.96,107.22,106.84,104.20,104.07,112.27,111.35
2018-09-05,114.80,108.97,107.21,106.84,104.20,104.07,112.28,111.37
2018-09-06,114.69,108.98,107.21,106.85,104.20,104.07,112.30,111.38
2018-09-07,114.59,108.99,107.20,106.85,104.20,104.08,112.31,111.39
2018-09-08,114.49,109.00,107.19,106.85,104.20,104.08,112.32,111.40
2018-09-09,114.39,109.01,107.19,106.86,104.20,104.08,112.33,111.42
2018-09-10,114.29,109.01,107.18,106.86,104.20,104.08,112.34,111.43
2018-09-11,114.19,109.02,107.17,106.87,104.20,104.08,112.35,111.44
2018-09-12,114.09,109.03,107.17,106.87,104.20,104.08,112.37,111.45
2018-09-13,113.99,109.03,107.16,106.87,104.21,104.08,112.38,111.46
2018-09-14,113.88,109.04,107.15,106.88,104.21,104.08,112.39,111.48
2018-09-15,113.78,109.04,107.15,106.88,104.21,104.08,112.40,111.49
2018-09-16,113.68,109.05,107.14,106.88,104.21,104.08,112.41,111.50
2018-09-17,113.58,109.05,107.13,106.89,104.21,104.08,112.42,111.51
2018-09-18,113.48,109.06,107.13,106.89,104.21,104.08,112.44,111.53
2018-09-19,113.38,109.06,107.12,106.89,104.21,104.08,112.45,111.54
2018-09-20,113.28,109.06,107.11,106.90,104.21,104.08,112.46,111.55
2018-09-21,113.17,109.06,107.11,106.90,104.21,104.08,112.47,111.56
2018-09-22,113.07,109.06,107.10,106.90,104.21,104.08,112.48,111.58
2018-09-23,112.97,109.06,107.09,106.90,104.21,104.08,112.49,111.59
2018-09-24,112.87,109.06,107.09,106.91,104.21,104.09,112.51,111.60
2018-09-25,112.77,109.06,107.08,106.91,104.21,104.09,112.52,111.61
2018-09-26,112.67,109.06,107.07,106.91,104.21,104.09,112.53,111.63
2018-09-27,112.57,109.06,107.07,106.92,104.21,104.09,112.54,111.64
2018-09-28,112.47,109.06,107.06,106.92,104.21,104.09,112.55,111.65
2018-09-29,112.36,109.06,107.05,106.92,104.21,104.09,112.56,111.66
2018-09-30,112.26,109.06,107.05,106.93,104.21,104.09,112.58,111.68
2018-10-01,112.16,109.05,107.04,106.93,104.21,104.09,112.59,111.69
2018-10-02,112.05,109.05,107.05,106.93,104.21,104.09,112.59,111.70
2018-10-03,111.94,109.05,107.06,106.93,104.21,104.09,112.60,111.71
2018-10-04,111.82,109.04,107.07,106.94,104.21,104.09,112.61,111.72
2018-10-05,111.71,109.04,107.08,106.94,104.21,104.09,112.62,111.74
2018-10-06,111.60,109.04,107.08,106.94,104.21,104.09,112.62,111.75
2018-10-07,111.49,109.03,107.09,106.95,104.21,104.09,112.63,111.76
2018-10-08,111.37,109.03,107.10,106.95,104.21,104.09,112.64,111.77
2018-10-09,111.26,109.02,107.11,106.95,104.21,104.09,112.64,111.79
2018-10-10,111.15,109.02,107.12,106.95,104.21,104.10,112.65,111.80
2018-10-11,111.04,109.01,107.13,106.96,104.21,104.10,112.66,111.81
2018-10-12,110.92,109.00,107.14,106.96,104.21,104.10,112.67,111.82
2018-10-13,110.81,109.00,107.15,106.96,104.21,104.10,112.67,111.84
2018-10-14,110.70,108.99,107.16,106.97,104.22,104.10,112.68,111.85
2018-10-15,110.59,108.99,107.17,106.97,104.22,104.10,112.69,111.86
2018-10-16,110.47,108.98,107.18,106.97,104.22,104.10,112.69,111.87
2018-10-17,110.36,108.97,107.18,106.97,104.22,104.10,112.70,111.88
2018-10-18,110.25,108.97,107.19,106.98,104.22,104.10,112.71,111.90
2018-10-19,110.13,108.96,107.20,106.98,104.22,104.10,112.72,111.91
2018-10-20,110.02,108.95,107.21,106.98,104.22,104.10,112.72,111.92
2018-10-21,109.91,108.95,107.22,106.98,104.22,104.10,112.73,111.93
2018-10-22,109.80,108.94,107.23,106.99,104.22,104.10,112.74,111.95
2018-10-23,109.68,108.93,107.24,106.99,104.22,104.10,112.74,111.96
2018-10-24,109.57,108.93,107.25,106.99,104.22,104.10,112.75,111.97
2018-10-25,109.46,108.92,107.26,107.00,104.22,104.10,112.76,111.98
2018-10-26,109.35,108.91,107.27,107.00,104.22,104.11,112.77,111.99
2018-10-27,109.23,108.91,107.27,107.00,104.22,104.11,112.77,112.00
2018-10-28,109.12,108.90,107.28,107.01,104.22,104.11,112.78,112.02
2018-10-29,109.01,108.90,107.29,107.01,104.22,104.11,112.79,112.03
2018-10-30,108.90,108.89,107.30,107.01,104.22,104.11,112.79,112.04
2018-10-31,108.78,108.88,107.31,107.01,104.22,104.11,112.80,112.05
2018-11-01,108.67,108.88,107.32,107.02,104.22,104.11,112.81,112.06
2018-11-02,108.68,108.87,107.31,107.02,104.22,104.11,112.82,112.08
2018-11-03,108.68,108.86,107.31,107.02,104.22,104.11,112.83,112.09
2018-11-04,108.69,108.86,107.30,107.03,104.22,104.11,112.84,112.10
2018-11-05,108.70,108.85,107.29,107.03,104.22,104.11,112.85,112.11
2018-11-06,108.70,108.85,107.29,107.03,104.22,104.11,112.86,112.12
2018-11-07,108.71,108.84,107.28,107.04,104.22,104.11,112.87,112.13
2018-11-08,108.72,108.84,107.28,107.04,104.22,104.12,112.88,112.14
2018-11-09,108.72,108.84,107.27,107.04,104.22,104.12,112.89,112.16
2018-11-10,108.73,108.83,107.26,107.05,104.21,104.12,112.90,112.17
2018-11-11,108.73,108.83,107.26,107.05,104.21,104.12,112.91,112.18
2018-11-12,108.74,108.83,107.25,107.05,104.21,104.12,112.93,112.19
2018-11-13,108.75,108.82,107.24,107.06,104.21,104.12,112.94,112.20
2018-11-14,108.75,108.82,107.24,107.06,104.21,104.12,112.95,112.21
2018-11-15,108.76,108.82,107.23,107.06,104.21,104.12,112.96,112.23
2018-11-16,108.77,108.82,107.22,107.07,104.21,104.12,112.97,112.24
2018-11-17,108.77,108.82,107.22,107.07,104.21,104.12,112.98,112.25
2018-11-18,108.78,108.82,107.21,107.07,104.21,104.12,112.99,112.26
2018-11-19,108.78,108.82,107.21,107.08,104.21,104.12,113.00,112.27
2018-11-20,108.79,108.82,107.20,107.08,104.21,104.12,113.01,112.28
2018-11-21,108.80,108.82,107.19,107.09,104.21,104.12,113.02,112.29
2018-11-22,108.80,108.82,107.19,107.09,104.21,104.12,113.03,112.31
2018-11-23,108.81,108.82,107.18,107.09,104.21,104.13,113.04,112.32
2018-11-24,108.82,108.82,107.17,107.10,104.21,104.13,113.05,112.33
2018-11-25,108.82,108.82,107.17,107.10,104.20,104.13,113.06,112.34
2018-11-26,108.83,108.83,107.16,107.11,104.20,104.13,113.08,112.35
2018-11-27,108.84,108.83,107.15,107.11,104.20,104.13,113.09,112.37
2018-11-28,108.84,108.83,107.15,107.11,104.20,104.13,113.10,112.38
2018-11-29,108.85,108.84,107.14,107.12,104.20,104.13,113.11,112.39
2018-11-30,108.85,108.84,107.14,107.12,104.20,104.13,113.12,112.40
2018-12-01,108.86,108.85,107.13,107.13,104.20,104.13,113.13,112.41
2018-12-02,108.86,108.85,107.15,107.13,104.20,104.13,113.14,112.42
2018-12-03,108.86,108.86,107.18,107.13,104.20,104.13,113.15,112.44
2018-12-04,108.85,108.86,107.20,107.14,104.20,104.13,113.16,112.45
2018-12-05,108.85,108.87,107.22,107.14,104.20,104.13,113.17,112.46
2018-12-06,108.85,108.87,107.25,107.15,104.20,104.13,113.19,112.47
2018-12-07,108.85,108.88,107.27,107.15,104.20,104.13,113.20,112.48
2018-12-08,108.85,108.89,107.29,107.16,104.20,104.13,113.21,112.49
2018-12-09,108.85,108.89,107.32,107.16,104.20,104.13,113.22,112.51
2018-12-10,108.84,108.90,107.34,107.17,104.20,104.13,113.23,112.52
2018-12-11,108.84,108.91,107.36,107.17,104.20,104.13,113.24,112.53
2018-12-12,108.84,108.92,107.38,107.18,104.20,104.13,113.25,112.54
2018-12-13,108.84,108.93,107.41,107.18,104.20,104.13,113.26,112.55
2018-12-14,108.84,108.94,107.43,107.19,104.20,104.13,113.28,112.57
2018-12-15,108.83,108.95,107.45,107.19,104.20,104.13,113.29,112.58
2018-12-16,108.83,108.95,107.48,107.20,104.20,104.13,113.30,112.59
2018-12-17,108.83,108.96,107.50,107.20,104.20,104.13,113.31,112.60
2018-12-18,108.83,108.97,107.52,107.21,104.20,104.13,113.32,112.61
2018-12-19,108.83,108.98,107.55,107.21,104.19,104.13,113.33,112.62
2018-12-20,108.82,108.99,107.57,107.22,104.19,104.14,113.34,112.64
2018-12-21,108.82,109.00,107.59,107.22,104.19,104.14,113.35,112.65
2018-12-22,108.82,109.02,107.62,107.23,104.19,104.14,113.37,112.66
2018-12-23,108.82,109.03,107.64,107.23,104.19,104.14,113.38,112.67
2018-12-24,108.82,109.04,107.66,107.24,104.19,104.14,113.39,112.68
2018-12-25,108.81,109.05,107.69,107.25,104.19,104.14,113.40,112.70
2018-12-26,108.81,109.06,107.71,107.25,104.19,104.14,113.41,112.71
2018-12-27,108.81,109.07,107.73,107.26,104.19,104.14,113.42,112.72
2018-12-28,108.81,109.08,107.76,107.26,104.19,104.14,113.43,112.73
2018-12-29,108.81,109.10,107.78,107.27,104.19,104.14,113.44,112.74
2018-12-30,108.80,109.11,107.80,107.27,104.19,104.14,113.46,112.75
2018-12-31,108.80,109.12,107.83,107.28,104.19,104.14,113.47,112.77
2019-01-01,108.80,109.13,107.85,107.29,104.19,104.14,113.48,112.78
2019-01-02,108.82,109.14,107.86,107.29,104.19,104.14,113.49,112.79
2019-01-03,108.85,109.16,107.87,107.30,104.19,104.14,113.49,112.80
2019-01-04,108.87,109.17,107.88,107.30,104.19,104.14,113.50,112.81
2019-01-05,108.90,109.18,107.89,107.31,104.19,104.14,113.51,112.83
2019-01-06,108.92,109.19,107.90,107.32,104.19,104.14,113.51,112.84
2019-01-07,108.94,109.21,107.92,107.32,104.19,104.14,113.52,112.85
2019-01-08,108.97,109.22,107.93,107.33,104.19,104.14,113.53,112.86
2019-01-09,108.99,109.23,107.94,107.33,104.19,104.14,113.54,112.87
2019-01-10,109.02,109.24,107.95,107.34,104.19,104.14,113.54,112.89
2019-01-11,109.04,109.25,107.96,107.35,104.19,104.14,113.55,112.90
2019-01-12,109.06,109.27,107.97,107.35,104.19,104.14,113.56,112.91
2019-01-13,109.09,109.28,107.98,107.36,104.19,104.13,113.56,112.92
2019-01-14,109.11,109.29,107.99,107.37,104.19,104.13,113.57,112.93
2019-01-15,109.13,109.30,108.00,107.37,104.19,104.13,113.58,112.94
2019-01-16,109.16,109.32,108.01,107.38,104.19,104.13,113.59,112.96
2019-01-17,109.18,109.33,108.03,107.38,104.19,104.13,113.59,112.97
2019-01-18,109.21,109.34,108.04,107.39,104.19,104.13,113.60,112.98
2019-01-19,109.23,109.35,108.05,107.39,104.18,104.13,113.61,112.99
2019-01-20,109.25,109.36,108.06,107.40,104.18,104.13,113.61,113.00
2019-01-21,109.28,109.38,108.07,107.41,104.18,104.13,113.62,113.01
2019-01-22,109.30,109.39,108.08,107.41,104.18,104.13,113.63,113.03
2019-01-23,109.33,109.40,108.09,107.42,104.18,104.13,113.63,113.04
2019-01-24,109.35,109.41,108.10,107.42,104.18,104.13,113.64,113.05
2019-01-25,109.37,109.42,108.11,107.43,104.18,104.13,113.65,113.06
2019-01-26,109.40,109.43,108.12,107.44,104.18,104.13,113.66,113.07
2019-01-27,109.42,109.44,108.13,107.44,104.18,104.13,113.66,113.08
2019-01-28,109.45,109.45,108.15,107.45,104.18,104.13,113.67,113.10
2019-01-29,109.47,109.47,108.16,107.45,104.18,104.13,113.68,113.11
2019-01-30,109.49,109.48,108.17,107.46,104.18,104.13,113.68,113.12
2019-01-31,109.52,109.49,108.18,107.46,104.18,104.13,113.69,113.13
2019-02-01,109.54,109.50,108.19,107.47,104.18,104.13,113.70,113.14
2019-02-02,109.50,109.51,108.20,107.47,104.18,104.13,113.71,113.15
2019-02-03,109.47,109.52,108.20,107.48,104.18,104.13,113.73,113.17
2019-02-04,109.43,109.53,108.21,107.49,104.18,104.13,113.75,113.18
2019-02-05,109.39,109.54,108.22,107.49,104.18,104.12,113.76,113.19
2019-02-06,109.35,109.55,108.22,107.50,104.17,104.12,113.78,113.20
2019-02-07,109.31,109.55,108.23,107.50,104.17,104.12,113.79,113.21
2019-02-08,109.28,109.56,108.24,107.51,104.17,104.12,113.81,113.22
2019-02-09,109.24,109.57,108.24,107.51,104.17,104.12,113.83,113.24
2019-02-10,109.20,109.58,108.25,107.52,104.17,104.12,113.84,113.25
2019-02-11,109.16,109.59,108.26,107.52,104.17,104.12,113.86,113.26
2019-02-12,109.12,109.60,108.26,107.53,104.17,104.12,113.88,113.27
2019-02-13,109.09,109.61,108.27,107.54,104.16,104.12,113.89,113.28
2019-02-14,109.05,109.61,108.28,107.54,104.16,104.12,113.91,113.30
2019-02-15,109.01,109.62,108.28,107.55,104.16,104.12,113.92,113.31
2019-02-16,108.97,109.63,108.29,107.55,104.16,104.12,113.94,113.32
2019-02-17,108.94,109.64,108.30,107.56,104.16,104.12,113.96,113.33
2019-02-18,108.90,109.64,108.31,107.56,104.16,104.12,113.97,113.34
2019-02-19,108.86,109.65,108.31,107.57,104.16,104.12,113.99,113.36
2019-02-20,108.82,109.66,108.32,107.58,104.15,104.12,114.00,113.37
2019-02-21,108.78,109.67,108.33,107.58,104.15,104.12,114.02,113.38
2019-02-22,108.75,109.67,108.33,107.59,104.15,104.12,114.04,113.39
2019-02-23,108.71,109.68,108.34,107.59,104.15,104.11,114.05,113.40
2019-02-24,108.67,109.68,108.35,107.60,104.15,104.11,114.07,113.42
2019-02-25,108.63,109.69,108.35,107.61,104.15,104.11,114.08,113.43
2019-02-26,108.59,109.70,108.36,107.61,104.15,104.11,114.10,113.44
2019-02-27,108.56,109.70,108.37,107.62,104.14,104.11,114.12,113.45
2019-02-28,108.52,109.71,108.37,107.62,104.14,104.11,114.13,113.46
2019-03-01,108.48,109.71,108.38,107.63,104.14,104.11,114.15,113.48
2019-03-02,108.51,109.72,108.39,107.63,104.14,104.11,114.17,113.49
2019-03-03,108.54,109.72,108.40,107.64,104.14,104.11,114.18,113.50
2019-03-04,108.57,109.73,108.40,107.65,104.14,104.11,114.20,113.51
2019-03-05,108.60,109.73,108.41,107.65,104.14,104.11,114.22,113.53
2019-03-06,108.63,109.74,108.42,107.66,104.13,104.11,114.23,113.54
2019-03-07,108.66,109.74,108.43,107.66,104.13,104.11,114.25,113.55
2019-03-08,108.69,109.74,108.43,107.67,104.13,104.11,114.27,113.56
2019-03-09,108.72,109.75,108.44,107.68,104.13,104.11,114.29,113.57
2019-03-10,108.75,109.75,108.45,107.68,104.13,104.11,114.30,113.59
2019-03-11,108.78,109.76,108.46,107.69,104.13,104.11,114.32,113.60
2019-03-12,108.81,109.76,108.47,107.69,104.13,104.11,114.34,113.61
2019-03-13,108.84,109.76,108.47,107.70,104.13,104.11,114.36,113.62
2019-03-14,108.87,109.77,108.48,107.71,104.12,104.10,114.37,113.63
2019-03-15,108.90,109.77,108.49,107.71,104.12,104.10,114.39,113.64
2019-03-16,108.93,109.77,108.50,107.72,104.12,104.10,114.41,113.66
2019-03-17,108.96,109.77,108.50,107.72,104.12,104.10,114.43,113.67
2019-03-18,108.99,109.78,108.51,107.73,104.12,104.10,114.44,113.68
2019-03-19,109.02,109.78,108.52,107.74,104.12,104.10,114.46,113.69
2019-03-20,109.05,109.78,108.53,107.74,104.12,104.10,114.48,113.70
2019-03-21,109.07,109.78,108.53,107.75,104.12,104.10,114.50,113.71
2019-03-22,109.10,109.79,108.54,107.75,104.11,104.10,114.51,113.72
2019-03-23,109.13,109.79,108.55,107.76,104.11,104.10,114.53,113.73
2019-03-24,109.16,109.79,108.56,107.77,104.11,104.10,114.55,113.75
2019-03-25,109.19,109.79,108.57,107.77,104.11,104.10,114.57,113.76
2019-03-26,109.22,109.79,108.57,107.78,104.11,104.10,114.58,113.77
2019-03-27,109.25,109.79,108.58,107.78,104.11,104.10,114.60,113.78
2019-03-28,109.28,109.80,108.59,107.79,104.11,104.10,114.62,113.79
2019-03-29,109.31,109.80,108.60,107.80,104.10,104.10,114.64,113.80
2019-03-30,109.34,109.80,108.60,107.80,104.10,104.10,114.65,113.81
2019-03-31,109.37,109.80,108.61,107.81,104.10,104.10,114.67,113.82
2019-04-01,109.40,109.80,108.62,107.81,104.10,104.10,114.69,113.83
2019-04-02,109.38,109.80,108.63,107.82,104.10,104.10,114.70,113.84
2019-04-03,109.36,109.80,108.64,107.83,104.10,104.10,114.72,113.85
2019-04-04,109.34,109.80,108.66,107.83,104.10,104.09,114.74,113.86
2019-04-05,109.33,109.80,108.67,107.84,104.10,104.09,114.75,113.87
2019-04-06,109.31,109.80,108.68,107.84,104.10,104.09,114.77,113.88
2019-04-07,109.29,109.80,108.70,107.85,104.09,104.09,114.79,113.89
2019-04-08,109.27,109.80,108.71,107.86,104.09,104.09,114.80,113.90
2019-04-09,109.25,109.80,108.72,107.86,104.09,104.09,114.82,113.91
2019-04-10,109.23,109.80,108.73,107.87,104.09,104.09,114.84,113.92
2019-04-11,109.21,109.80,108.75,107.87,104.09,104.09,114.85,113.93
2019-04-12,109.19,109.80,108.76,107.88,104.09,104.09,114.87,113.94
2019-04-13,109.17,109.80,108.77,107.89,104.09,104.09,114.88,113.95
2019-04-14,109.15,109.80,108.78,107.89,104.09,104.09,114.90,113.96
2019-04-15,109.14,109.80,108.80,107.90,104.09,104.09,114.92,113.97
2019-04-16,109.12,109.80,108.81,107.90,104.09,104.09,114.93,113.98
2019-04-17,109.10,109.79,108.82,107.91,104.08,104.09,114.95,113.99
2019-04-18,109.08,109.79,108.83,107.92,104.08,104.09,114.97,114.00
2019-04-19,109.06,109.79,108.85,107.92,104.08,104.09,114.98,114.01
2019-04-20,109.04,109.79,108.86,107.93,104.08,104.09,115.00,114.02
2019-04-21,109.02,109.79,108.87,107.94,104.08,104.09,115.02,114.03
2019-04-22,109.00,109.79,108.89,107.94,104.08,104.09,115.03,114.04
2019-04-23,108.98,109.78,108.90,107.95,104.08,104.09,115.05,114.05
2019-04-24,108.96,109.78,108.91,107.95,104.08,104.09,115.06,114.06
2019-04-25,108.95,109.78,108.92,107.96,104.08,104.09,115.08,114.07
2019-04-26,108.93,109.78,108.94,107.97,104.08,104.08,115.10,114.08
2019-04-27,108.91,109.78,108.95,107.97,104.07,104.08,115.11,114.09
2019-04-28,108.89,109.77,108.96,107.98,104.07,104.08,115.13,114.10
2019-04-29,108.87,109.77,108.97,107.99,104.07,104.08,115.15,114.11
2019-04-30,108.85,109.77,108.99,107.99,104.07,104.08,115.16,114.12
2019-05-01,108.83,109.77,109.00,108.00,104.07,104.08,115.18,114.13
2019-05-02,108.79,109.77,108.99,108.00,104.07,104.08,115.19,114.14
2019-05-03,108.75,109.76,108.98,108.01,104.07,104.08,115.20,114.15
2019-05-04,108.72,109.76,108.97,108.02,104.06,104.08,115.21,114.16
2019-05-05,108.68,109.76,108.96,108.02,104.06,104.08,115.22,114.17
2019-05-06,108.64,109.76,108.96,108.03,104.06,104.08,115.23,114.18
2019-05-07,108.60,109.75,108.95,108.04,104.06,104.08,115.24,114.19
2019-05-08,108.56,109.75,108.94,108.04,104.05,104.08,115.25,114.20
2019-05-09,108.52,109.75,108.93,108.05,104.05,104.08,115.26,114.21
2019-05-10,108.49,109.75,108.92,108.05,104.05,104.08,115.27,114.22
2019-05-11,108.45,109.75,108.91,108.06,104.05,104.08,115.28,114.23
2019-05-12,108.41,109.74,108.90,108.07,104.05,104.08,115.29,114.24
2019-05-13,108.37,109.74,108.90,108.07,104.04,104.08,115.30,114.25
2019-05-14,108.33,109.74,108.89,108.08,104.04,104.08,115.31,114.26
2019-05-15,108.29,109.74,108.88,108.08,104.04,104.08,115.32,114.26
2019-05-16,108.26,109.74,108.87,108.09,104.04,104.07,115.33,114.27
2019-05-17,108.22,109.73,108.86,108.10,104.03,104.07,115.34,114.28
2019-05-18,108.18,109.73,108.85,108.10,104.03,104.07,115.35,114.29
2019-05-19,108.14,109.73,108.84,108.11,104.03,104.07,115.36,114.30
2019-05-20,108.10,109.73,108.83,108.11,104.03,104.07,115.37,114.31
2019-05-21,108.06,109.73,108.83,108.12,104.03,104.07,115.38,114.32
2019-05-22,108.02,109.73,108.82,108.12,104.02,104.07,115.39,114.33
2019-05-23,107.99,109.73,108.81,108.13,104.02,104.07,115.41,114.34
2019-05-24,107.95,109.73,108.80,108.14,104.02,104.07,115.42,114.35
2019-05-25,107.91,109.73,108.79,108.14,104.02,104.07,115.43,114.36
2019-05-26,107.87,109.72,108.78,108.15,104.01,104.07,115.44,114.36
2019-05-27,107.83,109.72,108.77,108.15,104.01,104.07,115.45,114.37
2019-05-28,107.79,109.72,108.76,108.16,104.01,104.07,115.46,114.38
2019-05-29,107.76,109.72,108.76,108.16,104.01,104.07,115.47,114.39
2019-05-30,107.72,109.72,108.75,108.17,104.01,104.07,115.48,114.40
2019-05-31,107.68,109.73,108.74,108.17,104.00,104.07,115.49,114.41
2019-06-01,107.64,109.73,108.73,108.18,104.00,104.07,115.50,114.42
2019-06-02,107.61,109.73,108.73,108.18,104.00,104.06,115.51,114.42
2019-06-03,107.58,109.73,108.74,108.19,104.00,104.06,115.51,114.43
2019-06-04,107.54,109.73,108.74,108.19,104.00,104.06,115.52,114.44
2019-06-05,107.51,109.73,108.74,108.20,104.00,104.06,115.53,114.45
2019-06-06,107.48,109.73,108.74,108.21,104.00,104.06,115.54,114.46
2019-06-07,107.45,109.73,108.75,108.21,104.00,104.06,115.54,114.47
2019-06-08,107.42,109.74,108.75,108.22,104.00,104.06,115.55,114.47
2019-06-09,107.38,109.74,108.75,108.22,104.00,104.06,115.56,114.48
2019-06-10,107.35,109.74,108.75,108.23,103.99,104.06,115.57,114.49
2019-06-11,107.32,109.74,108.76,108.23,103.99,104.06,115.57,114.50
2019-06-12,107.29,109.75,108.76,108.24,103.99,104.06,115.58,114.51
2019-06-13,107.26,109.75,108.76,108.24,103.99,104.06,115.59,114.52
2019-06-14,107.22,109.75,108.76,108.25,103.99,104.06,115.60,114.52
2019-06-15,107.19,109.76,108.77,108.25,103.99,104.06,115.61,114.53
2019-06-16,107.16,109.76,108.77,108.26,103.99,104.06,115.61,114.54
2019-06-17,107.13,109.77,108.77,108.26,103.99,104.06,115.62,114.55
2019-06-18,107.10,109.77,108.78,108.27,103.99,104.06,115.63,114.56
2019-06-19,107.06,109.78,108.78,108.27,103.99,104.06,115.64,114.56
2019-06-20,107.03,109.78,108.78,108.28,103.99,104.05,115.64,114.57
2019-06-21,107.00,109.79,108.78,108.28,103.99,104.05,115.65,114.58
2019-06-22,106.97,109.79,108.79,108.29,103.99,104.05,115.66,114.59
2019-06-23,106.94,109.80,108.79,108.29,103.99,104.05,115.67,114.60
2019-06-24,106.90,109.81,108.79,108.30,103.99,104.05,115.67,114.60
2019-06-25,106.87,109.81,108.79,108.30,103.98,104.05,115.68,114.61
2019-06-26,106.84,109.82,108.80,108.31,103.98,104.05,115.69,114.62
2019-06-27,106.81,109.83,108.80,108.31,103.98,104.05,115.70,114.63
2019-06-28,106.78,109.83,108.80,108.32,103.98,104.05,115.70,114.63
2019-06-29,106.74,109.84,108.80,108.32,103.98,104.05,115.71,114.64
2019-06-30,106.71,109.85,108.81,108.33,103.98,104.05,115.72,114.65
2019-07-01,106.68,109.86,108.81,108.33,103.98,104.05,115.73,114.66
2019-07-02,106.71,109.87,108.81,108.34,103.98,104.05,115.73,114.66
2019-07-03,106.75,109.88,108.81,108.34,103.98,104.05,115.74,114.67
2019-07-04,106.78,109.88,108.81,108.35,103.98,104.05,115.74,114.68
2019-07-05,106.81,109.89,108.80,108.35,103.98,104.05,115.75,114.69
2019-07-06,106.85,109.90,108.80,108.36,103.98,104.05,115.75,114.70
2019-07-07,106.88,109.91,108.80,108.36,103.98,104.05,115.76,114.70
2019-07-08,106.91,109.92,108.80,108.37,103.97,104.05,115.76,114.71
2019-07-09,106.94,109.93,108.80,108.38,103.97,104.05,115.77,114.72
2019-07-10,106.98,109.94,108.80,108.38,103.97,104.05,115.77,114.72
2019-07-11,107.01,109.95,108.80,108.39,103.97,104.04,115.78,114.73
2019-07-12,107.04,109.96,108.80,108.39,103.97,104.04,115.78,114.74
2019-07-13,107.08,109.97,108.79,108.40,103.97,104.04,115.79,114.75
2019-07-14,107.11,109.98,108.79,108.40,103.97,104.04,115.79,114.75
2019-07-15,107.14,109.99,108.79,108.41,103.97,104.04,115.80,114.76
2019-07-16,107.17,110.00,108.79,108.41,103.97,104.04,115.81,114.77
2019-07-17,107.21,110.01,108.79,108.42,103.97,104.04,115.81,114.78
2019-07-18,107.24,110.02,108.79,108.42,103.96,104.04,115.82,114.78
2019-07-19,107.27,110.03,108.79,108.43,103.96,104.04,115.82,114.79
2019-07-20,107.31,110.04,108.79,108.43,103.96,104.04,115.83,114.80
2019-07-21,107.34,110.06,108.78,108.44,103.96,104.04,115.83,114.81
2019-07-22,107.37,110.07,108.78,108.44,103.96,104.04,115.84,114.81
2019-07-23,107.40,110.08,108.78,108.45,103.96,104.04,115.84,114.82
2019-07-24,107.44,110.09,108.78,108.45,103.96,104.04,115.85,114.83
2019-07-25,107.47,110.10,108.78,108.46,103.96,104.04,115.85,114.84
2019-07-26,107.50,110.11,108.78,108.46,103.96,104.04,115.86,114.84
2019-07-27,107.54,110.12,108.78,108.47,103.96,104.03,115.86,114.85
2019-07-28,107.57,110.13,108.78,108.47,103.95,104.03,115.87,114.86
2019-07-29,107.60,110.14,108.77,108.48,103.95,104.03,115.87,114.87
2019-07-30,107.64,110.15,108.77,108.49,103.95,104.03,115.88,114.87
2019-07-31,107.67,110.16,108.77,108.49,103.95,104.03,115.88,114.88
2019-08-01,107.70,110.17,108.77,108.50,103.95,104.03,115.89,114.89
2019-08-02,107.79,110.18,108.77,108.50,103.95,104.03,115.89,114.90
2019-08-03,107.88,110.19,108.77,108.51,103.95,104.03,115.89,114.90
2019-08-04,107.97,110.20,108.77,108.51,103.95,104.03,115.89,114.91
2019-08-05,108.06,110.21,108.77,108.52,103.95,104.03,115.89,114.92
2019-08-06,108.16,110.22,108.77,108.52,103.95,104.03,115.89,114.93
2019-08-07,108.25,110.23,108.77,108.53,103.95,104.03,115.89,114.93
2019-08-08,108.34,110.24,108.77,108.53,103.95,104.02,115.89,114.94
2019-08-09,108.43,110.25,108.77,108.54,103.95,104.02,115.89,114.95
2019-08-10,108.52,110.26,108.77,108.54,103.95,104.02,115.89,114.95
2019-08-11,108.61,110.27,108.77,108.55,103.95,104.02,115.89,114.96
2019-08-12,108.70,110.28,108.77,108.56,103.95,104.02,115.89,114.97
2019-08-13,108.79,110.29,108.77,108.56,103.95,104.02,115.89,114.98
2019-08-14,108.88,110.30,108.77,108.57,103.95,104.02,115.89,114.98
2019-08-15,108.97,110.31,108.77,108.57,103.95,104.02,115.89,114.99
2019-08-16,109.07,110.32,108.77,108.58,103.95,104.02,115.89,115.00
2019-08-17,109.16,110.33,108.77,108.58,103.95,104.02,115.89,115.00
2019-08-18,109.25,110.34,108.77,108.59,103.95,104.01,115.89,115.01
2019-08-19,109.34,110.35,108.77,108.59,103.95,104.01,115.89,115.02
2019-08-20,109.43,110.36,108.77,108.60,103.95,104.01,115.89,115.02
2019-08-21,109.52,110.37,108.77,108.60,103.95,104.01,115.89,115.03
2019-08-22,109.61,110.38,108.77,108.61,103.95,104.01,115.90,115.04
2019-08-23,109.70,110.39,108.77,108.61,103.95,104.01,115.90,115.05
2019-08-24,109.79,110.39,108.77,108.62,103.95,104.01,115.90,115.05
2019-08-25,109.88,110.40,108.77,108.63,103.95,104.01,115.90,115.06
2019-08-26,109.98,110.41,108.77,108.63,103.95,104.00,115.90,115.07
2019-08-27,110.07,110.42,108.77,108.64,103.95,104.00,115.90,115.07
2019-08-28,110.16,110.43,108.77,108.64,103.95,104.00,115.90,115.08
2019-08-29,110.25,110.43,108.77,108.65,103.95,104.00,115.90,115.09
2019-08-30,110.34,110.44,108.77,108.65,103.95,104.00,115.90,115.09
2019-08-31,110.43,110.45,108.77,108.66,103.95,104.00,115.90,115.10
2019-09-01,110.52,110.46,108.77,108.66,103.95,104.00,115.90,115.11
2019-09-02,110.53,110.46,108.77,108.67,103.95,103.99,115.91,115.11
2019-09-03,110.54,110.47,108.78,108.67,103.95,103.99,115.92,115.12
2019-09-04,110.54,110.48,108.78,108.68,103.95,103.99,115.94,115.13
2019-09-05,110.55,110.48,108.78,108.68,103.95,103.99,115.95,115.13
2019-09-06,110.56,110.49,108.78,108.69,103.95,103.99,115.96,115.14
2019-09-07,110.57,110.49,108.79,108.70,103.95,103.99,115.98,115.14
2019-09-08,110.57,110.50,108.79,108.70,103.95,103.99,115.99,115.15
2019-09-09,110.58,110.51,108.79,108.71,103.95,103.98,116.00,115.16
2019-09-10,110.59,110.51,108.79,108.71,103.95,103.98,116.02,115.16
2019-09-11,110.59,110.52,108.80,108.72,103.95,103.98,116.03,115.17
2019-09-12,110.60,110.52,108.80,108.72,103.95,103.98,116.04,115.18
2019-09-13,110.61,110.53,108.80,108.73,103.95,103.98,116.05,115.18
2019-09-14,110.62,110.53,108.80,108.73,103.96,103.98,116.07,115.19
2019-09-15,110.62,110.53,108.81,108.74,103.96,103.98,116.08,115.20
2019-09-16,110.63,110.54,108.81,108.75,103.96,103.97,116.09,115.21
2019-09-17,110.64,110.54,108.81,108.75,103.96,103.97,116.11,115.21
2019-09-18,110.65,110.55,108.82,108.76,103.96,103.97,116.12,115.22
2019-09-19,110.65,110.55,108.82,108.76,103.96,103.97,116.13,115.23
2019-09-20,110.66,110.55,108.82,108.77,103.96,103.97,116.15,115.23
2019-09-21,110.67,110.56,108.82,108.77,103.96,103.97,116.16,115.24
2019-09-22,110.67,110.56,108.83,108.78,103.96,103.97,116.17,115.25
2019-09-23,110.68,110.56,108.83,108.78,103.96,103.97,116.18,115.25
2019-09-24,110.69,110.57,108.83,108.79,103.96,103.96,116.20,115.26
2019-09-25,110.70,110.57,108.83,108.80,103.96,103.96,116.21,115.27
2019-09-26,110.70,110.57,108.84,108.80,103.96,103.96,116.22,115.27
2019-09-27,110.71,110.58,108.84,108.81,103.96,103.96,116.24,115.28
2019-09-28,110.72,110.58,108.84,108.81,103.96,103.96,116.25,115.29
2019-09-29,110.73,110.58,108.84,108.82,103.96,103.96,116.26,115.30
2019-09-30,110.73,110.58,108.85,108.82,103.96,103.96,116.28,115.30
2019-10-01,110.74,110.59,108.85,108.83,103.96,103.95,116.29,115.31
2019-10-02,110.65,110.59,108.85,108.83,103.96,103.95,116.29,115.32
2019-10-03,110.56,110.59,108.85,108.84,103.96,103.95,116.30,115.32
2019-10-04,110.46,110.59,108.86,108.85,103.96,103.95,116.30,115.33
2019-10-05,110.37,110.59,108.86,108.85,103.96,103.95,116.31,115.34
2019-10-06,110.28,110.59,108.86,108.86,103.96,103.95,116.31,115.35
2019-10-07,110.19,110.59,108.86,108.86,103.96,103.95,116.32,115.35
2019-10-08,110.10,110.60,108.87,108.87,103.96,103.94,116.32,115.36
2019-10-09,110.00,110.60,108.87,108.87,103.96,103.94,116.33,115.37
2019-10-10,109.91,110.60,108.87,108.88,103.96,103.94,116.33,115.37
2019-10-11,109.82,110.60,108.87,108.88,103.96,103.94,116.34,115.38
2019-10-12,109.73,110.60,108.87,108.89,103.96,103.94,116.34,115.39
2019-10-13,109.64,110.60,108.88,108.90,103.96,103.94,116.35,115.40
2019-10-14,109.55,110.60,108.88,108.90,103.96,103.94,116.35,115.40
2019-10-15,109.45,110.59,108.88,108.91,103.97,103.94,116.36,115.41
2019-10-16,109.36,110.59,108.88,108.91,103.97,103.93,116.36,115.42
2019-10-17,109.27,110.59,108.89,108.92,103.97,103.93,116.37,115.42
2019-10-18,109.18,110.59,108.89,108.92,103.97,103.93,116.37,115.43
2019-10-19,109.09,110.59,108.89,108.93,103.97,103.93,116.38,115.44
2019-10-20,108.99,110.59,108.89,108.93,103.97,103.93,116.38,115.45
2019-10-21,108.90,110.59,108.89,108.94,103.97,103.93,116.38,115.45
2019-10-22,108.81,110.59,108.90,108.94,103.97,103.93,116.39,115.46
2019-10-23,108.72,110.58,108.90,108.95,103.97,103.93,116.39,115.47
2019-10-24,108.63,110.58,108.90,108.96,103.97,103.93,116.40,115.47
2019-10-25,108.53,110.58,108.90,108.96,103.97,103.92,116.40,115.48
2019-10-26,108.44,110.58,108.91,108.97,103.97,103.92,116.41,115.49
2019-10-27,108.35,110.57,108.91,108.97,103.97,103.92,116.41,115.50
2019-10-28,108.26,110.57,108.91,108.98,103.97,103.92,116.42,115.50
2019-10-29,108.17,110.57,108.91,108.98,103.97,103.92,116.42,115.51
2019-10-30,108.07,110.57,108.92,108.99,103.97,103.92,116.43,115.52
2019-10-31,107.98,110.56,108.92,108.99,103.97,103.92,116.43,115.52
2019-11-01,107.89,110.56,108.92,109.00,103.97,103.92,116.44,115.53
2019-11-02,107.93,110.56,108.92,109.00,103.97,103.92,116.45,115.54
2019-11-03,107.97,110.56,108.92,109.01,103.97,103.91,116.45,115.55
2019-11-04,108.00,110.55,108.92,109.02,103.97,103.91,116.46,115.55
2019-11-05,108.04,110.55,108.92,109.02,103.97,103.91,116.47,115.56
2019-11-06,108.08,110.55,108.92,109.03,103.97,103.91,116.47,115.57
2019-11-07,108.11,110.54,108.92,109.03,103.97,103.91,116.48,115.57
2019-11-08,108.15,110.54,108.92,109.04,103.98,103.91,116.49,115.58
2019-11-09,108.19,110.54,108.92,109.04,103.98,103.91,116.49,115.59
2019-11-10,108.23,110.54,108.93,109.05,103.98,103.91,116.50,115.59
2019-11-11,108.26,110.53,108.93,109.05,103.98,103.91,116.51,115.60
2019-11-12,108.30,110.53,108.93,109.06,103.98,103.91,116.51,115.61
2019-11-13,108.34,110.53,108.93,109.06,103.98,103.90,116.52,115.62
2019-11-14,108.38,110.53,108.93,109.07,103.98,103.90,116.53,115.62
2019-11-15,108.41,110.53,108.93,109.07,103.98,103.90,116.54,115.63
2019-11-16,108.45,110.52,108.93,109.08,103.98,103.90,116.54,115.64
2019-11-17,108.49,110.52,108.93,109.08,103.98,103.90,116.55,115.64
2019-11-18,108.53,110.52,108.93,109.09,103.98,103.90,116.56,115.65
2019-11-19,108.56,110.52,108.93,109.09,103.98,103.90,116.56,115.66
2019-11-20,108.60,110.52,108.93,109.10,103.98,103.90,116.57,115.66
2019-11-21,108.64,110.52,108.93,109.11,103.98,103.90,116.58,115.67
2019-11-22,108.67,110.52,108.93,109.11,103.99,103.90,116.58,115.68
2019-11-23,108.71,110.52,108.93,109.12,103.99,103.90,116.59,115.68
2019-11-24,108.75,110.52,108.93,109.12,103.99,103.90,116.60,115.69
2019-11-25,108.79,110.52,108.94,109.13,103.99,103.89,116.61,115.70
2019-11-26,108.82,110.52,108.94,109.13,103.99,103.89,116.61,115.70
2019-11-27,108.86,110.52,108.94,109.14,103.99,103.89,116.62,115.71
2019-11-28,108.90,110.52,108.94,109.14,103.99,103.89,116.63,115.72
2019-11-29,108.94,110.52,108.94,109.15,103.99,103.89,116.63,115.72
2019-11-30,108.97,110.52,108.94,109.15,103.99,103.89,116.64,115.73
2019-12-01,109.01,110.52,108.94,109.16,103.99,103.89,116.65,115.73
2019-12-02,109.05,110.52,108.98,109.16,103.99,103.89,116.66,115.74
2019-12-03,109.10,110.52,109.02,109.17,103.99,103.89,116.67,115.75
2019-12-04,109.14,110.53,109.05,109.17,104.00,103.89,116.68,115.75
2019-12-05,109.18,110.53,109.09,109.18,104.00,103.89,116.69,115.76
2019-12-06,109.23,110.53,109.13,109.18,104.00,103.89,116.70,115.77
2019-12-07,109.27,110.53,109.17,109.19,104.00,103.88,116.71,115.77
2019-12-08,109.31,110.53,109.20,109.19,104.00,103.88,116.72,115.78
2019-12-09,109.36,110.54,109.24,109.20,104.01,103.88,116.73,115.79
2019-12-10,109.40,110.54,109.28,109.20,104.01,103.88,116.74,115.79
2019-12-11,109.45,110.54,109.32,109.21,104.01,103.88,116.75,115.80
2019-12-12,109.49,110.55,109.36,109.21,104.01,103.88,116.77,115.80
2019-12-13,109.53,110.55,109.39,109.22,104.01,103.88,116.78,115.81
2019-12-14,109.58,110.55,109.43,109.22,104.02,103.88,116.79,115.82
2019-12-15,109.62,110.56,109.47,109.23,104.02,103.88,116.80,115.82
2019-12-16,109.66,110.56,109.51,109.23,104.02,103.88,116.81,115.83
2019-12-17,109.71,110.56,109.55,109.24,104.02,103.88,116.82,115.83
2019-12-18,109.75,110.57,109.58,109.25,104.02,103.88,116.83,115.84
2019-12-19,109.79,110.57,109.62,109.25,104.02,103.88,116.84,115.85
2019-12-20,109.84,110.58,109.66,109.26,104.03,103.87,116.85,115.85
2019-12-21,109.88,110.58,109.70,109.26,104.03,103.87,116.86,115.86
2019-12-22,109.92,110.58,109.73,109.27,104.03,103.87,116.87,115.86
2019-12-23,109.97,110.59,109.77,109.27,104.03,103.87,116.88,115.87
2019-12-24,110.01,110.59,109.81,109.28,104.03,103.87,116.89,115.88
2019-12-25,110.05,110.60,109.85,109.29,104.04,103.87,116.90,115.88
2019-12-26,110.10,110.60,109.89,109.29,104.04,103.87,116.92,115.89
2019-12-27,110.14,110.61,109.92,109.30,104.04,103.87,116.93,115.89
2019-12-28,110.18,110.61,109.96,109.30,104.04,103.87,116.94,115.90
2019-12-29,110.23,110.62,110.00,109.31,104.04,103.87,116.95,115.91
2019-12-30,110.27,110.63,110.04,109.32,104.04,103.87,116.96,115.91
2019-12-31,110.31,110.63,110.07,109.32,104.05,103.87,116.97,115.92
2020-01-01,110.36,110.64,110.11,109.33,104.05,103.87,116.98,115.92
2020-01-02,110.34,110.64,110.12,109.33,104.05,103.87,116.98,115.93
2020-01-03,110.32,110.65,110.14,109.34,104.05,103.86,116.99,115.93
2020-01-04,110.30,110.65,110.15,109.35,104.05,103.86,116.99,115.94
2020-01-05,110.28,110.66,110.16,109.35,104.05,103.86,117.00,115.95
2020-01-06,110.27,110.67,110.17,109.36,104.05,103.86,117.00,115.95
2020-01-07,110.25,110.67,110.19,109.36,104.05,103.86,117.00,115.96
2020-01-08,110.23,110.68,110.20,109.37,104.05,103.86,117.01,115.96
2020-01-09,110.21,110.68,110.21,109.38,104.05,103.86,117.01,115.97
2020-01-10,110.19,110.69,110.22,109.38,104.05,103.86,117.01,115.97
2020-01-11,110.17,110.69,110.23,109.39,104.06,103.86,117.02,115.98
2020-01-12,110.16,110.70,110.25,109.40,104.06,103.86,117.02,115.99
2020-01-13,110.14,110.71,110.26,109.40,104.06,103.86,117.03,115.99
2020-01-14,110.12,110.71,110.27,109.41,104.06,103.86,117.03,116.00
2020-01-15,110.10,110.72,110.28,109.42,104.06,103.86,117.03,116.00
2020-01-16,110.08,110.72,110.29,109.42,104.06,103.86,117.04,116.01
2020-01-17,110.06,110.73,110.31,109.43,104.06,103.86,117.04,116.01
2020-01-18,110.05,110.73,110.32,109.43,104.06,103.85,117.04,116.02
2020-01-19,110.03,110.74,110.33,109.44,104.06,103.85,117.05,116.03
2020-01-20,110.01,110.74,110.34,109.45,104.06,103.85,117.05,116.03
2020-01-21,109.99,110.75,110.36,109.45,104.06,103.85,117.06,116.04
2020-01-22,109.97,110.75,110.37,109.46,104.06,103.85,117.06,116.04
2020-01-23,109.95,110.76,110.38,109.47,104.06,103.85,117.06,116.05
2020-01-24,109.94,110.76,110.39,109.47,104.06,103.85,117.07,116.05
2020-01-25,109.92,110.77,110.40,109.48,104.06,103.85,117.07,116.06
2020-01-26,109.90,110.77,110.42,109.49,104.07,103.85,117.08,116.06
2020-01-27,109.88,110.78,110.43,109.49,104.07,103.85,117.08,116.07
2020-01-28,109.86,110.78,110.44,109.50,104.07,103.85,117.08,116.07
2020-01-29,109.84,110.78,110.45,109.51,104.07,103.85,117.09,116.08
2020-01-30,109.83,110.79,110.47,109.51,104.07,103.85,117.09,116.09
2020-01-31,109.81,110.79,110.48,109.52,104.07,103.85,117.09,116.09
2020-02-01,109.79,110.80,110.49,109.52,104.07,103.85,117.10,116.10
2020-02-02,109.84,110.80,110.49,109.53,104.07,103.84,117.10,116.10
2020-02-03,109.90,110.80,110.48,109.54,104.07,103.84,117.11,116.11
2020-02-04,109.95,110.81,110.48,109.54,104.07,103.84,117.12,116.11
2020-02-05,110.01,110.81,110.48,109.55,104.07,103.84,117.12,116.12
2020-02-06,110.06,110.82,110.47,109.56,104.07,103.84,117.13,116.12
2020-02-07,110.12,110.82,110.47,109.56,104.07,103.84,117.14,116.13
2020-02-08,110.17,110.82,110.47,109.57,104.07,103.84,117.14,116.14
2020-02-09,110.23,110.83,110.46,109.58,104.08,103.84,117.15,116.14
2020-02-10,110.28,110.83,110.46,109.58,104.08,103.84,117.16,116.15
2020-02-11,110.34,110.84,110.46,109.59,104.08,103.84,117.16,116.15
2020-02-12,110.39,110.84,110.46,109.59,104.08,103.84,117.17,116.16
2020-02-13,110.45,110.84,110.45,109.60,104.08,103.84,117.18,116.16
2020-02-14,110.50,110.85,110.45,109.61,104.08,103.84,117.18,116.17
2020-02-15,110.56,110.85,110.45,109.61,104.08,103.84,117.19,116.17
2020-02-16,110.61,110.86,110.44,109.62,104.08,103.84,117.20,116.18
2020-02-17,110.67,110.86,110.44,109.63,104.08,103.84,117.20,116.19
2020-02-18,110.72,110.87,110.44,109.63,104.08,103.83,117.21,116.19
2020-02-19,110.78,110.87,110.43,109.64,104.08,103.83,117.21,116.20
2020-02-20,110.83,110.88,110.43,109.64,104.08,103.83,117.22,116.20
2020-02-21,110.89,110.88,110.43,109.65,104.08,103.83,117.23,116.21
2020-02-22,110.94,110.89,110.43,109.66,104.08,103.83,117.23,116.21
2020-02-23,111.00,110.90,110.42,109.66,104.09,103.83,117.24,116.22
2020-02-24,111.05,110.90,110.42,109.67,104.09,103.83,117.25,116.22
2020-02-25,111.11,110.91,110.42,109.67,104.09,103.83,117.25,116.23
2020-02-26,111.16,110.91,110.41,109.68,104.09,103.83,117.26,116.24
2020-02-27,111.22,110.92,110.41,109.69,104.09,103.83,117.27,116.24
2020-02-28,111.27,110.92,110.41,109.69,104.09,103.83,117.27,116.25
2020-02-29,111.33,110.93,110.40,109.70,104.09,103.83,117.28,116.25
2020-03-01,111.38,110.94,110.40,109.71,104.09,103.83,117.29,116.26
2020-03-02,111.36,110.94,110.39,109.71,104.09,103.83,117.29,116.26
2020-03-03,111.35,110.95,110.38,109.72,104.09,103.83,117.29,116.27
2020-03-04,111.33,110.96,110.38,109.72,104.09,103.82,117.30,116.28
2020-03-05,111.32,110.96,110.37,109.73,104.09,103.82,117.30,116.28
2020-03-06,111.30,110.97,110.36,109.74,104.10,103.82,117.31,116.29
2020-03-07,111.29,110.97,110.35,109.74,104.10,103.82,117.31,116.29
2020-03-08,111.27,110.98,110.35,109.75,104.10,103.82,117.31,116.30
2020-03-09,111.26,110.99,110.34,109.75,104.10,103.82,117.32,116.30
2020-03-10,111.24,110.99,110.33,109.76,104.10,103.82,117.32,116.31
2020-03-11,111.23,111.00,110.32,109.77,104.10,103.82,117.32,116.31
2020-03-12,111.21,111.00,110.31,109.77,104.10,103.82,117.33,116.32
2020-03-13,111.20,111.01,110.31,109.78,104.10,103.82,117.33,116.33
2020-03-14,111.18,111.01,110.30,109.78,104.10,103.82,117.34,116.33
2020-03-15,111.17,111.02,110.29,109.79,104.10,103.82,117.34,116.34
2020-03-16,111.15,111.03,110.28,109.80,104.11,103.82,117.34,116.34
2020-03-17,111.14,111.03,110.27,109.80,104.11,103.82,117.35,116.35
2020-03-18,111.12,111.04,110.27,109.81,104.11,103.82,117.35,116.36
2020-03-19,111.11,111.04,110.26,109.81,104.11,103.82,117.35,116.36
2020-03-20,111.09,111.04,110.25,109.82,104.11,103.81,117.36,116.37
2020-03-21,111.08,111.05,110.24,109.83,104.11,103.81,117.36,116.37
2020-03-22,111.06,111.05,110.24,109.83,104.11,103.81,117.37,116.38
2020-03-23,111.05,111.06,110.23,109.84,104.11,103.81,117.37,116.38
2020-03-24,111.03,111.06,110.22,109.84,104.11,103.81,117.37,116.39
2020-03-25,111.02,111.07,110.21,109.85,104.11,103.81,117.38,116.40
2020-03-26,111.00,111.07,110.20,109.86,104.12,103.81,117.38,116.40
2020-03-27,110.99,111.07,110.20,109.86,104.12,103.81,117.39,116.41
2020-03-28,110.97,111.08,110.19,109.87,104.12,103.81,117.39,116.41
2020-03-29,110.96,111.08,110.18,109.87,104.12,103.81,117.39,116.42
2020-03-30,110.94,111.08,110.17,109.88,104.12,103.81,117.40,116.43
2020-03-31,110.93,111.09,110.16,109.89,104.12,103.81,117.40,116.43
2020-04-01,110.91,111.09,110.16,109.89,104.12,103.81,117.40,116.44
2020-04-02,110.94,111.09,110.17,109.90,104.12,103.81,117.41,116.44
2020-04-03,110.97,111.10,110.19,109.91,104.12,103.81,117.42,116.45
2020-04-04,111.01,111.10,110.20,109.91,104.12,103.81,117.42,116.45
2020-04-05,111.04,111.10,110.22,109.92,104.12,103.81,117.43,116.46
2020-04-06,111.07,111.10,110.23,109.92,104.13,103.81,117.44,116.47
2020-04-07,111.10,111.11,110.25,109.93,104.13,103.81,117.44,116.47
2020-04-08,111.13,111.11,110.26,109.94,104.13,103.80,117.45,116.48
2020-04-09,111.16,111.11,110.28,109.94,104.13,103.80,117.45,116.48
2020-04-10,111.19,111.11,110.29,109.95,104.13,103.80,117.46,116.49
2020-04-11,111.22,111.12,110.30,109.96,104.13,103.80,117.47,116.50
2020-04-12,111.25,111.12,110.32,109.96,104.13,103.80,117.47,116.50
2020-04-13,111.28,111.12,110.33,109.97,104.13,103.80,117.48,116.51
2020-04-14,111.31,111.12,110.35,109.97,104.13,103.80,117.49,116.51
2020-04-15,111.34,111.12,110.36,109.98,104.13,103.80,117.49,116.52
2020-04-16,111.37,111.13,110.38,109.99,104.13,103.80,117.50,116.53
2020-04-17,111.40,111.13,110.39,109.99,104.13,103.80,117.50,116.53
2020-04-18,111.43,111.13,110.41,110.00,104.13,103.80,117.51,116.54
2020-04-19,111.46,111.13,110.42,110.01,104.13,103.80,117.52,116.54
2020-04-20,111.49,111.13,110.44,110.01,104.13,103.80,117.52,116.55
2020-04-21,111.52,111.14,110.45,110.02,104.14,103.80,117.53,116.56
2020-04-22,111.55,111.14,110.47,110.03,104.14,103.80,117.54,116.56
2020-04-23,111.58,111.14,110.48,110.03,104.14,103.80,117.54,116.57
2020-04-24,111.61,111.14,110.50,110.04,104.14,103.80,117.55,116.57
2020-04-25,111.64,111.14,110.51,110.05,104.14,103.80,117.55,116.58
2020-04-26,111.67,111.15,110.53,110.05,104.14,103.79,117.56,116.58
2020-04-27,111.70,111.15,110.54,110.06,104.14,103.79,117.57,116.59
2020-04-28,111.73,111.15,110.56,110.07,104.14,103.79,117.57,116.60
2020-04-29,111.76,111.15,110.57,110.07,104.14,103.79,117.58,116.60
2020-04-30,111.79,111.15,110.59,110.08,104.14,103.79,117.59,116.61
2020-05-01,111.82,111.15,110.60,110.09,104.14,103.79,117.59,116.61
2020-05-02,111.83,111.15,110.60,110.09,104.14,103.79,117.60,116.62
2020-05-03,111.84,111.16,110.61,110.10,104.14,103.79,117.60,116.62
2020-05-04,111.85,111.16,110.61,110.11,104.15,103.79,117.60,116.63
2020-05-05,111.86,111.16,110.62,110.11,104.15,103.79,117.61,116.64
2020-05-06,111.87,111.16,110.62,110.12,104.15,103.79,117.61,116.64
2020-05-07,111.87,111.16,110.63,110.13,104.15,103.79,117.61,116.65
2020-05-08,111.88,111.16,110.63,110.14,104.15,103.79,117.62,116.65
2020-05-09,111.89,111.16,110.64,110.14,104.15,103.79,117.62,116.66
2020-05-10,111.90,111.17,110.64,110.15,104.15,103.79,117.62,116.66
2020-05-11,111.91,111.17,110.65,110.16,104.15,103.79,117.63,116.67
2020-05-12,111.92,111.17,110.65,110.16,104.15,103.78,117.63,116.67
2020-05-13,111.92,111.17,110.66,110.17,104.15,103.78,117.63,116.68
2020-05-14,111.93,111.17,110.66,110.18,104.16,103.78,117.64,116.68
2020-05-15,111.94,111.17,110.67,110.18,104.16,103.78,117.64,116.69
2020-05-16,111.95,111.17,110.67,110.19,104.16,103.78,117.64,116.70
2020-05-17,111.96,111.17,110.67,110.20,104.16,103.78,117.65,116.70
2020-05-18,111.97,111.17,110.68,110.20,104.16,103.78,117.65,116.71
2020-05-19,111.97,111.18,110.68,110.21,104.16,103.78,117.65,116.71
2020-05-20,111.98,111.18,110.69,110.21,104.16,103.78,117.66,116.72
2020-05-21,111.99,111.18,110.69,110.22,104.16,103.78,117.66,116.72
2020-05-22,112.00,111.18,110.70,110.23,104.16,103.78,117.66,116.73
2020-05-23,112.01,111.18,110.70,110.23,104.16,103.78,117.67,116.73
2020-05-24,112.02,111.18,110.71,110.24,104.17,103.78,117.67,116.74
2020-05-25,112.03,111.18,110.71,110.25,104.17,103.78,117.67,116.74
2020-05-26,112.03,111.18,110.72,110.25,104.17,103.78,117.68,116.75
2020-05-27,112.04,111.18,110.72,110.26,104.17,103.78,117.68,116.75
2020-05-28,112.05,111.18,110.73,110.27,104.17,103.78,117.69,116.76
2020-05-29,112.06,111.19,110.73,110.27,104.17,103.78,117.69,116.76
2020-05-30,112.07,111.19,110.73,110.28,104.17,103.77,117.69,116.77
2020-05-31,112.08,111.19,110.74,110.28,104.17,103.77,117.70,116.77
2020-06-01,112.08,111.19,110.74,110.29,104.17,103.77,117.70,116.78
2020-06-02,112.10,111.19,110.75,110.30,104.18,103.77,117.71,116.78
2020-06-03,112.12,111.19,110.76,110.30,104.18,103.77,117.72,116.79
2020-06-04,112.14,111.19,110.77,110.31,104.18,103.77,117.72,116.79
2020-06-05,112.16,111.19,110.78,110.31,104.18,103.77,117.73,116.80
2020-06-06,112.17,111.20,110.79,110.32,104.18,103.77,117.74,116.80
2020-06-07,112.19,111.20,110.80,110.33,104.18,103.77,117.75,116.81
2020-06-08,112.21,111.20,110.81,110.33,104.19,103.77,117.76,116.81
2020-06-09,112.23,111.20,110.82,110.34,104.19,103.77,117.76,116.82
2020-06-10,112.24,111.20,110.82,110.34,104.19,103.77,117.77,116.82
2020-06-11,112.26,111.20,110.83,110.35,104.19,103.77,117.78,116.83
2020-06-12,112.28,111.21,110.84,110.36,104.19,103.77,117.79,116.83
2020-06-13,112.30,111.21,110.85,110.36,104.19,103.77,117.80,116.83
2020-06-14,112.32,111.21,110.86,110.37,104.20,103.77,117.81,116.84
2020-06-15,112.33,111.21,110.87,110.37,104.20,103.77,117.81,116.84
2020-06-16,112.35,111.22,110.88,110.38,104.20,103.77,117.82,116.85
2020-06-17,112.37,111.22,110.89,110.39,104.20,103.77,117.83,116.85
2020-06-18,112.39,111.22,110.89,110.39,104.20,103.77,117.84,116.86
2020-06-19,112.40,111.23,110.90,110.40,104.21,103.77,117.85,116.86
2020-06-20,112.42,111.23,110.91,110.41,104.21,103.77,117.86,116.87
2020-06-21,112.44,111.23,110.92,110.41,104.21,103.77,117.86,116.87
2020-06-22,112.46,111.24,110.93,110.42,104.21,103.77,117.87,116.88
2020-06-23,112.48,111.24,110.94,110.42,104.21,103.76,117.88,116.88
2020-06-24,112.49,111.24,110.95,110.43,104.21,103.76,117.89,116.89
2020-06-25,112.51,111.25,110.96,110.44,104.22,103.76,117.90,116.89
2020-06-26,112.53,111.25,110.97,110.44,104.22,103.76,117.90,116.90
2020-06-27,112.55,111.26,110.97,110.45,104.22,103.76,117.91,116.90
2020-06-28,112.56,111.26,110.98,110.45,104.22,103.76,117.92,116.91
2020-06-29,112.58,111.26,110.99,110.46,104.22,103.76,117.93,116.91
2020-06-30,112.60,111.27,111.00,110.47,104.22,103.76,117.94,116.92
2020-07-01,112.62,111.27,111.01,110.47,104.23,103.76,117.95,116.92
2020-07-02,112.72,111.28,111.01,110.48,104.23,103.76,117.95,116.93
2020-07-03,112.81,111.28,111.00,110.48,104.23,103.76,117.95,116.93
2020-07-04,112.91,111.29,111.00,110.49,104.23,103.76,117.96,116.93
2020-07-05,113.01,111.29,111.00,110.50,104.24,103.76,117.96,116.94
2020-07-06,113.10,111.30,110.99,110.50,104.24,103.76,117.97,116.94
2020-07-07,113.20,111.31,110.99,110.51,104.24,103.76,117.97,116.95
2020-07-08,113.30,111.31,110.98,110.51,104.24,103.76,117.98,116.95
2020-07-09,113.39,111.32,110.98,110.52,104.24,103.76,117.98,116.96
2020-07-10,113.49,111.32,110.98,110.52,104.25,103.76,117.98,116.96
2020-07-11,113.59,111.33,110.97,110.53,104.25,103.76,117.99,116.97
2020-07-12,113.69,111.34,110.97,110.54,104.25,103.76,117.99,116.97
2020-07-13,113.78,111.35,110.97,110.54,104.25,103.76,118.00,116.98
2020-07-14,113.88,111.35,110.96,110.55,104.26,103.76,118.00,116.98
2020-07-15,113.98,111.36,110.96,110.55,104.26,103.76,118.00,116.99
2020-07-16,114.07,111.37,110.96,110.56,104.26,103.76,118.01,116.99
2020-07-17,114.17,111.38,110.95,110.57,104.26,103.76,118.01,117.00
2020-07-18,114.27,111.38,110.95,110.57,104.27,103.76,118.02,117.00
2020-07-19,114.37,111.39,110.95,110.58,104.27,103.76,118.02,117.00
2020-07-20,114.46,111.40,110.94,110.58,104.27,103.76,118.03,117.01
2020-07-21,114.56,111.41,110.94,110.59,104.27,103.76,118.03,117.01
2020-07-22,114.66,111.42,110.93,110.59,104.28,103.76,118.03,117.02
2020-07-23,114.75,111.43,110.93,110.60,104.28,103.76,118.04,117.02
2020-07-24,114.85,111.44,110.93,110.61,104.28,103.76,118.04,117.03
2020-07-25,114.95,111.44,110.92,110.61,104.28,103.76,118.05,117.03
2020-07-26,115.05,111.45,110.92,110.62,104.28,103.75,118.05,117.04
2020-07-27,115.14,111.46,110.92,110.62,104.29,103.75,118.05,117.04
2020-07-28,115.24,111.47,110.91,110.63,104.29,103.75,118.06,117.05
2020-07-29,115.34,111.48,110.91,110.63,104.29,103.75,118.06,117.05
2020-07-30,115.43,111.49,110.91,110.64,104.29,103.75,118.07,117.06
2020-07-31,115.53,111.50,110.90,110.65,104.30,103.75,118.07,117.06
2020-08-01,115.63,111.51,110.90,110.65,104.30,103.75,118.08,117.07
2020-08-02,115.74,111.52,110.93,110.66,104.30,103.75,118.08,117.07
2020-08-03,115.85,111.53,110.95,110.66,104.30,103.75,118.09,117.07
2020-08-04,115.96,111.54,110.98,110.67,104.30,103.75,118.09,117.08
2020-08-05,116.07,111.55,111.01,110.67,104.31,103.75,118.10,117.08
2020-08-06,116.18,111.56,111.03,110.68,104.31,103.75,118.10,117.09
2020-08-07,116.29,111.57,111.06,110.69,104.31,103.75,118.11,117.09
2020-08-08,116.39,111.58,111.09,110.69,104.31,103.75,118.11,117.10
2020-08-09,116.50,111.59,111.12,110.70,104.32,103.75,118.12,117.10
2020-08-10,116.61,111.60,111.14,110.70,104.32,103.75,118.12,117.11
2020-08-11,116.72,111.61,111.17,110.71,104.32,103.75,118.13,117.11
2020-08-12,116.83,111.62,111.20,110.72,104.32,103.75,118.13,117.12
2020-08-13,116.94,111.63,111.23,110.72,104.32,103.75,118.14,117.12
2020-08-14,117.05,111.64,111.25,110.73,104.33,103.75,118.14,117.13
2020-08-15,117.16,111.65,111.28,110.74,104.33,103.75,118.15,117.13
2020-08-16,117.27,111.66,111.31,110.74,104.33,103.75,118.16,117.14
2020-08-17,117.38,111.67,111.33,110.75,104.33,103.75,118.16,117.14
2020-08-18,117.49,111.69,111.36,110.75,104.33,103.75,118.17,117.15
2020-08-19,117.60,111.70,111.39,110.76,104.34,103.75,118.17,117.15
2020-08-20,117.71,111.71,111.42,110.77,104.34,103.75,118.18,117.16
2020-08-21,117.82,111.72,111.44,110.77,104.34,103.75,118.18,117.16
2020-08-22,117.93,111.73,111.47,110.78,104.34,103.75,118.19,117.17
2020-08-23,118.04,111.74,111.50,110.79,104.34,103.75,118.19,117.17
2020-08-24,118.15,111.75,111.52,110.79,104.35,103.75,118.20,117.18
2020-08-25,118.26,111.76,111.55,110.80,104.35,103.75,118.20,117.18
2020-08-26,118.37,111.76,111.58,110.81,104.35,103.75,118.21,117.19
2020-08-27,118.48,111.77,111.61,110.81,104.35,103.75,118.21,117.19
2020-08-28,118.59,111.78,111.63,110.82,104.35,103.75,118.22,117.20
2020-08-29,118.70,111.79,111.66,110.83,104.36,103.75,118.22,117.20
2020-08-30,118.80,111.80,111.69,110.83,104.36,103.75,118.23,117.21
2020-08-31,118.91,111.81,111.71,110.84,104.36,103.75,118.24,117.21
2020-09-01,119.02,111.82,111.74,110.85,104.36,103.75,118.24,117.22
2020-09-02,119.03,111.83,111.71,110.86,104.36,103.75,118.25,117.22
2020-09-03,119.03,111.84,111.69,110.86,104.37,103.75,118.25,117.23
2020-09-04,119.03,111.85,111.66,110.87,104.37,103.75,118.26,117.23
2020-09-05,119.03,111.86,111.64,110.88,104.38,103.75,118.26,117.24
2020-09-06,119.04,111.86,111.61,110.88,104.38,103.75,118.27,117.25
2020-09-07,119.04,111.87,111.58,110.89,104.38,103.75,118.27,117.25
2020-09-08,119.04,111.88,111.56,110.90,104.39,103.75,118.28,117.26
2020-09-09,119.04,111.89,111.53,110.91,104.39,103.75,118.28,117.26
2020-09-10,119.04,111.90,111.51,110.91,104.39,103.75,118.29,117.27
2020-09-11,119.05,111.90,111.48,110.92,104.40,103.75,118.29,117.27
2020-09-12,119.05,111.91,111.45,110.93,104.40,103.75,118.30,117.28
2020-09-13,119.05,111.92,111.43,110.93,104.40,103.75,118.30,117.28
2020-09-14,119.05,111.92,111.40,110.94,104.41,103.75,118.31,117.29
2020-09-15,119.06,111.93,111.37,110.95,104.41,103.75,118.31,117.30
2020-09-16,119.06,111.94,111.35,110.95,104.41,103.75,118.32,117.30
2020-09-17,119.06,111.94,111.32,110.96,104.42,103.75,118.32,117.31
2020-09-18,119.06,111.95,111.30,110.97,104.42,103.75,118.33,117.31
2020-09-19,119.06,111.96,111.27,110.97,104.42,103.75,118.33,117.32
2020-09-20,119.07,111.96,111.24,110.98,104.43,103.75,118.34,117.32
2020-09-21,119.07,111.97,111.22,110.99,104.43,103.75,118.34,117.33
2020-09-22,119.07,111.97,111.19,110.99,104.43,103.75,118.35,117.34
2020-09-23,119.07,111.98,111.16,111.00,104.44,103.75,118.35,117.34
2020-09-24,119.08,111.98,111.14,111.01,104.44,103.75,118.36,117.35
2020-09-25,119.08,111.99,111.11,111.01,104.44,103.75,118.36,117.35
2020-09-26,119.08,111.99,111.09,111.02,104.45,103.75,118.37,117.36
2020-09-27,119.08,111.99,111.06,111.03,104.45,103.75,118.37,117.37
2020-09-28,119.09,112.00,111.03,111.03,104.46,103.75,118.38,117.37
2020-09-29,119.09,112.00,111.01,111.04,104.46,103.75,118.38,117.38
2020-09-30,119.09,112.01,110.98,111.05,104.46,103.75,118.39,117.38
2020-10-01,119.09,112.01,110.95,111.05,104.47,103.75,118.39,117.39
2020-10-02,118.96,112.01,110.96,111.06,104.47,103.75,118.40,117.40
2020-10-03,118.83,112.02,110.97,111.07,104.47,103.75,118.40,117.40
2020-10-04,118.70,112.02,110.98,111.07,104.47,103.75,118.40,117.41
2020-10-05,118.56,112.02,110.99,111.08,104.48,103.75,118.41,117.41
2020-10-06,118.43,112.03,111.00,111.08,104.48,103.75,118.41,117.42
2020-10-07,118.30,112.03,111.01,111.09,104.48,103.75,118.41,117.43
2020-10-08,118.17,112.03,111.01,111.10,104.49,103.75,118.42,117.43
2020-10-09,118.03,112.03,111.02,111.10,104.49,103.75,118.42,117.44
2020-10-10,117.90,112.03,111.03,111.11,104.49,103.75,118.42,117.44
2020-10-11,117.77,112.03,111.04,111.11,104.50,103.75,118.43,117.45
2020-10-12,117.64,112.03,111.05,111.12,104.50,103.75,118.43,117.46
2020-10-13,117.50,112.03,111.06,111.13,104.50,103.75,118.43,117.46
2020-10-14,117.37,112.03,111.07,111.13,104.51,103.75,118.44,117.47
2020-10-15,117.24,112.03,111.07,111.14,104.51,103.75,118.44,117.47
2020-10-16,117.11,112.03,111.08,111.14,104.51,103.75,118.45,117.48
2020-10-17,116.98,112.03,111.09,111.15,104.51,103.75,118.45,117.49
2020-10-18,116.84,112.03,111.10,111.16,104.52,103.75,118.45,117.49
2020-10-19,116.71,112.03,111.11,111.16,104.52,103.75,118.46,117.50
2020-10-20,116.58,112.02,111.12,111.17,104.52,103.75,118.46,117.50
2020-10-21,116.45,112.02,111.13,111.17,104.53,103.75,118.46,117.51
2020-10-22,116.31,112.02,111.13,111.18,104.53,103.75,118.47,117.51
2020-10-23,116.18,112.02,111.14,111.18,104.53,103.75,118.47,117.52
2020-10-24,116.05,112.01,111.15,111.19,104.54,103.75,118.47,117.53
2020-10-25,115.92,112.01,111.16,111.19,104.54,103.75,118.48,117.53
2020-10-26,115.79,112.01,111.17,111.20,104.54,103.75,118.48,117.54
2020-10-27,115.65,112.00,111.18,111.21,104.54,103.75,118.48,117.54
2020-10-28,115.52,112.00,111.19,111.21,104.55,103.75,118.49,117.55
2020-10-29,115.39,112.00,111.19,111.22,104.55,103.75,118.49,117.55
2020-10-30,115.26,111.99,111.20,111.22,104.55,103.75,118.49,117.56
2020-10-31,115.12,111.99,111.21,111.23,104.56,103.75,118.50,117.56
2020-11-01,114.99,111.98,111.22,111.23,104.56,103.75,118.50,117.57
2020-11-02,115.00,111.98,111.21,111.24,104.56,103.75,118.50,117.58
2020-11-03,115.01,111.97,111.21,111.24,104.57,103.75,118.50,117.58
2020-11-04,115.02,111.97,111.20,111.25,104.57,103.75,118.51,117.59
2020-11-05,115.03,111.96,111.19,111.25,104.57,103.76,118.51,117.59
2020-11-06,115.04,111.96,111.18,111.26,104.58,103.76,118.51,117.60
2020-11-07,115.05,111.95,111.18,111.26,104.58,103.76,118.51,117.60
2020-11-08,115.06,111.95,111.17,111.27,104.58,103.76,118.52,117.61
2020-11-09,115.07,111.94,111.16,111.27,104.58,103.76,118.52,117.61
2020-11-10,115.08,111.94,111.15,111.28,104.59,103.76,118.52,117.62
2020-11-11,115.09,111.94,111.15,111.28,104.59,103.76,118.52,117.62
2020-11-12,115.10,111.93,111.14,111.29,104.59,103.76,118.53,117.63
2020-11-13,115.11,111.93,111.13,111.29,104.60,103.76,118.53,117.63
2020-11-14,115.12,111.92,111.12,111.30,104.60,103.76,118.53,117.64
2020-11-15,115.14,111.92,111.12,111.30,104.60,103.76,118.53,117.65
2020-11-16,115.15,111.92,111.11,111.31,104.61,103.76,118.54,117.65
2020-11-17,115.16,111.91,111.10,111.31,104.61,103.76,118.54,117.66
2020-11-18,115.17,111.91,111.09,111.32,104.61,103.76,118.54,117.66
2020-11-19,115.18,111.91,111.09,111.32,104.62,103.76,118.54,117.67
2020-11-20,115.19,111.91,111.08,111.33,104.62,103.76,118.54,117.67
2020-11-21,115.20,111.90,111.07,111.33,104.62,103.76,118.55,117.68
2020-11-22,115.21,111.90,111.07,111.34,104.63,103.77,118.55,117.68
2020-11-23,115.22,111.90,111.06,111.34,104.63,103.77,118.55,117.69
2020-11-24,115.23,111.90,111.05,111.35,104.63,103.77,118.55,117.69
2020-11-25,115.24,111.89,111.04,111.35,104.63,103.77,118.56,117.70
2020-11-26,115.25,111.89,111.04,111.36,104.64,103.77,118.56,117.70
2020-11-27,115.26,111.89,111.03,111.36,104.64,103.77,118.56,117.71
2020-11-28,115.27,111.89,111.02,111.37,104.64,103.77,118.56,117.71
2020-11-29,115.28,111.89,111.01,111.37,104.65,103.77,118.57,117.72
2020-11-30,115.29,111.89,111.01,111.38,104.65,103.77,118.57,117.72
2020-12-01,115.30,111.89,111.00,111.38,104.65,103.77,118.57,117.73
2020-12-02,115.37,111.89,111.04,111.39,104.66,103.77,118.58,117.74
2020-12-03,115.44,111.89,111.09,111.39,104.66,103.77,118.60,117.74
2020-12-04,115.51,111.89,111.13,111.40,104.66,103.77,118.61,117.75
2020-12-05,115.57,111.89,111.17,111.40,104.67,103.78,118.62,117.75
2020-12-06,115.64,111.89,111.22,111.40,104.67,103.78,118.64,117.76
2020-12-07,115.71,111.89,111.26,111.41,104.67,103.78,118.65,117.76
2020-12-08,115.78,111.89,111.30,111.41,104.67,103.78,118.66,117.77
2020-12-09,115.85,111.89,111.34,111.42,104.68,103.78,118.68,117.77
2020-12-10,115.92,111.89,111.39,111.42,104.68,103.78,118.69,117.78
2020-12-11,115.99,111.89,111.43,111.43,104.68,103.78,118.70,117.78
2020-12-12,116.06,111.90,111.47,111.43,104.69,103.78,118.72,117.79
2020-12-13,116.13,111.90,111.52,111.44,104.69,103.78,118.73,117.79
2020-12-14,116.19,111.90,111.56,111.44,104.69,103.78,118.74,117.80
2020-12-15,116.26,111.90,111.60,111.45,104.70,103.78,118.76,117.80
2020-12-16,116.33,111.91,111.65,111.46,104.70,103.79,118.77,117.81
2020-12-17,116.40,111.91,111.69,111.46,104.70,103.79,118.78,117.81
2020-12-18,116.47,111.91,111.73,111.47,104.70,103.79,118.80,117.82
2020-12-19,116.54,111.92,111.78,111.47,104.71,103.79,118.81,117.82
2020-12-20,116.61,111.92,111.82,111.48,104.71,103.79,118.82,117.83
2020-12-21,116.68,111.93,111.86,111.48,104.71,103.79,118.84,117.83
2020-12-22,116.75,111.93,111.91,111.49,104.72,103.79,118.85,117.84
2020-12-23,116.81,111.94,111.95,111.49,104.72,103.79,118.86,117.84
2020-12-24,116.88,111.94,111.99,111.50,104.72,103.79,118.88,117.85
2020-12-25,116.95,111.95,112.04,111.51,104.73,103.79,118.89,117.85
2020-12-26,117.02,111.95,112.08,111.51,104.73,103.79,118.90,117.86
2020-12-27,117.09,111.96,112.12,111.52,104.73,103.79,118.92,117.86
2020-12-28,117.16,111.96,112.17,111.52,104.74,103.80,118.93,117.87
2020-12-29,117.23,111.97,112.21,111.53,104.74,103.80,118.94,117.87
2020-12-30,117.30,111.98,112.25,111.53,104.74,103.80,118.96,117.88
2020-12-31,117.37,111.98,112.30,111.54,104.74,103.80,118.97,117.88
2021-01-01,117.43,111.99,112.34,111.55,104.75,103.80,118.98,117.89
2021-01-02,117.52,111.99,112.34,111.55,104.75,103.80,119.00,117.89
2021-01-03,117.60,112.00,112.33,111.56,104.76,103.80,119.01,117.90
2021-01-04,117.69,112.01,112.33,111.57,104.77,103.80,119.02,117.90
2021-01-05,117.77,112.02,112.33,111.57,104.77,103.80,119.04,117.91
2021-01-06,117.86,112.02,112.32,111.58,104.78,103.80,119.05,117.91
2021-01-07,117.94,112.03,112.32,111.58,104.78,103.80,119.06,117.92
2021-01-08,118.02,112.04,112.31,111.59,104.79,103.81,119.08,117.92
2021-01-09,118.11,112.05,112.31,111.60,104.80,103.81,119.09,117.93
2021-01-10,118.19,112.05,112.31,111.60,104.80,103.81,119.10,117.93
2021-01-11,118.28,112.06,112.30,111.61,104.81,103.81,119.12,117.94
2021-01-12,118.36,112.07,112.30,111.62,104.81,103.81,119.13,117.94
2021-01-13,118.45,112.08,112.30,111.62,104.82,103.81,119.14,117.95
2021-01-14,118.53,112.09,112.29,111.63,104.83,103.81,119.16,117.95
2021-01-15,118.61,112.10,112.29,111.63,104.83,103.81,119.17,117.96
2021-01-16,118.70,112.11,112.29,111.64,104.84,103.81,119.18,117.96
2021-01-17,118.78,112.12,112.28,111.65,104.84,103.81,119.20,117.97
2021-01-18,118.87,112.13,112.28,111.65,104.85,103.82,119.21,117.97
2021-01-19,118.95,112.14,112.27,111.66,104.86,103.82,119.22,117.98
2021-01-20,119.04,112.15,112.27,111.67,104.86,103.82,119.24,117.98
2021-01-21,119.12,112.16,112.27,111.67,104.87,103.82,119.25,117.99
2021-01-22,119.20,112.17,112.26,111.68,104.87,103.82,119.26,117.99
2021-01-23,119.29,112.18,112.26,111.68,104.88,103.82,119.28,118.00
2021-01-24,119.37,112.19,112.26,111.69,104.89,103.82,119.29,118.01
2021-01-25,119.46,112.20,112.25,111.70,104.89,103.82,119.30,118.01
2021-01-26,119.54,112.21,112.25,111.70,104.90,103.82,119.32,118.02
2021-01-27,119.62,112.22,112.25,111.71,104.90,103.83,119.33,118.02
2021-01-28,119.71,112.23,112.24,111.72,104.91,103.83,119.34,118.03
2021-01-29,119.79,112.24,112.24,111.72,104.92,103.83,119.36,118.03
2021-01-30,119.88,112.25,112.24,111.73,104.92,103.83,119.37,118.04
2021-01-31,119.96,112.26,112.23,111.73,104.93,103.83,119.38,118.04
2021-02-01,120.05,112.27,112.23,111.74,104.93,103.83,119.40,118.05
2021-02-02,120.05,112.28,112.24,111.75,104.94,103.83,119.42,118.06
2021-02-03,120.06,112.29,112.25,111.75,104.95,103.83,119.44,118.06
2021-02-04,120.06,112.30,112.26,111.76,104.96,103.84,119.47,118.07
2021-02-05,120.07,112.31,112.27,111.76,104.96,103.84,119.49,118.07
2021-02-06,120.08,112.32,112.28,111.77,104.97,103.84,119.51,118.08
2021-02-07,120.08,112.33,112.29,111.78,104.98,103.84,119.54,118.09
2021-02-08,120.09,112.34,112.29,111.78,104.99,103.84,119.56,118.09
2021-02-09,120.09,112.35,112.30,111.79,104.99,103.84,119.58,118.10
2021-02-10,120.10,112.36,112.31,111.79,105.00,103.84,119.61,118.10
2021-02-11,120.11,112.37,112.32,111.80,105.01,103.84,119.63,118.11
2021-02-12,120.11,112.38,112.33,111.81,105.02,103.85,119.65,118.12
2021-02-13,120.12,112.39,112.34,111.81,105.02,103.85,119.68,118.12
2021-02-14,120.13,112.40,112.35,111.82,105.03,103.85,119.70,118.13
2021-02-15,120.13,112.41,112.36,111.82,105.04,103.85,119.73,118.14
2021-02-16,120.14,112.42,112.37,111.83,105.05,103.85,119.75,118.14
2021-02-17,120.14,112.42,112.38,111.83,105.05,103.85,119.77,118.15
2021-02-18,120.15,112.43,112.39,111.84,105.06,103.86,119.80,118.15
2021-02-19,120.16,112.44,112.40,111.85,105.07,103.86,119.82,118.16
2021-02-20,120.16,112.45,112.41,111.85,105.08,103.86,119.84,118.17
2021-02-21,120.17,112.46,112.42,111.86,105.08,103.86,119.87,118.18
2021-02-22,120.17,112.46,112.43,111.86,105.09,103.86,119.89,118.18
2021-02-23,120.18,112.47,112.44,111.87,105.10,103.86,119.91,118.19
2021-02-24,120.19,112.48,112.45,111.87,105.11,103.87,119.94,118.20
2021-02-25,120.19,112.48,112.46,111.88,105.11,103.87,119.96,118.20
2021-02-26,120.20,112.49,112.47,111.89,105.12,103.87,119.98,118.21
2021-02-27,120.20,112.50,112.48,111.89,105.13,103.87,120.01,118.22
2021-02-28,120.21,112.50,112.48,111.90,105.14,103.88,120.03,118.22
2021-03-01,120.22,112.51,112.49,111.90,105.14,103.88,120.06,118.23
2021-03-02,120.20,112.52,112.52,111.91,105.15,103.88,120.10,118.24
2021-03-03,120.18,112.52,112.54,111.91,105.15,103.88,120.14,118.25
2021-03-04,120.16,112.53,112.56,111.92,105.16,103.88,120.18,118.25
2021-03-05,120.14,112.53,112.58,111.92,105.16,103.89,120.22,118.26
2021-03-06,120.13,112.54,112.60,111.93,105.17,103.89,120.26,118.27
2021-03-07,120.11,112.54,112.62,111.94,105.17,103.89,120.30,118.28
2021-03-08,120.09,112.55,112.64,111.94,105.18,103.89,120.34,118.29
2021-03-09,120.07,112.55,112.66,111.95,105.18,103.90,120.38,118.29
2021-03-10,120.06,112.56,112.68,111.95,105.19,103.90,120.42,118.30
2021-03-11,120.04,112.56,112.71,111.96,105.19,103.90,120.47,118.31
2021-03-12,120.02,112.57,112.73,111.96,105.20,103.91,120.51,118.32
2021-03-13,120.00,112.57,112.75,111.97,105.20,103.91,120.55,118.33
2021-03-14,119.98,112.58,112.77,111.98,105.20,103.91,120.59,118.34
2021-03-15,119.97,112.58,112.79,111.98,105.21,103.91,120.63,118.35
2021-03-16,119.95,112.58,112.81,111.99,105.21,103.92,120.67,118.36
2021-03-17,119.93,112.59,112.83,111.99,105.22,103.92,120.71,118.36
2021-03-18,119.91,112.59,112.85,112.00,105.22,103.92,120.75,118.37
2021-03-19,119.89,112.60,112.87,112.01,105.23,103.92,120.79,118.38
2021-03-20,119.88,112.60,112.89,112.01,105.23,103.93,120.83,118.39
2021-03-21,119.86,112.60,112.92,112.02,105.24,103.93,120.88,118.40
2021-03-22,119.84,112.61,112.94,112.03,105.24,103.93,120.92,118.41
2021-03-23,119.82,112.61,112.96,112.03,105.25,103.94,120.96,118.42
2021-03-24,119.80,112.61,112.98,112.04,105.25,103.94,121.00,118.43
2021-03-25,119.79,112.62,113.00,112.04,105.26,103.94,121.04,118.44
2021-03-26,119.77,112.62,113.02,112.05,105.26,103.95,121.08,118.45
2021-03-27,119.75,112.62,113.04,112.06,105.27,103.95,121.12,118.46
2021-03-28,119.73,112.63,113.06,112.06,105.27,103.95,121.16,118.47
2021-03-29,119.71,112.63,113.08,112.07,105.28,103.96,121.20,118.48
2021-03-30,119.70,112.63,113.11,112.08,105.28,103.96,121.25,118.49
2021-03-31,119.68,112.63,113.13,112.08,105.28,103.96,121.29,118.50
2021-04-01,119.66,112.64,113.15,112.09,105.29,103.97,121.33,118.51
2021-04-02,119.65,112.64,113.15,112.10,105.29,103.97,121.38,118.53
2021-04-03,119.65,112.64,113.16,112.11,105.30,103.97,121.43,118.54
2021-04-04,119.64,112.65,113.17,112.11,105.31,103.98,121.49,118.55
2021-04-05,119.63,112.65,113.17,112.12,105.31,103.98,121.54,118.56
2021-04-06,119.62,112.65,113.18,112.13,105.32,103.98,121.59,118.57
2021-04-07,119.62,112.66,113.19,112.13,105.32,103.99,121.65,118.58
2021-04-08,119.61,112.66,113.19,112.14,105.33,103.99,121.70,118.59
2021-04-09,119.60,112.66,113.20,112.15,105.33,103.99,121.75,118.60
2021-04-10,119.60,112.66,113.20,112.16,105.34,104.00,121.80,118.62
2021-04-11,119.59,112.67,113.21,112.16,105.34,104.00,121.86,118.63
2021-04-12,119.58,112.67,113.22,112.17,105.35,104.01,121.91,118.64
2021-04-13,119.57,112.67,113.22,112.18,105.36,104.01,121.96,118.65
2021-04-14,119.57,112.68,113.23,112.19,105.36,104.01,122.02,118.66
2021-04-15,119.56,112.68,113.24,112.19,105.37,104.02,122.07,118.68
2021-04-16,119.55,112.68,113.24,112.20,105.37,104.02,122.12,118.69
2021-04-17,119.55,112.69,113.25,112.21,105.38,104.03,122.18,118.70
2021-04-18,119.54,112.69,113.25,112.22,105.38,104.03,122.23,118.72
2021-04-19,119.53,112.69,113.26,112.23,105.39,104.03,122.28,118.73
2021-04-20,119.52,112.70,113.27,112.23,105.40,104.04,122.33,118.74
2021-04-21,119.52,112.70,113.27,112.24,105.40,104.04,122.39,118.75
2021-04-22,119.51,112.70,113.28,112.25,105.41,104.05,122.44,118.77
2021-04-23,119.50,112.71,113.29,112.26,105.41,104.05,122.49,118.78
2021-04-24,119.49,112.71,113.29,112.27,105.42,104.06,122.55,118.80
2021-04-25,119.49,112.72,113.30,112.28,105.42,104.06,122.60,118.81
2021-04-26,119.48,112.72,113.30,112.29,105.43,104.06,122.65,118.82
2021-04-27,119.47,112.72,113.31,112.29,105.43,104.07,122.71,118.84
2021-04-28,119.47,112.73,113.32,112.30,105.44,104.07,122.76,118.85
2021-04-29,119.46,112.73,113.32,112.31,105.45,104.08,122.81,118.87
2021-04-30,119.45,112.74,113.33,112.32,105.45,104.08,122.86,118.88
2021-05-01,119.44,112.74,113.34,112.33,105.46,104.09,122.92,118.89
2021-05-02,119.42,112.75,113.33,112.34,105.46,104.09,122.96,118.91
2021-05-03,119.40,112.75,113.31,112.35,105.46,104.10,123.00,118.92
2021-05-04,119.38,112.76,113.30,112.36,105.47,104.10,123.04,118.94
2021-05-05,119.36,112.76,113.29,112.37,105.47,104.11,123.08,118.95
2021-05-06,119.33,112.77,113.28,112.37,105.47,104.11,123.12,118.97
2021-05-07,119.31,112.77,113.27,112.38,105.48,104.12,123.16,118.98
2021-05-08,119.29,112.78,113.26,112.39,105.48,104.12,123.20,119.00
2021-05-09,119.27,112.79,113.25,112.40,105.49,104.13,123.24,119.01
2021-05-10,119.25,112.79,113.24,112.41,105.49,104.13,123.28,119.03
2021-05-11,119.22,112.80,113.23,112.42,105.49,104.14,123.32,119.04
2021-05-12,119.20,112.80,113.21,112.43,105.50,104.14,123.37,119.06
2021-05-13,119.18,112.81,113.20,112.44,105.50,104.15,123.41,119.08
2021-05-14,119.16,112.82,113.19,112.45,105.50,104.15,123.45,119.09
2021-05-15,119.14,112.83,113.18,112.46,105.51,104.16,123.49,119.11
2021-05-16,119.11,112.83,113.17,112.47,105.51,104.16,123.53,119.12
2021-05-17,119.09,112.84,113.16,112.48,105.52,104.17,123.57,119.14
2021-05-18,119.07,112.85,113.15,112.49,105.52,104.17,123.61,119.16
2021-05-19,119.05,112.85,113.14,112.50,105.52,104.18,123.65,119.17
2021-05-20,119.03,112.86,113.13,112.51,105.53,104.18,123.69,119.19
2021-05-21,119.00,112.87,113.11,112.52,105.53,104.19,123.73,119.20
2021-05-22,118.98,112.88,113.10,112.53,105.53,104.19,123.77,119.22
2021-05-23,118.96,112.89,113.09,112.54,105.54,104.20,123.81,119.24
2021-05-24,118.94,112.90,113.08,112.55,105.54,104.20,123.85,119.25
2021-05-25,118.92,112.91,113.07,112.56,105.55,104.21,123.89,119.27
2021-05-26,118.89,112.91,113.06,112.57,105.55,104.21,123.93,119.29
2021-05-27,118.87,112.92,113.05,112.58,105.55,104.22,123.98,119.30
2021-05-28,118.85,112.93,113.04,112.59,105.56,104.22,124.02,119.32
2021-05-29,118.83,112.94,113.03,112.60,105.56,104.23,124.06,119.34
2021-05-30,118.81,112.95,113.02,112.61,105.56,104.24,124.10,119.36
2021-05-31,118.78,112.96,113.00,112.62,105.57,104.24,124.14,119.37
2021-06-01,118.76,112.97,112.99,112.63,105.57,104.25,124.18,119.39
2021-06-02,118.77,112.99,113.00,112.64,105.58,104.25,124.20,119.41
2021-06-03,118.78,113.00,113.00,112.65,105.58,104.26,124.22,119.42
2021-06-04,118.78,113.01,113.00,112.66,105.59,104.26,124.24,119.44
2021-06-05,118.79,113.02,113.00,112.67,105.59,104.27,124.27,119.46
2021-06-06,118.80,113.03,113.01,112.68,105.60,104.27,124.29,119.48
2021-06-07,118.81,113.04,113.01,112.69,105.60,104.28,124.31,119.49
2021-06-08,118.81,113.06,113.01,112.70,105.60,104.29,124.33,119.51
2021-06-09,118.82,113.07,113.02,112.72,105.61,104.29,124.35,119.53
2021-06-10,118.83,113.08,113.02,112.73,105.61,104.30,124.38,119.55
2021-06-11,118.83,113.09,113.02,112.74,105.62,104.30,124.40,119.57
2021-06-12,118.84,113.11,113.03,112.75,105.62,104.31,124.42,119.58
2021-06-13,118.85,113.12,113.03,112.76,105.63,104.31,124.44,119.60
2021-06-14,118.86,113.14,113.03,112.77,105.63,104.32,124.46,119.62
2021-06-15,118.86,113.15,113.03,112.78,105.64,104.32,124.49,119.64
2021-06-16,118.87,113.16,113.04,112.79,105.64,104.33,124.51,119.65
2021-06-17,118.88,113.18,113.04,112.80,105.65,104.34,124.53,119.67
2021-06-18,118.89,113.19,113.04,112.81,105.65,104.34,124.55,119.69
2021-06-19,118.89,113.21,113.05,112.82,105.66,104.35,124.57,119.71
2021-06-20,118.90,113.22,113.05,112.83,105.66,104.35,124.60,119.72
2021-06-21,118.91,113.24,113.05,112.84,105.67,104.36,124.62,119.74
2021-06-22,118.91,113.26,113.05,112.85,105.67,104.36,124.64,119.76
2021-06-23,118.92,113.27,113.06,112.86,105.68,104.37,124.66,119.78
2021-06-24,118.93,113.29,113.06,112.88,105.68,104.38,124.68,119.80
2021-06-25,118.94,113.31,113.06,112.89,105.69,104.38,124.71,119.81
2021-06-26,118.94,113.32,113.07,112.90,105.69,104.39,124.73,119.83
2021-06-27,118.95,113.34,113.07,112.91,105.70,104.39,124.75,119.85
2021-06-28,118.96,113.36,113.07,112.92,105.70,104.40,124.77,119.87
2021-06-29,118.96,113.38,113.08,112.93,105.71,104.41,124.79,119.88
2021-06-30,118.97,113.39,113.08,112.94,105.71,104.41,124.82,119.90
2021-07-01,118.98,113.41,113.08,112.95,105.72,104.42,124.84,119.92
2021-07-02,119.03,113.43,113.09,112.96,105.72,104.42,124.86,119.94
2021-07-03,119.08,113.45,113.10,112.97,105.73,104.43,124.88,119.96
2021-07-04,119.14,113.47,113.11,112.98,105.74,104.44,124.91,119.97
2021-07-05,119.19,113.49,113.11,112.99,105.74,104.44,124.93,119.99
2021-07-06,119.24,113.51,113.12,113.00,105.75,104.45,124.95,120.01
2021-07-07,119.30,113.53,113.13,113.01,105.76,104.45,124.98,120.03
2021-07-08,119.35,113.55,113.14,113.03,105.76,104.46,125.00,120.05
2021-07-09,119.40,113.57,113.14,113.04,105.77,104.47,125.02,120.06
2021-07-10,119.46,113.59,113.15,113.05,105.77,104.47,125.05,120.08
2021-07-11,119.51,113.61,113.16,113.06,105.78,104.48,125.07,120.10
2021-07-12,119.56,113.63,113.17,113.07,105.79,104.49,125.09,120.12
2021-07-13,119.62,113.65,113.18,113.08,105.79,104.49,125.12,120.14
2021-07-14,119.67,113.67,113.18,113.09,105.80,104.50,125.14,120.16
2021-07-15,119.72,113.69,113.19,113.10,105.81,104.50,125.16,120.17
2021-07-16,119.78,113.71,113.20,113.11,105.81,104.51,125.19,120.19
2021-07-17,119.83,113.73,113.21,113.12,105.82,104.52,125.21,120.21
2021-07-18,119.88,113.76,113.22,113.14,105.83,104.52,125.23,120.23
2021-07-19,119.93,113.78,113.22,113.15,105.83,104.53,125.26,120.25
2021-07-20,119.99,113.80,113.23,113.16,105.84,104.54,125.28,120.27
2021-07-21,120.04,113.82,113.24,113.17,105.84,104.54,125.30,120.29
2021-07-22,120.09,113.84,113.25,113.18,105.85,104.55,125.33,120.30
2021-07-23,120.15,113.87,113.25,113.19,105.86,104.56,125.35,120.32
2021-07-24,120.20,113.89,113.26,113.21,105.86,104.56,125.37,120.34
2021-07-25,120.25,113.91,113.27,113.22,105.87,104.57,125.39,120.36
2021-07-26,120.31,113.93,113.28,113.23,105.88,104.57,125.42,120.38
2021-07-27,120.36,113.96,113.29,113.24,105.88,104.58,125.44,120.40
2021-07-28,120.41,113.98,113.29,113.25,105.89,104.59,125.46,120.42
2021-07-29,120.47,114.00,113.30,113.26,105.90,104.59,125.49,120.44
2021-07-30,120.52,114.03,113.31,113.28,105.90,104.60,125.51,120.46
2021-07-31,120.57,114.05,113.32,113.29,105.91,104.61,125.53,120.48
2021-08-01,120.63,114.07,113.33,113.30,105.92,104.61,125.56,120.50
2021-08-02,120.69,114.10,113.32,113.31,105.92,104.62,125.57,120.51
2021-08-03,120.75,114.12,113.31,113.32,105.93,104.63,125.58,120.53
2021-08-04,120.81,114.14,113.30,113.34,105.93,104.63,125.59,120.55
2021-08-05,120.87,114.17,113.30,113.35,105.94,104.64,125.60,120.57
2021-08-06,120.93,114.19,113.29,113.36,105.95,104.65,125.61,120.59
2021-08-07,120.99,114.21,113.28,113.37,105.95,104.65,125.62,120.61
2021-08-08,121.05,114.24,113.28,113.39,105.96,104.66,125.63,120.63
2021-08-09,121.12,114.26,113.27,113.40,105.96,104.67,125.64,120.65
2021-08-10,121.18,114.28,113.26,113.41,105.97,104.67,125.65,120.67
2021-08-11,121.24,114.31,113.25,113.42,105.98,104.68,125.66,120.69
2021-08-12,121.30,114.33,113.25,113.43,105.98,104.69,125.67,120.71
2021-08-13,121.36,114.35,113.24,113.45,105.99,104.69,125.68,120.73
2021-08-14,121.42,114.37,113.23,113.46,105.99,104.70,125.69,120.75
2021-08-15,121.48,114.40,113.23,113.47,106.00,104.71,125.70,120.77
2021-08-16,121.54,114.42,113.22,113.48,106.01,104.71,125.71,120.79
2021-08-17,121.60,114.44,113.21,113.50,106.01,104.72,125.72,120.80
2021-08-18,121.67,114.46,113.20,113.51,106.02,104.73,125.73,120.82
2021-08-19,121.73,114.48,113.20,113.52,106.02,104.73,125.74,120.84
2021-08-20,121.79,114.51,113.19,113.53,106.03,104.74,125.75,120.86
2021-08-21,121.85,114.53,113.18,113.54,106.04,104.75,125.76,120.88
2021-08-22,121.91,114.55,113.18,113.56,106.04,104.75,125.77,120.90
2021-08-23,121.97,114.57,113.17,113.57,106.05,104.76,125.78,120.92
2021-08-24,122.03,114.59,113.16,113.58,106.05,104.77,125.79,120.94
2021-08-25,122.09,114.61,113.15,113.59,106.06,104.77,125.80,120.96
2021-08-26,122.16,114.63,113.15,113.61,106.07,104.78,125.81,120.98
2021-08-27,122.22,114.65,113.14,113.62,106.07,104.79,125.82,121.00
2021-08-28,122.28,114.67,113.13,113.63,106.08,104.79,125.83,121.02
2021-08-29,122.34,114.69,113.13,113.64,106.08,104.80,125.84,121.04
2021-08-30,122.40,114.71,113.12,113.66,106.09,104.81,125.85,121.06
2021-08-31,122.46,114.73,113.11,113.67,106.10,104.81,125.86,121.08
2021-09-01,122.52,114.75,113.10,113.68,106.10,104.82,125.88,121.10
2021-09-02,122.48,114.77,113.11,113.69,106.11,104.83,125.89,121.12
2021-09-03,122.44,114.79,113.11,113.70,106.11,104.83,125.91,121.14
2021-09-04,122.39,114.80,113.12,113.72,106.12,104.84,125.93,121.16
2021-09-05,122.35,114.82,113.12,113.73,106.13,104.85,125.95,121.18
2021-09-06,122.30,114.84,113.13,113.74,106.13,104.85,125.97,121.20
2021-09-07,122.26,114.86,113.13,113.75,106.14,104.86,125.99,121.21
2021-09-08,122.22,114.87,113.14,113.77,106.14,104.87,126.00,121.23
2021-09-09,122.17,114.89,113.14,113.78,106.15,104.87,126.02,121.25
2021-09-10,122.13,114.91,113.15,113.79,106.16,104.88,126.04,121.27
2021-09-11,122.09,114.92,113.15,113.80,106.16,104.89,126.06,121.29
2021-09-12,122.04,114.94,113.16,113.82,106.17,104.89,126.08,121.31
2021-09-13,122.00,114.95,113.16,113.83,106.17,104.90,126.10,121.33
2021-09-14,121.96,114.97,113.17,113.84,106.18,104.91,126.12,121.35
2021-09-15,121.91,114.98,113.17,113.85,106.19,104.92,126.13,121.37
2021-09-16,121.87,115.00,113.18,113.87,106.19,104.92,126.15,121.39
2021-09-17,121.83,115.01,113.18,113.88,106.20,104.93,126.17,121.41
2021-09-18,121.78,115.02,113.19,113.89,106.20,104.94,126.19,121.43
2021-09-19,121.74,115.04,113.19,113.90,106.21,104.94,126.21,121.45
2021-09-20,121.70,115.05,113.19,113.92,106.21,104.95,126.23,121.47
2021-09-21,121.65,115.06,113.20,113.93,106.22,104.96,126.24,121.49
2021-09-22,121.61,115.07,113.20,113.94,106.23,104.97,126.26,121.51
2021-09-23,121.56,115.08,113.21,113.95,106.23,104.97,126.28,121.54
2021-09-24,121.52,115.10,113.21,113.96,106.24,104.98,126.30,121.56
2021-09-25,121.48,115.11,113.22,113.98,106.24,104.99,126.32,121.58
2021-09-26,121.43,115.12,113.22,113.99,106.25,105.00,126.34,121.60
2021-09-27,121.39,115.13,113.23,114.00,106.26,105.00,126.36,121.62
2021-09-28,121.35,115.14,113.23,114.01,106.26,105.01,126.37,121.64
2021-09-29,121.30,115.15,113.24,114.03,106.27,105.02,126.39,121.66
2021-09-30,121.26,115.16,113.24,114.04,106.27,105.03,126.41,121.68
2021-10-01,121.22,115.17,113.25,114.05,106.28,105.03,126.43,121.70
2021-10-02,121.24,115.18,113.23,114.06,106.29,105.04,126.45,121.72
2021-10-03,121.26,115.19,113.22,114.08,106.30,105.05,126.47,121.74
2021-10-04,121.27,115.19,113.20,114.09,106.31,105.06,126.49,121.76
2021-10-05,121.29,115.20,113.19,114.10,106.31,105.06,126.51,121.78
2021-10-06,121.31,115.21,113.17,114.11,106.32,105.07,126.53,121.80
2021-10-07,121.33,115.22,113.16,114.13,106.33,105.08,126.55,121.82
2021-10-08,121.35,115.23,113.14,114.14,106.34,105.09,126.57,121.84
2021-10-09,121.37,115.24,113.12,114.15,106.35,105.09,126.59,121.87
2021-10-10,121.39,115.24,113.11,114.16,106.36,105.10,126.61,121.89
2021-10-11,121.41,115.25,113.09,114.17,106.36,105.11,126.63,121.91
2021-10-12,121.43,115.26,113.08,114.19,106.37,105.12,126.65,121.93
2021-10-13,121.45,115.27,113.06,114.20,106.38,105.13,126.67,121.95
2021-10-14,121.47,115.28,113.05,114.21,106.39,105.13,126.69,121.97
2021-10-15,121.49,115.29,113.03,114.22,106.40,105.14,126.71,121.99
2021-10-16,121.51,115.30,113.02,114.24,106.41,105.15,126.73,122.01
2021-10-17,121.53,115.30,113.00,114.25,106.41,105.16,126.75,122.03
2021-10-18,121.55,115.31,112.99,114.26,106.42,105.16,126.77,122.06
2021-10-19,121.57,115.32,112.97,114.27,106.43,105.17,126.79,122.08
2021-10-20,121.59,115.33,112.96,114.28,106.44,105.18,126.81,122.10
2021-10-21,121.60,115.34,112.94,114.30,106.45,105.19,126.83,122.12
2021-10-22,121.62,115.35,112.92,114.31,106.46,105.20,126.85,122.14
2021-10-23,121.64,115.36,112.91,114.32,106.46,105.20,126.87,122.16
2021-10-24,121.66,115.37,112.89,114.33,106.47,105.21,126.89,122.18
2021-10-25,121.68,115.37,112.88,114.34,106.48,105.22,126.91,122.20
2021-10-26,121.70,115.38,112.86,114.36,106.49,105.23,126.93,122.22
2021-10-27,121.72,115.39,112.85,114.37,106.50,105.23,126.95,122.25
2021-10-28,121.74,115.40,112.83,114.38,106.51,105.24,126.97,122.27
2021-10-29,121.76,115.41,112.82,114.39,106.52,105.25,126.99,122.29
2021-10-30,121.78,115.42,112.80,114.40,106.52,105.26,127.01,122.31
2021-10-31,121.80,115.43,112.79,114.42,106.53,105.26,127.03,122.33
2021-11-01,121.82,115.44,112.77,114.43,106.54,105.27,127.05,122.35
2021-11-02,121.84,115.45,112.81,114.44,106.55,105.28,127.06,122.37
2021-11-03,121.86,115.46,112.85,114.45,106.56,105.29,127.07,122.39
2021-11-04,121.89,115.47,112.88,114.47,106.57,105.30,127.08,122.42
2021-11-05,121.91,115.48,112.92,114.48,106.57,105.30,127.09,122.44
2021-11-06,121.93,115.49,112.96,114.49,106.58,105.31,127.10,122.46
2021-11-07,121.95,115.51,113.00,114.50,106.59,105.32,127.11,122.48
2021-11-08,121.98,115.52,113.03,114.51,106.60,105.33,127.12,122.50
2021-11-09,122.00,115.53,113.07,114.53,106.61,105.33,127.13,122.52
2021-11-10,122.02,115.54,113.11,114.54,106.62,105.34,127.13,122.54
2021-11-11,122.05,115.55,113.14,114.55,106.62,105.35,127.14,122.56
2021-11-12,122.07,115.56,113.18,114.56,106.63,105.36,127.15,122.59
2021-11-13,122.09,115.57,113.22,114.58,106.64,105.37,127.16,122.61
2021-11-14,122.11,115.59,113.26,114.59,106.65,105.37,127.17,122.63
2021-11-15,122.14,115.60,113.29,114.60,106.66,105.38,127.18,122.65
2021-11-16,122.16,115.61,113.33,114.62,106.67,105.39,127.19,122.67
2021-11-17,122.18,115.62,113.37,114.63,106.67,105.40,127.20,122.69
2021-11-18,122.20,115.64,113.41,114.64,106.68,105.40,127.21,122.71
2021-11-19,122.23,115.65,113.44,114.65,106.69,105.41,127.22,122.73
2021-11-20,122.25,115.66,113.48,114.67,106.70,105.42,127.22,122.76
2021-11-21,122.27,115.68,113.52,114.68,106.71,105.43,127.23,122.78
2021-11-22,122.30,115.69,113.55,114.70,106.72,105.43,127.24,122.80
2021-11-23,122.32,115.70,113.59,114.71,106.72,105.44,127.25,122.82
2021-11-24,122.34,115.72,113.63,114.72,106.73,105.45,127.26,122.84
2021-11-25,122.36,115.73,113.67,114.74,106.74,105.46,127.27,122.86
2021-11-26,122.39,115.74,113.70,114.75,106.75,105.47,127.28,122.88
2021-11-27,122.41,115.76,113.74,114.76,106.76,105.47,127.29,122.91
2021-11-28,122.43,115.77,113.78,114.78,106.77,105.48,127.30,122.93
2021-11-29,122.45,115.79,113.82,114.79,106.77,105.49,127.31,122.95
2021-11-30,122.48,115.80,113.85,114.81,106.78,105.50,127.32,122.97
2021-12-01,122.50,115.82,113.89,114.82,106.79,105.50,127.32,122.99
2021-12-02,122.55,115.83,113.97,114.84,106.80,105.51,127.34,123.01
2021-12-03,122.61,115.85,114.05,114.85,106.80,105.52,127.36,123.03
2021-12-04,122.66,115.86,114.12,114.86,106.81,105.53,127.37,123.05
2021-12-05,122.72,115.88,114.20,114.88,106.81,105.53,127.39,123.08
2021-12-06,122.77,115.89,114.28,114.89,106.81,105.54,127.40,123.10
2021-12-07,122.83,115.91,114.36,114.91,106.82,105.55,127.42,123.12
2021-12-08,122.88,115.92,114.44,114.92,106.82,105.56,127.44,123.14
2021-12-09,122.94,115.94,114.52,114.94,106.83,105.56,127.45,123.16
2021-12-10,122.99,115.96,114.59,114.95,106.83,105.57,127.47,123.18
2021-12-11,123.05,115.97,114.67,114.97,106.84,105.58,127.48,123.20
2021-12-12,123.10,115.99,114.75,114.98,106.84,105.59,127.50,123.22
2021-12-13,123.15,116.00,114.83,115.00,106.85,105.59,127.52,123.25
2021-12-14,123.21,116.02,114.91,115.02,106.85,105.60,127.53,123.27
2021-12-15,123.26,116.04,114.99,115.03,106.86,105.61,127.55,123.29
2021-12-16,123.32,116.05,115.06,115.05,106.86,105.62,127.56,123.31
2021-12-17,123.37,116.07,115.14,115.06,106.87,105.63,127.58,123.33
2021-12-18,123.43,116.09,115.22,115.08,106.87,105.63,127.60,123.35
2021-12-19,123.48,116.10,115.30,115.10,106.88,105.64,127.61,123.37
2021-12-20,123.54,116.12,115.38,115.11,106.88,105.65,127.63,123.39
2021-12-21,123.59,116.14,115.46,115.13,106.89,105.66,127.64,123.41
2021-12-22,123.65,116.16,115.53,115.14,106.89,105.66,127.66,123.43
2021-12-23,123.70,116.17,115.61,115.16,106.89,105.67,127.68,123.45
2021-12-24,123.76,116.19,115.69,115.18,106.90,105.68,127.69,123.47
2021-12-25,123.81,116.21,115.77,115.19,106.90,105.69,127.71,123.50
2021-12-26,123.86,116.22,115.85,115.21,106.91,105.69,127.72,123.52
2021-12-27,123.92,116.24,115.92,115.23,106.91,105.70,127.74,123.54
2021-12-28,123.97,116.26,116.00,115.24,106.92,105.71,127.76,123.56
2021-12-29,124.03,116.28,116.08,115.26,106.92,105.72,127.77,123.58
2021-12-30,124.08,116.29,116.16,115.28,106.93,105.72,127.79,123.60
2021-12-31,124.14,116.31,116.24,115.30,106.93,105.73,127.80,123.62
2022-01-01,124.19,116.33,116.32,115.31,106.94,105.74,127.82,123.64
2022-01-02,124.20,116.35,116.36,115.33,106.94,105.75,127.84,123.66
2022-01-03,124.21,116.37,116.41,115.35,106.95,105.75,127.85,123.68
2022-01-04,124.22,116.38,116.46,115.37,106.95,105.76,127.87,123.70
2022-01-05,124.23,116.40,116.51,115.38,106.96,105.77,127.89,123.72
2022-01-06,124.25,116.42,116.56,115.40,106.96,105.77,127.90,123.74
2022-01-07,124.26,116.44,116.61,115.42,106.97,105.78,127.92,123.76
2022-01-08,124.27,116.45,116.65,115.44,106.97,105.79,127.94,123.78
2022-01-09,124.28,116.47,116.70,115.46,106.98,105.80,127.96,123.80
2022-01-10,124.29,116.49,116.75,115.47,106.99,105.80,127.97,123.82
2022-01-11,124.30,116.50,116.80,115.49,106.99,105.81,127.99,123.84
2022-01-12,124.31,116.52,116.85,115.51,107.00,105.82,128.01,123.86
2022-01-13,124.32,116.54,116.90,115.53,107.00,105.83,128.02,123.89
2022-01-14,124.33,116.56,116.94,115.55,107.01,105.83,128.04,123.91
2022-01-15,124.34,116.57,116.99,115.56,107.01,105.84,128.06,123.93
2022-01-16,124.35,116.59,117.04,115.58,107.02,105.85,128.08,123.95
2022-01-17,124.36,116.61,117.09,115.60,107.02,105.86,128.09,123.97
2022-01-18,124.37,116.62,117.14,115.62,107.03,105.86,128.11,123.99
2022-01-19,124.38,116.64,117.18,115.64,107.03,105.87,128.13,124.01
2022-01-20,124.39,116.66,117.23,115.65,107.04,105.88,128.14,124.03
2022-01-21,124.40,116.67,117.28,115.67,107.04,105.89,128.16,124.05
2022-01-22,124.42,116.69,117.33,115.69,107.05,105.89,128.18,124.07
2022-01-23,124.43,116.70,117.38,115.71,107.06,105.90,128.20,124.09
2022-01-24,124.44,116.72,117.43,115.73,107.06,105.91,128.21,124.11
2022-01-25,124.45,116.73,117.47,115.75,107.07,105.91,128.23,124.13
2022-01-26,124.46,116.75,117.52,115.77,107.07,105.92,128.25,124.15
2022-01-27,124.47,116.77,117.57,115.78,107.08,105.93,128.26,124.17
2022-01-28,124.48,116.78,117.62,115.80,107.08,105.94,128.28,124.19
2022-01-29,124.49,116.80,117.67,115.82,107.09,105.94,128.30,124.21
2022-01-30,124.50,116.81,117.72,115.84,107.09,105.95,128.32,124.23
2022-01-31,124.51,116.83,117.76,115.86,107.10,105.96,128.33,124.25
2022-02-01,124.52,116.84,117.81,115.88,107.10,105.97,128.35,124.27
2022-02-02,124.52,116.86,117.80,115.90,107.11,105.97,128.39,124.29
2022-02-03,124.52,116.87,117.79,115.91,107.12,105.98,128.42,124.31
2022-02-04,124.51,116.88,117.78,115.93,107.12,105.99,128.46,124.33
2022-02-05,124.51,116.90,117.77,115.95,107.13,106.00,128.50,124.35
2022-02-06,124.51,116.91,117.76,115.97,107.13,106.00,128.53,124.37
2022-02-07,124.50,116.93,117.75,115.99,107.14,106.01,128.57,124.39
2022-02-08,124.50,116.94,117.74,116.01,107.15,106.02,128.61,124.41
2022-02-09,124.50,116.95,117.73,116.03,107.15,106.03,128.64,124.43
2022-02-10,124.49,116.97,117.72,116.04,107.16,106.03,128.68,124.45
2022-02-11,124.49,116.98,117.71,116.06,107.16,106.04,128.72,124.47
2022-02-12,124.49,117.00,117.70,116.08,107.17,106.05,128.75,124.49
2022-02-13,124.48,117.01,117.69,116.10,107.18,106.05,128.79,124.51
2022-02-14,124.48,117.02,117.68,116.12,107.18,106.06,128.83,124.53
2022-02-15,124.48,117.03,117.67,116.13,107.19,106.07,128.86,124.55
2022-02-16,124.47,117.05,117.66,116.15,107.19,106.08,128.90,124.57
2022-02-17,124.47,117.06,117.65,116.17,107.20,106.08,128.94,124.59
2022-02-18,124.47,117.07,117.64,116.19,107.20,106.09,128.97,124.61
2022-02-19,124.46,117.09,117.63,116.21,107.21,106.10,129.01,124.63
2022-02-20,124.46,117.10,117.62,116.22,107.22,106.11,129.04,124.65
2022-02-21,124.46,117.11,117.61,116.24,107.22,106.11,129.08,124.67
2022-02-22,124.45,117.12,117.60,116.26,107.23,106.12,129.12,124.69
2022-02-23,124.45,117.14,117.59,116.28,107.23,106.13,129.15,124.71
2022-02-24,124.45,117.15,117.58,116.29,107.24,106.14,129.19,124.73
2022-02-25,124.44,117.16,117.56,116.31,107.25,106.14,129.23,124.75
2022-02-26,124.44,117.17,117.55,116.33,107.25,106.15,129.26,124.77
2022-02-27,124.44,117.19,117.54,116.34,107.26,106.16,129.30,124.79
2022-02-28,124.43,117.20,117.53,116.36,107.26,106.17,129.34,124.81
2022-03-01,124.43,117.21,117.52,116.38,107.27,106.17,129.37,124.83
2022-03-02,124.46,117.22,117.51,116.40,107.27,106.18,129.43,124.85
2022-03-03,124.48,117.23,117.51,116.41,107.28,106.19,129.50,124.87
2022-03-04,124.51,117.24,117.50,116.43,107.28,106.20,129.56,124.89
2022-03-05,124.54,117.26,117.49,116.45,107.28,106.20,129.62,124.91
2022-03-06,124.57,117.27,117.48,116.46,107.29,106.21,129.68,124.93
2022-03-07,124.59,117.28,117.47,116.48,107.29,106.22,129.74,124.95
2022-03-08,124.62,117.29,117.46,116.50,107.29,106.23,129.80,124.97
2022-03-09,124.65,117.30,117.45,116.51,107.30,106.24,129.86,124.99
2022-03-10,124.67,117.31,117.44,116.53,107.30,106.24,129.92,125.01
2022-03-11,124.70,117.33,117.43,116.55,107.30,106.25,129.98,125.03
2022-03-12,124.73,117.34,117.42,116.56,107.31,106.26,130.04,125.05
2022-03-13,124.76,117.35,117.41,116.58,107.31,106.27,130.10,125.08
2022-03-14,124.78,117.36,117.40,116.60,107.31,106.27,130.16,125.10
2022-03-15,124.81,117.38,117.39,116.61,107.32,106.28,130.22,125.12
2022-03-16,124.84,117.39,117.38,116.63,107.32,106.29,130.28,125.14
2022-03-17,124.86,117.40,117.38,116.64,107.32,106.30,130.34,125.16
2022-03-18,124.89,117.41,117.37,116.66,107.33,106.31,130.40,125.18
2022-03-19,124.92,117.42,117.36,116.68,107.33,106.31,130.46,125.20
2022-03-20,124.95,117.44,117.35,116.69,107.33,106.32,130.52,125.22
2022-03-21,124.97,117.45,117.34,116.71,107.34,106.33,130.58,125.24
2022-03-22,125.00,117.46,117.33,116.72,107.34,106.34,130.64,125.26
2022-03-23,125.03,117.47,117.32,116.74,107.34,106.35,130.70,125.28
2022-03-24,125.05,117.49,117.31,116.76,107.35,106.36,130.76,125.30
2022-03-25,125.08,117.50,117.30,116.77,107.35,106.36,130.82,125.33
2022-03-26,125.11,117.51,117.29,116.79,107.35,106.37,130.89,125.35
2022-03-27,125.14,117.53,117.28,116.80,107.36,106.38,130.95,125.37
2022-03-28,125.16,117.54,117.27,116.82,107.36,106.39,131.01,125.39
2022-03-29,125.19,117.55,117.26,116.84,107.36,106.40,131.07,125.41
2022-03-30,125.22,117.57,117.25,116.85,107.37,106.41,131.13,125.43
2022-03-31,125.24,117.58,117.24,116.87,107.37,106.41,131.19,125.45
2022-04-01,125.27,117.59,117.24,116.88,107.37,106.42,131.25,125.48
2022-04-02,125.31,117.61,117.31,116.90,107.38,106.43,131.28,125.50
2022-04-03,125.35,117.62,117.38,116.92,107.39,106.44,131.32,125.52
2022-04-04,125.39,117.63,117.45,116.93,107.39,106.45,131.35,125.54
2022-04-05,125.43,117.65,117.52,116.95,107.40,106.46,131.39,125.56
2022-04-06,125.47,117.66,117.59,116.96,107.40,106.46,131.42,125.58
2022-04-07,125.51,117.67,117.66,116.98,107.41,106.47,131.46,125.60
2022-04-08,125.55,117.69,117.73,116.99,107.41,106.48,131.49,125.63
2022-04-09,125.59,117.70,117.80,117.01,107.42,106.49,131.53,125.65
2022-04-10,125.63,117.72,117.87,117.03,107.42,106.50,131.56,125.67
2022-04-11,125.67,117.73,117.94,117.04,107.43,106.51,131.60,125.69
2022-04-12,125.71,117.74,118.01,117.06,107.43,106.52,131.63,125.71
2022-04-13,125.75,117.76,118.08,117.07,107.44,106.52,131.67,125.73
2022-04-14,125.79,117.77,118.15,117.09,107.44,106.53,131.70,125.75
2022-04-15,125.83,117.79,118.22,117.10,107.45,106.54,131.74,125.77
2022-04-16,125.87,117.80,118.29,117.12,107.45,106.55,131.77,125.80
2022-04-17,125.91,117.81,118.36,117.14,107.46,106.56,131.81,125.82
2022-04-18,125.95,117.83,118.43,117.15,107.46,106.57,131.84,125.84
2022-04-19,125.99,117.84,118.50,117.17,107.47,106.58,131.88,125.86
2022-04-20,126.03,117.86,118.57,117.18,107.47,106.58,131.91,125.88
2022-04-21,126.07,117.87,118.64,117.20,107.48,106.59,131.95,125.90
2022-04-22,126.11,117.89,118.71,117.22,107.48,106.60,131.98,125.92
2022-04-23,126.15,117.90,118.78,117.23,107.49,106.61,132.02,125.94
2022-04-24,126.19,117.92,118.85,117.25,107.49,106.62,132.05,125.96
2022-04-25,126.23,117.93,118.92,117.26,107.50,106.63,132.09,125.98
2022-04-26,126.27,117.94,118.99,117.28,107.51,106.63,132.12,126.00
2022-04-27,126.31,117.96,119.06,117.30,107.51,106.64,132.16,126.02
2022-04-28,126.35,117.97,119.13,117.31,107.52,106.65,132.19,126.04
2022-04-29,126.39,117.99,119.20,117.33,107.52,106.66,132.23,126.06
2022-04-30,126.44,118.00,119.27,117.34,107.53,106.67,132.26,126.08
2022-05-01,126.48,118.02,119.34,117.36,107.53,106.68,132.30,126.10
2022-05-02,126.47,118.03,119.38,117.38,107.53,106.69,132.33,126.12
2022-05-03,126.47,118.05,119.41,117.39,107.54,106.69,132.36,126.14
2022-05-04,126.47,118.06,119.44,117.41,107.54,106.70,132.39,126.16
2022-05-05,126.47,118.08,119.48,117.42,107.54,106.71,132.42,126.18
2022-05-06,126.47,118.10,119.51,117.44,107.55,106.72,132.45,126.20
2022-05-07,126.47,118.11,119.55,117.46,107.55,106.73,132.48,126.22
2022-05-08,126.47,118.13,119.58,117.47,107.55,106.74,132.51,126.24
2022-05-09,126.47,118.14,119.62,117.49,107.56,106.74,132.54,126.26
2022-05-10,126.47,118.16,119.65,117.50,107.56,106.75,132.57,126.28
2022-05-11,126.46,118.17,119.69,117.52,107.56,106.76,132.60,126.30
2022-05-12,126.46,118.19,119.72,117.53,107.56,106.77,132.63,126.32
2022-05-13,126.46,118.20,119.76,117.55,107.57,106.78,132.66,126.34
2022-05-14,126.46,118.22,119.79,117.57,107.57,106.79,132.69,126.36
2022-05-15,126.46,118.23,119.83,117.58,107.57,106.80,132.72,126.38
2022-05-16,126.46,118.25,119.86,117.60,107.58,106.80,132.75,126.39
2022-05-17,126.46,118.26,119.90,117.61,107.58,106.81,132.78,126.41
2022-05-18,126.46,118.28,119.93,117.63,107.58,106.82,132.81,126.43
2022-05-19,126.46,118.29,119.96,117.64,107.59,106.83,132.84,126.45
2022-05-20,126.45,118.31,120.00,117.66,107.59,106.84,132.87,126.47
2022-05-21,126.45,118.32,120.03,117.68,107.59,106.85,132.90,126.49
2022-05-22,126.45,118.34,120.07,117.69,107.59,106.85,132.93,126.51
2022-05-23,126.45,118.35,120.10,117.71,107.60,106.86,132.96,126.53
2022-05-24,126.45,118.37,120.14,117.72,107.60,106.87,132.99,126.55
2022-05-25,126.45,118.38,120.17,117.74,107.60,106.88,133.02,126.56
2022-05-26,126.45,118.40,120.21,117.75,107.61,106.89,133.05,126.58
2022-05-27,126.45,118.41,120.24,117.77,107.61,106.90,133.08,126.60
2022-05-28,126.45,118.43,120.28,117.78,107.61,106.90,133.11,126.62
2022-05-29,126.44,118.45,120.31,117.80,107.62,106.91,133.14,126.64
2022-05-30,126.44,118.46,120.35,117.81,107.62,106.92,133.17,126.66
2022-05-31,126.44,118.48,120.38,117.83,107.62,106.93,133.20,126.68
2022-06-01,126.44,118.49,120.42,117.84,107.62,106.94,133.23,126.69
2022-06-02,126.50,118.51,120.43,117.86,107.63,106.95,133.25,126.71
2022-06-03,126.57,118.52,120.45,117.87,107.63,106.95,133.27,126.73
2022-06-04,126.63,118.54,120.46,117.89,107.64,106.96,133.29,126.75
2022-06-05,126.69,118.55,120.48,117.90,107.64,106.97,133.31,126.77
2022-06-06,126.76,118.57,120.49,117.92,107.64,106.98,133.33,126.78
2022-06-07,126.82,118.59,120.51,117.93,107.65,106.99,133.36,126.80
2022-06-08,126.88,118.60,120.52,117.95,107.65,107.00,133.38,126.82
2022-06-09,126.95,118.62,120.54,117.96,107.66,107.00,133.40,126.84
2022-06-10,127.01,118.63,120.55,117.98,107.66,107.01,133.42,126.86
2022-06-11,127.07,118.65,120.57,117.99,107.66,107.02,133.44,126.88
2022-06-12,127.14,118.67,120.59,118.01,107.67,107.03,133.46,126.89
2022-06-13,127.20,118.68,120.60,118.02,107.67,107.04,133.49,126.91
2022-06-14,127.26,118.70,120.62,118.03,107.67,107.05,133.51,126.93
2022-06-15,127.33,118.72,120.63,118.05,107.68,107.05,133.53,126.95
2022-06-16,127.39,118.73,120.65,118.06,107.68,107.06,133.55,126.96
2022-06-17,127.45,118.75,120.66,118.08,107.69,107.07,133.57,126.98
2022-06-18,127.52,118.77,120.68,118.09,107.69,107.08,133.59,127.00
2022-06-19,127.58,118.79,120.69,118.11,107.69,107.09,133.62,127.02
2022-06-20,127.64,118.80,120.71,118.12,107.70,107.10,133.64,127.04
2022-06-21,127.71,118.82,120.73,118.14,107.70,107.10,133.66,127.05
2022-06-22,127.77,118.84,120.74,118.15,107.71,107.11,133.68,127.07
2022-06-23,127.83,118.86,120.76,118.16,107.71,107.12,133.70,127.09
2022-06-24,127.90,118.87,120.77,118.18,107.71,107.13,133.72,127.11
2022-06-25,127.96,118.89,120.79,118.19,107.72,107.14,133.75,127.13
2022-06-26,128.02,118.91,120.80,118.21,107.72,107.14,133.77,127.14
2022-06-27,128.08,118.93,120.82,118.22,107.72,107.15,133.79,127.16
2022-06-28,128.15,118.95,120.83,118.24,107.73,107.16,133.81,127.18
2022-06-29,128.21,118.97,120.85,118.25,107.73,107.17,133.83,127.20
2022-06-30,128.27,118.99,120.86,118.26,107.74,107.18,133.85,127.21
2022-07-01,128.34,119.00,120.88,118.28,107.74,107.19,133.87,127.23
2022-07-02,128.40,119.02,120.88,118.29,107.74,107.19,133.88,127.25
2022-07-03,128.45,119.04,120.89,118.31,107.75,107.20,133.89,127.27
2022-07-04,128.51,119.06,120.89,118.32,107.75,107.21,133.90,127.28
2022-07-05,128.57,119.08,120.89,118.33,107.76,107.22,133.91,127.30
2022-07-06,128.63,119.10,120.90,118.35,107.76,107.23,133.92,127.32
2022-07-07,128.68,119.12,120.90,118.36,107.77,107.23,133.93,127.34
2022-07-08,128.74,119.14,120.91,118.38,107.77,107.24,133.94,127.35
2022-07-09,128.80,119.16,120.91,118.39,107.77,107.25,133.95,127.37
2022-07-10,128.86,119.18,120.91,118.40,107.78,107.26,133.96,127.39
2022-07-11,128.91,119.20,120.92,118.42,107.78,107.27,133.97,127.41
2022-07-12,128.97,119.22,120.92,118.43,107.79,107.28,133.98,127.42
2022-07-13,129.03,119.24,120.92,118.45,107.79,107.28,133.99,127.44
2022-07-14,129.09,119.26,120.93,118.46,107.80,107.29,134.00,127.46
2022-07-15,129.14,119.28,120.93,118.48,107.80,107.30,134.01,127.48
2022-07-16,129.20,119.30,120.93,118.49,107.81,107.31,134.02,127.49
2022-07-17,129.26,119.32,120.94,118.50,107.81,107.32,134.03,127.51
2022-07-18,129.32,119.34,120.94,118.52,107.81,107.32,134.04,127.53
2022-07-19,129.37,119.36,120.94,118.53,107.82,107.33,134.05,127.55
2022-07-20,129.43,119.38,120.95,118.55,107.82,107.34,134.06,127.56
2022-07-21,129.49,119.40,120.95,118.56,107.83,107.35,134.06,127.58
2022-07-22,129.55,119.42,120.96,118.57,107.83,107.36,134.07,127.60
2022-07-23,129.60,119.44,120.96,118.59,107.84,107.37,134.08,127.62
2022-07-24,129.66,119.46,120.96,118.60,107.84,107.37,134.09,127.63
2022-07-25,129.72,119.48,120.97,118.62,107.84,107.38,134.10,127.65
2022-07-26,129.78,119.50,120.97,118.63,107.85,107.39,134.11,127.67
2022-07-27,129.83,119.52,120.97,118.64,107.85,107.40,134.12,127.69
2022-07-28,129.89,119.54,120.98,118.66,107.86,107.41,134.13,127.70
2022-07-29,129.95,119.56,120.98,118.67,107.86,107.41,134.14,127.72
2022-07-30,130.01,119.58,120.98,118.69,107.87,107.42,134.15,127.74
2022-07-31,130.06,119.60,120.99,118.70,107.87,107.43,134.16,127.76
2022-08-01,130.12,119.62,120.99,118.71,107.88,107.44,134.17,127.77
2022-08-02,130.18,119.64,121.00,118.73,107.88,107.45,134.18,127.79
2022-08-03,130.23,119.66,121.02,118.74,107.88,107.45,134.20,127.81
2022-08-04,130.29,119.69,121.03,118.76,107.89,107.46,134.21,127.83
2022-08-05,130.34,119.71,121.05,118.77,107.89,107.47,134.23,127.84
2022-08-06,130.40,119.73,121.06,118.79,107.90,107.48,134.24,127.86
2022-08-07,130.45,119.75,121.07,118.80,107.90,107.49,134.25,127.88
2022-08-08,130.51,119.77,121.09,118.81,107.90,107.50,134.27,127.90
2022-08-09,130.56,119.79,121.10,118.83,107.91,107.50,134.28,127.91
2022-08-10,130.62,119.81,121.12,118.84,107.91,107.51,134.30,127.93
2022-08-11,130.67,119.82,121.13,118.86,107.92,107.52,134.31,127.95
2022-08-12,130.73,119.84,121.14,118.87,107.92,107.53,134.32,127.97
2022-08-13,130.78,119.86,121.16,118.89,107.92,107.54,134.34,127.99
2022-08-14,130.84,119.88,121.17,118.90,107.93,107.54,134.35,128.00
2022-08-15,130.89,119.90,121.19,118.91,107.93,107.55,134.37,128.02
2022-08-16,130.95,119.92,121.20,118.93,107.94,107.56,134.38,128.04
2022-08-17,131.00,119.94,121.21,118.94,107.94,107.57,134.39,128.06
2022-08-18,131.06,119.96,121.23,118.96,107.94,107.58,134.41,128.07
2022-08-19,131.11,119.98,121.24,118.97,107.95,107.58,134.42,128.09
2022-08-20,131.17,120.00,121.26,118.99,107.95,107.59,134.44,128.11
2022-08-21,131.22,120.02,121.27,119.00,107.96,107.60,134.45,128.13
2022-08-22,131.28,120.03,121.28,119.02,107.96,107.61,134.46,128.14
2022-08-23,131.33,120.05,121.30,119.03,107.96,107.62,134.48,128.16
2022-08-24,131.39,120.07,121.31,119.04,107.97,107.62,134.49,128.18
2022-08-25,131.44,120.09,121.33,119.06,107.97,107.63,134.51,128.20
2022-08-26,131.50,120.11,121.34,119.07,107.98,107.64,134.52,128.22
2022-08-27,131.55,120.13,121.35,119.09,107.98,107.65,134.54,128.23
2022-08-28,131.61,120.14,121.37,119.10,107.98,107.66,134.55,128.25
2022-08-29,131.66,120.16,121.38,119.12,107.99,107.66,134.56,128.27
2022-08-30,131.72,120.18,121.40,119.13,107.99,107.67,134.58,128.29
2022-08-31,131.77,120.20,121.41,119.15,108.00,107.68,134.59,128.31
2022-09-01,131.82,120.21,121.42,119.16,108.00,107.69,134.61,128.32
2022-09-02,131.77,120.23,121.44,119.18,108.00,107.70,134.62,128.34
2022-09-03,131.72,120.25,121.46,119.19,108.01,107.70,134.63,128.36
2022-09-04,131.67,120.26,121.47,119.20,108.01,107.71,134.64,128.38
2022-09-05,131.62,120.28,121.49,119.22,108.01,107.72,134.65,128.39
2022-09-06,131.57,120.30,121.51,119.23,108.01,107.73,134.66,128.41
2022-09-07,131.52,120.31,121.52,119.25,108.01,107.74,134.67,128.43
2022-09-08,131.47,120.33,121.54,119.26,108.02,107.74,134.69,128.45
2022-09-09,131.42,120.35,121.56,119.28,108.02,107.75,134.70,128.47
2022-09-10,131.37,120.36,121.57,119.29,108.02,107.76,134.71,128.48
2022-09-11,131.32,120.38,121.59,119.31,108.02,107.77,134.72,128.50
2022-09-12,131.27,120.39,121.61,119.32,108.03,107.77,134.73,128.52
2022-09-13,131.22,120.41,121.62,119.33,108.03,107.78,134.74,128.54
2022-09-14,131.17,120.42,121.64,119.35,108.03,107.79,134.75,128.55
2022-09-15,131.11,120.44,121.66,119.36,108.03,107.80,134.76,128.57
2022-09-16,131.06,120.45,121.67,119.38,108.04,107.81,134.78,128.59
2022-09-17,131.01,120.46,121.69,119.39,108.04,107.81,134.79,128.61
2022-09-18,130.96,120.48,121.71,119.40,108.04,107.82,134.80,128.62
2022-09-19,130.91,120.49,121.72,119.42,108.04,107.83,134.81,128.64
2022-09-20,130.86,120.50,121.74,119.43,108.05,107.84,134.82,128.66
2022-09-21,130.81,120.52,121.76,119.45,108.05,107.84,134.83,128.68
2022-09-22,130.76,120.53,121.77,119.46,108.05,107.85,134.84,128.69
2022-09-23,130.71,120.54,121.79,119.47,108.05,107.86,134.86,128.71
2022-09-24,130.66,120.56,121.81,119.49,108.06,107.87,134.87,128.73
2022-09-25,130.61,120.57,121.82,119.50,108.06,107.87,134.88,128.74
2022-09-26,130.56,120.58,121.84,119.52,108.06,107.88,134.89,128.76
2022-09-27,130.51,120.59,121.86,119.53,108.06,107.89,134.90,128.78
2022-09-28,130.46,120.61,121.87,119.54,108.07,107.90,134.91,128.79
2022-09-29,130.40,120.62,121.89,119.56,108.07,107.90,134.92,128.81
2022-09-30,130.35,120.63,121.90,119.57,108.07,107.91,134.94,128.83
2022-10-01,130.30,120.64,121.92,119.58,108.07,107.92,134.95,128.84
2022-10-02,130.22,120.65,121.94,119.60,108.08,107.93,134.95,128.86
2022-10-03,130.14,120.67,121.95,119.61,108.08,107.93,134.96,128.88
2022-10-04,130.05,120.68,121.96,119.62,108.09,107.94,134.96,128.89
2022-10-05,129.97,120.69,121.98,119.63,108.09,107.95,134.96,128.91
2022-10-06,129.89,120.70,121.99,119.65,108.09,107.96,134.97,128.93
2022-10-07,129.81,120.71,122.01,119.66,108.10,107.96,134.97,128.94
2022-10-08,129.72,120.72,122.02,119.67,108.10,107.97,134.98,128.96
2022-10-09,129.64,120.73,122.04,119.69,108.11,107.98,134.98,128.98
2022-10-10,129.56,120.74,122.05,119.70,108.11,107.99,134.98,128.99
2022-10-11,129.47,120.76,122.06,119.71,108.11,107.99,134.99,129.01
2022-10-12,129.39,120.77,122.08,119.73,108.12,108.00,134.99,129.03
2022-10-13,129.31,120.78,122.09,119.74,108.12,108.01,135.00,129.04
2022-10-14,129.23,120.79,122.11,119.75,108.13,108.02,135.00,129.06
2022-10-15,129.14,120.80,122.12,119.76,108.13,108.02,135.01,129.07
2022-10-16,129.06,120.81,122.14,119.78,108.13,108.03,135.01,129.09
2022-10-17,128.98,120.82,122.15,119.79,108.14,108.04,135.01,129.11
2022-10-18,128.90,120.83,122.16,119.80,108.14,108.05,135.02,129.12
2022-10-19,128.81,120.84,122.18,119.81,108.15,108.05,135.02,129.14
2022-10-20,128.73,120.85,122.19,119.83,108.15,108.06,135.03,129.16
2022-10-21,128.65,120.86,122.21,119.84,108.15,108.07,135.03,129.17
2022-10-22,128.56,120.87,122.22,119.85,108.16,108.07,135.03,129.19
2022-10-23,128.48,120.88,122.24,119.86,108.16,108.08,135.04,129.20
2022-10-24,128.40,120.89,122.25,119.88,108.17,108.09,135.04,129.22
2022-10-25,128.32,120.90,122.26,119.89,108.17,108.10,135.05,129.24
2022-10-26,128.23,120.91,122.28,119.90,108.17,108.10,135.05,129.25
2022-10-27,128.15,120.92,122.29,119.91,108.18,108.11,135.06,129.27
2022-10-28,128.07,120.93,122.31,119.92,108.18,108.12,135.06,129.28
2022-10-29,127.98,120.94,122.32,119.94,108.19,108.12,135.06,129.30
2022-10-30,127.90,120.95,122.34,119.95,108.19,108.13,135.07,129.31
2022-10-31,127.82,120.96,122.35,119.96,108.19,108.14,135.07,129.33
2022-11-01,127.74,120.97,122.36,119.97,108.20,108.15,135.08,129.35
2022-11-02,127.78,120.98,122.39,119.98,108.20,108.15,135.08,129.36
2022-11-03,127.82,120.99,122.41,120.00,108.20,108.16,135.08,129.38
2022-11-04,127.86,121.00,122.43,120.01,108.21,108.17,135.08,129.39
2022-11-05,127.90,121.01,122.45,120.02,108.21,108.17,135.08,129.41
2022-11-06,127.94,121.02,122.47,120.03,108.21,108.18,135.08,129.42
2022-11-07,127.98,121.04,122.49,120.04,108.21,108.19,135.09,129.44
2022-11-08,128.02,121.05,122.51,120.06,108.22,108.20,135.09,129.46
2022-11-09,128.06,121.06,122.54,120.07,108.22,108.20,135.09,129.47
2022-11-10,128.10,121.07,122.56,120.08,108.22,108.21,135.09,129.49
2022-11-11,128.14,121.08,122.58,120.09,108.22,108.22,135.09,129.50
2022-11-12,128.18,121.09,122.60,120.10,108.23,108.22,135.09,129.52
2022-11-13,128.22,121.10,122.62,120.11,108.23,108.23,135.10,129.53
2022-11-14,128.26,121.12,122.64,120.13,108.23,108.24,135.10,129.55
2022-11-15,128.30,121.13,122.66,120.14,108.23,108.24,135.10,129.56
2022-11-16,128.34,121.14,122.69,120.15,108.23,108.25,135.10,129.58
2022-11-17,128.38,121.16,122.71,120.16,108.24,108.26,135.10,129.59
2022-11-18,128.42,121.17,122.73,120.17,108.24,108.27,135.10,129.61
2022-11-19,128.47,121.18,122.75,120.18,108.24,108.27,135.10,129.62
2022-11-20,128.51,121.20,122.77,120.19,108.24,108.28,135.11,129.64
2022-11-21,128.55,121.21,122.79,120.21,108.25,108.29,135.11,129.65
2022-11-22,128.59,121.22,122.81,120.22,108.25,108.29,135.11,129.67
2022-11-23,128.63,121.24,122.84,120.23,108.25,108.30,135.11,129.68
2022-11-24,128.67,121.25,122.86,120.24,108.25,108.31,135.11,129.70
2022-11-25,128.71,121.27,122.88,120.25,108.26,108.31,135.11,129.71
2022-11-26,128.75,121.28,122.90,120.26,108.26,108.32,135.12,129.73
2022-11-27,128.79,121.29,122.92,120.27,108.26,108.33,135.12,129.74
2022-11-28,128.83,121.31,122.94,120.29,108.26,108.33,135.12,129.76
2022-11-29,128.87,121.32,122.96,120.30,108.27,108.34,135.12,129.77
2022-11-30,128.91,121.34,122.99,120.31,108.27,108.35,135.12,129.79
2022-12-01,128.95,121.35,123.01,120.32,108.27,108.35,135.12,129.80
2022-12-02,129.02,121.37,123.08,120.33,108.27,108.36,135.14,129.81
2022-12-03,129.09,121.39,123.15,120.34,108.28,108.37,135.16,129.83
2022-12-04,129.15,121.40,123.22,120.35,108.28,108.37,135.17,129.84
2022-12-05,129.22,121.42,123.29,120.36,108.28,108.38,135.19,129.86
2022-12-06,129.29,121.43,123.36,120.38,108.28,108.39,135.21,129.87
2022-12-07,129.36,121.45,123.43,120.39,108.29,108.39,135.22,129.89
2022-12-08,129.42,121.47,123.49,120.40,108.29,108.40,135.24,129.90
2022-12-09,129.49,121.48,123.56,120.41,108.29,108.40,135.25,129.91
2022-12-10,129.56,121.50,123.63,120.42,108.29,108.41,135.27,129.93
2022-12-11,129.63,121.52,123.70,120.43,108.30,108.42,135.29,129.94
2022-12-12,129.69,121.53,123.77,120.44,108.30,108.42,135.30,129.96
2022-12-13,129.76,121.55,123.84,120.45,108.30,108.43,135.32,129.97
2022-12-14,129.83,121.57,123.91,120.47,108.30,108.44,135.34,129.98
2022-12-15,129.90,121.58,123.98,120.48,108.30,108.44,135.35,130.00
2022-12-16,129.96,121.60,124.05,120.49,108.31,108.45,135.37,130.01
2022-12-17,130.03,121.62,124.12,120.50,108.31,108.46,135.39,130.03
2022-12-18,130.10,121.63,124.19,120.51,108.31,108.46,135.40,130.04
2022-12-19,130.16,121.65,124.26,120.52,108.31,108.47,135.42,130.05
2022-12-20,130.23,121.67,124.33,120.54,108.32,108.47,135.43,130.07
2022-12-21,130.30,121.68,124.40,120.55,108.32,108.48,135.45,130.08
2022-12-22,130.37,121.70,124.47,120.56,108.32,108.49,135.47,130.09
2022-12-23,130.43,121.72,124.54,120.57,108.32,108.49,135.48,130.11
2022-12-24,130.50,121.73,124.61,120.58,108.33,108.50,135.50,130.12
2022-12-25,130.57,121.75,124.68,120.60,108.33,108.50,135.52,130.13
2022-12-26,130.64,121.77,124.75,120.61,108.33,108.51,135.53,130.15
2022-12-27,130.70,121.79,124.82,120.62,108.33,108.52,135.55,130.16
2022-12-28,130.77,121.80,124.89,120.63,108.33,108.52,135.57,130.17
2022-12-29,130.84,121.82,124.96,120.64,108.34,108.53,135.58,130.19
2022-12-30,130.91,121.84,125.03,120.66,108.34,108.53,135.60,130.20
2022-12-31,130.97,121.85,125.10,120.67,108.34,108.54,135.61,130.21
2023-01-01,131.04,121.87,125.17,120.68,108.34,108.55,135.63,130.23
2023-01-02,131.06,121.89,125.18,120.69,108.34,108.55,135.64,130.24
2023-01-03,131.08,121.90,125.19,120.70,108.34,108.56,135.65,130.25
2023-01-04,131.10,121.92,125.20,120.72,108.34,108.56,135.66,130.26
2023-01-05,131.12,121.94,125.21,120.73,108.34,108.57,135.67,130.28
2023-01-06,131.14,121.95,125.22,120.74,108.34,108.58,135.68,130.29
2023-01-07,131.16,121.97,125.23,120.75,108.34,108.58,135.69,130.30
2023-01-08,131.18,121.99,125.24,120.77,108.34,108.59,135.70,130.32
2023-01-09,131.20,122.00,125.25,120.78,108.34,108.59,135.71,130.33
2023-01-10,131.22,122.02,125.26,120.79,108.34,108.60,135.72,130.34
2023-01-11,131.24,122.03,125.27,120.80,108.34,108.60,135.73,130.35
2023-01-12,131.26,122.05,125.28,120.81,108.34,108.61,135.74,130.37
2023-01-13,131.28,122.06,125.29,120.83,108.34,108.61,135.75,130.38
2023-01-14,131.30,122.08,125.30,120.84,108.34,108.62,135.76,130.39
2023-01-15,131.32,122.10,125.31,120.85,108.34,108.63,135.77,130.40
2023-01-16,131.34,122.11,125.32,120.86,108.34,108.63,135.78,130.42
2023-01-17,131.36,122.13,125.33,120.87,108.34,108.64,135.79,130.43
2023-01-18,131.38,122.14,125.34,120.89,108.34,108.64,135.80,130.44
2023-01-19,131.40,122.16,125.35,120.90,108.34,108.65,135.82,130.46
2023-01-20,131.42,122.17,125.36,120.91,108.34,108.65,135.83,130.47
2023-01-21,131.44,122.18,125.37,120.92,108.34,108.66,135.84,130.48
2023-01-22,131.46,122.20,125.38,120.93,108.34,108.66,135.85,130.49
2023-01-23,131.48,122.21,125.39,120.94,108.34,108.67,135.86,130.51
2023-01-24,131.50,122.23,125.40,120.96,108.34,108.68,135.87,130.52
2023-01-25,131.52,122.24,125.41,120.97,108.34,108.68,135.88,130.53
2023-01-26,131.54,122.26,125.42,120.98,108.34,108.69,135.89,130.54
2023-01-27,131.56,122.27,125.43,120.99,108.34,108.69,135.90,130.55
2023-01-28,131.58,122.28,125.44,121.00,108.34,108.70,135.91,130.57
2023-01-29,131.60,122.30,125.45,121.01,108.34,108.70,135.92,130.58
2023-01-30,131.62,122.31,125.46,121.03,108.33,108.71,135.93,130.59
2023-01-31,131.63,122.32,125.47,121.04,108.33,108.71,135.94,130.60
2023-02-01,131.65,122.33,125.48,121.05,108.33,108.72,135.95,130.62
2023-02-02,131.68,122.35,125.49,121.06,108.33,108.72,135.97,130.63
2023-02-03,131.70,122.36,125.50,121.07,108.33,108.73,135.98,130.64
2023-02-04,131.72,122.37,125.52,121.08,108.33,108.73,136.00,130.65
2023-02-05,131.74,122.39,125.53,121.09,108.33,108.74,136.02,130.67
2023-02-06,131.77,122.40,125.54,121.10,108.32,108.74,136.04,130.68
2023-02-07,131.79,122.41,125.56,121.11,108.32,108.75,136.06,130.69
2023-02-08,131.81,122.42,125.57,121.13,108.32,108.76,136.08,130.70
2023-02-09,131.83,122.43,125.59,121.14,108.32,108.76,136.09,130.71
2023-02-10,131.86,122.45,125.60,121.15,108.32,108.77,136.11,130.73
2023-02-11,131.88,122.46,125.61,121.16,108.32,108.77,136.13,130.74
2023-02-12,131.90,122.47,125.63,121.17,108.31,108.78,136.15,130.75
2023-02-13,131.92,122.48,125.64,121.18,108.31,108.78,136.17,130.76
2023-02-14,131.94,122.49,125.65,121.19,108.31,108.79,136.18,130.78
2023-02-15,131.97,122.50,125.67,121.20,108.31,108.79,136.20,130.79
2023-02-16,131.99,122.52,125.68,121.21,108.31,108.80,136.22,130.80
2023-02-17,132.01,122.53,125.69,121.22,108.30,108.80,136.24,130.81
2023-02-18,132.03,122.54,125.71,121.24,108.30,108.81,136.26,130.83
2023-02-19,132.06,122.55,125.72,121.25,108.30,108.81,136.27,130.84
2023-02-20,132.08,122.56,125.73,121.26,108.30,108.82,136.29,130.85
2023-02-21,132.10,122.57,125.75,121.27,108.30,108.82,136.31,130.86
2023-02-22,132.12,122.58,125.76,121.28,108.29,108.83,136.33,130.87
2023-02-23,132.15,122.59,125.77,121.29,108.29,108.83,136.35,130.89
2023-02-24,132.17,122.60,125.79,121.30,108.29,108.84,136.36,130.90
2023-02-25,132.19,122.62,125.80,121.31,108.29,108.84,136.38,130.91
2023-02-26,132.21,122.63,125.81,121.32,108.29,108.85,136.40,130.92
2023-02-27,132.23,122.64,125.83,121.33,108.29,108.85,136.42,130.94
2023-02-28,132.26,122.65,125.84,121.34,108.28,108.86,136.44,130.95
2023-03-01,132.28,122.66,125.85,121.35,108.28,108.86,136.46,130.96
2023-03-02,132.26,122.67,125.89,121.36,108.28,108.86,136.46,130.97
2023-03-03,132.24,122.68,125.94,121.38,108.28,108.87,136.47,130.98
2023-03-04,132.22,122.69,125.98,121.39,108.28,108.87,136.48,131.00
2023-03-05,132.20,122.70,126.02,121.40,108.28,108.88,136.49,131.01
2023-03-06,132.18,122.71,126.06,121.41,108.28,108.88,136.49,131.02
2023-03-07,132.16,122.72,126.10,121.42,108.28,108.89,136.50,131.03
2023-03-08,132.14,122.73,126.14,121.43,108.27,108.89,136.51,131.04
2023-03-09,132.12,122.74,126.18,121.44,108.27,108.90,136.52,131.05
2023-03-10,132.09,122.75,126.22,121.45,108.27,108.90,136.52,131.07
2023-03-11,132.07,122.76,126.26,121.46,108.27,108.91,136.53,131.08
2023-03-12,132.05,122.77,126.30,121.47,108.27,108.91,136.54,131.09
2023-03-13,132.03,122.78,126.34,121.48,108.27,108.91,136.55,131.10
2023-03-14,132.01,122.79,126.38,121.49,108.27,108.92,136.55,131.11
2023-03-15,131.99,122.79,126.42,121.50,108.27,108.92,136.56,131.12
2023-03-16,131.97,122.80,126.47,121.51,108.27,108.93,136.57,131.13
2023-03-17,131.95,122.81,126.51,121.52,108.27,108.93,136.58,131.14
2023-03-18,131.93,122.82,126.55,121.53,108.26,108.94,136.58,131.15
2023-03-19,131.91,122.83,126.59,121.54,108.26,108.94,136.59,131.16
2023-03-20,131.89,122.84,126.63,121.55,108.26,108.94,136.60,131.17
2023-03-21,131.87,122.84,126.67,121.56,108.26,108.95,136.61,131.18
2023-03-22,131.85,122.85,126.71,121.57,108.26,108.95,136.61,131.19
2023-03-23,131.83,122.86,126.75,121.58,108.26,108.96,136.62,131.20
2023-03-24,131.81,122.87,126.79,121.59,108.26,108.96,136.63,131.21
2023-03-25,131.79,122.87,126.83,121.60,108.26,108.96,136.64,131.22
2023-03-26,131.77,122.88,126.87,121.61,108.26,108.97,136.65,131.23
2023-03-27,131.75,122.89,126.91,121.62,108.26,108.97,136.65,131.24
2023-03-28,131.73,122.89,126.95,121.63,108.25,108.97,136.66,131.25
2023-03-29,131.70,122.90,126.99,121.64,108.25,108.98,136.67,131.26
2023-03-30,131.68,122.91,127.04,121.65,108.25,108.98,136.68,131.27
2023-03-31,131.66,122.91,127.08,121.66,108.25,108.99,136.68,131.28
2023-04-01,131.64,122.92,127.12,121.67,108.25,108.99,136.69,131.29
2023-04-02,131.65,122.93,127.10,121.68,108.25,108.99,136.71,131.30
2023-04-03,131.65,122.93,127.08,121.69,108.25,109.00,136.72,131.31
2023-04-04,131.65,122.94,127.07,121.70,108.25,109.00,136.74,131.32
2023-04-05,131.66,122.94,127.05,121.71,108.24,109.00,136.76,131.33
2023-04-06,131.66,122.95,127.03,121.72,108.24,109.01,136.77,131.34
2023-04-07,131.66,122.96,127.02,121.72,108.24,109.01,136.79,131.34
2023-04-08,131.67,122.96,127.00,121.73,108.24,109.01,136.80,131.35
2023-04-09,131.67,122.97,126.98,121.74,108.24,109.02,136.82,131.36
2023-04-10,131.67,122.97,126.96,121.75,108.23,109.02,136.84,131.37
2023-04-11,131.68,122.98,126.95,121.76,108.23,109.02,136.85,131.38
2023-04-12,131.68,122.98,126.93,121.77,108.23,109.03,136.87,131.39
2023-04-13,131.68,122.99,126.91,121.78,108.23,109.03,136.88,131.39
2023-04-14,131.69,122.99,126.90,121.79,108.23,109.03,136.90,131.40
2023-04-15,131.69,123.00,126.88,121.79,108.23,109.04,136.92,131.41
2023-04-16,131.69,123.00,126.86,121.80,108.22,109.04,136.93,131.42
2023-04-17,131.70,123.01,126.85,121.81,108.22,109.04,136.95,131.43
2023-04-18,131.70,123.01,126.83,121.82,108.22,109.05,136.96,131.43
2023-04-19,131.70,123.02,126.81,121.83,108.22,109.05,136.98,131.44
2023-04-20,131.71,123.02,126.79,121.83,108.22,109.05,137.00,131.45
2023-04-21,131.71,123.03,126.78,121.84,108.22,109.06,137.01,131.46
2023-04-22,131.71,123.03,126.76,121.85,108.21,109.06,137.03,131.47
2023-04-23,131.72,123.04,126.74,121.86,108.21,109.06,137.04,131.47
2023-04-24,131.72,123.04,126.73,121.86,108.21,109.06,137.06,131.48
2023-04-25,131.72,123.05,126.71,121.87,108.21,109.07,137.08,131.49
2023-04-26,131.73,123.05,126.69,121.88,108.21,109.07,137.09,131.50
2023-04-27,131.73,123.06,126.68,121.89,108.21,109.07,137.11,131.50
2023-04-28,131.74,123.06,126.66,121.89,108.20,109.08,137.13,131.51
2023-04-29,131.74,123.07,126.64,121.90,108.20,109.08,137.14,131.52
2023-04-30,131.74,123.07,126.62,121.91,108.20,109.08,137.16,131.52
2023-05-01,131.75,123.08,126.61,121.91,108.20,109.09,137.17,131.53
2023-05-02,131.76,123.08,126.61,121.92,108.20,109.09,137.18,131.54
2023-05-03,131.77,123.08,126.62,121.93,108.19,109.09,137.19,131.55
2023-05-04,131.78,123.09,126.63,121.93,108.19,109.09,137.20,131.55
2023-05-05,131.79,123.09,126.63,121.94,108.19,109.10,137.21,131.56
2023-05-06,131.80,123.10,126.64,121.95,108.19,109.10,137.22,131.57
2023-05-07,131.81,123.10,126.65,121.95,108.18,109.10,137.23,131.57
2023-05-08,131.82,123.11,126.65,121.96,108.18,109.11,137.23,131.58
2023-05-09,131.84,123.11,126.66,121.97,108.18,109.11,137.24,131.59
2023-05-10,131.85,123.12,126.67,121.97,108.18,109.11,137.25,131.59
2023-05-11,131.86,123.12,126.67,121.98,108.17,109.12,137.26,131.60
2023-05-12,131.87,123.13,126.68,121.98,108.17,109.12,137.27,131.61
2023-05-13,131.88,123.14,126.68,121.99,108.17,109.12,137.28,131.61
2023-05-14,131.89,123.14,126.69,122.00,108.17,109.12,137.29,131.62
2023-05-15,131.90,123.15,126.70,122.00,108.17,109.13,137.30,131.63
2023-05-16,131.92,123.15,126.70,122.01,108.16,109.13,137.30,131.63
2023-05-17,131.93,123.16,126.71,122.02,108.16,109.13,137.31,131.64
2023-05-18,131.94,123.17,126.72,122.02,108.16,109.14,137.32,131.65
2023-05-19,131.95,123.17,126.72,122.03,108.16,109.14,137.33,131.65
2023-05-20,131.96,123.18,126.73,122.04,108.15,109.14,137.34,131.66
2023-05-21,131.97,123.19,126.74,122.04,108.15,109.14,137.35,131.67
2023-05-22,131.98,123.19,126.74,122.05,108.15,109.15,137.36,131.67
2023-05-23,132.00,123.20,126.75,122.05,108.15,109.15,137.37,131.68
2023-05-24,132.01,123.21,126.76,122.06,108.14,109.15,137.37,131.69
2023-05-25,132.02,123.22,126.76,122.07,108.14,109.16,137.38,131.69
2023-05-26,132.03,123.22,126.77,122.07,108.14,109.16,137.39,131.70
2023-05-27,132.04,123.23,126.77,122.08,108.14,109.16,137.40,131.70
2023-05-28,132.05,123.24,126.78,122.08,108.13,109.16,137.41,131.71
2023-05-29,132.06,123.25,126.79,122.09,108.13,109.17,137.42,131.72
2023-05-30,132.07,123.25,126.79,122.10,108.13,109.17,137.43,131.72
2023-05-31,132.09,123.26,126.80,122.10,108.13,109.17,137.44,131.73
2023-06-01,132.10,123.27,126.81,122.11,108.13,109.17,137.44,131.73
2023-06-02,132.14,123.28,126.82,122.11,108.12,109.18,137.46,131.74
2023-06-03,132.17,123.29,126.83,122.12,108.12,109.18,137.47,131.75
2023-06-04,132.21,123.30,126.84,122.13,108.12,109.18,137.48,131.75
2023-06-05,132.25,123.31,126.85,122.13,108.12,109.18,137.49,131.76
2023-06-06,132.29,123.32,126.86,122.14,108.12,109.19,137.51,131.76
2023-06-07,132.32,123.33,126.87,122.14,108.11,109.19,137.52,131.77
2023-06-08,132.36,123.34,126.88,122.15,108.11,109.19,137.53,131.78
2023-06-09,132.40,123.34,126.90,122.15,108.11,109.19,137.54,131.78
2023-06-10,132.44,123.35,126.91,122.16,108.11,109.20,137.55,131.79
2023-06-11,132.48,123.36,126.92,122.17,108.10,109.20,137.57,131.79
2023-06-12,132.51,123.37,126.93,122.17,108.10,109.20,137.58,131.80
2023-06-13,132.55,123.38,126.94,122.18,108.10,109.20,137.59,131.80
2023-06-14,132.59,123.40,126.95,122.18,108.10,109.21,137.60,131.81
2023-06-15,132.63,123.41,126.96,122.19,108.10,109.21,137.62,131.82
2023-06-16,132.67,123.42,126.97,122.19,108.09,109.21,137.63,131.82
2023-06-17,132.70,123.43,126.98,122.20,108.09,109.21,137.64,131.83
2023-06-18,132.74,123.44,127.00,122.21,108.09,109.22,137.65,131.83
2023-06-19,132.78,123.45,127.01,122.21,108.09,109.22,137.66,131.84
2023-06-20,132.82,123.46,127.02,122.22,108.09,109.22,137.68,131.84
2023-06-21,132.85,123.47,127.03,122.22,108.08,109.22,137.69,131.85
2023-06-22,132.89,123.48,127.04,122.23,108.08,109.23,137.70,131.86
2023-06-23,132.93,123.49,127.05,122.23,108.08,109.23,137.71,131.86
2023-06-24,132.97,123.51,127.06,122.24,108.08,109.23,137.72,131.87
2023-06-25,133.01,123.52,127.07,122.24,108.08,109.23,137.74,131.87
2023-06-26,133.04,123.53,127.08,122.25,108.07,109.24,137.75,131.88
2023-06-27,133.08,123.54,127.09,122.26,108.07,109.24,137.76,131.88
2023-06-28,133.12,123.55,127.11,122.26,108.07,109.24,137.77,131.89
2023-06-29,133.16,123.57,127.12,122.27,108.07,109.24,137.79,131.89
2023-06-30,133.20,123.58,127.13,122.27,108.06,109.24,137.80,131.90
2023-07-01,133.23,123.59,127.14,122.28,108.06,109.25,137.81,131.91
2023-07-02,133.35,123.60,127.15,122.28,108.06,109.25,137.82,131.91
2023-07-03,133.47,123.62,127.17,122.29,108.06,109.25,137.82,131.92
2023-07-04,133.59,123.63,127.18,122.29,108.06,109.25,137.83,131.92
2023-07-05,133.71,123.64,127.20,122.30,108.06,109.26,137.83,131.93
2023-07-06,133.83,123.65,127.21,122.30,108.06,109.26,137.84,131.93
2023-07-07,133.94,123.67,127.23,122.31,108.06,109.26,137.84,131.94
2023-07-08,134.06,123.68,127.24,122.31,108.06,109.26,137.85,131.94
2023-07-09,134.18,123.69,127.26,122.32,108.06,109.27,137.86,131.95
2023-07-10,134.30,123.70,127.27,122.32,108.06,109.27,137.86,131.95
2023-07-11,134.42,123.72,127.29,122.33,108.06,109.27,137.87,131.96
2023-07-12,134.54,123.73,127.30,122.33,108.06,109.27,137.87,131.96
2023-07-13,134.65,123.74,127.32,122.34,108.06,109.27,137.88,131.97
2023-07-14,134.77,123.76,127.33,122.34,108.06,109.28,137.88,131.97
2023-07-15,134.89,123.77,127.35,122.34,108.06,109.28,137.89,131.98
2023-07-16,135.01,123.78,127.36,122.35,108.06,109.28,137.90,131.98
2023-07-17,135.13,123.79,127.38,122.35,108.06,109.28,137.90,131.99
2023-07-18,135.25,123.81,127.39,122.36,108.06,109.28,137.91,131.99
2023-07-19,135.36,123.82,127.41,122.36,108.06,109.29,137.91,131.99
2023-07-20,135.48,123.83,127.42,122.36,108.06,109.29,137.92,132.00
2023-07-21,135.60,123.84,127.44,122.37,108.06,109.29,137.92,132.00
2023-07-22,135.72,123.86,127.45,122.37,108.06,109.29,137.93,132.01
2023-07-23,135.84,123.87,127.47,122.37,108.06,109.29,137.94,132.01
2023-07-24,135.96,123.88,127.48,122.38,108.06,109.29,137.94,132.01
2023-07-25,136.07,123.89,127.50,122.38,108.06,109.30,137.95,132.02
2023-07-26,136.19,123.90,127.51,122.38,108.06,109.30,137.95,132.02
2023-07-27,136.31,123.92,127.53,122.38,108.06,109.30,137.96,132.02
2023-07-28,136.43,123.93,127.54,122.39,108.06,109.30,137.96,132.03
2023-07-29,136.55,123.94,127.56,122.39,108.06,109.30,137.97,132.03
2023-07-30,136.67,123.95,127.57,122.39,108.06,109.30,137.98,132.04
2023-07-31,136.78,123.96,127.59,122.39,108.06,109.31,137.98,132.04
2023-08-01,136.90,123.98,127.60,122.40,108.06,109.31,137.99,132.04
2023-08-02,136.97,123.99,127.61,122.40,108.06,109.31,137.99,132.04
2023-08-03,137.04,124.00,127.61,122.40,108.06,109.31,138.00,132.05
2023-08-04,137.11,124.01,127.62,122.40,108.06,109.31,138.01,132.05
2023-08-05,137.18,124.02,127.62,122.40,108.06,109.31,138.01,132.05
2023-08-06,137.26,124.03,127.62,122.40,108.06,109.32,138.02,132.06
2023-08-07,137.33,124.04,127.63,122.41,108.06,109.32,138.03,132.06
2023-08-08,137.40,124.05,127.63,122.41,108.07,109.32,138.03,132.06
2023-08-09,137.47,124.06,127.64,122.41,108.07,109.32,138.04,132.07
2023-08-10,137.54,124.07,127.64,122.41,108.07,109.32,138.05,132.07
2023-08-11,137.61,124.08,127.64,122.41,108.07,109.32,138.06,132.07
2023-08-12,137.68,124.09,127.65,122.41,108.07,109.32,138.06,132.07
2023-08-13,137.75,124.10,127.65,122.41,108.07,109.33,138.07,132.08
2023-08-14,137.82,124.11,127.66,122.41,108.07,109.33,138.08,132.08
2023-08-15,137.89,124.12,127.66,122.42,108.07,109.33,138.08,132.08
2023-08-16,137.96,124.13,127.66,122.42,108.07,109.33,138.09,132.08
2023-08-17,138.03,124.14,127.67,122.42,108.07,109.33,138.10,132.09
2023-08-18,138.10,124.15,127.67,122.42,108.07,109.33,138.10,132.09
2023-08-19,138.17,124.15,127.68,122.42,108.07,109.33,138.11,132.09
2023-08-20,138.25,124.16,127.68,122.42,108.07,109.34,138.12,132.09
2023-08-21,138.32,124.17,127.68,122.42,108.07,109.34,138.12,132.10
2023-08-22,138.39,124.18,127.69,122.42,108.07,109.34,138.13,132.10
2023-08-23,138.46,124.19,127.69,122.42,108.07,109.34,138.14,132.10
2023-08-24,138.53,124.19,127.69,122.42,108.07,109.34,138.14,132.10
2023-08-25,138.60,124.20,127.70,122.42,108.07,109.34,138.15,132.11
2023-08-26,138.67,124.21,127.70,122.42,108.07,109.34,138.16,132.11
2023-08-27,138.74,124.21,127.71,122.42,108.07,109.34,138.16,132.11
2023-08-28,138.81,124.22,127.71,122.42,108.07,109.35,138.17,132.11
2023-08-29,138.88,124.23,127.71,122.42,108.07,109.35,138.18,132.12
2023-08-30,138.95,124.23,127.72,122.42,108.07,109.35,138.19,132.12
2023-08-31,139.02,124.24,127.72,122.42,108.07,109.35,138.19,132.12
2023-09-01,139.09,124.24,127.73,122.42,108.07,109.35,138.20,132.12
2023-09-02,139.11,124.25,127.72,122.42,108.07,109.35,138.21,132.12
2023-09-03,139.12,124.25,127.72,122.42,108.07,109.35,138.21,132.13
2023-09-04,139.14,124.26,127.72,122.42,108.07,109.35,138.22,132.13
2023-09-05,139.15,124.26,127.72,122.42,108.07,109.35,138.22,132.13
2023-09-06,139.17,124.27,127.72,122.42,108.08,109.36,138.23,132.13
2023-09-07,139.18,124.27,127.72,122.42,108.08,109.36,138.24,132.14
2023-09-08,139.20,124.28,127.71,122.42,108.08,109.36,138.24,132.14
2023-09-09,139.21,124.28,127.71,122.42,108.08,109.36,138.25,132.14
2023-09-10,139.23,124.28,127.71,122.42,108.08,109.36,138.26,132.14
2023-09-11,139.24,124.29,127.71,122.41,108.08,109.36,138.26,132.14
2023-09-12,139.26,124.29,127.71,122.41,108.08,109.36,138.27,132.15
2023-09-13,139.27,124.29,127.70,122.41,108.08,109.36,138.27,132.15
2023-09-14,139.29,124.30,127.70,122.41,108.08,109.36,138.28,132.15
2023-09-15,139.30,124.30,127.70,122.41,108.08,109.36,138.29,132.15
2023-09-16,139.32,124.30,127.70,122.41,108.08,109.37,138.29,132.15
2023-09-17,139.33,124.30,127.70,122.41,108.08,109.37,138.30,132.16
2023-09-18,139.35,124.30,127.69,122.41,108.08,109.37,138.31,132.16
2023-09-19,139.36,124.31,127.69,122.41,108.08,109.37,138.31,132.16
2023-09-20,139.37,124.31,127.69,122.41,108.08,109.37,138.32,132.16
2023-09-21,139.39,124.31,127.69,122.40,108.08,109.37,138.32,132.16
2023-09-22,139.40,124.31,127.69,122.40,108.08,109.37,138.33,132.17
2023-09-23,139.42,124.31,127.69,122.40,108.08,109.37,138.34,132.17
2023-09-24,139.43,124.31,127.68,122.40,108.08,109.37,138.34,132.17
2023-09-25,139.45,124.32,127.68,122.40,108.08,109.37,138.35,132.17
2023-09-26,139.46,124.32,127.68,122.40,108.08,109.37,138.36,132.17
2023-09-27,139.48,124.32,127.68,122.40,108.08,109.37,138.36,132.18
2023-09-28,139.49,124.32,127.68,122.39,108.08,109.38,138.37,132.18
2023-09-29,139.51,124.32,127.67,122.39,108.08,109.38,138.37,132.18
2023-09-30,139.52,124.32,127.67,122.39,108.08,109.38,138.38,132.18
2023-10-01,139.54,124.32,127.67,122.39,108.08,109.38,138.39,132.18
2023-10-02,139.43,124.32,127.67,122.39,108.09,109.38,138.39,132.18
2023-10-03,139.31,124.32,127.67,122.38,108.09,109.38,138.40,132.19
2023-10-04,139.20,124.32,127.67,122.38,108.09,109.38,138.41,132.19
2023-10-05,139.09,124.32,127.67,122.38,108.09,109.38,138.41,132.19
2023-10-06,138.98,124.32,127.67,122.38,108.10,109.38,138.42,132.19
2023-10-07,138.87,124.32,127.68,122.38,108.10,109.38,138.42,132.19
2023-10-08,138.76,124.32,127.68,122.37,108.10,109.38,138.43,132.20
2023-10-09,138.64,124.32,127.68,122.37,108.11,109.38,138.44,132.20
2023-10-10,138.53,124.32,127.68,122.37,108.11,109.38,138.44,132.20
2023-10-11,138.42,124.32,127.68,122.37,108.11,109.39,138.45,132.20
2023-10-12,138.31,124.32,127.68,122.37,108.11,109.39,138.45,132.20
2023-10-13,138.20,124.32,127.68,122.36,108.12,109.39,138.46,132.21
2023-10-14,138.08,124.32,127.68,122.36,108.12,109.39,138.47,132.21
2023-10-15,137.97,124.32,127.68,122.36,108.12,109.39,138.47,132.21
2023-10-16,137.86,124.32,127.68,122.36,108.12,109.39,138.48,132.21
2023-10-17,137.75,124.32,127.68,122.36,108.13,109.39,138.48,132.22
2023-10-18,137.64,124.31,127.68,122.35,108.13,109.39,138.49,132.22
2023-10-19,137.53,124.31,127.68,122.35,108.13,109.39,138.50,132.22
2023-10-20,137.41,124.31,127.68,122.35,108.13,109.39,138.50,132.22
2023-10-21,137.30,124.31,127.69,122.35,108.14,109.39,138.51,132.22
2023-10-22,137.19,124.31,127.69,122.35,108.14,109.39,138.51,132.23
2023-10-23,137.08,124.31,127.69,122.34,108.14,109.40,138.52,132.23
2023-10-24,136.97,124.31,127.69,122.34,108.15,109.40,138.53,132.23
2023-10-25,136.86,124.31,127.69,122.34,108.15,109.40,138.53,132.23
2023-10-26,136.74,124.30,127.69,122.34,108.15,109.40,138.54,132.24
2023-10-27,136.63,124.30,127.69,122.34,108.15,109.40,138.55,132.24
2023-10-28,136.52,124.30,127.69,122.33,108.16,109.40,138.55,132.24
2023-10-29,136.41,124.30,127.69,122.33,108.16,109.40,138.56,132.24
2023-10-30,136.30,124.30,127.69,122.33,108.16,109.40,138.56,132.25
2023-10-31,136.18,124.30,127.69,122.33,108.16,109.40,138.57,132.25
2023-11-01,136.07,124.30,127.69,122.33,108.17,109.40,138.58,132.25
2023-11-02,136.10,124.30,127.70,122.32,108.17,109.40,138.58,132.26
2023-11-03,136.13,124.29,127.72,122.32,108.17,109.41,138.58,132.26
2023-11-04,136.16,124.29,127.73,122.32,108.17,109.41,138.59,132.26
2023-11-05,136.19,124.29,127.74,122.32,108.17,109.41,138.59,132.26
2023-11-06,136.22,124.29,127.75,122.32,108.17,109.41,138.59,132.27
2023-11-07,136.25,124.29,127.76,122.32,108.17,109.41,138.59,132.27
2023-11-08,136.27,124.29,127.77,122.31,108.17,109.41,138.60,132.27
2023-11-09,136.30,124.29,127.78,122.31,108.17,109.41,138.60,132.28
2023-11-10,136.33,124.30,127.80,122.31,108.17,109.41,138.60,132.28
2023-11-11,136.36,124.30,127.81,122.31,108.17,109.42,138.61,132.29
2023-11-12,136.39,124.30,127.82,122.31,108.17,109.42,138.61,132.29
2023-11-13,136.42,124.30,127.83,122.31,108.17,109.42,138.61,132.29
2023-11-14,136.45,124.30,127.84,122.31,108.17,109.42,138.62,132.30
2023-11-15,136.48,124.31,127.85,122.31,108.17,109.42,138.62,132.30
2023-11-16,136.50,124.31,127.86,122.31,108.17,109.42,138.62,132.31
2023-11-17,136.53,124.32,127.88,122.31,108.17,109.42,138.63,132.31
2023-11-18,136.56,124.32,127.89,122.31,108.17,109.43,138.63,132.32
2023-11-19,136.59,124.33,127.90,122.31,108.17,109.43,138.63,132.32
2023-11-20,136.62,124.33,127.91,122.32,108.17,109.43,138.64,132.33
2023-11-21,136.65,124.34,127.92,122.32,108.17,109.43,138.64,132.33
2023-11-22,136.68,124.34,127.93,122.32,108.17,109.43,138.64,132.34
2023-11-23,136.71,124.35,127.94,122.32,108.17,109.43,138.64,132.35
2023-11-24,136.73,124.36,127.96,122.32,108.17,109.44,138.65,132.35
2023-11-25,136.76,124.36,127.97,122.33,108.17,109.44,138.65,132.36
2023-11-26,136.79,124.37,127.98,122.33,108.17,109.44,138.65,132.36
2023-11-27,136.82,124.38,127.99,122.33,108.17,109.44,138.66,132.37
2023-11-28,136.85,124.39,128.00,122.33,108.17,109.44,138.66,132.38
2023-11-29,136.88,124.40,128.01,122.34,108.17,109.45,138.66,132.38
2023-11-30,136.91,124.41,128.03,122.34,108.17,109.45,138.67,132.39
2023-12-01,136.94,124.42,128.04,122.34,108.17,109.45,138.67,132.40
2023-12-02,137.00,124.43,128.14,122.35,108.17,109.45,138.68,132.40
2023-12-03,137.06,124.44,128.24,122.35,108.17,109.45,138.68,132.41
2023-12-04,137.12,124.45,128.34,122.36,108.17,109.46,138.69,132.42
2023-12-05,137.18,124.46,128.44,122.36,108.17,109.46,138.69,132.43
2023-12-06,137.24,124.47,128.54,122.37,108.17,109.46,138.70,132.43
2023-12-07,137.30,124.49,128.64,122.37,108.17,109.46,138.71,132.44
2023-12-08,137.36,124.50,128.74,122.38,108.17,109.46,138.71,132.45
2023-12-09,137.42,124.51,128.84,122.38,108.17,109.47,138.72,132.46
2023-12-10,137.48,124.52,128.94,122.39,108.17,109.47,138.72,132.46
2023-12-11,137.54,124.53,129.04,122.39,108.17,109.47,138.73,132.47
2023-12-12,137.60,124.55,129.14,122.40,108.17,109.47,138.74,132.48
2023-12-13,137.66,124.56,129.24,122.40,108.17,109.47,138.74,132.48
2023-12-14,137.72,124.57,129.34,122.41,108.17,109.48,138.75,132.49
2023-12-15,137.78,124.58,129.44,122.42,108.17,109.48,138.76,132.50
2023-12-16,137.84,124.60,129.54,122.42,108.17,109.48,138.76,132.50
2023-12-17,137.90,124.61,129.64,122.43,108.17,109.48,138.77,132.51
2023-12-18,137.96,124.62,129.74,122.43,108.17,109.48,138.77,132.52
2023-12-19,138.02,124.63,129.84,122.44,108.17,109.48,138.78,132.52
2023-12-20,138.08,124.65,129.94,122.45,108.17,109.49,138.79,132.53
2023-12-21,138.14,124.66,130.04,122.46,108.17,109.49,138.79,132.54
2023-12-22,138.20,124.67,130.14,122.46,108.17,109.49,138.80,132.55
2023-12-23,138.26,124.69,130.24,122.47,108.17,109.49,138.80,132.55
2023-12-24,138.32,124.70,130.34,122.48,108.17,109.49,138.81,132.56
2023-12-25,138.38,124.71,130.44,122.49,108.17,109.49,138.82,132.56
2023-12-26,138.44,124.73,130.54,122.50,108.17,109.50,138.82,132.57
2023-12-27,138.50,124.74,130.64,122.50,108.17,109.50,138.83,132.58
2023-12-28,138.56,124.76,130.74,122.51,108.17,109.50,138.83,132.58
2023-12-29,138.62,124.77,130.84,122.52,108.17,109.50,138.84,132.59
2023-12-30,138.68,124.78,130.94,122.53,108.17,109.50,138.85,132.60
2023-12-31,138.74,124.80,131.04,122.54,108.17,109.50,138.85,132.60
2024-01-01,138.80,124.81,131.14,122.55,108.17,109.50,138.86,132.61
2024-01-02,138.86,124.82,131.13,122.56,108.17,109.51,138.86,132.62
2024-01-03,138.93,124.84,131.13,122.57,108.17,109.51,138.87,132.62
2024-01-04,138.99,124.85,131.12,122.58,108.17,109.51,138.88,132.63
2024-01-05,139.06,124.87,131.12,122.59,108.17,109.51,138.88,132.63
2024-01-06,139.12,124.88,131.11,122.60,108.17,109.51,138.89,132.64
2024-01-07,139.19,124.89,131.11,122.61,108.17,109.51,138.90,132.65
2024-01-08,139.25,124.91,131.11,122.62,108.17,109.51,138.90,132.65
2024-01-09,139.31,124.92,131.10,122.63,108.18,109.51,138.91,132.66
2024-01-10,139.38,124.93,131.10,122.64,108.18,109.52,138.92,132.66
2024-01-11,139.44,124.95,131.09,122.65,108.18,109.52,138.92,132.67
2024-01-12,139.51,124.96,131.09,122.66,108.18,109.52,138.93,132.68
2024-01-13,139.57,124.97,131.08,122.67,108.18,109.52,138.94,132.68
2024-01-14,139.64,124.99,131.08,122.67,108.18,109.52,138.94,132.69
2024-01-15,139.70,125.00,131.07,122.68,108.18,109.52,138.95,132.69
2024-01-16,139.77,125.01,131.07,122.69,108.18,109.52,138.96,132.70
2024-01-17,139.83,125.03,131.06,122.70,108.18,109.52,138.96,132.71
2024-01-18,139.90,125.04,131.06,122.71,108.18,109.53,138.97,132.71
2024-01-19,139.96,125.05,131.05,122.72,108.19,109.53,138.97,132.72
2024-01-20,140.02,125.07,131.05,122.73,108.19,109.53,138.98,132.72
2024-01-21,140.09,125.08,131.05,122.74,108.19,109.53,138.99,132.73
2024-01-22,140.15,125.09,131.04,122.75,108.19,109.53,138.99,132.74
2024-01-23,140.22,125.11,131.04,122.76,108.19,109.53,139.00,132.74
2024-01-24,140.28,125.12,131.03,122.77,108.19,109.53,139.01,132.75
2024-01-25,140.35,125.13,131.03,122.78,108.19,109.53,139.01,132.75
2024-01-26,140.41,125.14,131.02,122.79,108.19,109.54,139.02,132.76
2024-01-27,140.48,125.16,131.02,122.79,108.19,109.54,139.03,132.77
2024-01-28,140.54,125.17,131.01,122.80,108.19,109.54,139.03,132.77
2024-01-29,140.60,125.18,131.01,122.81,108.20,109.54,139.04,132.78
2024-01-30,140.67,125.19,131.00,122.82,108.20,109.54,139.05,132.78
2024-01-31,140.73,125.21,131.00,122.83,108.20,109.54,139.05,132.79
2024-02-01,140.80,125.22,130.99,122.84,108.20,109.54,139.06,132.79
2024-02-02,140.81,125.23,131.00,122.85,108.20,109.54,139.07,132.80
2024-02-03,140.82,125.24,131.01,122.86,108.20,109.54,139.07,132.81
2024-02-04,140.83,125.25,131.02,122.86,108.20,109.55,139.08,132.81
2024-02-05,140.84,125.27,131.03,122.87,108.20,109.55,139.09,132.82
2024-02-06,140.85,125.28,131.04,122.88,108.20,109.55,139.10,132.82
2024-02-07,140.86,125.29,131.05,122.89,108.20,109.55,139.11,132.83
2024-02-08,140.87,125.30,131.06,122.90,108.21,109.55,139.11,132.83
2024-02-09,140.88,125.31,131.07,122.91,108.21,109.55,139.12,132.84
2024-02-10,140.89,125.32,131.08,122.91,108.21,109.55,139.13,132.85
2024-02-11,140.90,125.33,131.09,122.92,108.21,109.55,139.14,132.85
2024-02-12,140.91,125.34,131.10,122.93,108.21,109.55,139.14,132.86
2024-02-13,140.92,125.35,131.10,122.94,108.21,109.56,139.15,132.86
2024-02-14,140.93,125.36,131.11,122.95,108.21,109.56,139.16,132.87
2024-02-15,140.94,125.37,131.12,122.96,108.21,109.56,139.17,132.88
2024-02-16,140.95,125.38,131.13,122.96,108.21,109.56,139.17,132.88
2024-02-17,140.96,125.39,131.14,122.97,108.22,109.56,139.18,132.89
2024-02-18,140.97,125.40,131.15,122.98,108.22,109.56,139.19,132.89
2024-02-19,140.98,125.41,131.16,122.99,108.22,109.56,139.20,132.90
2024-02-20,140.99,125.42,131.17,123.00,108.22,109.56,139.21,132.90
2024-02-21,141.00,125.43,131.18,123.00,108.22,109.56,139.21,132.91
2024-02-22,141.01,125.44,131.19,123.01,108.22,109.57,139.22,132.91
2024-02-23,141.02,125.45,131.20,123.02,108.22,109.57,139.23,132.92
2024-02-24,141.03,125.45,131.21,123.03,108.22,109.57,139.24,132.93
2024-02-25,141.04,125.46,131.21,123.04,108.22,109.57,139.24,132.93
2024-02-26,141.05,125.47,131.22,123.04,108.23,109.57,139.25,132.94
2024-02-27,141.06,125.48,131.23,123.05,108.23,109.57,139.26,132.94
2024-02-28,141.07,125.49,131.24,123.06,108.23,109.57,139.27,132.95
2024-02-29,141.08,125.49,131.25,123.07,108.23,109.57,139.27,132.95
2024-03-01,141.09,125.50,131.26,123.08,108.23,109.57,139.28,132.96
2024-03-02,141.04,125.51,131.28,123.08,108.23,109.58,139.29,132.97
2024-03-03,140.99,125.52,131.31,123.09,108.23,109.58,139.30,132.97
2024-03-04,140.93,125.52,131.33,123.10,108.23,109.58,139.31,132.98
2024-03-05,140.88,125.53,131.35,123.11,108.23,109.58,139.33,132.98
2024-03-06,140.82,125.54,131.38,123.11,108.23,109.58,139.34,132.99
2024-03-07,140.77,125.54,131.40,123.12,108.24,109.58,139.35,132.99
2024-03-08,140.72,125.55,131.42,123.13,108.24,109.58,139.36,133.00
2024-03-09,140.66,125.55,131.45,123.14,108.24,109.58,139.37,133.00
2024-03-10,140.61,125.56,131.47,123.15,108.24,109.58,139.38,133.01
2024-03-11,140.55,125.57,131.49,123.15,108.24,109.59,139.39,133.02
2024-03-12,140.50,125.57,131.52,123.16,108.24,109.59,139.40,133.02
2024-03-13,140.45,125.58,131.54,123.17,108.24,109.59,139.41,133.03
2024-03-14,140.39,125.58,131.56,123.18,108.24,109.59,139.42,133.03
2024-03-15,140.34,125.59,131.59,123.19,108.24,109.59,139.43,133.04
2024-03-16,140.29,125.59,131.61,123.19,108.24,109.59,139.44,133.04
2024-03-17,140.23,125.60,131.63,123.20,108.25,109.59,139.45,133.05
2024-03-18,140.18,125.60,131.65,123.21,108.25,109.59,139.46,133.06
2024-03-19,140.12,125.60,131.68,123.22,108.25,109.59,139.47,133.06
2024-03-20,140.07,125.61,131.70,123.23,108.25,109.60,139.48,133.07
2024-03-21,140.02,125.61,131.72,123.24,108.25,109.60,139.50,133.07
2024-03-22,139.96,125.62,131.75,123.24,108.25,109.60,139.51,133.08
2024-03-23,139.91,125.62,131.77,123.25,108.25,109.60,139.52,133.08
2024-03-24,139.85,125.62,131.79,123.26,108.25,109.60,139.53,133.09
2024-03-25,139.80,125.63,131.82,123.27,108.25,109.60,139.54,133.10
2024-03-26,139.75,125.63,131.84,123.28,108.25,109.60,139.55,133.10
2024-03-27,139.69,125.63,131.86,123.29,108.26,109.60,139.56,133.11
2024-03-28,139.64,125.64,131.89,123.30,108.26,109.61,139.57,133.11
2024-03-29,139.59,125.64,131.91,123.30,108.26,109.61,139.58,133.12
2024-03-30,139.53,125.64,131.93,123.31,108.26,109.61,139.59,133.12
2024-03-31,139.48,125.65,131.96,123.32,108.26,109.61,139.60,133.13
2024-04-01,139.42,125.65,131.98,123.33,108.26,109.61,139.61,133.14
2024-04-02,139.39,125.65,131.98,123.34,108.26,109.61,139.62,133.14
2024-04-03,139.36,125.65,131.98,123.35,108.27,109.61,139.63,133.15
2024-04-04,139.33,125.66,131.98,123.36,108.27,109.61,139.63,133.15
2024-04-05,139.29,125.66,131.98,123.37,108.27,109.62,139.64,133.16
2024-04-06,139.26,125.66,131.98,123.37,108.27,109.62,139.65,133.17
2024-04-07,139.23,125.67,131.98,123.38,108.27,109.62,139.66,133.17
2024-04-08,139.20,125.67,131.98,123.39,108.28,109.62,139.66,133.18
2024-04-09,139.17,125.67,131.98,123.40,108.28,109.62,139.67,133.18
2024-04-10,139.13,125.67,131.98,123.41,108.28,109.62,139.68,133.19
2024-04-11,139.10,125.68,131.98,123.42,108.28,109.62,139.69,133.19
2024-04-12,139.07,125.68,131.98,123.43,108.28,109.62,139.69,133.20
2024-04-13,139.04,125.68,131.98,123.44,108.29,109.63,139.70,133.21
2024-04-14,139.01,125.68,131.98,123.45,108.29,109.63,139.71,133.21
2024-04-15,138.97,125.69,131.97,123.46,108.29,109.63,139.72,133.22
2024-04-16,138.94,125.69,131.97,123.46,108.29,109.63,139.72,133.22
2024-04-17,138.91,125.69,131.97,123.47,108.29,109.63,139.73,133.23
2024-04-18,138.88,125.69,131.97,123.48,108.30,109.63,139.74,133.24
2024-04-19,138.84,125.70,131.97,123.49,108.30,109.63,139.75,133.24
2024-04-20,138.81,125.70,131.97,123.50,108.30,109.63,139.75,133.25
2024-04-21,138.78,125.70,131.97,123.51,108.30,109.64,139.76,133.25
2024-04-22,138.75,125.70,131.97,123.52,108.30,109.64,139.77,133.26
2024-04-23,138.72,125.71,131.97,123.53,108.31,109.64,139.78,133.26
2024-04-24,138.68,125.71,131.97,123.53,108.31,109.64,139.78,133.27
2024-04-25,138.65,125.71,131.97,123.54,108.31,109.64,139.79,133.28
2024-04-26,138.62,125.72,131.97,123.55,108.31,109.64,139.80,133.28
2024-04-27,138.59,125.72,131.97,123.56,108.32,109.64,139.81,133.29
2024-04-28,138.55,125.72,131.97,123.57,108.32,109.65,139.81,133.29
2024-04-29,138.52,125.73,131.97,123.58,108.32,109.65,139.82,133.30
2024-04-30,138.49,125.73,131.97,123.59,108.32,109.65,139.83,133.30
2024-05-01,138.46,125.70,131.97,123.58,108.32,109.65,139.84,133.31
2024-05-02,138.41,125.68,131.99,123.57,108.33,109.64,139.83,133.31
2024-05-03,138.37,125.65,132.00,123.57,108.33,109.64,139.83,133.31
2024-05-04,138.32,125.63,132.02,123.56,108.33,109.64,139.82,133.32
2024-05-05,138.28,125.60,132.04,123.55,108.33,109.64,139.82,133.32
2024-05-06,138.23,125.58,132.06,123.55,108.34,109.63,139.82,133.32
2024-05-07,138.19,125.55,132.08,123.54,108.34,109.63,139.81,133.33
2024-05-08,138.15,125.53,132.09,123.53,108.34,109.63,139.81,133.33
2024-05-09,138.10,125.50,132.11,123.52,108.34,109.63,139.81,133.33
2024-05-10,138.06,125.48,132.13,123.52,108.34,109.63,139.80,133.33
2024-05-11,138.01,125.45,132.15,123.51,108.35,109.62,139.80,133.34
2024-05-12,137.97,125.42,132.17,123.50,108.35,109.62,139.79,133.34
2024-05-13,137.92,125.40,132.18,123.49,108.35,109.62,139.79,133.34
2024-05-14,137.88,125.37,132.20,123.49,108.35,109.62,139.79,133.34
2024-05-15,137.83,125.35,132.22,123.48,108.36,109.61,139.78,133.35
2024-05-16,137.79,125.32,132.24,123.47,108.36,109.61,139.78,133.35
2024-05-17,137.74,125.30,132.25,123.46,108.36,109.61,139.78,133.36
2024-05-18,137.70,125.27,132.27,123.45,108.36,109.61,139.77,133.36
2024-05-19,137.65,125.25,132.29,123.45,108.37,109.60,139.77,133.36
2024-05-20,137.61,125.22,132.31,123.44,108.37,109.60,139.76,133.36
2024-05-21,137.56,125.20,132.33,123.43,108.37,109.60,139.76,133.37
2024-05-22,137.52,125.18,132.34,123.42,108.37,109.60,139.76,133.37
2024-05-23,137.47,125.15,132.36,123.42,108.38,109.60,139.75,133.37
2024-05-24,137.43,125.13,132.38,123.41,108.38,109.59,139.75,133.37
2024-05-25,137.39,125.11,132.40,123.40,108.38,109.59,139.75,133.38
2024-05-26,137.34,125.09,132.42,123.39,108.38,109.59,139.74,133.38
2024-05-27,137.30,125.07,132.43,123.39,108.38,109.58,139.74,133.38
2024-05-28,137.25,125.04,132.45,123.38,108.39,109.58,139.73,133.39
2024-05-29,137.21,125.02,132.47,123.37,108.39,109.58,139.73,133.39
2024-05-30,137.16,125.00,132.49,123.36,108.39,109.58,139.73,133.39
2024-05-31,137.12,124.98,132.51,123.36,108.39,109.57,139.72,133.39
2024-06-01,137.07,124.96,132.52,123.35,108.40,109.57,139.72,133.40
2024-06-02,137.11,124.94,132.53,123.34,108.40,109.57,139.73,133.40
2024-06-03,137.14,124.92,132.53,123.33,108.40,109.57,139.73,133.40
2024-06-04,137.17,124.90,132.54,123.32,108.40,109.57,139.74,133.41
2024-06-05,137.20,124.88,132.55,123.31,108.40,109.56,139.75,133.41
2024-06-06,137.24,124.86,132.55,123.30,108.41,109.56,139.75,133.41
2024-06-07,137.27,124.84,132.56,123.29,108.41,109.56,139.76,133.41
2024-06-08,137.30,124.82,132.56,123.28,108.41,109.55,139.77,133.41
2024-06-09,137.33,124.80,132.57,123.27,108.41,109.55,139.77,133.41
2024-06-10,137.37,124.78,132.57,123.27,108.41,109.55,139.78,133.42
2024-06-11,137.40,124.76,132.58,123.26,108.41,109.55,139.79,133.42
2024-06-12,137.43,124.74,132.58,123.25,108.42,109.55,139.79,133.42
2024-06-13,137.46,124.73,132.59,123.24,108.42,109.54,139.80,133.43
2024-06-14,137.50,124.71,132.59,123.23,108.42,109.54,139.81,133.43
2024-06-15,137.53,124.69,132.60,123.22,108.42,109.54,139.81,133.43
2024-06-16,137.56,124.67,132.61,123.21,108.42,109.53,139.82,133.43
2024-06-17,137.59,124.65,132.61,123.20,108.42,109.53,139.83,133.44
2024-06-18,137.63,124.63,132.62,123.19,108.43,109.53,139.83,133.44
2024-06-19,137.66,124.62,132.62,123.18,108.43,109.52,139.84,133.44
2024-06-20,137.69,124.60,132.63,123.18,108.43,109.52,139.85,133.44
2024-06-21,137.72,124.59,132.63,123.17,108.43,109.52,139.85,133.44
2024-06-22,137.76,124.57,132.64,123.16,108.43,109.52,139.86,133.45
2024-06-23,137.79,124.56,132.64,123.15,108.43,109.51,139.87,133.45
2024-06-24,137.82,124.54,132.65,123.14,108.44,109.51,139.87,133.45
2024-06-25,137.85,124.52,132.66,123.13,108.44,109.51,139.88,133.46
2024-06-26,137.89,124.51,132.66,123.13,108.44,109.51,139.89,133.46
2024-06-27,137.92,124.49,132.67,123.12,108.44,109.50,139.89,133.46
2024-06-28,137.95,124.48,132.67,123.11,108.44,109.50,139.90,133.46
2024-06-29,137.98,124.46,132.68,123.10,108.45,109.50,139.91,133.47
2024-06-30,138.02,124.44,132.68,123.09,108.45,109.50,139.91,133.47
2024-07-01,138.05,124.43,132.69,123.08,108.45,109.49,139.92,133.47
2024-07-02,138.10,124.41,132.67,123.07,108.45,109.49,139.92,133.47
2024-07-03,138.16,124.40,132.65,123.06,108.45,109.49,139.93,133.47
2024-07-04,138.21,124.38,132.63,123.05,108.46,109.49,139.93,133.48
2024-07-05,138.26,124.37,132.61,123.04,108.46,109.48,139.94,133.48
2024-07-06,138.31,124.36,132.59,123.03,108.46,109.48,139.94,133.48
2024-07-07,138.37,124.34,132.57,123.03,108.46,109.48,139.94,133.48
2024-07-08,138.42,124.33,132.55,123.01,108.47,109.47,139.95,133.48
2024-07-09,138.47,124.32,132.53,123.00,108.47,109.47,139.95,133.49
2024-07-10,138.53,124.31,132.51,123.00,108.47,109.47,139.96,133.49
2024-07-11,138.58,124.29,132.49,122.99,108.48,109.46,139.96,133.49
2024-07-12,138.63,124.28,132.47,122.97,108.48,109.46,139.96,133.50
2024-07-13,138.69,124.27,132.45,122.97,108.48,109.46,139.97,133.50
2024-07-14,138.74,124.25,132.43,122.96,108.48,109.46,139.97,133.51
2024-07-15,138.79,124.24,132.41,122.95,108.49,109.46,139.98,133.51
2024-07-16,138.85,124.22,132.39,122.94,108.49,109.45,139.98,133.51
2024-07-17,138.90,124.21,132.37,122.93,108.49,109.45,139.99,133.52
2024-07-18,138.95,124.19,132.35,122.93,108.49,109.45,139.99,133.52
2024-07-19,139.01,124.18,132.34,122.92,108.50,109.45,139.99,133.53
2024-07-20,139.06,124.16,132.32,122.91,108.50,109.45,140.00,133.53
2024-07-21,139.11,124.15,132.30,122.90,108.50,109.45,140.00,133.53
2024-07-22,139.17,124.14,132.28,122.89,108.51,109.45,140.01,133.54
2024-07-23,139.22,124.12,132.26,122.88,108.51,109.44,140.01,133.54
2024-07-24,139.27,124.11,132.24,122.88,108.51,109.44,140.02,133.55
2024-07-25,139.32,124.10,132.22,122.87,108.51,109.44,140.02,133.55
2024-07-26,139.38,124.08,132.20,122.86,108.52,109.44,140.02,133.56
2024-07-27,139.43,124.07,132.18,122.86,108.52,109.43,140.03,133.56
2024-07-28,139.48,124.06,132.16,122.85,108.52,109.43,140.03,133.57
2024-07-29,139.54,124.04,132.14,122.84,108.52,109.43,140.04,133.58
2024-07-30,139.59,124.03,132.12,122.83,108.53,109.42,140.04,133.58
2024-07-31,139.64,124.02,132.10,122.82,108.53,109.42,140.04,133.59
2024-08-01,139.70,124.00,132.08,122.82,108.53,109.42,140.05,133.60
2024-08-02,139.76,123.99,132.07,122.81,108.53,109.42,140.06,133.60
2024-08-03,139.82,123.97,132.06,122.81,108.54,109.41,140.07,133.61
2024-08-04,139.89,123.96,132.05,122.80,108.54,109.41,140.07,133.62
2024-08-05,139.95,123.94,132.04,122.80,108.54,109.41,140.08,133.62
2024-08-06,140.01,123.93,132.03,122.79,108.54,109.41,140.09,133.63
2024-08-07,140.08,123.92,132.02,122.78,108.54,109.41,140.10,133.64
2024-08-08,140.14,123.90,132.01,122.77,108.55,109.40,140.11,133.64
2024-08-09,140.20,123.89,132.01,122.76,108.55,109.40,140.12,133.65
2024-08-10,140.27,123.87,132.00,122.76,108.55,109.40,140.12,133.65
2024-08-11,140.33,123.85,131.99,122.75,108.55,109.40,140.13,133.66
2024-08-12,140.39,123.84,131.98,122.75,108.55,109.39,140.14,133.67
2024-08-13,140.46,123.82,131.97,122.74,108.56,109.39,140.15,133.67
2024-08-14,140.52,123.80,131.96,122.74,108.56,109.39,140.16,133.68
2024-08-15,140.58,123.79,131.95,122.73,108.56,109.39,140.17,133.69
2024-08-16,140.65,123.77,131.94,122.72,108.56,109.38,140.17,133.70
2024-08-17,140.71,123.75,131.93,122.71,108.56,109.38,140.18,133.70
2024-08-18,140.77,123.74,131.92,122.71,108.57,109.38,140.19,133.71
2024-08-19,140.84,123.72,131.91,122.70,108.57,109.38,140.20,133.72
2024-08-20,140.90,123.70,131.90,122.69,108.57,109.37,140.21,133.73
2024-08-21,140.96,123.68,131.89,122.69,108.57,109.37,140.22,133.74
2024-08-22,141.03,123.66,131.88,122.68,108.57,109.37,140.22,133.75
2024-08-23,141.09,123.64,131.88,122.68,108.58,109.37,140.23,133.76
2024-08-24,141.15,123.62,131.87,122.67,108.58,109.37,140.24,133.77
2024-08-25,141.22,123.60,131.86,122.66,108.58,109.36,140.25,133.78
2024-08-26,141.28,123.58,131.85,122.66,108.58,109.36,140.26,133.79
2024-08-27,141.34,123.56,131.84,122.65,108.58,109.36,140.27,133.80
2024-08-28,141.41,123.54,131.83,122.65,108.59,109.36,140.27,133.81
2024-08-29,141.47,123.52,131.82,122.64,108.59,109.35,140.28,133.82
2024-08-30,141.53,123.50,131.81,122.63,108.59,109.35,140.29,133.83
2024-08-31,141.60,123.48,131.80,122.62,108.59,109.35,140.30,133.84
2024-09-01,141.66,123.45,131.79,122.62,108.59,109.35,140.31,133.85
2024-09-02,141.65,123.43,131.83,122.61,108.60,109.34,140.32,133.86
2024-09-03,141.65,123.40,131.87,122.61,108.60,109.34,140.33,133.87
2024-09-04,141.64,123.38,131.91,122.60,108.60,109.34,140.35,133.89
2024-09-05,141.63,123.36,131.96,122.60,108.60,109.34,140.36,133.89
2024-09-06,141.63,123.33,132.00,122.59,108.61,109.34,140.37,133.91
2024-09-07,141.62,123.31,132.04,122.58,108.61,109.34,140.39,133.92
2024-09-08,141.61,123.29,132.08,122.57,108.61,109.33,140.40,133.93
2024-09-09,141.60,123.26,132.12,122.57,108.61,109.34,140.41,133.94
2024-09-10,141.60,123.24,132.16,122.56,108.62,109.33,140.43,133.96
2024-09-11,141.59,123.21,132.20,122.56,108.62,109.33,140.44,133.97
2024-09-12,141.58,123.18,132.24,122.55,108.62,109.33,140.45,133.98
2024-09-13,141.57,123.16,132.28,122.55,108.62,109.33,140.47,133.99
2024-09-14,141.57,123.14,132.32,122.54,108.63,109.33,140.48,134.00
2024-09-15,141.56,123.12,132.37,122.54,108.63,109.32,140.49,134.01
2024-09-16,141.55,123.09,132.41,122.54,108.63,109.32,140.51,134.03
2024-09-17,141.55,123.06,132.45,122.53,108.63,109.32,140.52,134.04
2024-09-18,141.54,123.04,132.49,122.53,108.64,109.32,140.53,134.05
2024-09-19,141.53,123.02,132.53,122.52,108.64,109.31,140.55,134.07
2024-09-20,141.52,122.99,132.57,122.52,108.64,109.31,140.56,134.08
2024-09-21,141.52,122.97,132.61,122.51,108.64,109.31,140.57,134.09
2024-09-22,141.51,122.95,132.65,122.51,108.65,109.31,140.59,134.11
2024-09-23,141.50,122.93,132.69,122.51,108.65,109.30,140.60,134.12
2024-09-24,141.50,122.90,132.73,122.50,108.65,109.30,140.61,134.13
2024-09-25,141.49,122.88,132.78,122.50,108.65,109.30,140.63,134.15
2024-09-26,141.48,122.86,132.82,122.49,108.66,109.30,140.64,134.16
2024-09-27,141.47,122.83,132.86,122.49,108.66,109.29,140.65,134.17
2024-09-28,141.47,122.81,132.90,122.48,108.66,109.29,140.67,134.19
2024-09-29,141.46,122.78,132.94,122.48,108.66,109.29,140.68,134.20
2024-09-30,141.45,122.75,132.98,122.47,108.67,109.29,140.69,134.21
2024-10-01,141.45,122.72,133.02,122.47,108.67,109.28,140.71,134.23
2024-10-02,141.33,122.70,133.03,122.46,108.67,109.28,140.72,134.24
2024-10-03,141.21,122.67,133.03,122.46,108.67,109.28,140.73,134.26
2024-10-04,141.09,122.65,133.03,122.46,108.67,109.28,140.73,134.27
2024-10-05,140.98,122.63,133.04,122.46,108.67,109.28,140.74,134.28
2024-10-06,140.86,122.60,133.04,122.46,108.67,109.28,140.75,134.30
2024-10-07,140.74,122.58,133.05,122.46,108.68,109.27,140.76,134.31
2024-10-08,140.62,122.55,133.05,122.45,108.68,109.27,140.77,134.33
2024-10-09,140.50,122.53,133.06,122.45,108.68,109.27,140.78,134.34
2024-10-10,140.39,122.51,133.06,122.45,108.68,109.27,140.78,134.36
2024-10-11,140.27,122.49,133.06,122.44,108.68,109.27,140.79,134.37
2024-10-12,140.15,122.46,133.07,122.44,108.68,109.27,140.80,134.39
2024-10-13,140.03,122.44,133.07,122.43,108.68,109.26,140.81,134.40
2024-10-14,139.92,122.42,133.08,122.43,108.69,109.26,140.82,134.41
2024-10-15,139.80,122.40,133.08,122.43,108.69,109.26,140.83,134.43
2024-10-16,139.68,122.38,133.09,122.43,108.69,109.26,140.83,134.44
2024-10-17,139.56,122.36,133.09,122.42,108.69,109.26,140.84,134.45
2024-10-18,139.45,122.34,133.09,122.42,108.69,109.25,140.85,134.47
2024-10-19,139.33,122.32,133.10,122.42,108.69,109.25,140.86,134.49
2024-10-20,139.21,122.30,133.10,122.42,108.69,109.25,140.87,134.50
2024-10-21,139.09,122.28,133.11,122.42,108.69,109.25,140.88,134.51
2024-10-22,138.98,122.26,133.11,122.41,108.70,109.24,140.88,134.53
2024-10-23,138.86,122.24,133.12,122.41,108.70,109.24,140.89,134.54
2024-10-24,138.74,122.22,133.12,122.41,108.70,109.24,140.90,134.56
2024-10-25,138.62,122.20,133.12,122.39,108.70,109.24,140.91,134.58
2024-10-26,138.51,122.19,133.13,122.39,108.70,109.24,140.92,134.59
2024-10-27,138.39,122.17,133.13,122.40,108.70,109.23,140.93,134.60
2024-10-28,138.27,122.15,133.14,122.39,108.70,109.23,140.93,134.62
2024-10-29,138.15,122.14,133.14,122.39,108.71,109.23,140.94,134.63
2024-10-30,138.03,122.12,133.15,122.39,108.71,109.23,140.95,134.64
2024-10-31,137.92,122.11,133.15,122.39,108.71,109.22,140.96,134.66
2024-11-01,137.80,122.09,133.15,122.39,108.71,109.22,140.97,134.67
2024-11-02,137.89,122.08,133.14,122.39,108.71,109.22,140.97,134.69
2024-11-03,137.97,122.06,133.12,122.39,108.71,109.21,140.97,134.70
2024-11-04,138.06,122.05,133.10,122.39,108.72,109.21,140.98,134.71
2024-11-05,138.15,122.04,133.08,122.39,108.72,109.21,140.98,134.73
2024-11-06,138.23,122.02,133.06,122.40,108.72,109.21,140.98,134.75
2024-11-07,138.32,122.01,133.05,122.40,108.72,109.20,140.98,134.76
2024-11-08,138.41,122.00,133.03,122.40,108.73,109.20,140.99,134.77
2024-11-09,138.49,121.99,133.01,122.40,108.73,109.20,140.99,134.78
2024-11-10,138.58,121.97,132.99,122.40,108.73,109.19,140.99,134.79
2024-11-11,138.67,121.96,132.97,122.41,108.73,109.19,140.99,134.81
2024-11-12,138.75,121.95,132.96,122.41,108.74,109.19,141.00,134.82
2024-11-13,138.84,121.93,132.94,122.41,108.74,109.19,141.00,134.83
2024-11-14,138.93,121.92,132.92,122.40,108.74,109.18,141.00,134.84
2024-11-15,139.01,121.90,132.90,122.40,108.74,109.18,141.01,134.85
2024-11-16,139.10,121.89,132.88,122.40,108.75,109.18,141.01,134.87
2024-11-17,139.19,121.87,132.86,122.39,108.75,109.18,141.01,134.88
2024-11-18,139.27,121.86,132.85,122.39,108.75,109.17,141.01,134.89
2024-11-19,139.36,121.85,132.83,122.39,108.75,109.17,141.02,134.90
2024-11-20,139.45,121.83,132.81,122.39,108.76,109.17,141.02,134.90
2024-11-21,139.53,121.82,132.79,122.39,108.76,109.16,141.02,134.91
2024-11-22,139.62,121.80,132.77,122.39,108.76,109.16,141.03,134.92
2024-11-23,139.71,121.79,132.76,122.39,108.76,109.15,141.03,134.93
2024-11-24,139.79,121.77,132.74,122.38,108.77,109.15,141.03,134.94
2024-11-25,139.88,121.76,132.72,122.38,108.77,109.15,141.03,134.95
2024-11-26,139.97,121.74,132.70,122.38,108.77,109.14,141.04,134.95
2024-11-27,140.05,121.73,132.68,122.38,108.77,109.14,141.04,134.97
2024-11-28,140.14,121.72,132.67,122.38,108.78,109.13,141.04,134.98
2024-11-29,140.23,121.70,132.65,122.37,108.78,109.13,141.04,134.99
2024-11-30,140.31,121.69,132.63,122.37,108.78,109.12,141.05,134.99
2024-12-01,140.40,121.67,132.61,122.36,108.78,109.12,141.05,135.00
2024-12-02,140.46,121.66,132.73,122.36,108.78,109.11,141.07,135.01
2024-12-03,140.51,121.64,132.85,122.36,108.79,109.11,141.09,135.02
2024-12-04,140.57,121.63,132.96,122.35,108.79,109.11,141.11,135.02
2024-12-05,140.62,121.62,133.08,122.34,108.79,109.11,141.13,135.03
2024-12-06,140.68,121.61,133.20,122.34,108.79,109.10,141.15,135.03
2024-12-07,140.73,121.60,133.32,122.33,108.79,109.10,141.17,135.04
2024-12-08,140.79,121.59,133.43,122.32,108.80,109.10,141.19,135.05
2024-12-09,140.85,121.57,133.55,122.32,108.80,109.09,141.20,135.06
2024-12-10,140.90,121.56,133.67,122.31,108.80,109.09,141.22,135.07
2024-12-11,140.96,121.55,133.79,122.29,108.80,109.09,141.24,135.07
2024-12-12,141.01,121.55,133.90,122.29,108.80,109.08,141.26,135.08
2024-12-13,141.07,121.53,134.02,122.28,108.81,109.08,141.28,135.08
2024-12-14,141.12,121.53,134.14,122.27,108.81,109.08,141.30,135.09
2024-12-15,141.18,121.51,134.26,122.26,108.81,109.07,141.32,135.09
2024-12-16,141.24,121.50,134.38,122.26,108.81,109.06,141.34,135.09
2024-12-17,141.29,121.49,134.49,122.24,108.81,109.06,141.36,135.10
2024-12-18,141.35,121.48,134.61,122.24,108.82,109.06,141.38,135.10
2024-12-19,141.40,121.47,134.73,122.23,108.82,109.05,141.40,135.11
2024-12-20,141.46,121.46,134.85,122.23,108.82,109.04,141.42,135.12
2024-12-21,141.51,121.45,134.96,122.22,108.82,109.04,141.44,135.12
2024-12-22,141.57,121.44,135.08,122.22,108.82,109.03,141.46,135.13
2024-12-23,141.63,121.43,135.20,122.21,108.83,109.02,141.48,135.13
2024-12-24,141.68,121.42,135.32,122.20,108.83,109.02,141.50,135.14
2024-12-25,141.74,121.41,135.43,122.19,108.83,109.01,141.52,135.14
2024-12-26,141.79,121.41,135.55,122.19,108.83,109.01,141.53,135.15
2024-12-27,141.85,121.39,135.67,122.19,108.83,109.00,141.55,135.15
2024-12-28,141.90,121.39,135.79,122.18,108.84,109.00,141.57,135.16
2024-12-29,141.96,121.38,135.90,122.17,108.84,109.00,141.59,135.16
2024-12-30,142.02,121.37,136.02,122.16,108.84,108.99,141.61,135.17
2024-12-31,142.07,121.36,136.14,122.15,108.84,108.99,141.63,135.17
2025-01-01,142.13,121.35,136.26,122.15,108.84,108.98,141.65,135.18
2025-01-02,142.18,121.35,136.26,122.16,108.85,108.98,141.66,135.18
2025-01-03,142.22,121.35,136.26,122.15,108.85,108.98,141.67,135.18
2025-01-04,142.27,121.34,136.26,122.14,108.85,108.98,141.68,135.18
2025-01-05,142.32,121.34,136.27,122.14,108.85,108.97,141.69,135.19
2025-01-06,142.37,121.33,136.27,122.12,108.85,108.97,141.70,135.19
2025-01-07,142.42,121.33,136.27,122.12,108.86,108.97,141.71,135.20
2025-01-08,142.47,121.33,136.27,122.11,108.86,108.96,141.71,135.19
2025-01-09,142.51,121.33,136.28,122.11,108.86,108.96,141.72,135.21
2025-01-10,142.56,121.33,136.28,122.10,108.86,108.96,141.73,135.21
2025-01-11,142.61,121.33,136.28,122.09,108.87,108.96,141.74,135.21
2025-01-12,142.66,121.33,136.28,122.09,108.87,108.95,141.75,135.21
2025-01-13,142.71,121.33,136.29,122.08,108.87,108.94,141.76,135.22
2025-01-14,142.76,121.33,136.29,122.08,108.87,108.95,141.77,135.21
2025-01-15,142.80,121.33,136.29,122.08,108.87,108.94,141.78,135.22
2025-01-16,142.85,121.34,136.29,122.08,108.88,108.95,141.79,135.22
2025-01-17,142.90,121.35,136.30,122.06,108.88,108.94,141.80,135.23
2025-01-18,142.95,121.35,136.30,122.04,108.88,108.94,141.81,135.23
2025-01-19,143.00,121.36,136.30,122.04,108.88,108.94,141.81,135.23
2025-01-20,143.05,121.37,136.30,122.03,108.88,108.93,141.82,135.24
2025-01-21,143.09,121.38,136.31,122.02,108.89,108.93,141.83,135.24
2025-01-22,143.14,121.38,136.31,122.01,108.89,108.92,141.84,135.24
2025-01-23,143.19,121.40,136.31,122.01,108.89,108.91,141.85,135.24
2025-01-24,143.24,121.41,136.31,122.00,108.89,108.91,141.86,135.25
2025-01-25,143.29,121.42,136.32,122.00,108.89,108.90,141.87,135.25
2025-01-26,143.34,121.43,136.32,121.98,108.90,108.91,141.88,135.26
2025-01-27,143.38,121.44,136.32,121.98,108.90,108.90,141.89,135.26
2025-01-28,143.43,121.46,136.32,121.98,108.90,108.90,141.90,135.27
2025-01-29,143.48,121.47,136.33,121.98,108.90,108.89,141.91,135.27
2025-01-30,143.53,121.49,136.33,121.97,108.90,108.89,141.92,135.27
2025-01-31,143.58,121.50,136.33,121.97,108.91,108.89,141.92,135.28
2025-02-01,143.63,121.52,136.33,121.96,108.91,108.89,141.93,135.27
2025-02-02,143.66,121.55,136.35,121.95,108.91,108.88,141.94,135.28
2025-02-03,143.69,121.56,136.37,121.95,108.91,108.88,141.94,135.29
2025-02-04,143.72,121.57,136.39,121.94,108.92,108.88,141.95,135.30
2025-02-05,143.76,121.59,136.40,121.94,108.92,108.87,141.95,135.31
2025-02-06,143.79,121.61,136.42,121.94,108.92,108.87,141.96,135.31
2025-02-07,143.82,121.61,136.44,121.93,108.92,108.87,141.96,135.31
2025-02-08,143.86,121.63,136.46,121.92,108.93,108.87,141.97,135.30
2025-02-09,143.89,121.65,136.48,121.91,108.93,108.86,141.97,135.31
2025-02-10,143.92,121.67,136.49,121.91,108.93,108.85,141.98,135.31
2025-02-11,143.95,121.69,136.51,121.91,108.93,108.84,141.98,135.31
2025-02-12,143.99,121.71,136.53,121.91,108.94,108.84,141.98,135.31
2025-02-13,144.02,121.73,136.55,121.92,108.94,108.83,141.99,135.31
2025-02-14,144.05,121.75,136.57,121.92,108.94,108.83,141.99,135.32
2025-02-15,144.09,121.77,136.58,121.93,108.94,108.83,142.00,135.32
2025-02-16,144.12,121.78,136.60,121.92,108.95,108.82,142.00,135.33
2025-02-17,144.15,121.81,136.62,121.92,108.95,108.82,142.01,135.33
2025-02-18,144.18,121.83,136.64,121.91,108.95,108.82,142.01,135.33
2025-02-19,144.22,121.87,136.65,121.91,108.95,108.82,142.02,135.33
2025-02-20,144.25,121.89,136.67,121.91,108.96,108.81,142.02,135.34
2025-02-21,144.28,121.92,136.69,121.92,108.96,108.81,142.03,135.35
2025-02-22,144.32,121.93,136.71,121.91,108.96,108.80,142.03,135.35
2025-02-23,144.35,121.97,136.73,121.90,108.96,108.80,142.04,135.35
2025-02-24,144.38,121.99,136.74,121.90,108.97,108.80,142.04,135.35
2025-02-25,144.41,122.01,136.76,121.88,108.97,108.80,142.04,135.35
2025-02-26,144.45,122.02,136.78,121.88,108.97,108.79,142.05,135.36
2025-02-27,144.48,122.06,136.80,121.88,108.98,108.80,142.05,135.37
2025-02-28,144.51,122.06,136.81,121.88,108.98,108.79,142.06,135.37
2025-03-01,144.55,122.09,136.83,121.87,108.98,108.79,142.06,135.37
2025-03-02,144.52,122.11,136.88,121.88,108.98,108.79,142.08,135.39
2025-03-03,144.49,122.14,136.94,121.88,108.99,108.79,142.09,135.39
2025-03-04,144.46,122.17,136.99,121.89,108.99,108.78,142.11,135.40
2025-03-05,144.43,122.17,137.04,121.87,108.99,108.78,142.12,135.42
2025-03-06,144.40,122.20,137.09,121.87,108.99,108.77,142.14,135.41
2025-03-07,144.37,122.23,137.15,121.87,109.00,108.78,142.15,135.41
2025-03-08,144.35,122.27,137.20,121.87,109.00,108.78,142.17,135.42
2025-03-09,144.32,122.30,137.25,121.86,109.00,108.78,142.18,135.42
2025-03-10,144.29,122.34,137.30,121.84,109.00,108.78,142.20,135.42
2025-03-11,144.26,122.37,137.35,121.83,109.01,108.78,142.22,135.41
2025-03-12,144.23,122.39,137.41,121.82,109.01,108.78,142.23,135.41
2025-03-13,144.20,122.42,137.46,121.83,109.01,108.78,142.25,135.42
2025-03-14,144.17,122.43,137.51,121.83,109.02,108.77,142.26,135.43
2025-03-15,144.15,122.46,137.56,121.83,109.02,108.77,142.28,135.43
2025-03-16,144.12,122.48,137.61,121.84,109.02,108.77,142.29,135.43
2025-03-17,144.09,122.51,137.67,121.84,109.02,108.77,142.31,135.43
2025-03-18,144.06,122.57,137.72,121.81,109.03,108.77,142.32,135.43
2025-03-19,144.03,122.60,137.77,121.81,109.03,108.77,142.34,135.44
2025-03-20,144.00,122.66,137.82,121.81,109.03,108.76,142.35,135.44
2025-03-21,143.97,122.65,137.88,121.81,109.03,108.76,142.37,135.44
2025-03-22,143.95,122.69,137.93,121.80,109.04,108.76,142.38,135.43
2025-03-23,143.92,122.74,137.98,121.79,109.04,108.76,142.40,135.45
2025-03-24,143.89,122.75,138.03,121.80,109.04,108.75,142.41,135.46
2025-03-25,143.86,122.77,138.08,121.79,109.05,108.74,142.43,135.47
2025-03-26,143.83,122.77,138.14,121.80,109.05,108.74,142.44,135.46
2025-03-27,143.80,122.80,138.19,121.80,109.05,108.74,142.46,135.45
2025-03-28,143.77,122.82,138.24,121.80,109.05,108.72,142.47,135.45
2025-03-29,143.75,122.87,138.29,121.80,109.06,108.72,142.49,135.44
2025-03-30,143.72,122.90,138.35,121.81,109.06,108.72,142.50,135.45
2025-03-31,143.69,122.94,138.40,121.82,109.06,108.71,142.52,135.44
2025-04-01,143.66,122.97,138.45,121.82,109.06,108.72,142.53,135.43
2025-04-02,143.66,123.01,138.45,121.82,109.06,108.72,142.53,135.44
2025-04-03,143.66,123.08,138.45,121.74,109.06,108.74,142.53,135.44
2025-04-04,143.66,123.11,138.45,121.74,109.06,108.71,142.53,135.44
2025-04-05,143.66,123.11,138.45,121.74,109.06,108.70,142.53,135.45
2025-04-06,143.66,123.14,138.45,121.76,109.06,108.70,142.53,135.44
2025-04-07,143.66,123.17,138.45,121.73,109.06,108.66,142.53,135.39
2025-04-08,143.66,123.19,138.45,121.70,109.06,108.66,142.53,135.40
2025-04-09,143.66,123.22,138.45,121.68,109.06,108.67,142.53,135.40
2025-04-10,143.66,123.25,138.45,121.70,109.06,108.67,142.53,135.40
2025-04-11,143.66,123.28,138.45,121.70,109.06,108.69,142.53,135.43
2025-04-12,143.66,123.33,138.45,121.72,109.06,108.69,142.53,135.44
2025-04-13,143.66,123.36,138.45,121.70,109.06,108.69,142.53,135.45
2025-04-14,143.66,123.40,138.45,121.73,109.06,108.69,142.53,135.44
2025-04-15,143.66,123.41,138.45,121.73,109.06,108.67,142.53,135.41
2025-04-16,143.66,123.50,138.45,121.74,109.06,108.68,142.53,135.42
2025-04-17,143.66,123.59,138.45,121.75,109.06,108.70,142.53,135.43
2025-04-18,143.66,123.65,138.45,121.69,109.06,108.70,142.53,135.43
2025-04-19,143.66,123.73,138.45,121.70,109.06,108.71,142.53,135.45
2025-04-20,143.66,123.76,138.45,121.75,109.06,108.72,142.53,135.47
2025-04-21,143.66,123.83,138.45,121.77,109.06,108.69,142.53,135.52
2025-04-22,143.66,123.87,138.45,121.72,109.06,108.64,142.53,135.53
2025-04-23,143.66,123.94,138.45,121.69,109.06,108.60,142.53,135.55
2025-04-24,143.66,123.99,138.45,121.78,109.06,108.56,142.53,135.57
2025-04-25,143.66,124.06,138.45,121.75,109.06,108.63,142.53,135.61
2025-04-26,143.66,124.15,138.45,121.76,109.06,108.68,142.53,135.61
2025-04-27,143.66,124.05,138.45,121.46,109.06,108.81,142.53,135.63
2025-04-28,143.66,124.01,138.45,121.30,109.06,108.89,142.53,135.79
2025-04-29,143.66,124.04,138.45,121.22,109.06,108.44,142.53,136.23
