Date,Actual CPI,Predicted CPI,Abs Error,PE(%)
2005-11-07,78.65,77.94,0.71,0.90
2005-11-08,78.66,78.02,0.63,0.80
2005-11-09,78.66,78.02,0.65,0.82
2005-11-10,78.67,78.02,0.65,0.83
2005-11-11,78.68,78.05,0.63,0.80
2005-11-12,78.69,78.06,0.63,0.80
2005-11-13,78.69,78.06,0.64,0.81
2005-11-14,78.70,78.06,0.64,0.81
2005-11-15,78.71,78.09,0.62,0.79
2005-11-16,78.72,78.10,0.62,0.78
2005-11-17,78.73,78.11,0.62,0.78
2005-11-18,78.73,78.12,0.61,0.78
2005-11-19,78.74,78.13,0.61,0.78
2005-11-20,78.75,78.14,0.61,0.78
2005-11-21,78.76,78.15,0.61,0.77
2005-11-22,78.77,78.16,0.61,0.77
2005-11-23,78.77,78.16,0.61,0.78
2005-11-24,78.78,78.18,0.60,0.77
2005-11-25,78.79,78.19,0.60,0.76
2005-11-26,78.80,78.21,0.59,0.75
2005-11-27,78.80,78.22,0.59,0.74
2005-11-28,78.81,78.23,0.58,0.74
2005-11-29,78.82,78.24,0.58,0.74
2005-11-30,78.83,78.25,0.58,0.73
2005-12-01,78.84,78.26,0.57,0.73
2005-12-02,78.85,78.28,0.58,0.73
2005-12-03,78.87,78.29,0.58,0.73
2005-12-04,78.88,78.31,0.57,0.72
2005-12-05,78.90,78.32,0.57,0.73
2005-12-06,78.91,78.33,0.58,0.74
2005-12-07,78.93,78.34,0.59,0.74
2005-12-08,78.94,78.35,0.59,0.75
2005-12-09,78.96,78.36,0.60,0.75
2005-12-10,78.97,78.37,0.60,0.76
2005-12-11,78.99,78.38,0.60,0.77
2005-12-12,79.00,78.40,0.61,0.77
2005-12-13,79.02,78.41,0.61,0.77
2005-12-14,79.03,78.42,0.62,0.78
2005-12-15,79.05,78.43,0.62,0.79
2005-12-16,79.06,78.44,0.62,0.79
2005-12-17,79.08,78.45,0.63,0.79
2005-12-18,79.09,78.46,0.63,0.80
2005-12-19,79.11,78.47,0.64,0.80
2005-12-20,79.12,78.48,0.64,0.81
2005-12-21,79.14,78.49,0.65,0.82
2005-12-22,79.15,78.50,0.65,0.83
2005-12-23,79.17,78.51,0.66,0.83
2005-12-24,79.19,78.52,0.67,0.84
2005-12-25,79.20,78.53,0.67,0.85
2005-12-26,79.22,78.54,0.68,0.85
2005-12-27,79.23,78.55,0.68,0.86
2005-12-28,79.25,78.56,0.68,0.86
2005-12-29,79.26,78.57,0.69,0.87
2005-12-30,79.28,78.58,0.70,0.88
2005-12-31,79.29,78.59,0.70,0.88
2006-01-01,79.31,78.60,0.70,0.89
2006-01-02,79.31,78.61,0.70,0.88
2006-01-03,79.32,78.62,0.69,0.87
2006-01-04,79.32,78.63,0.69,0.87
2006-01-05,79.33,78.64,0.69,0.86
2006-01-06,79.33,78.65,0.68,0.86
2006-01-07,79.34,78.66,0.68,0.85
2006-01-08,79.34,78.67,0.67,0.85
2006-01-09,79.35,78.68,0.67,0.84
2006-01-10,79.35,78.69,0.66,0.84
2006-01-11,79.36,78.70,0.66,0.83
2006-01-12,79.36,78.70,0.66,0.83
2006-01-13,79.37,78.71,0.65,0.82
2006-01-14,79.37,78.72,0.65,0.82
2006-01-15,79.38,78.73,0.65,0.81
2006-01-16,79.38,78.74,0.64,0.81
2006-01-17,79.39,78.75,0.64,0.80
2006-01-18,79.39,78.76,0.63,0.80
2006-01-19,79.40,78.77,0.63,0.79
2006-01-20,79.40,78.78,0.63,0.79
2006-01-21,79.41,78.78,0.63,0.79
2006-01-22,79.41,78.79,0.62,0.78
2006-01-23,79.42,78.80,0.62,0.78
2006-01-24,79.42,78.81,0.62,0.78
2006-01-25,79.43,78.81,0.62,0.78
2006-01-26,79.43,78.82,0.61,0.77
2006-01-27,79.44,78.83,0.61,0.77
2006-01-28,79.44,78.83,0.61,0.77
2006-01-29,79.45,78.84,0.61,0.77
2006-01-30,79.45,78.85,0.61,0.76
2006-01-31,79.46,78.85,0.61,0.76
2006-02-01,79.46,78.86,0.60,0.76
2006-02-02,79.48,78.87,0.61,0.77
2006-02-03,79.50,78.87,0.63,0.79
2006-02-04,79.52,78.88,0.64,0.80
2006-02-05,79.53,78.89,0.65,0.81
2006-02-06,79.55,78.89,0.66,0.82
2006-02-07,79.57,78.90,0.67,0.84
2006-02-08,79.58,78.91,0.68,0.85
2006-02-09,79.60,78.91,0.69,0.86
2006-02-10,79.62,78.92,0.70,0.87
2006-02-11,79.63,78.93,0.70,0.88
2006-02-12,79.65,78.94,0.71,0.89
2006-02-13,79.67,78.95,0.72,0.91
2006-02-14,79.68,78.95,0.73,0.92
2006-02-15,79.70,78.96,0.74,0.93
2006-02-16,79.72,78.97,0.75,0.94
2006-02-17,79.73,78.98,0.76,0.95
2006-02-18,79.75,78.98,0.77,0.96
2006-02-19,79.77,78.99,0.77,0.97
2006-02-20,79.78,79.00,0.78,0.98
2006-02-21,79.80,79.01,0.79,0.99
2006-02-22,79.82,79.02,0.80,1.00
2006-02-23,79.83,79.03,0.81,1.01
2006-02-24,79.85,79.04,0.82,1.02
2006-02-25,79.87,79.04,0.82,1.03
2006-02-26,79.88,79.05,0.83,1.04
2006-02-27,79.90,79.06,0.84,1.05
2006-02-28,79.92,79.07,0.85,1.06
2006-03-01,79.93,79.08,0.86,1.07
2006-03-02,79.94,79.09,0.85,1.06
2006-03-03,79.94,79.10,0.84,1.05
2006-03-04,79.94,79.11,0.83,1.04
2006-03-05,79.95,79.12,0.83,1.04
2006-03-06,79.95,79.13,0.82,1.03
2006-03-07,79.95,79.13,0.82,1.02
2006-03-08,79.95,79.14,0.81,1.01
2006-03-09,79.96,79.15,0.80,1.00
2006-03-10,79.96,79.16,0.80,1.00
2006-03-11,79.96,79.17,0.79,0.99
2006-03-12,79.96,79.18,0.79,0.98
2006-03-13,79.97,79.19,0.78,0.97
2006-03-14,79.97,79.20,0.77,0.97
2006-03-15,79.97,79.20,0.77,0.96
2006-03-16,79.97,79.21,0.76,0.95
2006-03-17,79.98,79.22,0.75,0.94
2006-03-18,79.98,79.23,0.75,0.93
2006-03-19,79.98,79.24,0.74,0.93
2006-03-20,79.98,79.25,0.74,0.92
2006-03-21,79.99,79.25,0.73,0.91
2006-03-22,79.99,79.26,0.73,0.91
2006-03-23,79.99,79.27,0.72,0.90
2006-03-24,79.99,79.28,0.71,0.89
2006-03-25,80.00,79.29,0.71,0.89
2006-03-26,80.00,79.30,0.70,0.88
2006-03-27,80.00,79.30,0.70,0.87
2006-03-28,80.00,79.31,0.69,0.86
2006-03-29,80.01,79.32,0.69,0.86
2006-03-30,80.01,79.33,0.68,0.85
2006-03-31,80.01,79.33,0.68,0.85
2006-04-01,80.01,79.34,0.67,0.84
2006-04-02,80.02,79.35,0.67,0.83
2006-04-03,80.02,79.36,0.66,0.83
2006-04-04,80.03,79.37,0.66,0.83
2006-04-05,80.03,79.38,0.66,0.82
2006-04-06,80.04,79.38,0.66,0.82
2006-04-07,80.05,79.39,0.65,0.82
2006-04-08,80.05,79.40,0.65,0.81
2006-04-09,80.06,79.41,0.65,0.81
2006-04-10,80.06,79.41,0.65,0.81
2006-04-11,80.07,79.42,0.65,0.81
2006-04-12,80.07,79.43,0.64,0.80
2006-04-13,80.08,79.44,0.64,0.80
2006-04-14,80.08,79.44,0.64,0.80
2006-04-15,80.09,79.45,0.63,0.79
2006-04-16,80.09,79.46,0.63,0.79
2006-04-17,80.10,79.47,0.63,0.78
2006-04-18,80.10,79.48,0.63,0.78
2006-04-19,80.11,79.48,0.62,0.78
2006-04-20,80.11,79.49,0.62,0.77
2006-04-21,80.12,79.50,0.62,0.77
2006-04-22,80.12,79.51,0.61,0.77
2006-04-23,80.13,79.52,0.61,0.76
2006-04-24,80.13,79.53,0.61,0.76
2006-04-25,80.14,79.53,0.60,0.75
2006-04-26,80.14,79.54,0.60,0.75
2006-04-27,80.15,79.55,0.60,0.75
2006-04-28,80.15,79.56,0.59,0.74
2006-04-29,80.16,79.57,0.59,0.74
2006-04-30,80.16,79.58,0.59,0.74
2006-05-01,80.17,79.58,0.59,0.73
2006-05-02,80.16,79.59,0.57,0.71
2006-05-03,80.16,79.60,0.56,0.70
2006-05-04,80.15,79.61,0.54,0.68
2006-05-05,80.15,79.62,0.53,0.66
2006-05-06,80.14,79.63,0.52,0.65
2006-05-07,80.14,79.64,0.50,0.63
2006-05-08,80.13,79.64,0.49,0.61
2006-05-09,80.13,79.65,0.48,0.60
2006-05-10,80.12,79.66,0.46,0.58
2006-05-11,80.12,79.67,0.45,0.57
2006-05-12,80.11,79.67,0.44,0.55
2006-05-13,80.11,79.68,0.43,0.53
2006-05-14,80.10,79.69,0.42,0.52
2006-05-15,80.10,79.70,0.40,0.50
2006-05-16,80.09,79.70,0.39,0.49
2006-05-17,80.09,79.71,0.38,0.48
2006-05-18,80.08,79.71,0.37,0.46
2006-05-19,80.08,79.72,0.36,0.45
2006-05-20,80.07,79.72,0.35,0.44
2006-05-21,80.07,79.73,0.34,0.42
2006-05-22,80.06,79.73,0.33,0.41
2006-05-23,80.06,79.74,0.32,0.40
2006-05-24,80.05,79.74,0.31,0.39
2006-05-25,80.05,79.75,0.30,0.38
2006-05-26,80.04,79.75,0.29,0.36
2006-05-27,80.04,79.76,0.28,0.35
2006-05-28,80.03,79.76,0.27,0.34
2006-05-29,80.03,79.76,0.27,0.33
2006-05-30,80.02,79.77,0.26,0.32
2006-05-31,80.02,79.77,0.25,0.31
2006-06-01,80.01,79.77,0.24,0.30
2006-06-02,80.02,79.78,0.25,0.31
2006-06-03,80.03,79.78,0.26,0.32
2006-06-04,80.05,79.78,0.26,0.33
2006-06-05,80.06,79.78,0.27,0.34
2006-06-06,80.07,79.79,0.28,0.35
2006-06-07,80.08,79.79,0.29,0.36
2006-06-08,80.09,79.79,0.29,0.37
2006-06-09,80.10,79.80,0.30,0.38
2006-06-10,80.11,79.80,0.31,0.39
2006-06-11,80.12,79.80,0.32,0.40
2006-06-12,80.13,79.80,0.32,0.40
2006-06-13,80.14,79.81,0.33,0.41
2006-06-14,80.15,79.81,0.34,0.42
2006-06-15,80.16,79.81,0.35,0.43
2006-06-16,80.17,79.82,0.35,0.44
2006-06-17,80.18,79.82,0.36,0.45
2006-06-18,80.19,79.83,0.37,0.46
2006-06-19,80.20,79.83,0.37,0.47
2006-06-20,80.21,79.83,0.38,0.47
2006-06-21,80.22,79.84,0.39,0.48
2006-06-22,80.23,79.84,0.39,0.49
2006-06-23,80.24,79.84,0.40,0.50
2006-06-24,80.25,79.85,0.41,0.51
2006-06-25,80.26,79.85,0.41,0.52
2006-06-26,80.27,79.85,0.42,0.52
2006-06-27,80.29,79.86,0.43,0.53
2006-06-28,80.30,79.86,0.43,0.54
2006-06-29,80.31,79.86,0.44,0.55
2006-06-30,80.32,79.87,0.45,0.56
2006-07-01,80.33,79.87,0.45,0.57
2006-07-02,80.34,79.88,0.47,0.58
2006-07-03,80.36,79.88,0.48,0.59
2006-07-04,80.37,79.88,0.49,0.61
2006-07-05,80.39,79.89,0.50,0.62
2006-07-06,80.40,79.89,0.51,0.63
2006-07-07,80.42,79.90,0.52,0.65
2006-07-08,80.43,79.90,0.53,0.66
2006-07-09,80.45,79.91,0.54,0.67
2006-07-10,80.46,79.91,0.55,0.69
2006-07-11,80.48,79.92,0.56,0.70
2006-07-12,80.49,79.92,0.57,0.71
2006-07-13,80.51,79.93,0.58,0.72
2006-07-14,80.52,79.93,0.59,0.74
2006-07-15,80.54,79.94,0.60,0.75
2006-07-16,80.55,79.94,0.61,0.76
2006-07-17,80.57,79.95,0.62,0.77
2006-07-18,80.58,79.95,0.63,0.78
2006-07-19,80.60,79.96,0.64,0.80
2006-07-20,80.62,79.96,0.65,0.81
2006-07-21,80.63,79.97,0.66,0.82
2006-07-22,80.65,79.97,0.67,0.83
2006-07-23,80.66,79.98,0.68,0.84
2006-07-24,80.68,79.99,0.69,0.85
2006-07-25,80.69,79.99,0.70,0.87
2006-07-26,80.71,80.00,0.71,0.88
2006-07-27,80.72,80.01,0.72,0.89
2006-07-28,80.74,80.01,0.72,0.90
2006-07-29,80.75,80.02,0.73,0.91
2006-07-30,80.77,80.02,0.74,0.92
2006-07-31,80.78,80.03,0.75,0.93
2006-08-01,80.80,80.04,0.76,0.94
2006-08-02,80.80,80.04,0.76,0.94
2006-08-03,80.81,80.05,0.76,0.94
2006-08-04,80.82,80.06,0.76,0.94
2006-08-05,80.83,80.07,0.76,0.94
2006-08-06,80.84,80.07,0.76,0.94
2006-08-07,80.84,80.08,0.76,0.95
2006-08-08,80.85,80.09,0.76,0.95
2006-08-09,80.86,80.09,0.77,0.95
2006-08-10,80.87,80.10,0.77,0.95
2006-08-11,80.87,80.11,0.77,0.95
2006-08-12,80.88,80.11,0.77,0.95
2006-08-13,80.89,80.12,0.77,0.95
2006-08-14,80.90,80.13,0.77,0.95
2006-08-15,80.90,80.13,0.77,0.95
2006-08-16,80.91,80.14,0.77,0.95
2006-08-17,80.92,80.15,0.77,0.95
2006-08-18,80.93,80.15,0.77,0.95
2006-08-19,80.93,80.16,0.77,0.95
2006-08-20,80.94,80.17,0.77,0.96
2006-08-21,80.95,80.18,0.77,0.96
2006-08-22,80.96,80.18,0.77,0.96
2006-08-23,80.96,80.19,0.77,0.96
2006-08-24,80.97,80.20,0.77,0.96
2006-08-25,80.98,80.20,0.77,0.96
2006-08-26,80.99,80.21,0.78,0.96
2006-08-27,80.99,80.22,0.78,0.96
2006-08-28,81.00,80.23,0.78,0.96
2006-08-29,81.01,80.23,0.78,0.96
2006-08-30,81.02,80.24,0.78,0.96
2006-08-31,81.02,80.25,0.78,0.96
2006-09-01,81.03,80.26,0.78,0.96
2006-09-02,81.02,80.26,0.76,0.93
2006-09-03,81.01,80.27,0.74,0.91
2006-09-04,80.99,80.28,0.72,0.88
2006-09-05,80.98,80.29,0.69,0.86
2006-09-06,80.97,80.29,0.67,0.83
2006-09-07,80.95,80.30,0.65,0.81
2006-09-08,80.94,80.31,0.63,0.78
2006-09-09,80.93,80.31,0.61,0.76
2006-09-10,80.91,80.32,0.59,0.73
2006-09-11,80.90,80.33,0.57,0.71
2006-09-12,80.89,80.33,0.55,0.69
2006-09-13,80.88,80.34,0.53,0.66
2006-09-14,80.86,80.35,0.51,0.64
2006-09-15,80.85,80.35,0.50,0.61
2006-09-16,80.84,80.36,0.48,0.59
2006-09-17,80.82,80.37,0.46,0.56
2006-09-18,80.81,80.37,0.44,0.54
2006-09-19,80.80,80.38,0.42,0.52
2006-09-20,80.78,80.39,0.40,0.49
2006-09-21,80.77,80.39,0.38,0.47
2006-09-22,80.76,80.40,0.36,0.44
2006-09-23,80.74,80.41,0.34,0.42
2006-09-24,80.73,80.41,0.32,0.40
2006-09-25,80.72,80.42,0.30,0.37
2006-09-26,80.71,80.42,0.28,0.35
2006-09-27,80.69,80.43,0.26,0.32
2006-09-28,80.68,80.44,0.24,0.30
2006-09-29,80.67,80.44,0.22,0.28
2006-09-30,80.65,80.45,0.21,0.26
2006-10-01,80.64,80.45,0.19,0.23
2006-10-02,80.63,80.46,0.17,0.21
2006-10-03,80.61,80.46,0.15,0.19
2006-10-04,80.60,80.47,0.13,0.16
2006-10-05,80.59,80.48,0.11,0.14
2006-10-06,80.58,80.48,0.10,0.12
2006-10-07,80.56,80.49,0.08,0.10
2006-10-08,80.55,80.49,0.06,0.07
2006-10-09,80.54,80.50,0.04,0.05
2006-10-10,80.53,80.50,0.02,0.03
2006-10-11,80.51,80.51,0.01,0.01
2006-10-12,80.50,80.51,0.01,0.01
2006-10-13,80.49,80.52,0.03,0.04
2006-10-14,80.48,80.52,0.05,0.06
2006-10-15,80.46,80.53,0.07,0.08
2006-10-16,80.45,80.53,0.08,0.10
2006-10-17,80.44,80.54,0.10,0.13
2006-10-18,80.43,80.54,0.12,0.15
2006-10-19,80.41,80.55,0.14,0.17
2006-10-20,80.40,80.55,0.15,0.19
2006-10-21,80.39,80.56,0.17,0.21
2006-10-22,80.38,80.56,0.19,0.23
2006-10-23,80.36,80.57,0.21,0.26
2006-10-24,80.35,80.57,0.22,0.28
2006-10-25,80.34,80.58,0.24,0.30
2006-10-26,80.32,80.58,0.26,0.32
2006-10-27,80.31,80.59,0.28,0.34
2006-10-28,80.30,80.59,0.29,0.36
2006-10-29,80.29,80.60,0.31,0.39
2006-10-30,80.27,80.60,0.33,0.41
2006-10-31,80.26,80.61,0.34,0.43
2006-11-01,80.25,80.61,0.36,0.45
2006-11-02,80.26,80.61,0.36,0.45
2006-11-03,80.26,80.62,0.35,0.44
2006-11-04,80.27,80.62,0.35,0.44
2006-11-05,80.28,80.63,0.35,0.43
2006-11-06,80.29,80.63,0.34,0.43
2006-11-07,80.30,80.64,0.34,0.42
2006-11-08,80.30,80.64,0.34,0.42
2006-11-09,80.31,80.65,0.33,0.42
2006-11-10,80.32,80.65,0.33,0.41
2006-11-11,80.33,80.66,0.33,0.41
2006-11-12,80.34,80.66,0.33,0.41
2006-11-13,80.34,80.67,0.32,0.40
2006-11-14,80.35,80.67,0.32,0.40
2006-11-15,80.36,80.68,0.32,0.40
2006-11-16,80.37,80.68,0.31,0.39
2006-11-17,80.37,80.69,0.31,0.39
2006-11-18,80.38,80.69,0.31,0.38
2006-11-19,80.39,80.70,0.31,0.38
2006-11-20,80.40,80.70,0.30,0.38
2006-11-21,80.41,80.71,0.30,0.37
2006-11-22,80.41,80.71,0.30,0.37
2006-11-23,80.42,80.72,0.29,0.37
2006-11-24,80.43,80.72,0.29,0.36
2006-11-25,80.44,80.72,0.29,0.36
2006-11-26,80.44,80.73,0.28,0.35
2006-11-27,80.45,80.73,0.28,0.35
2006-11-28,80.46,80.74,0.28,0.35
2006-11-29,80.47,80.74,0.28,0.34
2006-11-30,80.48,80.75,0.27,0.34
2006-12-01,80.48,80.75,0.27,0.33
2006-12-02,80.49,80.76,0.27,0.33
2006-12-03,80.49,80.76,0.27,0.33
2006-12-04,80.50,80.77,0.27,0.33
2006-12-05,80.50,80.77,0.27,0.33
2006-12-06,80.51,80.78,0.27,0.33
2006-12-07,80.51,80.78,0.27,0.33
2006-12-08,80.52,80.79,0.27,0.33
2006-12-09,80.52,80.79,0.27,0.33
2006-12-10,80.53,80.79,0.27,0.33
2006-12-11,80.53,80.80,0.26,0.33
2006-12-12,80.54,80.80,0.26,0.33
2006-12-13,80.54,80.81,0.26,0.33
2006-12-14,80.55,80.81,0.26,0.33
2006-12-15,80.55,80.82,0.26,0.33
2006-12-16,80.56,80.82,0.26,0.32
2006-12-17,80.56,80.83,0.26,0.32
2006-12-18,80.57,80.83,0.26,0.32
2006-12-19,80.57,80.83,0.26,0.32
2006-12-20,80.58,80.84,0.26,0.32
2006-12-21,80.58,80.84,0.26,0.32
2006-12-22,80.59,80.85,0.26,0.32
2006-12-23,80.59,80.85,0.26,0.32
2006-12-24,80.60,80.85,0.25,0.32
2006-12-25,80.60,80.86,0.25,0.31
2006-12-26,80.61,80.86,0.25,0.31
2006-12-27,80.62,80.87,0.25,0.31
2006-12-28,80.62,80.87,0.25,0.31
2006-12-29,80.63,80.87,0.25,0.31
2006-12-30,80.63,80.88,0.25,0.31
2006-12-31,80.64,80.88,0.25,0.30
2007-01-01,80.64,80.88,0.24,0.30
2007-01-02,80.66,80.89,0.23,0.29
2007-01-03,80.68,80.89,0.22,0.27
2007-01-04,80.69,80.90,0.20,0.25
2007-01-05,80.71,80.90,0.19,0.23
2007-01-06,80.73,80.90,0.17,0.22
2007-01-07,80.75,80.91,0.16,0.20
2007-01-08,80.76,80.91,0.15,0.18
2007-01-09,80.78,80.91,0.13,0.16
2007-01-10,80.80,80.92,0.12,0.15
2007-01-11,80.82,80.92,0.11,0.13
2007-01-12,80.84,80.93,0.09,0.11
2007-01-13,80.85,80.93,0.08,0.10
2007-01-14,80.87,80.94,0.07,0.08
2007-01-15,80.89,80.94,0.05,0.06
2007-01-16,80.91,80.94,0.04,0.05
2007-01-17,80.92,80.95,0.03,0.03
2007-01-18,80.94,80.95,0.01,0.02
2007-01-19,80.96,80.96,0.00,0.00
2007-01-20,80.98,80.96,0.01,0.02
2007-01-21,80.99,80.97,0.03,0.03
2007-01-22,81.01,80.97,0.04,0.05
2007-01-23,81.03,80.98,0.05,0.06
2007-01-24,81.05,80.98,0.06,0.08
2007-01-25,81.07,80.99,0.08,0.09
2007-01-26,81.08,80.99,0.09,0.11
2007-01-27,81.10,81.00,0.10,0.13
2007-01-28,81.12,81.00,0.11,0.14
2007-01-29,81.14,81.01,0.13,0.16
2007-01-30,81.15,81.02,0.14,0.17
2007-01-31,81.17,81.02,0.15,0.19
2007-02-01,81.19,81.03,0.16,0.20
2007-02-02,81.21,81.03,0.17,0.21
2007-02-03,81.22,81.04,0.18,0.23
2007-02-04,81.24,81.04,0.20,0.24
2007-02-05,81.26,81.05,0.21,0.25
2007-02-06,81.27,81.06,0.22,0.27
2007-02-07,81.29,81.06,0.23,0.28
2007-02-08,81.31,81.07,0.24,0.29
2007-02-09,81.32,81.07,0.25,0.31
2007-02-10,81.34,81.08,0.26,0.32
2007-02-11,81.36,81.09,0.27,0.33
2007-02-12,81.37,81.09,0.28,0.35
2007-02-13,81.39,81.10,0.29,0.36
2007-02-14,81.41,81.10,0.31,0.37
2007-02-15,81.42,81.11,0.32,0.39
2007-02-16,81.44,81.12,0.33,0.40
2007-02-17,81.46,81.12,0.34,0.41
2007-02-18,81.48,81.13,0.35,0.43
2007-02-19,81.49,81.13,0.36,0.44
2007-02-20,81.51,81.14,0.37,0.45
2007-02-21,81.53,81.15,0.38,0.47
2007-02-22,81.54,81.15,0.39,0.48
2007-02-23,81.56,81.16,0.40,0.49
2007-02-24,81.58,81.16,0.41,0.51
2007-02-25,81.59,81.17,0.42,0.52
2007-02-26,81.61,81.18,0.43,0.53
2007-02-27,81.63,81.18,0.44,0.54
2007-02-28,81.64,81.19,0.45,0.56
2007-03-01,81.66,81.20,0.47,0.57
2007-03-02,81.67,81.20,0.47,0.57
2007-03-03,81.68,81.21,0.47,0.58
2007-03-04,81.69,81.21,0.48,0.58
2007-03-05,81.70,81.22,0.48,0.59
2007-03-06,81.71,81.23,0.48,0.59
2007-03-07,81.72,81.23,0.49,0.60
2007-03-08,81.73,81.24,0.49,0.60
2007-03-09,81.74,81.25,0.50,0.61
2007-03-10,81.75,81.25,0.50,0.61
2007-03-11,81.76,81.26,0.50,0.61
2007-03-12,81.77,81.27,0.51,0.62
2007-03-13,81.78,81.27,0.51,0.62
2007-03-14,81.79,81.28,0.51,0.63
2007-03-15,81.80,81.28,0.52,0.63
2007-03-16,81.81,81.29,0.52,0.64
2007-03-17,81.82,81.30,0.52,0.64
2007-03-18,81.83,81.30,0.53,0.65
2007-03-19,81.84,81.31,0.53,0.65
2007-03-20,81.85,81.32,0.54,0.65
2007-03-21,81.86,81.32,0.54,0.66
2007-03-22,81.87,81.33,0.54,0.66
2007-03-23,81.88,81.34,0.55,0.67
2007-03-24,81.89,81.34,0.55,0.67
2007-03-25,81.90,81.35,0.55,0.68
2007-03-26,81.91,81.36,0.56,0.68
2007-03-27,81.92,81.36,0.56,0.69
2007-03-28,81.93,81.37,0.57,0.69
2007-03-29,81.94,81.37,0.57,0.69
2007-03-30,81.95,81.38,0.57,0.70
2007-03-31,81.96,81.39,0.58,0.70
2007-04-01,81.97,81.39,0.58,0.71
2007-04-02,81.98,81.40,0.58,0.70
2007-04-03,81.98,81.41,0.57,0.70
2007-04-04,81.98,81.41,0.57,0.69
2007-04-05,81.98,81.42,0.57,0.69
2007-04-06,81.99,81.43,0.56,0.68
2007-04-07,81.99,81.43,0.56,0.68
2007-04-08,81.99,81.44,0.55,0.68
2007-04-09,81.99,81.44,0.55,0.67
2007-04-10,82.00,81.45,0.55,0.67
2007-04-11,82.00,81.46,0.54,0.66
2007-04-12,82.00,81.46,0.54,0.66
2007-04-13,82.01,81.47,0.54,0.65
2007-04-14,82.01,81.48,0.53,0.65
2007-04-15,82.01,81.48,0.53,0.64
2007-04-16,82.01,81.49,0.52,0.64
2007-04-17,82.02,81.50,0.52,0.63
2007-04-18,82.02,81.50,0.52,0.63
2007-04-19,82.02,81.51,0.51,0.63
2007-04-20,82.02,81.51,0.51,0.62
2007-04-21,82.03,81.52,0.51,0.62
2007-04-22,82.03,81.53,0.50,0.61
2007-04-23,82.03,81.53,0.50,0.61
2007-04-24,82.03,81.54,0.49,0.60
2007-04-25,82.04,81.55,0.49,0.60
2007-04-26,82.04,81.55,0.49,0.59
2007-04-27,82.04,81.56,0.48,0.59
2007-04-28,82.04,81.56,0.48,0.59
2007-04-29,82.05,81.57,0.48,0.58
2007-04-30,82.05,81.58,0.47,0.58
2007-05-01,82.05,81.58,0.47,0.57
2007-05-02,82.05,81.59,0.46,0.57
2007-05-03,82.05,81.59,0.46,0.56
2007-05-04,82.05,81.60,0.45,0.55
2007-05-05,82.05,81.61,0.45,0.54
2007-05-06,82.05,81.61,0.44,0.54
2007-05-07,82.05,81.62,0.43,0.53
2007-05-08,82.05,81.62,0.43,0.52
2007-05-09,82.05,81.63,0.42,0.51
2007-05-10,82.05,81.64,0.42,0.51
2007-05-11,82.05,81.64,0.41,0.50
2007-05-12,82.05,81.65,0.40,0.49
2007-05-13,82.05,81.66,0.40,0.48
2007-05-14,82.05,81.66,0.39,0.47
2007-05-15,82.05,81.67,0.38,0.47
2007-05-16,82.05,81.68,0.38,0.46
2007-05-17,82.05,81.68,0.37,0.45
2007-05-18,82.05,81.69,0.36,0.44
2007-05-19,82.05,81.70,0.35,0.43
2007-05-20,82.05,81.71,0.35,0.42
2007-05-21,82.05,81.71,0.34,0.41
2007-05-22,82.05,81.72,0.33,0.40
2007-05-23,82.05,81.73,0.32,0.39
2007-05-24,82.05,81.74,0.31,0.38
2007-05-25,82.05,81.75,0.31,0.37
2007-05-26,82.05,81.75,0.30,0.36
2007-05-27,82.05,81.76,0.29,0.35
2007-05-28,82.05,81.77,0.28,0.34
2007-05-29,82.05,81.78,0.27,0.33
2007-05-30,82.05,81.79,0.26,0.32
2007-05-31,82.05,81.80,0.26,0.31
2007-06-01,82.05,81.81,0.25,0.30
2007-06-02,82.06,81.81,0.25,0.30
2007-06-03,82.07,81.82,0.25,0.30
2007-06-04,82.08,81.83,0.25,0.31
2007-06-05,82.09,81.84,0.25,0.31
2007-06-06,82.11,81.85,0.25,0.31
2007-06-07,82.12,81.86,0.26,0.31
2007-06-08,82.13,81.87,0.26,0.31
2007-06-09,82.14,81.88,0.26,0.31
2007-06-10,82.15,81.89,0.26,0.32
2007-06-11,82.16,81.90,0.26,0.32
2007-06-12,82.17,81.91,0.26,0.32
2007-06-13,82.18,81.92,0.26,0.32
2007-06-14,82.19,81.92,0.26,0.32
2007-06-15,82.20,81.93,0.27,0.32
2007-06-16,82.21,81.94,0.27,0.32
2007-06-17,82.22,81.95,0.27,0.33
2007-06-18,82.23,81.96,0.27,0.33
2007-06-19,82.24,81.97,0.27,0.33
2007-06-20,82.25,81.98,0.27,0.33
2007-06-21,82.26,81.99,0.27,0.33
2007-06-22,82.27,82.00,0.27,0.33
2007-06-23,82.28,82.01,0.28,0.34
2007-06-24,82.29,82.02,0.28,0.34
2007-06-25,82.30,82.03,0.28,0.34
2007-06-26,82.31,82.03,0.28,0.34
2007-06-27,82.33,82.04,0.28,0.34
2007-06-28,82.34,82.05,0.28,0.34
2007-06-29,82.35,82.06,0.28,0.34
2007-06-30,82.36,82.07,0.29,0.35
2007-07-01,82.37,82.08,0.29,0.35
2007-07-02,82.37,82.09,0.28,0.34
2007-07-03,82.37,82.10,0.27,0.33
2007-07-04,82.37,82.11,0.27,0.32
2007-07-05,82.38,82.12,0.26,0.32
2007-07-06,82.38,82.13,0.25,0.31
2007-07-07,82.38,82.13,0.25,0.30
2007-07-08,82.38,82.14,0.24,0.29
2007-07-09,82.39,82.15,0.23,0.28
2007-07-10,82.39,82.16,0.23,0.28
2007-07-11,82.39,82.17,0.22,0.27
2007-07-12,82.39,82.18,0.22,0.26
2007-07-13,82.40,82.19,0.21,0.25
2007-07-14,82.40,82.20,0.20,0.25
2007-07-15,82.40,82.21,0.20,0.24
2007-07-16,82.40,82.21,0.19,0.23
2007-07-17,82.41,82.22,0.18,0.22
2007-07-18,82.41,82.23,0.18,0.22
2007-07-19,82.41,82.24,0.17,0.21
2007-07-20,82.41,82.25,0.17,0.20
2007-07-21,82.42,82.26,0.16,0.20
2007-07-22,82.42,82.26,0.16,0.19
2007-07-23,82.42,82.27,0.15,0.18
2007-07-24,82.42,82.28,0.14,0.17
2007-07-25,82.43,82.29,0.14,0.17
2007-07-26,82.43,82.30,0.13,0.16
2007-07-27,82.43,82.31,0.13,0.15
2007-07-28,82.43,82.31,0.12,0.15
2007-07-29,82.44,82.32,0.12,0.14
2007-07-30,82.44,82.33,0.11,0.13
2007-07-31,82.44,82.34,0.10,0.13
2007-08-01,82.44,82.35,0.10,0.12
2007-08-02,82.46,82.35,0.11,0.13
2007-08-03,82.48,82.36,0.11,0.14
2007-08-04,82.49,82.37,0.12,0.15
2007-08-05,82.51,82.38,0.13,0.16
2007-08-06,82.52,82.38,0.14,0.17
2007-08-07,82.54,82.39,0.14,0.17
2007-08-08,82.55,82.40,0.15,0.18
2007-08-09,82.57,82.41,0.16,0.19
2007-08-10,82.58,82.42,0.17,0.20
2007-08-11,82.60,82.42,0.17,0.21
2007-08-12,82.61,82.43,0.18,0.22
2007-08-13,82.63,82.44,0.19,0.23
2007-08-14,82.64,82.45,0.19,0.24
2007-08-15,82.66,82.46,0.20,0.24
2007-08-16,82.67,82.46,0.21,0.25
2007-08-17,82.69,82.47,0.22,0.26
2007-08-18,82.70,82.48,0.22,0.27
2007-08-19,82.72,82.49,0.23,0.28
2007-08-20,82.73,82.50,0.24,0.28
2007-08-21,82.75,82.51,0.24,0.29
2007-08-22,82.76,82.51,0.25,0.30
2007-08-23,82.78,82.52,0.26,0.31
2007-08-24,82.79,82.53,0.26,0.32
2007-08-25,82.81,82.54,0.27,0.33
2007-08-26,82.82,82.55,0.28,0.33
2007-08-27,82.84,82.56,0.28,0.34
2007-08-28,82.86,82.57,0.29,0.35
2007-08-29,82.87,82.58,0.30,0.36
2007-08-30,82.89,82.58,0.30,0.36
2007-08-31,82.90,82.59,0.31,0.37
2007-09-01,82.92,82.60,0.31,0.38
2007-09-02,82.92,82.61,0.31,0.37
2007-09-03,82.93,82.62,0.31,0.37
2007-09-04,82.93,82.63,0.30,0.37
2007-09-05,82.94,82.64,0.30,0.36
2007-09-06,82.94,82.65,0.30,0.36
2007-09-07,82.95,82.66,0.29,0.35
2007-09-08,82.95,82.67,0.29,0.35
2007-09-09,82.96,82.67,0.28,0.34
2007-09-10,82.96,82.68,0.28,0.34
2007-09-11,82.97,82.69,0.27,0.33
2007-09-12,82.97,82.70,0.27,0.33
2007-09-13,82.98,82.71,0.27,0.32
2007-09-14,82.98,82.72,0.26,0.32
2007-09-15,82.99,82.73,0.26,0.31
2007-09-16,82.99,82.74,0.25,0.30
2007-09-17,83.00,82.75,0.25,0.30
2007-09-18,83.00,82.76,0.24,0.29
2007-09-19,83.01,82.77,0.24,0.29
2007-09-20,83.01,82.78,0.23,0.28
2007-09-21,83.02,82.79,0.23,0.28
2007-09-22,83.03,82.80,0.22,0.27
2007-09-23,83.03,82.81,0.22,0.26
2007-09-24,83.04,82.82,0.21,0.26
2007-09-25,83.04,82.83,0.21,0.25
2007-09-26,83.05,82.84,0.20,0.25
2007-09-27,83.05,82.85,0.20,0.24
2007-09-28,83.06,82.86,0.19,0.23
2007-09-29,83.06,82.87,0.19,0.23
2007-09-30,83.07,82.88,0.18,0.22
2007-10-01,83.07,82.90,0.18,0.21
2007-10-02,83.07,82.91,0.17,0.20
2007-10-03,83.07,82.92,0.16,0.19
2007-10-04,83.07,82.93,0.14,0.17
2007-10-05,83.07,82.94,0.13,0.16
2007-10-06,83.07,82.95,0.12,0.15
2007-10-07,83.07,82.96,0.11,0.13
2007-10-08,83.07,82.97,0.10,0.12
2007-10-09,83.07,82.98,0.09,0.11
2007-10-10,83.07,82.99,0.08,0.09
2007-10-11,83.07,83.00,0.07,0.08
2007-10-12,83.07,83.02,0.06,0.07
2007-10-13,83.07,83.03,0.04,0.05
2007-10-14,83.07,83.04,0.03,0.04
2007-10-15,83.07,83.05,0.02,0.03
2007-10-16,83.07,83.06,0.01,0.01
2007-10-17,83.07,83.07,0.00,0.00
2007-10-18,83.07,83.08,0.01,0.01
2007-10-19,83.07,83.10,0.02,0.03
2007-10-20,83.07,83.11,0.03,0.04
2007-10-21,83.07,83.12,0.05,0.06
2007-10-22,83.07,83.13,0.06,0.07
2007-10-23,83.07,83.14,0.07,0.08
2007-10-24,83.07,83.15,0.08,0.10
2007-10-25,83.07,83.16,0.09,0.11
2007-10-26,83.07,83.18,0.10,0.13
2007-10-27,83.07,83.19,0.12,0.14
2007-10-28,83.07,83.20,0.13,0.15
2007-10-29,83.07,83.21,0.14,0.17
2007-10-30,83.07,83.22,0.15,0.18
2007-10-31,83.07,83.24,0.16,0.20
2007-11-01,83.07,83.25,0.18,0.21
2007-11-02,83.08,83.26,0.18,0.21
2007-11-03,83.09,83.27,0.18,0.21
2007-11-04,83.10,83.28,0.18,0.22
2007-11-05,83.11,83.30,0.18,0.22
2007-11-06,83.12,83.31,0.18,0.22
2007-11-07,83.13,83.32,0.18,0.22
2007-11-08,83.15,83.33,0.19,0.22
2007-11-09,83.16,83.34,0.19,0.23
2007-11-10,83.17,83.36,0.19,0.23
2007-11-11,83.18,83.37,0.19,0.23
2007-11-12,83.19,83.38,0.19,0.23
2007-11-13,83.20,83.39,0.19,0.23
2007-11-14,83.21,83.40,0.19,0.23
2007-11-15,83.22,83.42,0.20,0.24
2007-11-16,83.23,83.43,0.20,0.24
2007-11-17,83.24,83.44,0.20,0.24
2007-11-18,83.25,83.45,0.20,0.24
2007-11-19,83.26,83.46,0.20,0.24
2007-11-20,83.27,83.48,0.20,0.25
2007-11-21,83.28,83.49,0.21,0.25
2007-11-22,83.29,83.50,0.21,0.25
2007-11-23,83.30,83.51,0.21,0.25
2007-11-24,83.31,83.52,0.21,0.25
2007-11-25,83.32,83.54,0.21,0.25
2007-11-26,83.33,83.55,0.21,0.26
2007-11-27,83.34,83.56,0.22,0.26
2007-11-28,83.35,83.57,0.22,0.26
2007-11-29,83.37,83.58,0.22,0.26
2007-11-30,83.38,83.60,0.22,0.26
2007-12-01,83.39,83.61,0.22,0.27
2007-12-02,83.40,83.62,0.22,0.26
2007-12-03,83.41,83.63,0.22,0.26
2007-12-04,83.42,83.64,0.22,0.26
2007-12-05,83.44,83.66,0.22,0.26
2007-12-06,83.45,83.67,0.22,0.26
2007-12-07,83.46,83.68,0.22,0.26
2007-12-08,83.47,83.69,0.22,0.26
2007-12-09,83.49,83.70,0.22,0.26
2007-12-10,83.50,83.72,0.22,0.26
2007-12-11,83.51,83.73,0.22,0.26
2007-12-12,83.53,83.74,0.22,0.26
2007-12-13,83.54,83.75,0.22,0.26
2007-12-14,83.55,83.77,0.22,0.26
2007-12-15,83.56,83.78,0.22,0.26
2007-12-16,83.58,83.79,0.22,0.26
2007-12-17,83.59,83.80,0.22,0.26
2007-12-18,83.60,83.82,0.22,0.26
2007-12-19,83.61,83.83,0.22,0.26
2007-12-20,83.63,83.84,0.22,0.26
2007-12-21,83.64,83.86,0.22,0.26
2007-12-22,83.65,83.87,0.22,0.26
2007-12-23,83.66,83.88,0.22,0.26
2007-12-24,83.68,83.90,0.22,0.26
2007-12-25,83.69,83.91,0.22,0.26
2007-12-26,83.70,83.92,0.22,0.26
2007-12-27,83.71,83.94,0.22,0.27
2007-12-28,83.73,83.95,0.22,0.27
2007-12-29,83.74,83.96,0.22,0.27
2007-12-30,83.75,83.98,0.23,0.27
2007-12-31,83.76,83.99,0.23,0.27
2008-01-01,83.78,84.01,0.23,0.27
2008-01-02,83.79,84.02,0.23,0.28
2008-01-03,83.80,84.03,0.24,0.28
2008-01-04,83.81,84.05,0.24,0.29
2008-01-05,83.82,84.06,0.24,0.29
2008-01-06,83.83,84.08,0.25,0.30
2008-01-07,83.84,84.09,0.25,0.30
2008-01-08,83.85,84.11,0.26,0.31
2008-01-09,83.86,84.12,0.26,0.31
2008-01-10,83.87,84.13,0.26,0.32
2008-01-11,83.88,84.15,0.27,0.32
2008-01-12,83.89,84.16,0.27,0.33
2008-01-13,83.90,84.18,0.28,0.33
2008-01-14,83.91,84.19,0.28,0.33
2008-01-15,83.92,84.20,0.28,0.34
2008-01-16,83.93,84.22,0.29,0.34
2008-01-17,83.94,84.23,0.29,0.35
2008-01-18,83.95,84.24,0.29,0.35
2008-01-19,83.96,84.26,0.30,0.35
2008-01-20,83.97,84.27,0.30,0.36
2008-01-21,83.98,84.29,0.30,0.36
2008-01-22,83.99,84.30,0.31,0.37
2008-01-23,84.00,84.31,0.31,0.37
2008-01-24,84.01,84.32,0.31,0.37
2008-01-25,84.02,84.34,0.32,0.38
2008-01-26,84.03,84.35,0.32,0.38
2008-01-27,84.04,84.36,0.32,0.38
2008-01-28,84.05,84.38,0.33,0.39
2008-01-29,84.06,84.39,0.33,0.39
2008-01-30,84.07,84.40,0.33,0.39
2008-01-31,84.08,84.42,0.33,0.40
2008-02-01,84.09,84.43,0.34,0.40
2008-02-02,84.12,84.44,0.32,0.38
2008-02-03,84.15,84.45,0.31,0.36
2008-02-04,84.17,84.47,0.29,0.35
2008-02-05,84.20,84.48,0.28,0.33
2008-02-06,84.23,84.49,0.26,0.31
2008-02-07,84.25,84.50,0.25,0.30
2008-02-08,84.28,84.52,0.23,0.28
2008-02-09,84.31,84.53,0.22,0.26
2008-02-10,84.34,84.54,0.21,0.24
2008-02-11,84.36,84.55,0.19,0.23
2008-02-12,84.39,84.57,0.18,0.21
2008-02-13,84.42,84.58,0.16,0.19
2008-02-14,84.44,84.59,0.15,0.18
2008-02-15,84.47,84.61,0.14,0.16
2008-02-16,84.50,84.62,0.12,0.14
2008-02-17,84.53,84.63,0.11,0.13
2008-02-18,84.55,84.65,0.09,0.11
2008-02-19,84.58,84.66,0.08,0.09
2008-02-20,84.61,84.67,0.06,0.08
2008-02-21,84.63,84.68,0.05,0.06
2008-02-22,84.66,84.70,0.04,0.04
2008-02-23,84.69,84.71,0.02,0.03
2008-02-24,84.71,84.72,0.01,0.01
2008-02-25,84.74,84.74,0.00,0.01
2008-02-26,84.77,84.75,0.02,0.02
2008-02-27,84.80,84.76,0.03,0.04
2008-02-28,84.82,84.78,0.05,0.05
2008-02-29,84.85,84.79,0.06,0.07
2008-03-01,84.88,84.80,0.07,0.09
2008-03-02,84.89,84.82,0.08,0.09
2008-03-03,84.91,84.83,0.08,0.09
2008-03-04,84.92,84.84,0.08,0.09
2008-03-05,84.94,84.86,0.08,0.10
2008-03-06,84.95,84.87,0.08,0.10
2008-03-07,84.97,84.88,0.09,0.10
2008-03-08,84.98,84.90,0.09,0.10
2008-03-09,85.00,84.91,0.09,0.11
2008-03-10,85.01,84.92,0.09,0.11
2008-03-11,85.03,84.93,0.10,0.11
2008-03-12,85.04,84.95,0.10,0.12
2008-03-13,85.06,84.96,0.10,0.12
2008-03-14,85.07,84.97,0.10,0.12
2008-03-15,85.09,84.98,0.11,0.13
2008-03-16,85.10,84.99,0.11,0.13
2008-03-17,85.12,85.01,0.11,0.13
2008-03-18,85.14,85.02,0.12,0.14
2008-03-19,85.15,85.03,0.12,0.14
2008-03-20,85.17,85.04,0.12,0.15
2008-03-21,85.18,85.05,0.13,0.15
2008-03-22,85.20,85.06,0.13,0.16
2008-03-23,85.21,85.07,0.14,0.16
2008-03-24,85.23,85.09,0.14,0.16
2008-03-25,85.24,85.10,0.14,0.17
2008-03-26,85.26,85.11,0.15,0.18
2008-03-27,85.27,85.12,0.15,0.18
2008-03-28,85.29,85.13,0.16,0.19
2008-03-29,85.30,85.14,0.16,0.19
2008-03-30,85.32,85.15,0.17,0.20
2008-03-31,85.33,85.16,0.17,0.20
2008-04-01,85.35,85.17,0.18,0.21
2008-04-02,85.37,85.18,0.19,0.22
2008-04-03,85.40,85.19,0.21,0.24
2008-04-04,85.42,85.20,0.22,0.26
2008-04-05,85.44,85.21,0.23,0.27
2008-04-06,85.47,85.22,0.25,0.29
2008-04-07,85.49,85.23,0.26,0.30
2008-04-08,85.51,85.24,0.27,0.32
2008-04-09,85.54,85.25,0.29,0.34
2008-04-10,85.56,85.26,0.30,0.35
2008-04-11,85.58,85.27,0.31,0.37
2008-04-12,85.61,85.28,0.33,0.38
2008-04-13,85.63,85.29,0.34,0.40
2008-04-14,85.65,85.30,0.35,0.41
2008-04-15,85.68,85.31,0.37,0.43
2008-04-16,85.70,85.32,0.38,0.44
2008-04-17,85.72,85.33,0.39,0.46
2008-04-18,85.75,85.34,0.41,0.48
2008-04-19,85.77,85.35,0.42,0.49
2008-04-20,85.79,85.36,0.43,0.51
2008-04-21,85.82,85.37,0.45,0.52
2008-04-22,85.84,85.38,0.46,0.54
2008-04-23,85.86,85.39,0.47,0.55
2008-04-24,85.89,85.40,0.49,0.57
2008-04-25,85.91,85.41,0.50,0.58
2008-04-26,85.93,85.42,0.51,0.60
2008-04-27,85.96,85.43,0.53,0.61
2008-04-28,85.98,85.44,0.54,0.63
2008-04-29,86.01,85.45,0.55,0.64
2008-04-30,86.03,85.46,0.56,0.66
2008-05-01,86.05,85.47,0.58,0.67
2008-05-02,86.07,85.49,0.58,0.68
2008-05-03,86.09,85.50,0.59,0.69
2008-05-04,86.11,85.51,0.60,0.70
2008-05-05,86.12,85.52,0.61,0.70
2008-05-06,86.14,85.53,0.61,0.71
2008-05-07,86.16,85.54,0.62,0.72
2008-05-08,86.18,85.55,0.63,0.73
2008-05-09,86.19,85.56,0.63,0.74
2008-05-10,86.21,85.57,0.64,0.74
2008-05-11,86.23,85.58,0.65,0.75
2008-05-12,86.25,85.59,0.66,0.76
2008-05-13,86.26,85.60,0.66,0.77
2008-05-14,86.28,85.61,0.67,0.78
2008-05-15,86.30,85.62,0.68,0.78
2008-05-16,86.32,85.63,0.68,0.79
2008-05-17,86.34,85.65,0.69,0.80
2008-05-18,86.35,85.66,0.70,0.81
2008-05-19,86.37,85.67,0.70,0.82
2008-05-20,86.39,85.68,0.71,0.82
2008-05-21,86.41,85.69,0.72,0.83
2008-05-22,86.42,85.70,0.73,0.84
2008-05-23,86.44,85.71,0.73,0.85
2008-05-24,86.46,85.72,0.74,0.85
2008-05-25,86.48,85.73,0.75,0.86
2008-05-26,86.50,85.74,0.75,0.87
2008-05-27,86.51,85.75,0.76,0.88
2008-05-28,86.53,85.76,0.77,0.89
2008-05-29,86.55,85.78,0.77,0.89
2008-05-30,86.57,85.79,0.78,0.90
2008-05-31,86.58,85.80,0.79,0.91
2008-06-01,86.60,85.81,0.79,0.92
2008-06-02,86.62,85.82,0.80,0.93
2008-06-03,86.64,85.83,0.81,0.94
2008-06-04,86.66,85.84,0.82,0.95
2008-06-05,86.69,85.85,0.83,0.96
2008-06-06,86.71,85.86,0.84,0.97
2008-06-07,86.73,85.87,0.85,0.98
2008-06-08,86.75,85.88,0.86,1.00
2008-06-09,86.77,85.90,0.87,1.01
2008-06-10,86.79,85.91,0.88,1.02
2008-06-11,86.81,85.92,0.89,1.03
2008-06-12,86.83,85.93,0.90,1.04
2008-06-13,86.85,85.94,0.91,1.05
2008-06-14,86.87,85.95,0.92,1.06
2008-06-15,86.89,85.96,0.93,1.07
2008-06-16,86.92,85.97,0.94,1.09
2008-06-17,86.94,85.98,0.95,1.10
2008-06-18,86.96,85.99,0.96,1.11
2008-06-19,86.98,86.01,0.97,1.12
2008-06-20,87.00,86.02,0.98,1.13
2008-06-21,87.02,86.03,0.99,1.14
2008-06-22,87.04,86.04,1.00,1.15
2008-06-23,87.06,86.05,1.01,1.16
2008-06-24,87.08,86.06,1.02,1.17
2008-06-25,87.10,86.07,1.03,1.18
2008-06-26,87.13,86.08,1.04,1.20
2008-06-27,87.15,86.09,1.05,1.21
2008-06-28,87.17,86.11,1.06,1.22
2008-06-29,87.19,86.12,1.07,1.23
2008-06-30,87.21,86.13,1.08,1.24
2008-07-01,87.23,86.14,1.09,1.25
2008-07-02,87.22,86.15,1.07,1.23
2008-07-03,87.22,86.16,1.06,1.21
2008-07-04,87.21,86.17,1.04,1.20
2008-07-05,87.21,86.18,1.03,1.18
2008-07-06,87.20,86.19,1.01,1.16
2008-07-07,87.20,86.21,0.99,1.14
2008-07-08,87.19,86.22,0.98,1.12
2008-07-09,87.19,86.23,0.96,1.10
2008-07-10,87.18,86.24,0.95,1.08
2008-07-11,87.18,86.25,0.93,1.07
2008-07-12,87.17,86.26,0.91,1.05
2008-07-13,87.17,86.27,0.90,1.03
2008-07-14,87.16,86.28,0.88,1.01
2008-07-15,87.16,86.29,0.87,0.99
2008-07-16,87.15,86.30,0.85,0.98
2008-07-17,87.15,86.31,0.83,0.96
2008-07-18,87.14,86.32,0.82,0.94
2008-07-19,87.14,86.34,0.80,0.92
2008-07-20,87.13,86.35,0.79,0.90
2008-07-21,87.13,86.36,0.77,0.89
2008-07-22,87.12,86.37,0.76,0.87
2008-07-23,87.12,86.38,0.74,0.85
2008-07-24,87.11,86.39,0.72,0.83
2008-07-25,87.11,86.40,0.71,0.81
2008-07-26,87.10,86.41,0.69,0.80
2008-07-27,87.10,86.42,0.68,0.78
2008-07-28,87.09,86.43,0.66,0.76
2008-07-29,87.09,86.44,0.65,0.74
2008-07-30,87.08,86.45,0.63,0.73
2008-07-31,87.08,86.46,0.62,0.71
2008-08-01,87.07,86.47,0.60,0.69
2008-08-02,87.08,86.48,0.59,0.68
2008-08-03,87.08,86.49,0.59,0.67
2008-08-04,87.08,86.50,0.58,0.66
2008-08-05,87.08,86.51,0.57,0.66
2008-08-06,87.09,86.52,0.56,0.65
2008-08-07,87.09,86.53,0.56,0.64
2008-08-08,87.09,86.54,0.55,0.63
2008-08-09,87.09,86.55,0.54,0.62
2008-08-10,87.10,86.56,0.53,0.61
2008-08-11,87.10,86.57,0.53,0.61
2008-08-12,87.10,86.58,0.52,0.60
2008-08-13,87.10,86.59,0.51,0.59
2008-08-14,87.11,86.60,0.51,0.58
2008-08-15,87.11,86.61,0.50,0.57
2008-08-16,87.11,86.62,0.49,0.57
2008-08-17,87.11,86.63,0.49,0.56
2008-08-18,87.12,86.64,0.48,0.55
2008-08-19,87.12,86.65,0.47,0.54
2008-08-20,87.12,86.66,0.47,0.53
2008-08-21,87.12,86.66,0.46,0.53
2008-08-22,87.13,86.67,0.45,0.52
2008-08-23,87.13,86.68,0.45,0.51
2008-08-24,87.13,86.69,0.44,0.51
2008-08-25,87.13,86.70,0.43,0.50
2008-08-26,87.14,86.71,0.43,0.49
2008-08-27,87.14,86.72,0.42,0.48
2008-08-28,87.14,86.73,0.42,0.48
2008-08-29,87.14,86.73,0.41,0.47
2008-08-30,87.15,86.74,0.40,0.46
2008-08-31,87.15,86.75,0.40,0.46
2008-09-01,87.15,86.76,0.39,0.45
2008-09-02,87.15,86.77,0.38,0.44
2008-09-03,87.15,86.78,0.37,0.43
2008-09-04,87.14,86.78,0.36,0.41
2008-09-05,87.14,86.79,0.35,0.40
2008-09-06,87.14,86.80,0.34,0.39
2008-09-07,87.14,86.81,0.33,0.38
2008-09-08,87.13,86.81,0.32,0.37
2008-09-09,87.13,86.82,0.31,0.35
2008-09-10,87.13,86.83,0.30,0.34
2008-09-11,87.13,86.84,0.29,0.33
2008-09-12,87.12,86.85,0.28,0.32
2008-09-13,87.12,86.85,0.27,0.31
2008-09-14,87.12,86.86,0.26,0.29
2008-09-15,87.11,86.87,0.25,0.28
2008-09-16,87.11,86.88,0.24,0.27
2008-09-17,87.11,86.88,0.23,0.26
2008-09-18,87.11,86.89,0.22,0.25
2008-09-19,87.10,86.90,0.21,0.24
2008-09-20,87.10,86.91,0.20,0.23
2008-09-21,87.10,86.91,0.19,0.21
2008-09-22,87.10,86.92,0.18,0.20
2008-09-23,87.09,86.93,0.17,0.19
2008-09-24,87.09,86.93,0.16,0.18
2008-09-25,87.09,86.94,0.15,0.17
2008-09-26,87.09,86.95,0.14,0.16
2008-09-27,87.08,86.96,0.13,0.15
2008-09-28,87.08,86.96,0.12,0.14
2008-09-29,87.08,86.97,0.11,0.12
2008-09-30,87.08,86.98,0.10,0.11
2008-10-01,87.07,86.98,0.09,0.10
2008-10-02,87.07,86.99,0.08,0.09
2008-10-03,87.06,87.00,0.06,0.07
2008-10-04,87.05,87.00,0.05,0.05
2008-10-05,87.04,87.01,0.03,0.04
2008-10-06,87.03,87.02,0.02,0.02
2008-10-07,87.03,87.02,0.00,0.00
2008-10-08,87.02,87.03,0.01,0.01
2008-10-09,87.01,87.04,0.02,0.03
2008-10-10,87.00,87.04,0.04,0.04
2008-10-11,87.00,87.05,0.05,0.06
2008-10-12,86.99,87.06,0.07,0.08
2008-10-13,86.98,87.06,0.08,0.09
2008-10-14,86.97,87.07,0.09,0.11
2008-10-15,86.97,87.08,0.11,0.13
2008-10-16,86.96,87.08,0.12,0.14
2008-10-17,86.95,87.09,0.14,0.16
2008-10-18,86.94,87.09,0.15,0.17
2008-10-19,86.94,87.10,0.16,0.19
2008-10-20,86.93,87.11,0.18,0.21
2008-10-21,86.92,87.11,0.19,0.22
2008-10-22,86.91,87.12,0.21,0.24
2008-10-23,86.91,87.13,0.22,0.25
2008-10-24,86.90,87.13,0.23,0.27
2008-10-25,86.89,87.14,0.25,0.29
2008-10-26,86.88,87.15,0.26,0.30
2008-10-27,86.88,87.15,0.28,0.32
2008-10-28,86.87,87.16,0.29,0.33
2008-10-29,86.86,87.16,0.30,0.35
2008-10-30,86.85,87.17,0.32,0.37
2008-10-31,86.85,87.18,0.33,0.38
2008-11-01,86.84,87.18,0.35,0.40
2008-11-02,86.84,87.19,0.35,0.41
2008-11-03,86.84,87.20,0.36,0.41
2008-11-04,86.84,87.20,0.36,0.42
2008-11-05,86.84,87.21,0.37,0.43
2008-11-06,86.84,87.22,0.38,0.43
2008-11-07,86.84,87.22,0.38,0.44
2008-11-08,86.84,87.23,0.39,0.45
2008-11-09,86.84,87.23,0.40,0.46
2008-11-10,86.84,87.24,0.40,0.46
2008-11-11,86.84,87.25,0.41,0.47
2008-11-12,86.84,87.25,0.42,0.48
2008-11-13,86.84,87.26,0.42,0.49
2008-11-14,86.84,87.27,0.43,0.49
2008-11-15,86.84,87.27,0.43,0.50
2008-11-16,86.84,87.28,0.44,0.51
2008-11-17,86.84,87.28,0.45,0.52
2008-11-18,86.84,87.29,0.45,0.52
2008-11-19,86.84,87.30,0.46,0.53
2008-11-20,86.84,87.30,0.47,0.54
2008-11-21,86.84,87.31,0.47,0.54
2008-11-22,86.84,87.32,0.48,0.55
2008-11-23,86.84,87.32,0.49,0.56
2008-11-24,86.84,87.33,0.49,0.57
2008-11-25,86.84,87.34,0.50,0.57
2008-11-26,86.84,87.34,0.51,0.58
2008-11-27,86.84,87.35,0.51,0.59
2008-11-28,86.84,87.36,0.52,0.60
2008-11-29,86.84,87.36,0.52,0.60
2008-11-30,86.84,87.37,0.53,0.61
2008-12-01,86.84,87.38,0.54,0.62
2008-12-02,86.84,87.38,0.54,0.62
2008-12-03,86.84,87.39,0.55,0.63
2008-12-04,86.85,87.39,0.55,0.63
2008-12-05,86.85,87.40,0.55,0.64
2008-12-06,86.85,87.41,0.56,0.64
2008-12-07,86.85,87.41,0.56,0.65
2008-12-08,86.86,87.42,0.57,0.65
2008-12-09,86.86,87.43,0.57,0.66
2008-12-10,86.86,87.43,0.57,0.66
2008-12-11,86.86,87.44,0.58,0.66
2008-12-12,86.87,87.45,0.58,0.67
2008-12-13,86.87,87.45,0.58,0.67
2008-12-14,86.87,87.46,0.59,0.68
2008-12-15,86.87,87.46,0.59,0.68
2008-12-16,86.88,87.47,0.59,0.68
2008-12-17,86.88,87.48,0.60,0.69
2008-12-18,86.88,87.48,0.60,0.69
2008-12-19,86.88,87.49,0.60,0.69
2008-12-20,86.89,87.49,0.61,0.70
2008-12-21,86.89,87.50,0.61,0.70
2008-12-22,86.89,87.50,0.61,0.70
2008-12-23,86.89,87.51,0.61,0.71
2008-12-24,86.90,87.51,0.62,0.71
2008-12-25,86.90,87.52,0.62,0.71
2008-12-26,86.90,87.52,0.62,0.71
2008-12-27,86.90,87.53,0.62,0.72
2008-12-28,86.91,87.53,0.63,0.72
2008-12-29,86.91,87.54,0.63,0.72
2008-12-30,86.91,87.54,0.63,0.72
2008-12-31,86.91,87.55,0.63,0.73
2009-01-01,86.92,87.55,0.63,0.73
2009-01-02,86.94,87.55,0.62,0.71
2009-01-03,86.96,87.56,0.60,0.69
2009-01-04,86.98,87.56,0.58,0.67
2009-01-05,87.00,87.57,0.57,0.65
2009-01-06,87.02,87.57,0.55,0.63
2009-01-07,87.04,87.57,0.54,0.62
2009-01-08,87.06,87.58,0.52,0.60
2009-01-09,87.08,87.58,0.50,0.58
2009-01-10,87.10,87.59,0.49,0.56
2009-01-11,87.12,87.59,0.47,0.54
2009-01-12,87.14,87.59,0.45,0.52
2009-01-13,87.16,87.60,0.44,0.50
2009-01-14,87.18,87.60,0.42,0.48
2009-01-15,87.20,87.61,0.41,0.47
2009-01-16,87.22,87.61,0.39,0.45
2009-01-17,87.24,87.61,0.37,0.43
2009-01-18,87.26,87.62,0.36,0.41
2009-01-19,87.28,87.62,0.34,0.39
2009-01-20,87.30,87.63,0.33,0.37
2009-01-21,87.32,87.63,0.31,0.36
2009-01-22,87.34,87.64,0.30,0.34
2009-01-23,87.36,87.64,0.28,0.32
2009-01-24,87.38,87.65,0.27,0.30
2009-01-25,87.40,87.65,0.25,0.29
2009-01-26,87.42,87.66,0.23,0.27
2009-01-27,87.44,87.66,0.22,0.25
2009-01-28,87.46,87.67,0.20,0.23
2009-01-29,87.48,87.67,0.19,0.22
2009-01-30,87.50,87.68,0.17,0.20
2009-01-31,87.52,87.68,0.16,0.18
2009-02-01,87.54,87.69,0.14,0.16
2009-02-02,87.57,87.69,0.13,0.14
2009-02-03,87.59,87.70,0.11,0.12
2009-02-04,87.61,87.70,0.09,0.10
2009-02-05,87.63,87.71,0.07,0.09
2009-02-06,87.66,87.71,0.06,0.07
2009-02-07,87.68,87.72,0.04,0.05
2009-02-08,87.70,87.72,0.02,0.03
2009-02-09,87.72,87.73,0.01,0.01
2009-02-10,87.75,87.74,0.01,0.01
2009-02-11,87.77,87.74,0.03,0.03
2009-02-12,87.79,87.75,0.04,0.05
2009-02-13,87.81,87.75,0.06,0.07
2009-02-14,87.84,87.76,0.08,0.09
2009-02-15,87.86,87.76,0.10,0.11
2009-02-16,87.88,87.77,0.11,0.13
2009-02-17,87.90,87.77,0.13,0.15
2009-02-18,87.92,87.78,0.15,0.17
2009-02-19,87.95,87.78,0.16,0.19
2009-02-20,87.97,87.79,0.18,0.21
2009-02-21,87.99,87.79,0.20,0.22
2009-02-22,88.01,87.80,0.21,0.24
2009-02-23,88.04,87.80,0.23,0.26
2009-02-24,88.06,87.81,0.25,0.28
2009-02-25,88.08,87.82,0.27,0.30
2009-02-26,88.10,87.82,0.28,0.32
2009-02-27,88.13,87.83,0.30,0.34
2009-02-28,88.15,87.83,0.32,0.36
2009-03-01,88.17,87.84,0.33,0.38
2009-03-02,88.18,87.84,0.34,0.38
2009-03-03,88.19,87.85,0.34,0.38
2009-03-04,88.19,87.85,0.34,0.39
2009-03-05,88.20,87.86,0.34,0.39
2009-03-06,88.21,87.86,0.35,0.39
2009-03-07,88.22,87.87,0.35,0.39
2009-03-08,88.22,87.87,0.35,0.40
2009-03-09,88.23,87.88,0.35,0.40
2009-03-10,88.24,87.88,0.35,0.40
2009-03-11,88.25,87.89,0.36,0.40
2009-03-12,88.25,87.90,0.36,0.41
2009-03-13,88.26,87.90,0.36,0.41
2009-03-14,88.27,87.91,0.36,0.41
2009-03-15,88.28,87.91,0.36,0.41
2009-03-16,88.28,87.92,0.37,0.41
2009-03-17,88.29,87.92,0.37,0.42
2009-03-18,88.30,87.93,0.37,0.42
2009-03-19,88.31,87.94,0.37,0.42
2009-03-20,88.31,87.94,0.37,0.42
2009-03-21,88.32,87.95,0.37,0.42
2009-03-22,88.33,87.95,0.38,0.43
2009-03-23,88.34,87.96,0.38,0.43
2009-03-24,88.34,87.97,0.38,0.43
2009-03-25,88.35,87.97,0.38,0.43
2009-03-26,88.36,87.98,0.38,0.43
2009-03-27,88.37,87.99,0.38,0.43
2009-03-28,88.38,87.99,0.38,0.43
2009-03-29,88.38,88.00,0.38,0.44
2009-03-30,88.39,88.00,0.39,0.44
2009-03-31,88.40,88.01,0.39,0.44
2009-04-01,88.41,88.02,0.39,0.44
2009-04-02,88.41,88.02,0.38,0.43
2009-04-03,88.41,88.03,0.37,0.42
2009-04-04,88.41,88.04,0.37,0.42
2009-04-05,88.41,88.04,0.36,0.41
2009-04-06,88.41,88.05,0.36,0.40
2009-04-07,88.41,88.06,0.35,0.39
2009-04-08,88.41,88.06,0.34,0.39
2009-04-09,88.41,88.07,0.34,0.38
2009-04-10,88.41,88.08,0.33,0.37
2009-04-11,88.41,88.08,0.32,0.37
2009-04-12,88.41,88.09,0.32,0.36
2009-04-13,88.41,88.10,0.31,0.35
2009-04-14,88.41,88.10,0.30,0.34
2009-04-15,88.41,88.11,0.30,0.34
2009-04-16,88.41,88.11,0.29,0.33
2009-04-17,88.41,88.12,0.29,0.32
2009-04-18,88.41,88.13,0.28,0.32
2009-04-19,88.41,88.13,0.27,0.31
2009-04-20,88.41,88.14,0.27,0.30
2009-04-21,88.41,88.14,0.26,0.29
2009-04-22,88.41,88.15,0.25,0.29
2009-04-23,88.41,88.16,0.25,0.28
2009-04-24,88.41,88.16,0.24,0.27
2009-04-25,88.41,88.17,0.24,0.27
2009-04-26,88.41,88.17,0.23,0.26
2009-04-27,88.41,88.18,0.22,0.25
2009-04-28,88.41,88.19,0.22,0.25
2009-04-29,88.41,88.19,0.21,0.24
2009-04-30,88.41,88.20,0.21,0.23
2009-05-01,88.41,88.20,0.20,0.23
2009-05-02,88.40,88.21,0.19,0.22
2009-05-03,88.40,88.22,0.18,0.21
2009-05-04,88.40,88.22,0.18,0.20
2009-05-05,88.40,88.23,0.17,0.19
2009-05-06,88.39,88.23,0.16,0.18
2009-05-07,88.39,88.24,0.15,0.17
2009-05-08,88.39,88.24,0.14,0.16
2009-05-09,88.39,88.25,0.14,0.15
2009-05-10,88.38,88.26,0.13,0.14
2009-05-11,88.38,88.26,0.12,0.13
2009-05-12,88.38,88.27,0.11,0.13
2009-05-13,88.38,88.27,0.10,0.12
2009-05-14,88.37,88.28,0.10,0.11
2009-05-15,88.37,88.28,0.09,0.10
2009-05-16,88.37,88.29,0.08,0.09
2009-05-17,88.36,88.29,0.07,0.08
2009-05-18,88.36,88.30,0.06,0.07
2009-05-19,88.36,88.30,0.06,0.06
2009-05-20,88.36,88.31,0.05,0.06
2009-05-21,88.35,88.31,0.04,0.05
2009-05-22,88.35,88.32,0.03,0.04
2009-05-23,88.35,88.32,0.03,0.03
2009-05-24,88.35,88.33,0.02,0.02
2009-05-25,88.34,88.33,0.01,0.01
2009-05-26,88.34,88.34,0.01,0.01
2009-05-27,88.34,88.34,0.00,0.00
2009-05-28,88.34,88.35,0.01,0.01
2009-05-29,88.33,88.35,0.02,0.02
2009-05-30,88.33,88.36,0.02,0.03
2009-05-31,88.33,88.36,0.03,0.03
2009-06-01,88.33,88.36,0.04,0.04
2009-06-02,88.34,88.37,0.03,0.04
2009-06-03,88.35,88.37,0.03,0.03
2009-06-04,88.36,88.38,0.02,0.02
2009-06-05,88.37,88.38,0.01,0.01
2009-06-06,88.38,88.39,0.01,0.01
2009-06-07,88.39,88.39,0.00,0.00
2009-06-08,88.40,88.39,0.01,0.01
2009-06-09,88.41,88.40,0.01,0.01
2009-06-10,88.42,88.40,0.02,0.02
2009-06-11,88.43,88.41,0.02,0.03
2009-06-12,88.44,88.41,0.03,0.03
2009-06-13,88.45,88.42,0.04,0.04
2009-06-14,88.46,88.42,0.04,0.05
2009-06-15,88.47,88.42,0.05,0.06
2009-06-16,88.48,88.43,0.06,0.06
2009-06-17,88.49,88.43,0.06,0.07
2009-06-18,88.51,88.44,0.07,0.08
2009-06-19,88.52,88.44,0.07,0.08
2009-06-20,88.53,88.45,0.08,0.09
2009-06-21,88.54,88.45,0.09,0.10
2009-06-22,88.55,88.45,0.09,0.11
2009-06-23,88.56,88.46,0.10,0.11
2009-06-24,88.57,88.46,0.11,0.12
2009-06-25,88.58,88.47,0.11,0.13
2009-06-26,88.59,88.47,0.12,0.13
2009-06-27,88.60,88.47,0.12,0.14
2009-06-28,88.61,88.48,0.13,0.15
2009-06-29,88.62,88.48,0.14,0.16
2009-06-30,88.63,88.49,0.14,0.16
2009-07-01,88.64,88.49,0.15,0.17
2009-07-02,88.65,88.50,0.16,0.18
2009-07-03,88.66,88.50,0.16,0.18
2009-07-04,88.67,88.50,0.17,0.19
2009-07-05,88.68,88.51,0.17,0.20
2009-07-06,88.69,88.51,0.18,0.20
2009-07-07,88.70,88.52,0.19,0.21
2009-07-08,88.71,88.52,0.19,0.22
2009-07-09,88.72,88.53,0.20,0.22
2009-07-10,88.73,88.53,0.20,0.23
2009-07-11,88.74,88.54,0.21,0.23
2009-07-12,88.75,88.54,0.21,0.24
2009-07-13,88.76,88.55,0.22,0.24
2009-07-14,88.77,88.55,0.22,0.25
2009-07-15,88.78,88.56,0.23,0.26
2009-07-16,88.79,88.56,0.23,0.26
2009-07-17,88.80,88.57,0.24,0.27
2009-07-18,88.81,88.57,0.24,0.27
2009-07-19,88.82,88.58,0.25,0.28
2009-07-20,88.83,88.58,0.25,0.28
2009-07-21,88.84,88.59,0.25,0.29
2009-07-22,88.85,88.59,0.26,0.29
2009-07-23,88.86,88.60,0.26,0.30
2009-07-24,88.87,88.61,0.27,0.30
2009-07-25,88.88,88.61,0.27,0.31
2009-07-26,88.89,88.62,0.28,0.31
2009-07-27,88.90,88.63,0.28,0.31
2009-07-28,88.91,88.63,0.28,0.32
2009-07-29,88.93,88.64,0.29,0.32
2009-07-30,88.94,88.64,0.29,0.33
2009-07-31,88.95,88.65,0.29,0.33
2009-08-01,88.96,88.66,0.30,0.33
2009-08-02,88.96,88.66,0.29,0.33
2009-08-03,88.96,88.67,0.29,0.33
2009-08-04,88.96,88.68,0.29,0.32
2009-08-05,88.97,88.68,0.28,0.32
2009-08-06,88.97,88.69,0.28,0.31
2009-08-07,88.97,88.70,0.27,0.31
2009-08-08,88.97,88.71,0.27,0.30
2009-08-09,88.98,88.71,0.26,0.30
2009-08-10,88.98,88.72,0.26,0.29
2009-08-11,88.98,88.73,0.25,0.29
2009-08-12,88.98,88.73,0.25,0.28
2009-08-13,88.99,88.74,0.24,0.28
2009-08-14,88.99,88.75,0.24,0.27
2009-08-15,88.99,88.76,0.24,0.26
2009-08-16,88.99,88.76,0.23,0.26
2009-08-17,89.00,88.77,0.23,0.25
2009-08-18,89.00,88.78,0.22,0.25
2009-08-19,89.00,88.79,0.22,0.24
2009-08-20,89.00,88.79,0.21,0.24
2009-08-21,89.01,88.80,0.21,0.23
2009-08-22,89.01,88.81,0.20,0.23
2009-08-23,89.01,88.82,0.20,0.22
2009-08-24,89.01,88.82,0.19,0.21
2009-08-25,89.02,88.83,0.19,0.21
2009-08-26,89.02,88.84,0.18,0.20
2009-08-27,89.02,88.85,0.17,0.20
2009-08-28,89.02,88.85,0.17,0.19
2009-08-29,89.03,88.86,0.16,0.18
2009-08-30,89.03,88.87,0.16,0.18
2009-08-31,89.03,88.88,0.15,0.17
2009-09-01,89.03,88.89,0.15,0.17
2009-09-02,89.03,88.89,0.13,0.15
2009-09-03,89.02,88.90,0.12,0.13
2009-09-04,89.01,88.91,0.10,0.11
2009-09-05,89.00,88.92,0.08,0.09
2009-09-06,89.00,88.93,0.07,0.08
2009-09-07,88.99,88.94,0.05,0.06
2009-09-08,88.98,88.94,0.04,0.04
2009-09-09,88.97,88.95,0.02,0.02
2009-09-10,88.96,88.96,0.00,0.00
2009-09-11,88.96,88.97,0.01,0.01
2009-09-12,88.95,88.98,0.03,0.03
2009-09-13,88.94,88.99,0.04,0.05
2009-09-14,88.93,88.99,0.06,0.07
2009-09-15,88.92,89.00,0.08,0.09
2009-09-16,88.92,89.01,0.09,0.11
2009-09-17,88.91,89.02,0.11,0.12
2009-09-18,88.90,89.03,0.13,0.14
2009-09-19,88.89,89.04,0.14,0.16
2009-09-20,88.89,89.04,0.16,0.18
2009-09-21,88.88,89.05,0.18,0.20
2009-09-22,88.87,89.06,0.19,0.22
2009-09-23,88.86,89.07,0.21,0.23
2009-09-24,88.85,89.08,0.22,0.25
2009-09-25,88.85,89.09,0.24,0.27
2009-09-26,88.84,89.09,0.26,0.29
2009-09-27,88.83,89.10,0.27,0.31
2009-09-28,88.82,89.11,0.29,0.33
2009-09-29,88.81,89.12,0.31,0.35
2009-09-30,88.81,89.13,0.32,0.36
2009-10-01,88.80,89.14,0.34,0.38
2009-10-02,88.80,89.15,0.34,0.39
2009-10-03,88.81,89.16,0.35,0.39
2009-10-04,88.81,89.16,0.35,0.39
2009-10-05,88.82,89.17,0.35,0.40
2009-10-06,88.82,89.18,0.36,0.40
2009-10-07,88.83,89.19,0.36,0.41
2009-10-08,88.83,89.20,0.37,0.41
2009-10-09,88.84,89.21,0.37,0.42
2009-10-10,88.84,89.22,0.37,0.42
2009-10-11,88.85,89.23,0.38,0.43
2009-10-12,88.85,89.24,0.38,0.43
2009-10-13,88.86,89.24,0.39,0.43
2009-10-14,88.86,89.25,0.39,0.44
2009-10-15,88.87,89.26,0.39,0.44
2009-10-16,88.87,89.27,0.40,0.45
2009-10-17,88.88,89.28,0.40,0.45
2009-10-18,88.88,89.29,0.41,0.46
2009-10-19,88.89,89.30,0.41,0.46
2009-10-20,88.89,89.31,0.42,0.47
2009-10-21,88.90,89.32,0.42,0.47
2009-10-22,88.90,89.33,0.42,0.48
2009-10-23,88.91,89.34,0.43,0.48
2009-10-24,88.91,89.35,0.43,0.49
2009-10-25,88.92,89.36,0.44,0.49
2009-10-26,88.93,89.37,0.44,0.50
2009-10-27,88.93,89.38,0.45,0.50
2009-10-28,88.94,89.39,0.45,0.51
2009-10-29,88.94,89.40,0.46,0.51
2009-10-30,88.95,89.41,0.46,0.52
2009-10-31,88.95,89.42,0.47,0.52
2009-11-01,88.96,89.43,0.47,0.53
2009-11-02,88.97,89.44,0.47,0.53
2009-11-03,88.98,89.45,0.47,0.53
2009-11-04,88.99,89.46,0.47,0.53
2009-11-05,89.00,89.47,0.47,0.53
2009-11-06,89.01,89.48,0.47,0.53
2009-11-07,89.02,89.49,0.47,0.53
2009-11-08,89.03,89.50,0.47,0.53
2009-11-09,89.04,89.51,0.47,0.53
2009-11-10,89.05,89.52,0.47,0.52
2009-11-11,89.06,89.53,0.47,0.52
2009-11-12,89.07,89.54,0.47,0.52
2009-11-13,89.08,89.55,0.47,0.52
2009-11-14,89.09,89.56,0.47,0.52
2009-11-15,89.10,89.57,0.47,0.52
2009-11-16,89.11,89.58,0.47,0.52
2009-11-17,89.12,89.59,0.47,0.52
2009-11-18,89.13,89.60,0.46,0.52
2009-11-19,89.14,89.61,0.46,0.52
2009-11-20,89.15,89.62,0.46,0.52
2009-11-21,89.16,89.63,0.46,0.52
2009-11-22,89.18,89.64,0.46,0.52
2009-11-23,89.19,89.65,0.46,0.52
2009-11-24,89.20,89.66,0.46,0.52
2009-11-25,89.21,89.67,0.46,0.52
2009-11-26,89.22,89.68,0.46,0.52
2009-11-27,89.23,89.69,0.46,0.52
2009-11-28,89.24,89.70,0.46,0.52
2009-11-29,89.25,89.71,0.46,0.52
2009-11-30,89.26,89.72,0.46,0.52
2009-12-01,89.27,89.73,0.46,0.52
2009-12-02,89.29,89.74,0.45,0.50
2009-12-03,89.32,89.75,0.44,0.49
2009-12-04,89.34,89.76,0.42,0.47
2009-12-05,89.36,89.77,0.41,0.46
2009-12-06,89.38,89.78,0.40,0.45
2009-12-07,89.41,89.79,0.39,0.43
2009-12-08,89.43,89.80,0.37,0.42
2009-12-09,89.45,89.81,0.36,0.40
2009-12-10,89.47,89.82,0.35,0.39
2009-12-11,89.50,89.83,0.34,0.38
2009-12-12,89.52,89.84,0.32,0.36
2009-12-13,89.54,89.85,0.31,0.35
2009-12-14,89.57,89.86,0.30,0.33
2009-12-15,89.59,89.88,0.29,0.32
2009-12-16,89.61,89.89,0.28,0.31
2009-12-17,89.63,89.90,0.26,0.29
2009-12-18,89.66,89.91,0.25,0.28
2009-12-19,89.68,89.92,0.24,0.27
2009-12-20,89.70,89.93,0.23,0.25
2009-12-21,89.72,89.94,0.21,0.24
2009-12-22,89.75,89.95,0.20,0.23
2009-12-23,89.77,89.96,0.19,0.21
2009-12-24,89.79,89.97,0.18,0.20
2009-12-25,89.82,89.98,0.17,0.18
2009-12-26,89.84,89.99,0.15,0.17
2009-12-27,89.86,90.00,0.14,0.16
2009-12-28,89.88,90.01,0.13,0.14
2009-12-29,89.91,90.02,0.12,0.13
2009-12-30,89.93,90.04,0.11,0.12
2009-12-31,89.95,90.05,0.09,0.10
2010-01-01,89.97,90.06,0.08,0.09
2010-01-02,89.98,90.07,0.09,0.10
2010-01-03,89.99,90.08,0.09,0.10
2010-01-04,89.99,90.09,0.10,0.11
2010-01-05,90.00,90.10,0.10,0.11
2010-01-06,90.00,90.11,0.11,0.12
2010-01-07,90.01,90.12,0.11,0.12
2010-01-08,90.02,90.13,0.12,0.13
2010-01-09,90.02,90.14,0.12,0.13
2010-01-10,90.03,90.15,0.13,0.14
2010-01-11,90.03,90.16,0.13,0.15
2010-01-12,90.04,90.18,0.14,0.15
2010-01-13,90.05,90.19,0.14,0.16
2010-01-14,90.05,90.20,0.15,0.16
2010-01-15,90.06,90.21,0.15,0.17
2010-01-16,90.06,90.22,0.15,0.17
2010-01-17,90.07,90.23,0.16,0.18
2010-01-18,90.07,90.24,0.16,0.18
2010-01-19,90.08,90.25,0.17,0.19
2010-01-20,90.09,90.26,0.17,0.19
2010-01-21,90.09,90.27,0.18,0.20
2010-01-22,90.10,90.28,0.18,0.20
2010-01-23,90.10,90.29,0.19,0.21
2010-01-24,90.11,90.30,0.19,0.21
2010-01-25,90.12,90.31,0.20,0.22
2010-01-26,90.12,90.32,0.20,0.22
2010-01-27,90.13,90.33,0.20,0.23
2010-01-28,90.13,90.34,0.21,0.23
2010-01-29,90.14,90.35,0.21,0.24
2010-01-30,90.14,90.36,0.22,0.24
2010-01-31,90.15,90.37,0.22,0.25
2010-02-01,90.16,90.38,0.23,0.25
2010-02-02,90.16,90.39,0.23,0.25
2010-02-03,90.17,90.40,0.23,0.26
2010-02-04,90.18,90.41,0.24,0.26
2010-02-05,90.18,90.42,0.24,0.27
2010-02-06,90.19,90.43,0.24,0.27
2010-02-07,90.20,90.44,0.25,0.27
2010-02-08,90.20,90.45,0.25,0.28
2010-02-09,90.21,90.46,0.25,0.28
2010-02-10,90.21,90.47,0.26,0.28
2010-02-11,90.22,90.48,0.26,0.29
2010-02-12,90.23,90.49,0.26,0.29
2010-02-13,90.23,90.50,0.27,0.29
2010-02-14,90.24,90.51,0.27,0.30
2010-02-15,90.25,90.52,0.27,0.30
2010-02-16,90.25,90.53,0.27,0.30
2010-02-17,90.26,90.54,0.28,0.31
2010-02-18,90.27,90.55,0.28,0.31
2010-02-19,90.27,90.56,0.28,0.31
2010-02-20,90.28,90.57,0.29,0.32
2010-02-21,90.29,90.57,0.29,0.32
2010-02-22,90.29,90.58,0.29,0.32
2010-02-23,90.30,90.59,0.29,0.32
2010-02-24,90.31,90.60,0.30,0.33
2010-02-25,90.31,90.61,0.30,0.33
2010-02-26,90.32,90.62,0.30,0.33
2010-02-27,90.33,90.63,0.30,0.34
2010-02-28,90.33,90.64,0.31,0.34
2010-03-01,90.34,90.65,0.31,0.34
2010-03-02,90.35,90.66,0.30,0.34
2010-03-03,90.36,90.66,0.30,0.33
2010-03-04,90.37,90.67,0.30,0.33
2010-03-05,90.39,90.68,0.30,0.33
2010-03-06,90.40,90.69,0.29,0.32
2010-03-07,90.41,90.70,0.29,0.32
2010-03-08,90.42,90.71,0.29,0.32
2010-03-09,90.43,90.72,0.28,0.31
2010-03-10,90.44,90.72,0.28,0.31
2010-03-11,90.46,90.73,0.28,0.31
2010-03-12,90.47,90.74,0.27,0.30
2010-03-13,90.48,90.75,0.27,0.30
2010-03-14,90.49,90.76,0.27,0.30
2010-03-15,90.50,90.77,0.27,0.29
2010-03-16,90.51,90.78,0.26,0.29
2010-03-17,90.53,90.79,0.26,0.29
2010-03-18,90.54,90.79,0.26,0.28
2010-03-19,90.55,90.80,0.25,0.28
2010-03-20,90.56,90.81,0.25,0.28
2010-03-21,90.57,90.82,0.25,0.27
2010-03-22,90.58,90.83,0.24,0.27
2010-03-23,90.60,90.84,0.24,0.27
2010-03-24,90.61,90.85,0.24,0.26
2010-03-25,90.62,90.86,0.24,0.26
2010-03-26,90.63,90.86,0.23,0.26
2010-03-27,90.64,90.87,0.23,0.25
2010-03-28,90.66,90.88,0.23,0.25
2010-03-29,90.67,90.89,0.22,0.25
2010-03-30,90.68,90.90,0.22,0.24
2010-03-31,90.69,90.91,0.22,0.24
2010-04-01,90.70,90.92,0.21,0.24
2010-04-02,90.71,90.92,0.22,0.24
2010-04-03,90.71,90.93,0.23,0.25
2010-04-04,90.71,90.94,0.23,0.25
2010-04-05,90.71,90.95,0.24,0.26
2010-04-06,90.72,90.96,0.24,0.27
2010-04-07,90.72,90.97,0.25,0.27
2010-04-08,90.72,90.98,0.25,0.28
2010-04-09,90.73,90.99,0.26,0.28
2010-04-10,90.73,90.99,0.26,0.29
2010-04-11,90.73,91.00,0.27,0.30
2010-04-12,90.74,91.01,0.28,0.30
2010-04-13,90.74,91.02,0.28,0.31
2010-04-14,90.74,91.03,0.29,0.32
2010-04-15,90.75,91.04,0.29,0.32
2010-04-16,90.75,91.05,0.30,0.33
2010-04-17,90.75,91.05,0.30,0.33
2010-04-18,90.75,91.06,0.31,0.34
2010-04-19,90.76,91.07,0.31,0.35
2010-04-20,90.76,91.08,0.32,0.35
2010-04-21,90.76,91.09,0.33,0.36
2010-04-22,90.77,91.10,0.33,0.37
2010-04-23,90.77,91.11,0.34,0.37
2010-04-24,90.77,91.12,0.34,0.38
2010-04-25,90.78,91.12,0.35,0.38
2010-04-26,90.78,91.13,0.35,0.39
2010-04-27,90.78,91.14,0.36,0.40
2010-04-28,90.78,91.15,0.37,0.40
2010-04-29,90.79,91.16,0.37,0.41
2010-04-30,90.79,91.17,0.38,0.42
2010-05-01,90.79,91.18,0.38,0.42
2010-05-02,90.79,91.19,0.40,0.44
2010-05-03,90.79,91.20,0.41,0.45
2010-05-04,90.79,91.20,0.42,0.46
2010-05-05,90.78,91.21,0.43,0.47
2010-05-06,90.78,91.22,0.44,0.49
2010-05-07,90.78,91.23,0.45,0.50
2010-05-08,90.77,91.24,0.47,0.51
2010-05-09,90.77,91.25,0.48,0.53
2010-05-10,90.77,91.26,0.49,0.54
2010-05-11,90.76,91.27,0.50,0.55
2010-05-12,90.76,91.27,0.51,0.56
2010-05-13,90.76,91.28,0.52,0.58
2010-05-14,90.76,91.29,0.54,0.59
2010-05-15,90.75,91.30,0.55,0.60
2010-05-16,90.75,91.31,0.56,0.62
2010-05-17,90.75,91.32,0.57,0.63
2010-05-18,90.74,91.33,0.58,0.64
2010-05-19,90.74,91.33,0.59,0.65
2010-05-20,90.74,91.34,0.61,0.67
2010-05-21,90.73,91.35,0.62,0.68
2010-05-22,90.73,91.36,0.63,0.69
2010-05-23,90.73,91.37,0.64,0.71
2010-05-24,90.73,91.38,0.65,0.72
2010-05-25,90.72,91.39,0.66,0.73
2010-05-26,90.72,91.39,0.67,0.74
2010-05-27,90.72,91.40,0.69,0.76
2010-05-28,90.71,91.41,0.70,0.77
2010-05-29,90.71,91.42,0.71,0.78
2010-05-30,90.71,91.43,0.72,0.79
2010-05-31,90.71,91.44,0.73,0.81
2010-06-01,90.70,91.45,0.74,0.82
2010-06-02,90.71,91.45,0.75,0.82
2010-06-03,90.71,91.46,0.75,0.82
2010-06-04,90.72,91.47,0.75,0.83
2010-06-05,90.73,91.48,0.75,0.83
2010-06-06,90.73,91.49,0.75,0.83
2010-06-07,90.74,91.50,0.76,0.83
2010-06-08,90.74,91.50,0.76,0.84
2010-06-09,90.75,91.51,0.76,0.84
2010-06-10,90.76,91.52,0.76,0.84
2010-06-11,90.76,91.53,0.77,0.84
2010-06-12,90.77,91.54,0.77,0.85
2010-06-13,90.78,91.54,0.77,0.85
2010-06-14,90.78,91.55,0.77,0.85
2010-06-15,90.79,91.56,0.77,0.85
2010-06-16,90.79,91.57,0.78,0.85
2010-06-17,90.80,91.58,0.78,0.86
2010-06-18,90.81,91.59,0.78,0.86
2010-06-19,90.81,91.59,0.78,0.86
2010-06-20,90.82,91.60,0.78,0.86
2010-06-21,90.82,91.61,0.79,0.86
2010-06-22,90.83,91.62,0.79,0.87
2010-06-23,90.84,91.63,0.79,0.87
2010-06-24,90.84,91.63,0.79,0.87
2010-06-25,90.85,91.64,0.79,0.87
2010-06-26,90.85,91.65,0.80,0.88
2010-06-27,90.86,91.66,0.80,0.88
2010-06-28,90.87,91.67,0.80,0.88
2010-06-29,90.87,91.67,0.80,0.88
2010-06-30,90.88,91.68,0.80,0.88
2010-07-01,90.88,91.69,0.80,0.88
2010-07-02,90.90,91.70,0.80,0.88
2010-07-03,90.91,91.70,0.79,0.87
2010-07-04,90.93,91.71,0.78,0.86
2010-07-05,90.94,91.72,0.78,0.85
2010-07-06,90.96,91.73,0.77,0.85
2010-07-07,90.97,91.74,0.76,0.84
2010-07-08,90.99,91.74,0.76,0.83
2010-07-09,91.00,91.75,0.75,0.82
2010-07-10,91.02,91.76,0.74,0.82
2010-07-11,91.03,91.77,0.74,0.81
2010-07-12,91.05,91.77,0.73,0.80
2010-07-13,91.06,91.78,0.72,0.79
2010-07-14,91.08,91.79,0.71,0.78
2010-07-15,91.09,91.80,0.71,0.78
2010-07-16,91.11,91.81,0.70,0.77
2010-07-17,91.12,91.81,0.69,0.76
2010-07-18,91.13,91.82,0.69,0.75
2010-07-19,91.15,91.83,0.68,0.75
2010-07-20,91.16,91.84,0.67,0.74
2010-07-21,91.18,91.84,0.67,0.73
2010-07-22,91.19,91.85,0.66,0.72
2010-07-23,91.21,91.86,0.65,0.71
2010-07-24,91.22,91.87,0.64,0.71
2010-07-25,91.24,91.88,0.64,0.70
2010-07-26,91.25,91.88,0.63,0.69
2010-07-27,91.27,91.89,0.62,0.68
2010-07-28,91.28,91.90,0.62,0.67
2010-07-29,91.30,91.91,0.61,0.67
2010-07-30,91.31,91.91,0.60,0.66
2010-07-31,91.33,91.92,0.59,0.65
2010-08-01,91.34,91.93,0.59,0.64
2010-08-02,91.36,91.94,0.57,0.63
2010-08-03,91.39,91.94,0.56,0.61
2010-08-04,91.41,91.95,0.54,0.59
2010-08-05,91.43,91.96,0.52,0.57
2010-08-06,91.46,91.97,0.51,0.56
2010-08-07,91.48,91.97,0.49,0.54
2010-08-08,91.51,91.98,0.48,0.52
2010-08-09,91.53,91.99,0.46,0.50
2010-08-10,91.55,92.00,0.45,0.49
2010-08-11,91.58,92.01,0.43,0.47
2010-08-12,91.60,92.01,0.41,0.45
2010-08-13,91.62,92.02,0.40,0.44
2010-08-14,91.65,92.03,0.38,0.42
2010-08-15,91.67,92.04,0.37,0.40
2010-08-16,91.69,92.05,0.35,0.38
2010-08-17,91.72,92.05,0.34,0.37
2010-08-18,91.74,92.06,0.32,0.35
2010-08-19,91.76,92.07,0.31,0.33
2010-08-20,91.79,92.08,0.29,0.32
2010-08-21,91.81,92.09,0.28,0.30
2010-08-22,91.83,92.10,0.26,0.28
2010-08-23,91.86,92.10,0.25,0.27
2010-08-24,91.88,92.11,0.23,0.25
2010-08-25,91.90,92.12,0.22,0.24
2010-08-26,91.93,92.13,0.20,0.22
2010-08-27,91.95,92.14,0.19,0.20
2010-08-28,91.97,92.15,0.17,0.19
2010-08-29,92.00,92.15,0.16,0.17
2010-08-30,92.02,92.16,0.14,0.15
2010-08-31,92.05,92.17,0.13,0.14
2010-09-01,92.07,92.18,0.11,0.12
2010-09-02,92.07,92.19,0.12,0.13
2010-09-03,92.07,92.20,0.13,0.14
2010-09-04,92.07,92.21,0.14,0.15
2010-09-05,92.07,92.22,0.15,0.16
2010-09-06,92.07,92.22,0.16,0.17
2010-09-07,92.07,92.23,0.16,0.18
2010-09-08,92.07,92.24,0.17,0.19
2010-09-09,92.07,92.25,0.18,0.20
2010-09-10,92.07,92.26,0.19,0.21
2010-09-11,92.07,92.27,0.20,0.22
2010-09-12,92.07,92.28,0.21,0.23
2010-09-13,92.07,92.29,0.22,0.24
2010-09-14,92.07,92.30,0.23,0.25
2010-09-15,92.07,92.30,0.24,0.26
2010-09-16,92.07,92.31,0.24,0.27
2010-09-17,92.07,92.32,0.25,0.28
2010-09-18,92.07,92.33,0.26,0.29
2010-09-19,92.07,92.34,0.27,0.30
2010-09-20,92.07,92.35,0.28,0.30
2010-09-21,92.07,92.36,0.29,0.31
2010-09-22,92.07,92.37,0.30,0.32
2010-09-23,92.07,92.38,0.31,0.33
2010-09-24,92.07,92.39,0.32,0.34
2010-09-25,92.07,92.39,0.33,0.35
2010-09-26,92.07,92.40,0.34,0.36
2010-09-27,92.07,92.41,0.34,0.37
2010-09-28,92.07,92.42,0.35,0.38
2010-09-29,92.07,92.43,0.36,0.39
2010-09-30,92.07,92.44,0.37,0.40
2010-10-01,92.07,92.45,0.38,0.41
2010-10-02,92.05,92.46,0.41,0.44
2010-10-03,92.04,92.47,0.43,0.47
2010-10-04,92.02,92.48,0.45,0.49
2010-10-05,92.01,92.49,0.48,0.52
2010-10-06,92.00,92.50,0.50,0.55
2010-10-07,91.98,92.51,0.53,0.57
2010-10-08,91.97,92.52,0.55,0.60
2010-10-09,91.95,92.52,0.57,0.62
2010-10-10,91.94,92.53,0.60,0.65
2010-10-11,91.92,92.54,0.62,0.68
2010-10-12,91.91,92.55,0.65,0.70
2010-10-13,91.89,92.56,0.67,0.73
2010-10-14,91.88,92.57,0.69,0.75
2010-10-15,91.86,92.58,0.72,0.78
2010-10-16,91.85,92.59,0.74,0.81
2010-10-17,91.83,92.60,0.76,0.83
2010-10-18,91.82,92.61,0.79,0.86
2010-10-19,91.80,92.62,0.81,0.88
2010-10-20,91.79,92.63,0.84,0.91
2010-10-21,91.78,92.63,0.86,0.94
2010-10-22,91.76,92.64,0.88,0.96
2010-10-23,91.75,92.65,0.91,0.99
2010-10-24,91.73,92.66,0.93,1.01
2010-10-25,91.72,92.67,0.95,1.04
2010-10-26,91.70,92.68,0.98,1.06
2010-10-27,91.69,92.69,1.00,1.09
2010-10-28,91.67,92.70,1.02,1.12
2010-10-29,91.66,92.71,1.05,1.14
2010-10-30,91.64,92.71,1.07,1.17
2010-10-31,91.63,92.72,1.09,1.19
2010-11-01,91.61,92.73,1.12,1.22
2010-11-02,91.63,92.74,1.11,1.22
2010-11-03,91.64,92.75,1.11,1.21
2010-11-04,91.65,92.76,1.11,1.21
2010-11-05,91.66,92.77,1.10,1.20
2010-11-06,91.67,92.77,1.10,1.20
2010-11-07,91.69,92.78,1.10,1.20
2010-11-08,91.70,92.79,1.09,1.19
2010-11-09,91.71,92.80,1.09,1.19
2010-11-10,91.72,92.81,1.08,1.18
2010-11-11,91.74,92.82,1.08,1.18
2010-11-12,91.75,92.82,1.08,1.17
2010-11-13,91.76,92.83,1.07,1.17
2010-11-14,91.77,92.84,1.07,1.17
2010-11-15,91.78,92.85,1.07,1.16
2010-11-16,91.80,92.86,1.06,1.16
2010-11-17,91.81,92.87,1.06,1.15
2010-11-18,91.82,92.87,1.05,1.15
2010-11-19,91.83,92.88,1.05,1.14
2010-11-20,91.84,92.89,1.05,1.14
2010-11-21,91.86,92.90,1.04,1.13
2010-11-22,91.87,92.91,1.04,1.13
2010-11-23,91.88,92.91,1.03,1.12
2010-11-24,91.89,92.92,1.03,1.12
2010-11-25,91.91,92.93,1.02,1.11
2010-11-26,91.92,92.94,1.02,1.11
2010-11-27,91.93,92.94,1.01,1.10
2010-11-28,91.94,92.95,1.01,1.10
2010-11-29,91.95,92.96,1.01,1.09
2010-11-30,91.97,92.97,1.00,1.09
2010-12-01,91.98,92.97,1.00,1.08
2010-12-02,92.01,92.98,0.97,1.05
2010-12-03,92.05,92.99,0.94,1.02
2010-12-04,92.08,93.00,0.91,0.99
2010-12-05,92.12,93.00,0.89,0.96
2010-12-06,92.15,93.01,0.86,0.93
2010-12-07,92.19,93.02,0.83,0.90
2010-12-08,92.22,93.03,0.80,0.87
2010-12-09,92.26,93.03,0.77,0.84
2010-12-10,92.30,93.04,0.75,0.81
2010-12-11,92.33,93.05,0.72,0.78
2010-12-12,92.37,93.06,0.69,0.75
2010-12-13,92.40,93.06,0.66,0.72
2010-12-14,92.44,93.07,0.64,0.69
2010-12-15,92.47,93.08,0.61,0.66
2010-12-16,92.51,93.09,0.58,0.63
2010-12-17,92.54,93.10,0.55,0.60
2010-12-18,92.58,93.10,0.53,0.57
2010-12-19,92.61,93.11,0.50,0.54
2010-12-20,92.65,93.12,0.47,0.51
2010-12-21,92.68,93.13,0.45,0.48
2010-12-22,92.72,93.14,0.42,0.45
2010-12-23,92.75,93.15,0.39,0.42
2010-12-24,92.79,93.15,0.36,0.39
2010-12-25,92.82,93.16,0.34,0.36
2010-12-26,92.86,93.17,0.31,0.33
2010-12-27,92.89,93.18,0.28,0.31
2010-12-28,92.93,93.19,0.26,0.28
2010-12-29,92.97,93.20,0.23,0.25
2010-12-30,93.00,93.20,0.20,0.22
2010-12-31,93.04,93.21,0.18,0.19
2011-01-01,93.07,93.22,0.15,0.16
2011-01-02,93.09,93.23,0.14,0.15
2011-01-03,93.11,93.24,0.13,0.14
2011-01-04,93.13,93.25,0.12,0.12
2011-01-05,93.15,93.26,0.10,0.11
2011-01-06,93.17,93.27,0.09,0.10
2011-01-07,93.19,93.27,0.08,0.09
2011-01-08,93.21,93.28,0.07,0.07
2011-01-09,93.24,93.29,0.06,0.06
2011-01-10,93.26,93.30,0.05,0.05
2011-01-11,93.28,93.31,0.03,0.04
2011-01-12,93.30,93.32,0.02,0.02
2011-01-13,93.32,93.33,0.01,0.01
2011-01-14,93.34,93.34,0.00,0.00
2011-01-15,93.36,93.35,0.01,0.01
2011-01-16,93.38,93.36,0.02,0.02
2011-01-17,93.40,93.37,0.03,0.04
2011-01-18,93.42,93.38,0.04,0.05
2011-01-19,93.44,93.39,0.06,0.06
2011-01-20,93.46,93.39,0.07,0.07
2011-01-21,93.48,93.40,0.08,0.08
2011-01-22,93.50,93.41,0.09,0.09
2011-01-23,93.52,93.42,0.10,0.11
2011-01-24,93.54,93.43,0.11,0.12
2011-01-25,93.56,93.44,0.12,0.13
2011-01-26,93.58,93.45,0.13,0.14
2011-01-27,93.61,93.46,0.14,0.15
2011-01-28,93.63,93.47,0.15,0.16
2011-01-29,93.65,93.48,0.16,0.18
2011-01-30,93.67,93.49,0.18,0.19
2011-01-31,93.69,93.50,0.19,0.20
2011-02-01,93.71,93.51,0.20,0.21
2011-02-02,93.72,93.52,0.20,0.21
2011-02-03,93.73,93.53,0.20,0.22
2011-02-04,93.75,93.54,0.21,0.22
2011-02-05,93.76,93.55,0.21,0.22
2011-02-06,93.77,93.56,0.21,0.23
2011-02-07,93.79,93.57,0.21,0.23
2011-02-08,93.80,93.58,0.22,0.23
2011-02-09,93.81,93.59,0.22,0.24
2011-02-10,93.82,93.60,0.22,0.24
2011-02-11,93.84,93.61,0.23,0.24
2011-02-12,93.85,93.62,0.23,0.24
2011-02-13,93.86,93.63,0.23,0.25
2011-02-14,93.88,93.64,0.23,0.25
2011-02-15,93.89,93.65,0.24,0.25
2011-02-16,93.90,93.66,0.24,0.26
2011-02-17,93.92,93.67,0.24,0.26
2011-02-18,93.93,93.68,0.25,0.26
2011-02-19,93.94,93.69,0.25,0.26
2011-02-20,93.96,93.70,0.25,0.27
2011-02-21,93.97,93.72,0.25,0.27
2011-02-22,93.98,93.73,0.26,0.27
2011-02-23,93.99,93.74,0.26,0.27
2011-02-24,94.01,93.75,0.26,0.28
2011-02-25,94.02,93.76,0.26,0.28
2011-02-26,94.03,93.77,0.27,0.28
2011-02-27,94.05,93.78,0.27,0.28
2011-02-28,94.06,93.79,0.27,0.29
2011-03-01,94.07,93.80,0.27,0.29
2011-03-02,94.08,93.81,0.26,0.28
2011-03-03,94.08,93.82,0.26,0.27
2011-03-04,94.08,93.83,0.25,0.26
2011-03-05,94.08,93.84,0.24,0.26
2011-03-06,94.09,93.85,0.23,0.25
2011-03-07,94.09,93.86,0.23,0.24
2011-03-08,94.09,93.87,0.22,0.23
2011-03-09,94.10,93.89,0.21,0.22
2011-03-10,94.10,93.90,0.20,0.22
2011-03-11,94.10,93.91,0.20,0.21
2011-03-12,94.11,93.92,0.19,0.20
2011-03-13,94.11,93.93,0.18,0.19
2011-03-14,94.11,93.94,0.17,0.19
2011-03-15,94.11,93.95,0.17,0.18
2011-03-16,94.12,93.96,0.16,0.17
2011-03-17,94.12,93.97,0.15,0.16
2011-03-18,94.12,93.98,0.15,0.16
2011-03-19,94.13,93.99,0.14,0.15
2011-03-20,94.13,94.00,0.13,0.14
2011-03-21,94.13,94.01,0.13,0.13
2011-03-22,94.13,94.02,0.12,0.13
2011-03-23,94.14,94.02,0.11,0.12
2011-03-24,94.14,94.03,0.11,0.11
2011-03-25,94.14,94.04,0.10,0.11
2011-03-26,94.15,94.05,0.09,0.10
2011-03-27,94.15,94.06,0.09,0.09
2011-03-28,94.15,94.07,0.08,0.09
2011-03-29,94.16,94.08,0.08,0.08
2011-03-30,94.16,94.09,0.07,0.07
2011-03-31,94.16,94.10,0.06,0.07
2011-04-01,94.16,94.11,0.06,0.06
2011-04-02,94.17,94.12,0.05,0.06
2011-04-03,94.18,94.12,0.05,0.06
2011-04-04,94.18,94.13,0.05,0.05
2011-04-05,94.19,94.14,0.05,0.05
2011-04-06,94.19,94.15,0.04,0.05
2011-04-07,94.20,94.16,0.04,0.04
2011-04-08,94.21,94.17,0.04,0.04
2011-04-09,94.21,94.18,0.04,0.04
2011-04-10,94.22,94.18,0.03,0.04
2011-04-11,94.22,94.19,0.03,0.03
2011-04-12,94.23,94.20,0.03,0.03
2011-04-13,94.24,94.21,0.03,0.03
2011-04-14,94.24,94.22,0.02,0.03
2011-04-15,94.25,94.23,0.02,0.02
2011-04-16,94.25,94.24,0.02,0.02
2011-04-17,94.26,94.24,0.02,0.02
2011-04-18,94.27,94.25,0.01,0.01
2011-04-19,94.27,94.26,0.01,0.01
2011-04-20,94.28,94.27,0.01,0.01
2011-04-21,94.29,94.28,0.01,0.01
2011-04-22,94.29,94.29,0.00,0.00
2011-04-23,94.30,94.30,0.00,0.00
2011-04-24,94.30,94.30,0.00,0.00
2011-04-25,94.31,94.31,0.00,0.00
2011-04-26,94.32,94.32,0.01,0.01
2011-04-27,94.32,94.33,0.01,0.01
2011-04-28,94.33,94.34,0.01,0.01
2011-04-29,94.33,94.35,0.01,0.02
2011-04-30,94.34,94.36,0.02,0.02
2011-05-01,94.35,94.37,0.02,0.02
2011-05-02,94.35,94.37,0.02,0.02
2011-05-03,94.36,94.38,0.03,0.03
2011-05-04,94.36,94.39,0.03,0.03
2011-05-05,94.37,94.40,0.03,0.03
2011-05-06,94.37,94.41,0.03,0.04
2011-05-07,94.38,94.42,0.04,0.04
2011-05-08,94.39,94.43,0.04,0.04
2011-05-09,94.39,94.44,0.04,0.05
2011-05-10,94.40,94.44,0.05,0.05
2011-05-11,94.40,94.45,0.05,0.05
2011-05-12,94.41,94.46,0.05,0.06
2011-05-13,94.42,94.47,0.05,0.06
2011-05-14,94.42,94.48,0.06,0.06
2011-05-15,94.43,94.49,0.06,0.06
2011-05-16,94.43,94.50,0.06,0.07
2011-05-17,94.44,94.51,0.07,0.07
2011-05-18,94.45,94.52,0.07,0.07
2011-05-19,94.45,94.52,0.07,0.08
2011-05-20,94.46,94.53,0.08,0.08
2011-05-21,94.46,94.54,0.08,0.08
2011-05-22,94.47,94.55,0.08,0.09
2011-05-23,94.47,94.56,0.08,0.09
2011-05-24,94.48,94.57,0.09,0.09
2011-05-25,94.49,94.58,0.09,0.10
2011-05-26,94.49,94.59,0.09,0.10
2011-05-27,94.50,94.60,0.10,0.10
2011-05-28,94.50,94.60,0.10,0.11
2011-05-29,94.51,94.61,0.10,0.11
2011-05-30,94.52,94.62,0.11,0.11
2011-05-31,94.52,94.63,0.11,0.12
2011-06-01,94.53,94.64,0.11,0.12
2011-06-02,94.54,94.65,0.11,0.11
2011-06-03,94.56,94.66,0.10,0.11
2011-06-04,94.57,94.67,0.09,0.10
2011-06-05,94.59,94.68,0.09,0.09
2011-06-06,94.60,94.69,0.08,0.09
2011-06-07,94.62,94.70,0.08,0.08
2011-06-08,94.63,94.70,0.07,0.07
2011-06-09,94.65,94.71,0.06,0.07
2011-06-10,94.66,94.72,0.06,0.06
2011-06-11,94.68,94.73,0.05,0.06
2011-06-12,94.69,94.74,0.05,0.05
2011-06-13,94.71,94.75,0.04,0.04
2011-06-14,94.73,94.76,0.04,0.04
2011-06-15,94.74,94.77,0.03,0.03
2011-06-16,94.76,94.78,0.02,0.03
2011-06-17,94.77,94.79,0.02,0.02
2011-06-18,94.79,94.80,0.01,0.01
2011-06-19,94.80,94.81,0.01,0.01
2011-06-20,94.82,94.82,0.00,0.00
2011-06-21,94.83,94.83,0.00,0.00
2011-06-22,94.85,94.84,0.01,0.01
2011-06-23,94.86,94.85,0.01,0.02
2011-06-24,94.88,94.86,0.02,0.02
2011-06-25,94.89,94.87,0.02,0.03
2011-06-26,94.91,94.88,0.03,0.03
2011-06-27,94.92,94.89,0.04,0.04
2011-06-28,94.94,94.90,0.04,0.04
2011-06-29,94.95,94.91,0.05,0.05
2011-06-30,94.97,94.92,0.05,0.05
2011-07-01,94.98,94.93,0.06,0.06
2011-07-02,95.00,94.94,0.07,0.07
2011-07-03,95.02,94.95,0.08,0.08
2011-07-04,95.04,94.96,0.09,0.09
2011-07-05,95.07,94.97,0.10,0.10
2011-07-06,95.09,94.98,0.11,0.11
2011-07-07,95.11,94.99,0.12,0.13
2011-07-08,95.13,95.00,0.13,0.14
2011-07-09,95.15,95.01,0.14,0.15
2011-07-10,95.17,95.02,0.15,0.16
2011-07-11,95.19,95.03,0.16,0.17
2011-07-12,95.21,95.04,0.17,0.18
2011-07-13,95.23,95.05,0.18,0.19
2011-07-14,95.25,95.06,0.19,0.20
2011-07-15,95.27,95.07,0.20,0.21
2011-07-16,95.29,95.08,0.21,0.22
2011-07-17,95.31,95.09,0.22,0.23
2011-07-18,95.33,95.10,0.23,0.24
2011-07-19,95.35,95.11,0.24,0.25
2011-07-20,95.37,95.12,0.25,0.26
2011-07-21,95.39,95.13,0.26,0.27
2011-07-22,95.42,95.14,0.27,0.28
2011-07-23,95.44,95.15,0.28,0.29
2011-07-24,95.46,95.17,0.29,0.30
2011-07-25,95.48,95.18,0.30,0.31
2011-07-26,95.50,95.19,0.31,0.33
2011-07-27,95.52,95.20,0.32,0.34
2011-07-28,95.54,95.21,0.33,0.35
2011-07-29,95.56,95.22,0.34,0.36
2011-07-30,95.58,95.23,0.35,0.37
2011-07-31,95.60,95.24,0.36,0.38
2011-08-01,95.62,95.25,0.37,0.39
2011-08-02,95.62,95.26,0.36,0.37
2011-08-03,95.62,95.27,0.34,0.36
2011-08-04,95.61,95.28,0.33,0.34
2011-08-05,95.61,95.30,0.31,0.33
2011-08-06,95.61,95.31,0.30,0.31
2011-08-07,95.60,95.32,0.29,0.30
2011-08-08,95.60,95.33,0.27,0.28
2011-08-09,95.60,95.34,0.26,0.27
2011-08-10,95.59,95.35,0.25,0.26
2011-08-11,95.59,95.36,0.23,0.24
2011-08-12,95.59,95.37,0.22,0.23
2011-08-13,95.59,95.38,0.21,0.22
2011-08-14,95.58,95.39,0.19,0.20
2011-08-15,95.58,95.40,0.18,0.19
2011-08-16,95.58,95.41,0.17,0.18
2011-08-17,95.57,95.42,0.16,0.16
2011-08-18,95.57,95.43,0.14,0.15
2011-08-19,95.57,95.44,0.13,0.14
2011-08-20,95.56,95.45,0.12,0.12
2011-08-21,95.56,95.46,0.11,0.11
2011-08-22,95.56,95.47,0.09,0.10
2011-08-23,95.56,95.47,0.08,0.09
2011-08-24,95.55,95.48,0.07,0.07
2011-08-25,95.55,95.49,0.06,0.06
2011-08-26,95.55,95.50,0.05,0.05
2011-08-27,95.54,95.51,0.03,0.04
2011-08-28,95.54,95.52,0.02,0.02
2011-08-29,95.54,95.53,0.01,0.01
2011-08-30,95.54,95.53,0.00,0.00
2011-08-31,95.53,95.54,0.01,0.01
2011-09-01,95.53,95.55,0.02,0.02
2011-09-02,95.52,95.56,0.03,0.04
2011-09-03,95.52,95.57,0.05,0.05
2011-09-04,95.51,95.57,0.06,0.07
2011-09-05,95.51,95.58,0.08,0.08
2011-09-06,95.50,95.59,0.09,0.09
2011-09-07,95.49,95.60,0.10,0.11
2011-09-08,95.49,95.60,0.12,0.12
2011-09-09,95.48,95.61,0.13,0.14
2011-09-10,95.47,95.62,0.14,0.15
2011-09-11,95.47,95.63,0.16,0.17
2011-09-12,95.46,95.64,0.17,0.18
2011-09-13,95.46,95.64,0.19,0.19
2011-09-14,95.45,95.65,0.20,0.21
2011-09-15,95.44,95.66,0.21,0.22
2011-09-16,95.44,95.67,0.23,0.24
2011-09-17,95.43,95.67,0.24,0.25
2011-09-18,95.43,95.68,0.25,0.27
2011-09-19,95.42,95.69,0.27,0.28
2011-09-20,95.41,95.70,0.28,0.30
2011-09-21,95.41,95.70,0.30,0.31
2011-09-22,95.40,95.71,0.31,0.32
2011-09-23,95.40,95.72,0.32,0.34
2011-09-24,95.39,95.73,0.34,0.35
2011-09-25,95.38,95.74,0.35,0.37
2011-09-26,95.38,95.74,0.36,0.38
2011-09-27,95.37,95.75,0.38,0.40
2011-09-28,95.37,95.76,0.39,0.41
2011-09-29,95.36,95.77,0.41,0.43
2011-09-30,95.35,95.77,0.42,0.44
2011-10-01,95.35,95.78,0.43,0.46
2011-10-02,95.35,95.79,0.44,0.46
2011-10-03,95.35,95.80,0.44,0.47
2011-10-04,95.36,95.81,0.45,0.47
2011-10-05,95.36,95.81,0.45,0.48
2011-10-06,95.36,95.82,0.46,0.48
2011-10-07,95.37,95.83,0.46,0.49
2011-10-08,95.37,95.84,0.47,0.49
2011-10-09,95.37,95.84,0.47,0.50
2011-10-10,95.37,95.85,0.48,0.50
2011-10-11,95.38,95.86,0.48,0.51
2011-10-12,95.38,95.87,0.49,0.51
2011-10-13,95.38,95.88,0.49,0.52
2011-10-14,95.39,95.88,0.50,0.52
2011-10-15,95.39,95.89,0.50,0.53
2011-10-16,95.39,95.90,0.51,0.53
2011-10-17,95.39,95.91,0.51,0.54
2011-10-18,95.40,95.92,0.52,0.54
2011-10-19,95.40,95.92,0.52,0.55
2011-10-20,95.40,95.93,0.53,0.55
2011-10-21,95.41,95.94,0.53,0.56
2011-10-22,95.41,95.95,0.54,0.57
2011-10-23,95.41,95.96,0.54,0.57
2011-10-24,95.42,95.97,0.55,0.58
2011-10-25,95.42,95.97,0.56,0.58
2011-10-26,95.42,95.98,0.56,0.59
2011-10-27,95.42,95.99,0.57,0.59
2011-10-28,95.43,96.00,0.57,0.60
2011-10-29,95.43,96.01,0.58,0.60
2011-10-30,95.43,96.02,0.58,0.61
2011-10-31,95.44,96.02,0.59,0.62
2011-11-01,95.44,96.03,0.59,0.62
2011-11-02,95.45,96.04,0.59,0.62
2011-11-03,95.46,96.05,0.59,0.61
2011-11-04,95.48,96.06,0.58,0.61
2011-11-05,95.49,96.07,0.58,0.61
2011-11-06,95.50,96.07,0.57,0.60
2011-11-07,95.51,96.08,0.57,0.60
2011-11-08,95.52,96.09,0.57,0.59
2011-11-09,95.54,96.10,0.56,0.59
2011-11-10,95.55,96.11,0.56,0.59
2011-11-11,95.56,96.12,0.56,0.58
2011-11-12,95.57,96.12,0.55,0.58
2011-11-13,95.58,96.13,0.55,0.57
2011-11-14,95.60,96.14,0.54,0.57
2011-11-15,95.61,96.15,0.54,0.56
2011-11-16,95.62,96.16,0.54,0.56
2011-11-17,95.63,96.16,0.53,0.56
2011-11-18,95.64,96.17,0.53,0.55
2011-11-19,95.66,96.18,0.52,0.55
2011-11-20,95.67,96.19,0.52,0.54
2011-11-21,95.68,96.20,0.52,0.54
2011-11-22,95.69,96.21,0.51,0.53
2011-11-23,95.71,96.21,0.51,0.53
2011-11-24,95.72,96.22,0.50,0.53
2011-11-25,95.73,96.23,0.50,0.52
2011-11-26,95.74,96.24,0.49,0.52
2011-11-27,95.75,96.24,0.49,0.51
2011-11-28,95.77,96.25,0.49,0.51
2011-11-29,95.78,96.26,0.48,0.50
2011-11-30,95.79,96.27,0.48,0.50
2011-12-01,95.80,96.28,0.47,0.49
2011-12-02,95.81,96.28,0.47,0.49
2011-12-03,95.83,96.29,0.46,0.48
2011-12-04,95.84,96.30,0.46,0.48
2011-12-05,95.85,96.31,0.45,0.47
2011-12-06,95.86,96.31,0.45,0.47
2011-12-07,95.88,96.32,0.44,0.46
2011-12-08,95.89,96.33,0.44,0.46
2011-12-09,95.90,96.34,0.43,0.45
2011-12-10,95.91,96.34,0.43,0.45
2011-12-11,95.93,96.35,0.42,0.44
2011-12-12,95.94,96.36,0.42,0.44
2011-12-13,95.95,96.36,0.41,0.43
2011-12-14,95.96,96.37,0.41,0.43
2011-12-15,95.98,96.38,0.40,0.42
2011-12-16,95.99,96.38,0.40,0.41
2011-12-17,96.00,96.39,0.39,0.41
2011-12-18,96.01,96.40,0.39,0.40
2011-12-19,96.02,96.40,0.38,0.40
2011-12-20,96.04,96.41,0.37,0.39
2011-12-21,96.05,96.42,0.37,0.38
2011-12-22,96.06,96.42,0.36,0.38
2011-12-23,96.07,96.43,0.36,0.37
2011-12-24,96.09,96.44,0.35,0.36
2011-12-25,96.10,96.44,0.34,0.36
2011-12-26,96.11,96.45,0.34,0.35
2011-12-27,96.12,96.45,0.33,0.34
2011-12-28,96.14,96.46,0.33,0.34
2011-12-29,96.15,96.47,0.32,0.33
2011-12-30,96.16,96.47,0.31,0.32
2011-12-31,96.17,96.48,0.31,0.32
2012-01-01,96.19,96.48,0.30,0.31
2012-01-02,96.20,96.49,0.29,0.30
2012-01-03,96.21,96.50,0.29,0.30
2012-01-04,96.22,96.50,0.28,0.29
2012-01-05,96.23,96.51,0.27,0.28
2012-01-06,96.24,96.51,0.27,0.28
2012-01-07,96.26,96.52,0.26,0.27
2012-01-08,96.27,96.52,0.26,0.27
2012-01-09,96.28,96.53,0.25,0.26
2012-01-10,96.29,96.53,0.24,0.25
2012-01-11,96.30,96.54,0.24,0.25
2012-01-12,96.31,96.54,0.23,0.24
2012-01-13,96.33,96.55,0.22,0.23
2012-01-14,96.34,96.55,0.22,0.23
2012-01-15,96.35,96.56,0.21,0.22
2012-01-16,96.36,96.57,0.20,0.21
2012-01-17,96.37,96.57,0.20,0.20
2012-01-18,96.39,96.58,0.19,0.20
2012-01-19,96.40,96.58,0.18,0.19
2012-01-20,96.41,96.59,0.18,0.18
2012-01-21,96.42,96.59,0.17,0.18
2012-01-22,96.43,96.60,0.16,0.17
2012-01-23,96.44,96.60,0.16,0.16
2012-01-24,96.46,96.61,0.15,0.16
2012-01-25,96.47,96.61,0.14,0.15
2012-01-26,96.48,96.62,0.14,0.14
2012-01-27,96.49,96.62,0.13,0.14
2012-01-28,96.50,96.63,0.12,0.13
2012-01-29,96.51,96.63,0.12,0.12
2012-01-30,96.53,96.64,0.11,0.12
2012-01-31,96.54,96.64,0.10,0.11
2012-02-01,96.55,96.65,0.10,0.10
2012-02-02,96.55,96.65,0.10,0.11
2012-02-03,96.55,96.66,0.11,0.11
2012-02-04,96.55,96.66,0.11,0.11
2012-02-05,96.55,96.67,0.11,0.12
2012-02-06,96.55,96.67,0.12,0.12
2012-02-07,96.56,96.68,0.12,0.13
2012-02-08,96.56,96.68,0.13,0.13
2012-02-09,96.56,96.69,0.13,0.13
2012-02-10,96.56,96.69,0.13,0.14
2012-02-11,96.56,96.70,0.14,0.14
2012-02-12,96.56,96.70,0.14,0.15
2012-02-13,96.56,96.71,0.14,0.15
2012-02-14,96.56,96.71,0.15,0.15
2012-02-15,96.56,96.72,0.15,0.16
2012-02-16,96.56,96.72,0.16,0.16
2012-02-17,96.56,96.72,0.16,0.17
2012-02-18,96.57,96.73,0.16,0.17
2012-02-19,96.57,96.73,0.17,0.17
2012-02-20,96.57,96.74,0.17,0.18
2012-02-21,96.57,96.74,0.17,0.18
2012-02-22,96.57,96.75,0.18,0.18
2012-02-23,96.57,96.75,0.18,0.19
2012-02-24,96.57,96.76,0.18,0.19
2012-02-25,96.57,96.76,0.19,0.19
2012-02-26,96.57,96.76,0.19,0.20
2012-02-27,96.57,96.77,0.19,0.20
2012-02-28,96.58,96.77,0.20,0.20
2012-02-29,96.58,96.78,0.20,0.21
2012-03-01,96.58,96.78,0.20,0.21
2012-03-02,96.58,96.78,0.21,0.21
2012-03-03,96.58,96.79,0.21,0.22
2012-03-04,96.58,96.79,0.22,0.22
2012-03-05,96.58,96.80,0.22,0.23
2012-03-06,96.58,96.80,0.22,0.23
2012-03-07,96.58,96.80,0.23,0.24
2012-03-08,96.58,96.81,0.23,0.24
2012-03-09,96.57,96.81,0.24,0.25
2012-03-10,96.57,96.82,0.24,0.25
2012-03-11,96.57,96.82,0.25,0.26
2012-03-12,96.57,96.82,0.25,0.26
2012-03-13,96.57,96.83,0.26,0.26
2012-03-14,96.57,96.83,0.26,0.27
2012-03-15,96.57,96.84,0.26,0.27
2012-03-16,96.57,96.84,0.27,0.28
2012-03-17,96.57,96.85,0.27,0.28
2012-03-18,96.57,96.85,0.28,0.29
2012-03-19,96.57,96.85,0.28,0.29
2012-03-20,96.57,96.86,0.29,0.30
2012-03-21,96.57,96.86,0.29,0.30
2012-03-22,96.57,96.87,0.30,0.31
2012-03-23,96.57,96.87,0.30,0.31
2012-03-24,96.57,96.87,0.30,0.31
2012-03-25,96.57,96.88,0.31,0.32
2012-03-26,96.57,96.88,0.31,0.32
2012-03-27,96.57,96.89,0.32,0.33
2012-03-28,96.57,96.89,0.32,0.33
2012-03-29,96.57,96.89,0.33,0.34
2012-03-30,96.57,96.90,0.33,0.34
2012-03-31,96.57,96.90,0.34,0.35
2012-04-01,96.57,96.91,0.34,0.35
2012-04-02,96.57,96.91,0.34,0.35
2012-04-03,96.58,96.92,0.34,0.35
2012-04-04,96.58,96.92,0.34,0.35
2012-04-05,96.59,96.92,0.33,0.35
2012-04-06,96.60,96.93,0.33,0.34
2012-04-07,96.60,96.93,0.33,0.34
2012-04-08,96.61,96.94,0.33,0.34
2012-04-09,96.61,96.94,0.33,0.34
2012-04-10,96.62,96.95,0.33,0.34
2012-04-11,96.63,96.95,0.33,0.34
2012-04-12,96.63,96.96,0.32,0.34
2012-04-13,96.64,96.96,0.32,0.33
2012-04-14,96.64,96.96,0.32,0.33
2012-04-15,96.65,96.97,0.32,0.33
2012-04-16,96.65,96.97,0.32,0.33
2012-04-17,96.66,96.98,0.32,0.33
2012-04-18,96.67,96.98,0.32,0.33
2012-04-19,96.67,96.99,0.32,0.33
2012-04-20,96.68,96.99,0.31,0.33
2012-04-21,96.68,97.00,0.31,0.32
2012-04-22,96.69,97.00,0.31,0.32
2012-04-23,96.69,97.01,0.31,0.32
2012-04-24,96.70,97.01,0.31,0.32
2012-04-25,96.71,97.02,0.31,0.32
2012-04-26,96.71,97.02,0.31,0.32
2012-04-27,96.72,97.02,0.31,0.32
2012-04-28,96.72,97.03,0.31,0.32
2012-04-29,96.73,97.03,0.31,0.32
2012-04-30,96.73,97.04,0.30,0.31
2012-05-01,96.74,97.04,0.30,0.31
2012-05-02,96.74,97.05,0.31,0.32
2012-05-03,96.73,97.05,0.32,0.33
2012-05-04,96.73,97.06,0.33,0.34
2012-05-05,96.72,97.06,0.34,0.35
2012-05-06,96.72,97.07,0.35,0.36
2012-05-07,96.71,97.07,0.36,0.37
2012-05-08,96.71,97.08,0.37,0.38
2012-05-09,96.71,97.08,0.38,0.39
2012-05-10,96.70,97.09,0.39,0.40
2012-05-11,96.70,97.09,0.40,0.41
2012-05-12,96.69,97.10,0.41,0.42
2012-05-13,96.69,97.10,0.42,0.43
2012-05-14,96.68,97.11,0.42,0.44
2012-05-15,96.68,97.11,0.43,0.45
2012-05-16,96.67,97.12,0.44,0.46
2012-05-17,96.67,97.12,0.45,0.47
2012-05-18,96.67,97.13,0.46,0.48
2012-05-19,96.66,97.13,0.47,0.49
2012-05-20,96.66,97.14,0.48,0.50
2012-05-21,96.65,97.14,0.49,0.50
2012-05-22,96.65,97.14,0.50,0.51
2012-05-23,96.64,97.15,0.51,0.52
2012-05-24,96.64,97.15,0.51,0.53
2012-05-25,96.63,97.16,0.52,0.54
2012-05-26,96.63,97.16,0.53,0.55
2012-05-27,96.63,97.17,0.54,0.56
2012-05-28,96.62,97.17,0.55,0.57
2012-05-29,96.62,97.18,0.56,0.58
2012-05-30,96.61,97.18,0.57,0.59
2012-05-31,96.61,97.18,0.58,0.60
2012-06-01,96.60,97.19,0.59,0.61
2012-06-02,96.60,97.19,0.60,0.62
2012-06-03,96.59,97.20,0.61,0.63
2012-06-04,96.58,97.20,0.62,0.64
2012-06-05,96.57,97.21,0.63,0.65
2012-06-06,96.57,97.21,0.64,0.66
2012-06-07,96.56,97.21,0.65,0.68
2012-06-08,96.55,97.22,0.66,0.69
2012-06-09,96.55,97.22,0.68,0.70
2012-06-10,96.54,97.22,0.69,0.71
2012-06-11,96.53,97.23,0.70,0.72
2012-06-12,96.52,97.23,0.71,0.73
2012-06-13,96.52,97.23,0.72,0.74
2012-06-14,96.51,97.24,0.73,0.76
2012-06-15,96.50,97.24,0.74,0.77
2012-06-16,96.49,97.24,0.75,0.78
2012-06-17,96.49,97.25,0.76,0.79
2012-06-18,96.48,97.25,0.77,0.80
2012-06-19,96.47,97.25,0.78,0.81
2012-06-20,96.47,97.26,0.79,0.82
2012-06-21,96.46,97.26,0.80,0.83
2012-06-22,96.45,97.26,0.81,0.84
2012-06-23,96.44,97.27,0.82,0.85
2012-06-24,96.44,97.27,0.83,0.86
2012-06-25,96.43,97.27,0.84,0.87
2012-06-26,96.42,97.27,0.85,0.88
2012-06-27,96.41,97.28,0.86,0.89
2012-06-28,96.41,97.28,0.87,0.90
2012-06-29,96.40,97.28,0.88,0.91
2012-06-30,96.39,97.28,0.89,0.92
2012-07-01,96.39,97.28,0.90,0.93
2012-07-02,96.40,97.29,0.89,0.92
2012-07-03,96.41,97.29,0.87,0.91
2012-07-04,96.43,97.29,0.86,0.89
2012-07-05,96.44,97.29,0.85,0.88
2012-07-06,96.46,97.30,0.84,0.87
2012-07-07,96.47,97.30,0.83,0.86
2012-07-08,96.49,97.30,0.81,0.84
2012-07-09,96.50,97.30,0.80,0.83
2012-07-10,96.51,97.30,0.79,0.82
2012-07-11,96.53,97.31,0.78,0.81
2012-07-12,96.54,97.31,0.77,0.79
2012-07-13,96.56,97.31,0.75,0.78
2012-07-14,96.57,97.31,0.74,0.77
2012-07-15,96.59,97.32,0.73,0.75
2012-07-16,96.60,97.32,0.72,0.74
2012-07-17,96.62,97.32,0.70,0.73
2012-07-18,96.63,97.32,0.69,0.72
2012-07-19,96.64,97.32,0.68,0.70
2012-07-20,96.66,97.33,0.67,0.69
2012-07-21,96.67,97.33,0.66,0.68
2012-07-22,96.69,97.33,0.64,0.67
2012-07-23,96.70,97.33,0.63,0.65
2012-07-24,96.72,97.34,0.62,0.64
2012-07-25,96.73,97.34,0.61,0.63
2012-07-26,96.74,97.34,0.60,0.62
2012-07-27,96.76,97.34,0.58,0.60
2012-07-28,96.77,97.35,0.57,0.59
2012-07-29,96.79,97.35,0.56,0.58
2012-07-30,96.80,97.35,0.55,0.57
2012-07-31,96.82,97.35,0.54,0.55
2012-08-01,96.83,97.36,0.52,0.54
2012-08-02,96.85,97.36,0.50,0.52
2012-08-03,96.88,97.36,0.48,0.50
2012-08-04,96.90,97.36,0.46,0.48
2012-08-05,96.92,97.37,0.45,0.46
2012-08-06,96.94,97.37,0.43,0.44
2012-08-07,96.97,97.37,0.41,0.42
2012-08-08,96.99,97.37,0.39,0.40
2012-08-09,97.01,97.38,0.37,0.38
2012-08-10,97.03,97.38,0.35,0.36
2012-08-11,97.05,97.38,0.33,0.34
2012-08-12,97.08,97.38,0.31,0.32
2012-08-13,97.10,97.39,0.29,0.30
2012-08-14,97.12,97.39,0.27,0.28
2012-08-15,97.14,97.39,0.25,0.26
2012-08-16,97.17,97.40,0.23,0.24
2012-08-17,97.19,97.40,0.21,0.22
2012-08-18,97.21,97.40,0.19,0.20
2012-08-19,97.23,97.40,0.17,0.18
2012-08-20,97.26,97.41,0.15,0.16
2012-08-21,97.28,97.41,0.13,0.14
2012-08-22,97.30,97.41,0.11,0.12
2012-08-23,97.32,97.42,0.09,0.10
2012-08-24,97.35,97.42,0.08,0.08
2012-08-25,97.37,97.42,0.06,0.06
2012-08-26,97.39,97.43,0.04,0.04
2012-08-27,97.41,97.43,0.02,0.02
2012-08-28,97.43,97.43,0.00,0.00
2012-08-29,97.46,97.44,0.02,0.02
2012-08-30,97.48,97.44,0.04,0.04
2012-08-31,97.50,97.44,0.06,0.06
2012-09-01,97.52,97.45,0.08,0.08
2012-09-02,97.52,97.45,0.07,0.07
2012-09-03,97.51,97.46,0.06,0.06
2012-09-04,97.51,97.46,0.05,0.05
2012-09-05,97.50,97.46,0.04,0.04
2012-09-06,97.49,97.47,0.03,0.03
2012-09-07,97.49,97.47,0.02,0.02
2012-09-08,97.48,97.47,0.01,0.01
2012-09-09,97.48,97.48,0.00,0.00
2012-09-10,97.47,97.48,0.01,0.01
2012-09-11,97.46,97.48,0.02,0.02
2012-09-12,97.46,97.49,0.03,0.03
2012-09-13,97.45,97.49,0.04,0.04
2012-09-14,97.44,97.49,0.05,0.05
2012-09-15,97.44,97.50,0.06,0.06
2012-09-16,97.43,97.50,0.07,0.07
2012-09-17,97.43,97.51,0.08,0.08
2012-09-18,97.42,97.51,0.09,0.09
2012-09-19,97.41,97.51,0.10,0.10
2012-09-20,97.41,97.52,0.11,0.11
2012-09-21,97.40,97.52,0.12,0.12
2012-09-22,97.40,97.52,0.13,0.13
2012-09-23,97.39,97.53,0.14,0.14
2012-09-24,97.38,97.53,0.15,0.15
2012-09-25,97.38,97.53,0.16,0.16
2012-09-26,97.37,97.54,0.17,0.17
2012-09-27,97.37,97.54,0.18,0.18
2012-09-28,97.36,97.55,0.19,0.19
2012-09-29,97.35,97.55,0.20,0.20
2012-09-30,97.35,97.55,0.21,0.21
2012-10-01,97.34,97.56,0.22,0.22
2012-10-02,97.33,97.56,0.23,0.24
2012-10-03,97.32,97.56,0.25,0.25
2012-10-04,97.31,97.57,0.26,0.27
2012-10-05,97.30,97.57,0.28,0.28
2012-10-06,97.29,97.58,0.29,0.30
2012-10-07,97.27,97.58,0.30,0.31
2012-10-08,97.26,97.58,0.32,0.33
2012-10-09,97.25,97.59,0.33,0.34
2012-10-10,97.24,97.59,0.35,0.36
2012-10-11,97.23,97.59,0.36,0.37
2012-10-12,97.22,97.60,0.38,0.39
2012-10-13,97.21,97.60,0.39,0.40
2012-10-14,97.20,97.60,0.41,0.42
2012-10-15,97.19,97.61,0.42,0.44
2012-10-16,97.17,97.61,0.44,0.45
2012-10-17,97.16,97.61,0.45,0.47
2012-10-18,97.15,97.62,0.47,0.48
2012-10-19,97.14,97.62,0.48,0.50
2012-10-20,97.13,97.62,0.50,0.51
2012-10-21,97.12,97.63,0.51,0.52
2012-10-22,97.11,97.63,0.52,0.54
2012-10-23,97.10,97.63,0.54,0.55
2012-10-24,97.08,97.64,0.55,0.57
2012-10-25,97.07,97.64,0.57,0.58
2012-10-26,97.06,97.64,0.58,0.60
2012-10-27,97.05,97.65,0.60,0.61
2012-10-28,97.04,97.65,0.61,0.63
2012-10-29,97.03,97.65,0.62,0.64
2012-10-30,97.02,97.66,0.64,0.66
2012-10-31,97.01,97.66,0.65,0.67
2012-11-01,97.00,97.66,0.67,0.69
2012-11-02,97.00,97.67,0.66,0.68
2012-11-03,97.01,97.67,0.66,0.68
2012-11-04,97.01,97.67,0.66,0.68
2012-11-05,97.02,97.67,0.65,0.67
2012-11-06,97.02,97.68,0.65,0.67
2012-11-07,97.03,97.68,0.65,0.67
2012-11-08,97.04,97.68,0.65,0.67
2012-11-09,97.04,97.68,0.64,0.66
2012-11-10,97.05,97.69,0.64,0.66
2012-11-11,97.05,97.69,0.64,0.66
2012-11-12,97.06,97.69,0.63,0.65
2012-11-13,97.06,97.70,0.63,0.65
2012-11-14,97.07,97.70,0.63,0.65
2012-11-15,97.08,97.70,0.63,0.64
2012-11-16,97.08,97.70,0.62,0.64
2012-11-17,97.09,97.71,0.62,0.64
2012-11-18,97.09,97.71,0.62,0.63
2012-11-19,97.10,97.71,0.61,0.63
2012-11-20,97.11,97.72,0.61,0.63
2012-11-21,97.11,97.72,0.61,0.63
2012-11-22,97.12,97.72,0.60,0.62
2012-11-23,97.12,97.72,0.60,0.62
2012-11-24,97.13,97.73,0.60,0.62
2012-11-25,97.13,97.73,0.60,0.61
2012-11-26,97.14,97.73,0.59,0.61
2012-11-27,97.15,97.74,0.59,0.61
2012-11-28,97.15,97.74,0.59,0.60
2012-11-29,97.16,97.74,0.58,0.60
2012-11-30,97.16,97.74,0.58,0.60
2012-12-01,97.17,97.75,0.58,0.60
2012-12-02,97.19,97.75,0.56,0.58
2012-12-03,97.21,97.75,0.55,0.56
2012-12-04,97.22,97.76,0.53,0.55
2012-12-05,97.24,97.76,0.51,0.53
2012-12-06,97.26,97.76,0.50,0.51
2012-12-07,97.28,97.76,0.48,0.50
2012-12-08,97.30,97.77,0.47,0.48
2012-12-09,97.32,97.77,0.45,0.46
2012-12-10,97.34,97.77,0.44,0.45
2012-12-11,97.36,97.78,0.42,0.43
2012-12-12,97.38,97.78,0.40,0.41
2012-12-13,97.39,97.78,0.39,0.40
2012-12-14,97.41,97.78,0.37,0.38
2012-12-15,97.43,97.79,0.36,0.36
2012-12-16,97.45,97.79,0.34,0.35
2012-12-17,97.47,97.79,0.32,0.33
2012-12-18,97.49,97.80,0.31,0.32
2012-12-19,97.51,97.80,0.29,0.30
2012-12-20,97.53,97.80,0.28,0.28
2012-12-21,97.54,97.80,0.26,0.27
2012-12-22,97.56,97.81,0.24,0.25
2012-12-23,97.58,97.81,0.23,0.23
2012-12-24,97.60,97.81,0.21,0.22
2012-12-25,97.62,97.82,0.20,0.20
2012-12-26,97.64,97.82,0.18,0.18
2012-12-27,97.66,97.82,0.16,0.17
2012-12-28,97.68,97.82,0.15,0.15
2012-12-29,97.70,97.83,0.13,0.14
2012-12-30,97.71,97.83,0.12,0.12
2012-12-31,97.73,97.83,0.10,0.10
2013-01-01,97.75,97.84,0.08,0.09
2013-01-02,97.76,97.84,0.08,0.08
2013-01-03,97.77,97.84,0.07,0.07
2013-01-04,97.78,97.85,0.06,0.06
2013-01-05,97.79,97.85,0.05,0.06
2013-01-06,97.80,97.85,0.05,0.05
2013-01-07,97.81,97.85,0.04,0.04
2013-01-08,97.83,97.86,0.03,0.03
2013-01-09,97.84,97.86,0.02,0.02
2013-01-10,97.85,97.86,0.02,0.02
2013-01-11,97.86,97.87,0.01,0.01
2013-01-12,97.87,97.87,0.00,0.00
2013-01-13,97.88,97.87,0.01,0.01
2013-01-14,97.89,97.87,0.01,0.01
2013-01-15,97.90,97.88,0.02,0.02
2013-01-16,97.91,97.88,0.03,0.03
2013-01-17,97.92,97.88,0.04,0.04
2013-01-18,97.93,97.89,0.04,0.05
2013-01-19,97.94,97.89,0.05,0.05
2013-01-20,97.95,97.89,0.06,0.06
2013-01-21,97.96,97.90,0.07,0.07
2013-01-22,97.97,97.90,0.07,0.08
2013-01-23,97.98,97.90,0.08,0.08
2013-01-24,97.99,97.90,0.09,0.09
2013-01-25,98.00,97.91,0.10,0.10
2013-01-26,98.02,97.91,0.10,0.11
2013-01-27,98.03,97.91,0.11,0.11
2013-01-28,98.04,97.92,0.12,0.12
2013-01-29,98.05,97.92,0.13,0.13
2013-01-30,98.06,97.92,0.13,0.14
2013-01-31,98.07,97.93,0.14,0.14
2013-02-01,98.08,97.93,0.15,0.15
2013-02-02,98.08,97.93,0.14,0.15
2013-02-03,98.07,97.94,0.14,0.14
2013-02-04,98.07,97.94,0.13,0.13
2013-02-05,98.07,97.94,0.12,0.13
2013-02-06,98.06,97.94,0.12,0.12
2013-02-07,98.06,97.95,0.11,0.11
2013-02-08,98.06,97.95,0.10,0.11
2013-02-09,98.05,97.95,0.10,0.10
2013-02-10,98.05,97.96,0.09,0.09
2013-02-11,98.05,97.96,0.09,0.09
2013-02-12,98.04,97.96,0.08,0.08
2013-02-13,98.04,97.97,0.07,0.08
2013-02-14,98.04,97.97,0.07,0.07
2013-02-15,98.03,97.97,0.06,0.06
2013-02-16,98.03,97.97,0.06,0.06
2013-02-17,98.03,97.98,0.05,0.05
2013-02-18,98.02,97.98,0.04,0.04
2013-02-19,98.02,97.98,0.04,0.04
2013-02-20,98.02,97.99,0.03,0.03
2013-02-21,98.01,97.99,0.03,0.03
2013-02-22,98.01,97.99,0.02,0.02
2013-02-23,98.01,97.99,0.01,0.01
2013-02-24,98.00,98.00,0.01,0.01
2013-02-25,98.00,98.00,0.00,0.00
2013-02-26,98.00,98.00,0.00,0.00
2013-02-27,97.99,98.00,0.01,0.01
2013-02-28,97.99,98.01,0.01,0.02
2013-03-01,97.99,98.01,0.02,0.02
2013-03-02,97.98,98.01,0.03,0.03
2013-03-03,97.98,98.01,0.03,0.03
2013-03-04,97.97,98.02,0.04,0.04
2013-03-05,97.97,98.02,0.05,0.05
2013-03-06,97.97,98.02,0.05,0.06
2013-03-07,97.96,98.02,0.06,0.06
2013-03-08,97.96,98.02,0.07,0.07
2013-03-09,97.95,98.03,0.07,0.08
2013-03-10,97.95,98.03,0.08,0.08
2013-03-11,97.94,98.03,0.09,0.09
2013-03-12,97.94,98.03,0.09,0.10
2013-03-13,97.94,98.04,0.10,0.10
2013-03-14,97.93,98.04,0.11,0.11
2013-03-15,97.93,98.04,0.11,0.12
2013-03-16,97.92,98.04,0.12,0.12
2013-03-17,97.92,98.05,0.13,0.13
2013-03-18,97.91,98.05,0.13,0.14
2013-03-19,97.91,98.05,0.14,0.14
2013-03-20,97.90,98.05,0.15,0.15
2013-03-21,97.90,98.06,0.16,0.16
2013-03-22,97.90,98.06,0.16,0.17
2013-03-23,97.89,98.06,0.17,0.17
2013-03-24,97.89,98.06,0.18,0.18
2013-03-25,97.88,98.07,0.18,0.19
2013-03-26,97.88,98.07,0.19,0.19
2013-03-27,97.87,98.07,0.20,0.20
2013-03-28,97.87,98.07,0.20,0.21
2013-03-29,97.86,98.07,0.21,0.21
2013-03-30,97.86,98.08,0.22,0.22
2013-03-31,97.86,98.08,0.22,0.23
2013-04-01,97.85,98.08,0.23,0.24
2013-04-02,97.85,98.08,0.23,0.24
2013-04-03,97.85,98.09,0.24,0.24
2013-04-04,97.85,98.09,0.24,0.24
2013-04-05,97.85,98.09,0.24,0.25
2013-04-06,97.85,98.09,0.24,0.25
2013-04-07,97.85,98.10,0.25,0.25
2013-04-08,97.85,98.10,0.25,0.25
2013-04-09,97.85,98.10,0.25,0.26
2013-04-10,97.85,98.11,0.25,0.26
2013-04-11,97.85,98.11,0.26,0.26
2013-04-12,97.85,98.11,0.26,0.26
2013-04-13,97.85,98.11,0.26,0.27
2013-04-14,97.85,98.12,0.26,0.27
2013-04-15,97.85,98.12,0.27,0.27
2013-04-16,97.85,98.12,0.27,0.28
2013-04-17,97.85,98.12,0.27,0.28
2013-04-18,97.85,98.13,0.28,0.28
2013-04-19,97.85,98.13,0.28,0.28
2013-04-20,97.85,98.13,0.28,0.29
2013-04-21,97.85,98.14,0.28,0.29
2013-04-22,97.85,98.14,0.29,0.29
2013-04-23,97.85,98.14,0.29,0.30
2013-04-24,97.85,98.14,0.29,0.30
2013-04-25,97.85,98.15,0.30,0.30
2013-04-26,97.85,98.15,0.30,0.31
2013-04-27,97.85,98.15,0.30,0.31
2013-04-28,97.85,98.16,0.31,0.31
2013-04-29,97.85,98.16,0.31,0.31
2013-04-30,97.85,98.16,0.31,0.32
2013-05-01,97.85,98.17,0.31,0.32
2013-05-02,97.85,98.17,0.32,0.33
2013-05-03,97.84,98.17,0.33,0.34
2013-05-04,97.84,98.18,0.34,0.34
2013-05-05,97.84,98.18,0.34,0.35
2013-05-06,97.83,98.18,0.35,0.36
2013-05-07,97.83,98.19,0.36,0.36
2013-05-08,97.82,98.19,0.36,0.37
2013-05-09,97.82,98.19,0.37,0.38
2013-05-10,97.82,98.19,0.38,0.39
2013-05-11,97.81,98.20,0.38,0.39
2013-05-12,97.81,98.20,0.39,0.40
2013-05-13,97.81,98.20,0.40,0.41
2013-05-14,97.80,98.21,0.41,0.41
2013-05-15,97.80,98.21,0.41,0.42
2013-05-16,97.79,98.21,0.42,0.43
2013-05-17,97.79,98.22,0.43,0.44
2013-05-18,97.79,98.22,0.43,0.44
2013-05-19,97.78,98.22,0.44,0.45
2013-05-20,97.78,98.23,0.45,0.46
2013-05-21,97.77,98.23,0.45,0.46
2013-05-22,97.77,98.23,0.46,0.47
2013-05-23,97.77,98.24,0.47,0.48
2013-05-24,97.76,98.24,0.48,0.49
2013-05-25,97.76,98.24,0.48,0.49
2013-05-26,97.76,98.24,0.49,0.50
2013-05-27,97.75,98.25,0.50,0.51
2013-05-28,97.75,98.25,0.50,0.51
2013-05-29,97.74,98.25,0.51,0.52
2013-05-30,97.74,98.26,0.52,0.53
2013-05-31,97.74,98.26,0.52,0.54
2013-06-01,97.73,98.26,0.53,0.54
2013-06-02,97.74,98.27,0.53,0.54
2013-06-03,97.75,98.27,0.52,0.53
2013-06-04,97.75,98.27,0.52,0.53
2013-06-05,97.76,98.28,0.51,0.53
2013-06-06,97.77,98.28,0.51,0.52
2013-06-07,97.77,98.28,0.51,0.52
2013-06-08,97.78,98.29,0.50,0.52
2013-06-09,97.79,98.29,0.50,0.51
2013-06-10,97.80,98.29,0.50,0.51
2013-06-11,97.80,98.30,0.49,0.50
2013-06-12,97.81,98.30,0.49,0.50
2013-06-13,97.82,98.30,0.49,0.50
2013-06-14,97.82,98.31,0.48,0.49
2013-06-15,97.83,98.31,0.48,0.49
2013-06-16,97.84,98.32,0.48,0.49
2013-06-17,97.84,98.32,0.47,0.49
2013-06-18,97.85,98.32,0.47,0.48
2013-06-19,97.86,98.33,0.47,0.48
2013-06-20,97.87,98.33,0.47,0.48
2013-06-21,97.87,98.34,0.46,0.47
2013-06-22,97.88,98.34,0.46,0.47
2013-06-23,97.89,98.35,0.46,0.47
2013-06-24,97.89,98.35,0.46,0.47
2013-06-25,97.90,98.35,0.45,0.46
2013-06-26,97.91,98.36,0.45,0.46
2013-06-27,97.91,98.36,0.45,0.46
2013-06-28,97.92,98.37,0.45,0.46
2013-06-29,97.93,98.37,0.45,0.45
2013-06-30,97.94,98.38,0.44,0.45
2013-07-01,97.94,98.38,0.44,0.45
2013-07-02,97.95,98.39,0.44,0.44
2013-07-03,97.96,98.39,0.43,0.44
2013-07-04,97.98,98.40,0.42,0.43
2013-07-05,97.99,98.40,0.42,0.43
2013-07-06,98.00,98.41,0.41,0.42
2013-07-07,98.01,98.41,0.40,0.41
2013-07-08,98.02,98.42,0.40,0.41
2013-07-09,98.03,98.42,0.39,0.40
2013-07-10,98.04,98.43,0.39,0.39
2013-07-11,98.05,98.43,0.38,0.39
2013-07-12,98.07,98.44,0.37,0.38
2013-07-13,98.08,98.44,0.37,0.37
2013-07-14,98.09,98.45,0.36,0.37
2013-07-15,98.10,98.45,0.35,0.36
2013-07-16,98.11,98.46,0.35,0.35
2013-07-17,98.12,98.46,0.34,0.35
2013-07-18,98.13,98.47,0.33,0.34
2013-07-19,98.14,98.47,0.33,0.33
2013-07-20,98.15,98.48,0.32,0.33
2013-07-21,98.17,98.48,0.31,0.32
2013-07-22,98.18,98.48,0.31,0.31
2013-07-23,98.19,98.49,0.30,0.31
2013-07-24,98.20,98.49,0.29,0.30
2013-07-25,98.21,98.50,0.29,0.29
2013-07-26,98.22,98.50,0.28,0.28
2013-07-27,98.23,98.50,0.27,0.28
2013-07-28,98.24,98.51,0.26,0.27
2013-07-29,98.26,98.51,0.26,0.26
2013-07-30,98.27,98.52,0.25,0.25
2013-07-31,98.28,98.52,0.24,0.25
2013-08-01,98.29,98.52,0.23,0.24
2013-08-02,98.30,98.53,0.23,0.24
2013-08-03,98.30,98.53,0.23,0.23
2013-08-04,98.31,98.54,0.23,0.23
2013-08-05,98.31,98.54,0.23,0.23
2013-08-06,98.32,98.54,0.22,0.23
2013-08-07,98.33,98.55,0.22,0.22
2013-08-08,98.33,98.55,0.22,0.22
2013-08-09,98.34,98.55,0.21,0.22
2013-08-10,98.34,98.56,0.21,0.22
2013-08-11,98.35,98.56,0.21,0.21
2013-08-12,98.36,98.56,0.21,0.21
2013-08-13,98.36,98.57,0.20,0.21
2013-08-14,98.37,98.57,0.20,0.21
2013-08-15,98.38,98.57,0.20,0.20
2013-08-16,98.38,98.58,0.20,0.20
2013-08-17,98.39,98.58,0.19,0.20
2013-08-18,98.39,98.58,0.19,0.19
2013-08-19,98.40,98.59,0.19,0.19
2013-08-20,98.41,98.59,0.19,0.19
2013-08-21,98.41,98.59,0.18,0.19
2013-08-22,98.42,98.60,0.18,0.18
2013-08-23,98.42,98.60,0.18,0.18
2013-08-24,98.43,98.60,0.17,0.18
2013-08-25,98.44,98.61,0.17,0.17
2013-08-26,98.44,98.61,0.17,0.17
2013-08-27,98.45,98.61,0.16,0.17
2013-08-28,98.46,98.62,0.16,0.16
2013-08-29,98.46,98.62,0.16,0.16
2013-08-30,98.47,98.62,0.16,0.16
2013-08-31,98.47,98.63,0.15,0.16
2013-09-01,98.48,98.63,0.15,0.15
2013-09-02,98.47,98.63,0.16,0.17
2013-09-03,98.46,98.64,0.18,0.18
2013-09-04,98.45,98.64,0.19,0.19
2013-09-05,98.44,98.64,0.20,0.21
2013-09-06,98.43,98.64,0.22,0.22
2013-09-07,98.42,98.65,0.23,0.23
2013-09-08,98.41,98.65,0.24,0.25
2013-09-09,98.40,98.65,0.25,0.26
2013-09-10,98.39,98.66,0.27,0.27
2013-09-11,98.38,98.66,0.28,0.29
2013-09-12,98.37,98.66,0.29,0.30
2013-09-13,98.36,98.67,0.31,0.31
2013-09-14,98.35,98.67,0.32,0.33
2013-09-15,98.34,98.67,0.33,0.34
2013-09-16,98.33,98.68,0.35,0.35
2013-09-17,98.32,98.68,0.36,0.37
2013-09-18,98.31,98.68,0.37,0.38
2013-09-19,98.30,98.69,0.39,0.39
2013-09-20,98.29,98.69,0.40,0.41
2013-09-21,98.28,98.69,0.41,0.42
2013-09-22,98.27,98.70,0.43,0.43
2013-09-23,98.26,98.70,0.44,0.45
2013-09-24,98.25,98.70,0.45,0.46
2013-09-25,98.24,98.71,0.47,0.48
2013-09-26,98.23,98.71,0.48,0.49
2013-09-27,98.22,98.71,0.49,0.50
2013-09-28,98.21,98.72,0.51,0.52
2013-09-29,98.20,98.72,0.52,0.53
2013-09-30,98.19,98.73,0.54,0.55
2013-10-01,98.18,98.73,0.55,0.56
2013-10-02,98.18,98.73,0.55,0.56
2013-10-03,98.18,98.74,0.56,0.57
2013-10-04,98.18,98.74,0.56,0.57
2013-10-05,98.18,98.74,0.57,0.58
2013-10-06,98.18,98.75,0.57,0.58
2013-10-07,98.18,98.75,0.57,0.59
2013-10-08,98.18,98.75,0.58,0.59
2013-10-09,98.17,98.76,0.58,0.59
2013-10-10,98.17,98.76,0.59,0.60
2013-10-11,98.17,98.77,0.59,0.60
2013-10-12,98.17,98.77,0.60,0.61
2013-10-13,98.17,98.77,0.60,0.61
2013-10-14,98.17,98.78,0.61,0.62
2013-10-15,98.17,98.78,0.61,0.62
2013-10-16,98.17,98.78,0.61,0.63
2013-10-17,98.17,98.79,0.62,0.63
2013-10-18,98.17,98.79,0.62,0.63
2013-10-19,98.17,98.80,0.63,0.64
2013-10-20,98.17,98.80,0.63,0.64
2013-10-21,98.17,98.80,0.64,0.65
2013-10-22,98.17,98.81,0.64,0.65
2013-10-23,98.17,98.81,0.64,0.66
2013-10-24,98.17,98.81,0.65,0.66
2013-10-25,98.16,98.82,0.65,0.67
2013-10-26,98.16,98.82,0.66,0.67
2013-10-27,98.16,98.83,0.66,0.67
2013-10-28,98.16,98.83,0.67,0.68
2013-10-29,98.16,98.83,0.67,0.68
2013-10-30,98.16,98.84,0.68,0.69
2013-10-31,98.16,98.84,0.68,0.69
2013-11-01,98.16,98.84,0.68,0.70
2013-11-02,98.16,98.85,0.68,0.70
2013-11-03,98.17,98.85,0.68,0.70
2013-11-04,98.17,98.86,0.68,0.70
2013-11-05,98.18,98.86,0.68,0.70
2013-11-06,98.18,98.86,0.68,0.70
2013-11-07,98.18,98.87,0.68,0.70
2013-11-08,98.19,98.87,0.68,0.70
2013-11-09,98.19,98.88,0.68,0.70
2013-11-10,98.20,98.88,0.68,0.70
2013-11-11,98.20,98.88,0.68,0.70
2013-11-12,98.20,98.89,0.68,0.70
2013-11-13,98.21,98.89,0.68,0.70
2013-11-14,98.21,98.89,0.68,0.70
2013-11-15,98.22,98.90,0.68,0.69
2013-11-16,98.22,98.90,0.68,0.69
2013-11-17,98.22,98.91,0.68,0.69
2013-11-18,98.23,98.91,0.68,0.69
2013-11-19,98.23,98.91,0.68,0.69
2013-11-20,98.24,98.92,0.68,0.69
2013-11-21,98.24,98.92,0.68,0.69
2013-11-22,98.24,98.92,0.68,0.69
2013-11-23,98.25,98.93,0.68,0.69
2013-11-24,98.25,98.93,0.68,0.69
2013-11-25,98.26,98.94,0.68,0.69
2013-11-26,98.26,98.94,0.68,0.69
2013-11-27,98.26,98.94,0.68,0.69
2013-11-28,98.27,98.95,0.68,0.69
2013-11-29,98.27,98.95,0.68,0.69
2013-11-30,98.28,98.95,0.68,0.69
2013-12-01,98.28,98.96,0.68,0.69
2013-12-02,98.30,98.96,0.66,0.68
2013-12-03,98.31,98.96,0.65,0.66
2013-12-04,98.33,98.97,0.64,0.65
2013-12-05,98.35,98.97,0.62,0.63
2013-12-06,98.36,98.97,0.61,0.62
2013-12-07,98.38,98.98,0.60,0.61
2013-12-08,98.40,98.98,0.58,0.59
2013-12-09,98.42,98.98,0.57,0.58
2013-12-10,98.43,98.99,0.56,0.56
2013-12-11,98.45,98.99,0.54,0.55
2013-12-12,98.47,98.99,0.53,0.54
2013-12-13,98.48,99.00,0.51,0.52
2013-12-14,98.50,99.00,0.50,0.51
2013-12-15,98.52,99.00,0.49,0.49
2013-12-16,98.54,99.01,0.47,0.48
2013-12-17,98.55,99.01,0.46,0.47
2013-12-18,98.57,99.01,0.45,0.45
2013-12-19,98.59,99.02,0.43,0.44
2013-12-20,98.60,99.02,0.42,0.42
2013-12-21,98.62,99.02,0.40,0.41
2013-12-22,98.64,99.03,0.39,0.40
2013-12-23,98.65,99.03,0.38,0.38
2013-12-24,98.67,99.03,0.36,0.37
2013-12-25,98.69,99.04,0.35,0.35
2013-12-26,98.71,99.04,0.33,0.34
2013-12-27,98.72,99.04,0.32,0.33
2013-12-28,98.74,99.05,0.31,0.31
2013-12-29,98.76,99.05,0.29,0.30
2013-12-30,98.77,99.05,0.28,0.28
2013-12-31,98.79,99.06,0.27,0.27
2014-01-01,98.81,99.06,0.25,0.25
2014-01-02,98.82,99.06,0.25,0.25
2014-01-03,98.82,99.07,0.24,0.24
2014-01-04,98.83,99.07,0.24,0.24
2014-01-05,98.84,99.07,0.23,0.23
2014-01-06,98.85,99.07,0.22,0.23
2014-01-07,98.86,99.08,0.22,0.22
2014-01-08,98.87,99.08,0.21,0.22
2014-01-09,98.88,99.08,0.21,0.21
2014-01-10,98.88,99.09,0.20,0.21
2014-01-11,98.89,99.09,0.20,0.20
2014-01-12,98.90,99.09,0.19,0.19
2014-01-13,98.91,99.10,0.19,0.19
2014-01-14,98.92,99.10,0.18,0.18
2014-01-15,98.93,99.10,0.18,0.18
2014-01-16,98.94,99.11,0.17,0.17
2014-01-17,98.94,99.11,0.17,0.17
2014-01-18,98.95,99.11,0.16,0.16
2014-01-19,98.96,99.12,0.15,0.16
2014-01-20,98.97,99.12,0.15,0.15
2014-01-21,98.98,99.12,0.14,0.15
2014-01-22,98.99,99.12,0.14,0.14
2014-01-23,98.99,99.13,0.13,0.13
2014-01-24,99.00,99.13,0.13,0.13
2014-01-25,99.01,99.13,0.12,0.12
2014-01-26,99.02,99.14,0.12,0.12
2014-01-27,99.03,99.14,0.11,0.11
2014-01-28,99.04,99.14,0.11,0.11
2014-01-29,99.05,99.15,0.10,0.10
2014-01-30,99.05,99.15,0.10,0.10
2014-01-31,99.06,99.15,0.09,0.09
2014-02-01,99.07,99.16,0.09,0.09
2014-02-02,99.08,99.16,0.08,0.08
2014-02-03,99.08,99.16,0.08,0.08
2014-02-04,99.09,99.17,0.08,0.08
2014-02-05,99.10,99.17,0.07,0.07
2014-02-06,99.10,99.17,0.07,0.07
2014-02-07,99.11,99.18,0.07,0.07
2014-02-08,99.12,99.18,0.06,0.06
2014-02-09,99.12,99.18,0.06,0.06
2014-02-10,99.13,99.19,0.06,0.06
2014-02-11,99.14,99.19,0.05,0.05
2014-02-12,99.14,99.19,0.05,0.05
2014-02-13,99.15,99.20,0.05,0.05
2014-02-14,99.16,99.20,0.04,0.05
2014-02-15,99.16,99.20,0.04,0.04
2014-02-16,99.17,99.21,0.04,0.04
2014-02-17,99.18,99.21,0.04,0.04
2014-02-18,99.18,99.21,0.03,0.03
2014-02-19,99.19,99.22,0.03,0.03
2014-02-20,99.20,99.22,0.03,0.03
2014-02-21,99.20,99.23,0.02,0.02
2014-02-22,99.21,99.23,0.02,0.02
2014-02-23,99.21,99.23,0.02,0.02
2014-02-24,99.22,99.24,0.01,0.01
2014-02-25,99.23,99.24,0.01,0.01
2014-02-26,99.23,99.24,0.01,0.01
2014-02-27,99.24,99.25,0.01,0.01
2014-02-28,99.25,99.25,0.00,0.00
2014-03-01,99.25,99.25,0.00,0.00
2014-03-02,99.26,99.26,0.00,0.00
2014-03-03,99.26,99.26,0.00,0.00
2014-03-04,99.26,99.27,0.01,0.01
2014-03-05,99.26,99.27,0.01,0.01
2014-03-06,99.26,99.27,0.01,0.01
2014-03-07,99.27,99.28,0.01,0.01
2014-03-08,99.27,99.28,0.01,0.01
2014-03-09,99.27,99.28,0.01,0.01
2014-03-10,99.27,99.29,0.02,0.02
2014-03-11,99.27,99.29,0.02,0.02
2014-03-12,99.28,99.30,0.02,0.02
2014-03-13,99.28,99.30,0.02,0.02
2014-03-14,99.28,99.30,0.02,0.02
2014-03-15,99.28,99.31,0.02,0.02
2014-03-16,99.28,99.31,0.03,0.03
2014-03-17,99.29,99.32,0.03,0.03
2014-03-18,99.29,99.32,0.03,0.03
2014-03-19,99.29,99.32,0.03,0.03
2014-03-20,99.29,99.33,0.03,0.03
2014-03-21,99.30,99.33,0.04,0.04
2014-03-22,99.30,99.34,0.04,0.04
2014-03-23,99.30,99.34,0.04,0.04
2014-03-24,99.30,99.34,0.04,0.04
2014-03-25,99.30,99.35,0.04,0.04
2014-03-26,99.31,99.35,0.05,0.05
2014-03-27,99.31,99.36,0.05,0.05
2014-03-28,99.31,99.36,0.05,0.05
2014-03-29,99.31,99.36,0.05,0.05
2014-03-30,99.31,99.37,0.05,0.06
2014-03-31,99.32,99.37,0.06,0.06
2014-04-01,99.32,99.38,0.06,0.06
2014-04-02,99.32,99.38,0.06,0.06
2014-04-03,99.33,99.39,0.06,0.06
2014-04-04,99.33,99.39,0.06,0.06
2014-04-05,99.34,99.39,0.05,0.05
2014-04-06,99.35,99.40,0.05,0.05
2014-04-07,99.35,99.40,0.05,0.05
2014-04-08,99.36,99.41,0.05,0.05
2014-04-09,99.36,99.41,0.05,0.05
2014-04-10,99.37,99.42,0.05,0.05
2014-04-11,99.37,99.42,0.05,0.05
2014-04-12,99.38,99.42,0.05,0.05
2014-04-13,99.38,99.43,0.05,0.05
2014-04-14,99.39,99.43,0.04,0.04
2014-04-15,99.39,99.44,0.04,0.04
2014-04-16,99.40,99.44,0.04,0.04
2014-04-17,99.41,99.45,0.04,0.04
2014-04-18,99.41,99.45,0.04,0.04
2014-04-19,99.42,99.45,0.04,0.04
2014-04-20,99.42,99.46,0.04,0.04
2014-04-21,99.43,99.46,0.04,0.04
2014-04-22,99.43,99.47,0.04,0.04
2014-04-23,99.44,99.47,0.03,0.03
2014-04-24,99.44,99.48,0.03,0.03
2014-04-25,99.45,99.48,0.03,0.03
2014-04-26,99.45,99.49,0.03,0.03
2014-04-27,99.46,99.49,0.03,0.03
2014-04-28,99.47,99.49,0.03,0.03
2014-04-29,99.47,99.50,0.03,0.03
2014-04-30,99.48,99.50,0.03,0.03
2014-05-01,99.48,99.51,0.03,0.03
2014-05-02,99.48,99.51,0.03,0.03
2014-05-03,99.47,99.52,0.04,0.04
2014-05-04,99.47,99.52,0.05,0.05
2014-05-05,99.46,99.52,0.06,0.06
2014-05-06,99.46,99.53,0.07,0.07
2014-05-07,99.46,99.53,0.08,0.08
2014-05-08,99.45,99.54,0.08,0.09
2014-05-09,99.45,99.54,0.09,0.09
2014-05-10,99.44,99.55,0.10,0.10
2014-05-11,99.44,99.55,0.11,0.11
2014-05-12,99.44,99.56,0.12,0.12
2014-05-13,99.43,99.56,0.13,0.13
2014-05-14,99.43,99.56,0.14,0.14
2014-05-15,99.42,99.57,0.14,0.15
2014-05-16,99.42,99.57,0.15,0.15
2014-05-17,99.42,99.58,0.16,0.16
2014-05-18,99.41,99.58,0.17,0.17
2014-05-19,99.41,99.59,0.18,0.18
2014-05-20,99.40,99.59,0.19,0.19
2014-05-21,99.40,99.59,0.20,0.20
2014-05-22,99.40,99.60,0.20,0.21
2014-05-23,99.39,99.60,0.21,0.21
2014-05-24,99.39,99.61,0.22,0.22
2014-05-25,99.38,99.61,0.23,0.23
2014-05-26,99.38,99.62,0.24,0.24
2014-05-27,99.37,99.62,0.25,0.25
2014-05-28,99.37,99.63,0.26,0.26
2014-05-29,99.37,99.63,0.26,0.27
2014-05-30,99.36,99.63,0.27,0.27
2014-05-31,99.36,99.64,0.28,0.28
2014-06-01,99.35,99.64,0.29,0.29
2014-06-02,99.36,99.65,0.29,0.29
2014-06-03,99.36,99.65,0.29,0.29
2014-06-04,99.37,99.66,0.29,0.29
2014-06-05,99.37,99.66,0.29,0.29
2014-06-06,99.38,99.67,0.29,0.29
2014-06-07,99.38,99.67,0.29,0.29
2014-06-08,99.39,99.67,0.29,0.29
2014-06-09,99.39,99.68,0.29,0.29
2014-06-10,99.40,99.68,0.29,0.29
2014-06-11,99.40,99.69,0.28,0.29
2014-06-12,99.41,99.69,0.28,0.29
2014-06-13,99.41,99.70,0.28,0.29
2014-06-14,99.42,99.70,0.28,0.28
2014-06-15,99.42,99.70,0.28,0.28
2014-06-16,99.43,99.71,0.28,0.28
2014-06-17,99.43,99.71,0.28,0.28
2014-06-18,99.44,99.72,0.28,0.28
2014-06-19,99.44,99.72,0.28,0.28
2014-06-20,99.45,99.73,0.28,0.28
2014-06-21,99.45,99.73,0.28,0.28
2014-06-22,99.46,99.73,0.28,0.28
2014-06-23,99.46,99.74,0.28,0.28
2014-06-24,99.47,99.74,0.28,0.28
2014-06-25,99.47,99.75,0.28,0.28
2014-06-26,99.48,99.75,0.27,0.28
2014-06-27,99.48,99.75,0.27,0.28
2014-06-28,99.48,99.76,0.27,0.27
2014-06-29,99.49,99.76,0.27,0.27
2014-06-30,99.49,99.77,0.27,0.27
2014-07-01,99.50,99.77,0.27,0.27
2014-07-02,99.50,99.77,0.27,0.27
2014-07-03,99.51,99.78,0.27,0.27
2014-07-04,99.52,99.78,0.27,0.27
2014-07-05,99.52,99.79,0.26,0.27
2014-07-06,99.53,99.79,0.26,0.26
2014-07-07,99.53,99.79,0.26,0.26
2014-07-08,99.54,99.80,0.26,0.26
2014-07-09,99.54,99.80,0.26,0.26
2014-07-10,99.55,99.81,0.26,0.26
2014-07-11,99.56,99.81,0.25,0.25
2014-07-12,99.56,99.81,0.25,0.25
2014-07-13,99.57,99.82,0.25,0.25
2014-07-14,99.57,99.82,0.25,0.25
2014-07-15,99.58,99.83,0.25,0.25
2014-07-16,99.58,99.83,0.25,0.25
2014-07-17,99.59,99.83,0.24,0.24
2014-07-18,99.59,99.84,0.24,0.24
2014-07-19,99.60,99.84,0.24,0.24
2014-07-20,99.61,99.85,0.24,0.24
2014-07-21,99.61,99.85,0.24,0.24
2014-07-22,99.62,99.85,0.24,0.24
2014-07-23,99.62,99.86,0.23,0.24
2014-07-24,99.63,99.86,0.23,0.23
2014-07-25,99.63,99.87,0.23,0.23
2014-07-26,99.64,99.87,0.23,0.23
2014-07-27,99.65,99.87,0.23,0.23
2014-07-28,99.65,99.88,0.23,0.23
2014-07-29,99.66,99.88,0.23,0.23
2014-07-30,99.66,99.89,0.22,0.22
2014-07-31,99.67,99.89,0.22,0.22
2014-08-01,99.67,99.89,0.22,0.22
2014-08-02,99.67,99.90,0.23,0.23
2014-08-03,99.67,99.90,0.23,0.23
2014-08-04,99.67,99.91,0.24,0.24
2014-08-05,99.66,99.91,0.25,0.25
2014-08-06,99.66,99.91,0.25,0.25
2014-08-07,99.66,99.92,0.26,0.26
2014-08-08,99.66,99.92,0.26,0.26
2014-08-09,99.66,99.93,0.27,0.27
2014-08-10,99.65,99.93,0.28,0.28
2014-08-11,99.65,99.93,0.28,0.28
2014-08-12,99.65,99.94,0.29,0.29
2014-08-13,99.65,99.94,0.29,0.29
2014-08-14,99.65,99.94,0.30,0.30
2014-08-15,99.64,99.95,0.30,0.31
2014-08-16,99.64,99.95,0.31,0.31
2014-08-17,99.64,99.95,0.31,0.32
2014-08-18,99.64,99.96,0.32,0.32
2014-08-19,99.64,99.96,0.33,0.33
2014-08-20,99.63,99.96,0.33,0.33
2014-08-21,99.63,99.97,0.34,0.34
2014-08-22,99.63,99.97,0.34,0.34
2014-08-23,99.63,99.97,0.35,0.35
2014-08-24,99.63,99.98,0.35,0.35
2014-08-25,99.62,99.98,0.36,0.36
2014-08-26,99.62,99.98,0.36,0.36
2014-08-27,99.62,99.98,0.37,0.37
2014-08-28,99.62,99.99,0.37,0.37
2014-08-29,99.62,99.99,0.37,0.38
2014-08-30,99.61,99.99,0.38,0.38
2014-08-31,99.61,99.99,0.38,0.38
2014-09-01,99.61,100.00,0.39,0.39
2014-09-02,99.60,100.00,0.40,0.40
2014-09-03,99.59,100.00,0.41,0.41
2014-09-04,99.58,100.00,0.42,0.43
2014-09-05,99.57,100.01,0.44,0.44
2014-09-06,99.56,100.01,0.45,0.45
2014-09-07,99.55,100.01,0.46,0.46
2014-09-08,99.54,100.01,0.47,0.48
2014-09-09,99.53,100.01,0.48,0.49
2014-09-10,99.52,100.02,0.50,0.50
2014-09-11,99.51,100.02,0.51,0.51
2014-09-12,99.50,100.02,0.52,0.52
2014-09-13,99.49,100.02,0.53,0.54
2014-09-14,99.48,100.02,0.55,0.55
2014-09-15,99.47,100.03,0.56,0.56
2014-09-16,99.46,100.03,0.57,0.57
2014-09-17,99.45,100.03,0.58,0.58
2014-09-18,99.44,100.03,0.59,0.60
2014-09-19,99.43,100.03,0.61,0.61
2014-09-20,99.42,100.04,0.62,0.62
2014-09-21,99.41,100.04,0.63,0.63
2014-09-22,99.40,100.04,0.64,0.65
2014-09-23,99.39,100.04,0.65,0.66
2014-09-24,99.38,100.04,0.67,0.67
2014-09-25,99.37,100.05,0.68,0.68
2014-09-26,99.36,100.05,0.69,0.69
2014-09-27,99.35,100.05,0.70,0.71
2014-09-28,99.34,100.05,0.71,0.72
2014-09-29,99.33,100.05,0.72,0.73
2014-09-30,99.32,100.06,0.74,0.74
2014-10-01,99.31,100.06,0.75,0.75
2014-10-02,99.30,100.06,0.76,0.76
2014-10-03,99.30,100.06,0.77,0.77
2014-10-04,99.29,100.06,0.77,0.78
2014-10-05,99.28,100.06,0.78,0.79
2014-10-06,99.28,100.07,0.79,0.80
2014-10-07,99.27,100.07,0.80,0.80
2014-10-08,99.26,100.07,0.81,0.81
2014-10-09,99.26,100.07,0.82,0.82
2014-10-10,99.25,100.07,0.82,0.83
2014-10-11,99.24,100.08,0.83,0.84
2014-10-12,99.24,100.08,0.84,0.85
2014-10-13,99.23,100.08,0.85,0.86
2014-10-14,99.22,100.08,0.86,0.86
2014-10-15,99.22,100.08,0.87,0.87
2014-10-16,99.21,100.09,0.87,0.88
2014-10-17,99.21,100.09,0.88,0.89
2014-10-18,99.20,100.09,0.89,0.90
2014-10-19,99.19,100.09,0.90,0.91
2014-10-20,99.19,100.09,0.91,0.91
2014-10-21,99.18,100.09,0.92,0.92
2014-10-22,99.17,100.10,0.92,0.93
2014-10-23,99.17,100.10,0.93,0.94
2014-10-24,99.16,100.10,0.94,0.95
2014-10-25,99.15,100.10,0.95,0.96
2014-10-26,99.15,100.10,0.96,0.97
2014-10-27,99.14,100.11,0.97,0.97
2014-10-28,99.13,100.11,0.97,0.98
2014-10-29,99.13,100.11,0.98,0.99
2014-10-30,99.12,100.11,0.99,1.00
2014-10-31,99.11,100.11,1.00,1.01
2014-11-01,99.11,100.12,1.01,1.02
2014-11-02,99.11,100.12,1.01,1.02
2014-11-03,99.11,100.12,1.01,1.02
2014-11-04,99.11,100.12,1.01,1.02
2014-11-05,99.11,100.12,1.02,1.02
2014-11-06,99.11,100.12,1.02,1.03
2014-11-07,99.11,100.13,1.02,1.03
2014-11-08,99.11,100.13,1.02,1.03
2014-11-09,99.11,100.13,1.02,1.03
2014-11-10,99.11,100.13,1.03,1.04
2014-11-11,99.11,100.13,1.03,1.04
2014-11-12,99.10,100.14,1.03,1.04
2014-11-13,99.10,100.14,1.03,1.04
2014-11-14,99.10,100.14,1.04,1.04
2014-11-15,99.10,100.14,1.04,1.05
2014-11-16,99.10,100.14,1.04,1.05
2014-11-17,99.10,100.14,1.04,1.05
2014-11-18,99.10,100.15,1.04,1.05
2014-11-19,99.10,100.15,1.05,1.06
2014-11-20,99.10,100.15,1.05,1.06
2014-11-21,99.10,100.15,1.05,1.06
2014-11-22,99.10,100.15,1.05,1.06
2014-11-23,99.10,100.16,1.05,1.06
2014-11-24,99.10,100.16,1.06,1.07
2014-11-25,99.10,100.16,1.06,1.07
2014-11-26,99.10,100.16,1.06,1.07
2014-11-27,99.10,100.16,1.06,1.07
2014-11-28,99.10,100.16,1.06,1.07
2014-11-29,99.10,100.17,1.07,1.08
2014-11-30,99.10,100.17,1.07,1.08
2014-12-01,99.10,100.17,1.07,1.08
2014-12-02,99.12,100.17,1.05,1.06
2014-12-03,99.14,100.17,1.03,1.04
2014-12-04,99.16,100.17,1.01,1.02
2014-12-05,99.19,100.18,0.99,1.00
2014-12-06,99.21,100.18,0.97,0.98
2014-12-07,99.23,100.18,0.95,0.96
2014-12-08,99.25,100.18,0.93,0.94
2014-12-09,99.27,100.18,0.91,0.92
2014-12-10,99.29,100.19,0.89,0.90
2014-12-11,99.32,100.19,0.87,0.88
2014-12-12,99.34,100.19,0.85,0.86
2014-12-13,99.36,100.19,0.83,0.84
2014-12-14,99.38,100.19,0.81,0.82
2014-12-15,99.40,100.20,0.80,0.80
2014-12-16,99.42,100.20,0.78,0.78
2014-12-17,99.45,100.20,0.76,0.76
2014-12-18,99.47,100.20,0.74,0.74
2014-12-19,99.49,100.21,0.72,0.72
2014-12-20,99.51,100.21,0.70,0.70
2014-12-21,99.53,100.21,0.68,0.68
2014-12-22,99.55,100.22,0.66,0.66
2014-12-23,99.58,100.22,0.64,0.65
2014-12-24,99.60,100.22,0.62,0.63
2014-12-25,99.62,100.22,0.61,0.61
2014-12-26,99.64,100.23,0.59,0.59
2014-12-27,99.66,100.23,0.57,0.57
2014-12-28,99.68,100.23,0.55,0.55
2014-12-29,99.71,100.24,0.53,0.53
2014-12-30,99.73,100.24,0.51,0.51
2014-12-31,99.75,100.24,0.49,0.49
2015-01-01,99.77,100.25,0.47,0.48
2015-01-02,99.77,100.25,0.48,0.48
2015-01-03,99.77,100.25,0.49,0.49
2015-01-04,99.76,100.26,0.49,0.49
2015-01-05,99.76,100.26,0.50,0.50
2015-01-06,99.76,100.26,0.50,0.50
2015-01-07,99.76,100.27,0.51,0.51
2015-01-08,99.76,100.27,0.51,0.51
2015-01-09,99.76,100.27,0.52,0.52
2015-01-10,99.75,100.28,0.52,0.52
2015-01-11,99.75,100.28,0.53,0.53
2015-01-12,99.75,100.28,0.53,0.53
2015-01-13,99.75,100.29,0.54,0.54
2015-01-14,99.75,100.29,0.54,0.54
2015-01-15,99.74,100.29,0.55,0.55
2015-01-16,99.74,100.29,0.55,0.55
2015-01-17,99.74,100.30,0.56,0.56
2015-01-18,99.74,100.30,0.56,0.57
2015-01-19,99.74,100.30,0.57,0.57
2015-01-20,99.73,100.31,0.57,0.58
2015-01-21,99.73,100.31,0.58,0.58
2015-01-22,99.73,100.31,0.58,0.59
2015-01-23,99.73,100.32,0.59,0.59
2015-01-24,99.73,100.32,0.59,0.60
2015-01-25,99.72,100.32,0.60,0.60
2015-01-26,99.72,100.33,0.60,0.61
2015-01-27,99.72,100.33,0.61,0.61
2015-01-28,99.72,100.33,0.61,0.62
2015-01-29,99.72,100.34,0.62,0.62
2015-01-30,99.72,100.34,0.62,0.63
2015-01-31,99.71,100.34,0.63,0.63
2015-02-01,99.71,100.35,0.63,0.64
2015-02-02,99.71,100.35,0.64,0.64
2015-02-03,99.71,100.35,0.64,0.64
2015-02-04,99.71,100.36,0.64,0.64
2015-02-05,99.71,100.36,0.65,0.65
2015-02-06,99.71,100.36,0.65,0.65
2015-02-07,99.71,100.36,0.65,0.65
2015-02-08,99.71,100.37,0.65,0.66
2015-02-09,99.71,100.37,0.66,0.66
2015-02-10,99.71,100.37,0.66,0.66
2015-02-11,99.71,100.38,0.66,0.66
2015-02-12,99.71,100.38,0.66,0.67
2015-02-13,99.72,100.38,0.67,0.67
2015-02-14,99.72,100.39,0.67,0.67
2015-02-15,99.72,100.39,0.67,0.67
2015-02-16,99.72,100.39,0.68,0.68
2015-02-17,99.72,100.39,0.68,0.68
2015-02-18,99.72,100.40,0.68,0.68
2015-02-19,99.72,100.40,0.68,0.69
2015-02-20,99.72,100.40,0.69,0.69
2015-02-21,99.72,100.41,0.69,0.69
2015-02-22,99.72,100.41,0.69,0.69
2015-02-23,99.72,100.41,0.69,0.70
2015-02-24,99.72,100.42,0.70,0.70
2015-02-25,99.72,100.42,0.70,0.70
2015-02-26,99.72,100.42,0.70,0.70
2015-02-27,99.72,100.42,0.70,0.71
2015-02-28,99.72,100.43,0.71,0.71
2015-03-01,99.72,100.43,0.71,0.71
2015-03-02,99.72,100.43,0.71,0.71
2015-03-03,99.72,100.44,0.71,0.71
2015-03-04,99.72,100.44,0.71,0.72
2015-03-05,99.72,100.44,0.72,0.72
2015-03-06,99.73,100.44,0.72,0.72
2015-03-07,99.73,100.45,0.72,0.72
2015-03-08,99.73,100.45,0.72,0.72
2015-03-09,99.73,100.45,0.72,0.73
2015-03-10,99.73,100.46,0.73,0.73
2015-03-11,99.73,100.46,0.73,0.73
2015-03-12,99.73,100.46,0.73,0.73
2015-03-13,99.73,100.46,0.73,0.73
2015-03-14,99.73,100.47,0.73,0.73
2015-03-15,99.73,100.47,0.73,0.74
2015-03-16,99.74,100.47,0.74,0.74
2015-03-17,99.74,100.47,0.74,0.74
2015-03-18,99.74,100.48,0.74,0.74
2015-03-19,99.74,100.48,0.74,0.74
2015-03-20,99.74,100.48,0.74,0.74
2015-03-21,99.74,100.48,0.74,0.75
2015-03-22,99.74,100.49,0.75,0.75
2015-03-23,99.74,100.49,0.75,0.75
2015-03-24,99.74,100.49,0.75,0.75
2015-03-25,99.74,100.49,0.75,0.75
2015-03-26,99.75,100.50,0.75,0.75
2015-03-27,99.75,100.50,0.75,0.75
2015-03-28,99.75,100.50,0.75,0.76
2015-03-29,99.75,100.50,0.76,0.76
2015-03-30,99.75,100.51,0.76,0.76
2015-03-31,99.75,100.51,0.76,0.76
2015-04-01,99.75,100.51,0.76,0.76
2015-04-02,99.76,100.51,0.75,0.75
2015-04-03,99.77,100.52,0.75,0.75
2015-04-04,99.78,100.52,0.74,0.74
2015-04-05,99.79,100.52,0.73,0.73
2015-04-06,99.80,100.52,0.72,0.73
2015-04-07,99.81,100.52,0.72,0.72
2015-04-08,99.82,100.53,0.71,0.71
2015-04-09,99.83,100.53,0.70,0.70
2015-04-10,99.84,100.53,0.70,0.70
2015-04-11,99.84,100.53,0.69,0.69
2015-04-12,99.85,100.54,0.68,0.68
2015-04-13,99.86,100.54,0.68,0.68
2015-04-14,99.87,100.54,0.67,0.67
2015-04-15,99.88,100.54,0.66,0.66
2015-04-16,99.89,100.55,0.66,0.66
2015-04-17,99.90,100.55,0.65,0.65
2015-04-18,99.91,100.55,0.64,0.64
2015-04-19,99.92,100.55,0.64,0.64
2015-04-20,99.93,100.56,0.63,0.63
2015-04-21,99.94,100.56,0.62,0.62
2015-04-22,99.95,100.56,0.62,0.62
2015-04-23,99.96,100.56,0.61,0.61
2015-04-24,99.97,100.57,0.60,0.60
2015-04-25,99.97,100.57,0.60,0.60
2015-04-26,99.98,100.57,0.59,0.59
2015-04-27,99.99,100.58,0.58,0.58
2015-04-28,100.00,100.58,0.58,0.58
2015-04-29,100.01,100.58,0.57,0.57
2015-04-30,100.02,100.58,0.56,0.56
2015-05-01,100.03,100.59,0.56,0.56
2015-05-02,100.03,100.59,0.56,0.56
2015-05-03,100.03,100.59,0.56,0.56
2015-05-04,100.03,100.60,0.56,0.56
2015-05-05,100.03,100.60,0.57,0.57
2015-05-06,100.03,100.60,0.57,0.57
2015-05-07,100.03,100.61,0.57,0.57
2015-05-08,100.04,100.61,0.57,0.57
2015-05-09,100.04,100.61,0.58,0.57
2015-05-10,100.04,100.61,0.58,0.58
2015-05-11,100.04,100.62,0.58,0.58
2015-05-12,100.04,100.62,0.58,0.58
2015-05-13,100.04,100.62,0.58,0.58
2015-05-14,100.04,100.63,0.59,0.59
2015-05-15,100.04,100.63,0.59,0.59
2015-05-16,100.04,100.63,0.59,0.59
2015-05-17,100.04,100.63,0.59,0.59
2015-05-18,100.04,100.64,0.59,0.59
2015-05-19,100.04,100.64,0.60,0.60
2015-05-20,100.04,100.64,0.60,0.60
2015-05-21,100.04,100.65,0.60,0.60
2015-05-22,100.04,100.65,0.60,0.60
2015-05-23,100.04,100.65,0.61,0.61
2015-05-24,100.05,100.65,0.61,0.61
2015-05-25,100.05,100.66,0.61,0.61
2015-05-26,100.05,100.66,0.61,0.61
2015-05-27,100.05,100.66,0.61,0.61
2015-05-28,100.05,100.66,0.62,0.62
2015-05-29,100.05,100.67,0.62,0.62
2015-05-30,100.05,100.67,0.62,0.62
2015-05-31,100.05,100.67,0.62,0.62
2015-06-01,100.05,100.67,0.62,0.62
2015-06-02,100.06,100.68,0.62,0.62
2015-06-03,100.06,100.68,0.62,0.62
2015-06-04,100.07,100.68,0.61,0.61
2015-06-05,100.07,100.69,0.61,0.61
2015-06-06,100.08,100.69,0.61,0.61
2015-06-07,100.09,100.69,0.60,0.60
2015-06-08,100.09,100.69,0.60,0.60
2015-06-09,100.10,100.70,0.60,0.60
2015-06-10,100.10,100.70,0.59,0.59
2015-06-11,100.11,100.70,0.59,0.59
2015-06-12,100.12,100.70,0.59,0.59
2015-06-13,100.12,100.71,0.58,0.58
2015-06-14,100.13,100.71,0.58,0.58
2015-06-15,100.13,100.71,0.58,0.58
2015-06-16,100.14,100.71,0.57,0.57
2015-06-17,100.15,100.72,0.57,0.57
2015-06-18,100.15,100.72,0.57,0.57
2015-06-19,100.16,100.72,0.56,0.56
2015-06-20,100.16,100.72,0.56,0.56
2015-06-21,100.17,100.73,0.56,0.56
2015-06-22,100.18,100.73,0.55,0.55
2015-06-23,100.18,100.73,0.55,0.55
2015-06-24,100.19,100.74,0.55,0.55
2015-06-25,100.19,100.74,0.54,0.54
2015-06-26,100.20,100.74,0.54,0.54
2015-06-27,100.21,100.74,0.54,0.54
2015-06-28,100.21,100.75,0.53,0.53
2015-06-29,100.22,100.75,0.53,0.53
2015-06-30,100.22,100.75,0.53,0.53
2015-07-01,100.23,100.75,0.52,0.52
2015-07-02,100.24,100.76,0.52,0.52
2015-07-03,100.24,100.76,0.52,0.52
2015-07-04,100.24,100.76,0.52,0.52
2015-07-05,100.25,100.76,0.52,0.51
2015-07-06,100.25,100.77,0.51,0.51
2015-07-07,100.26,100.77,0.51,0.51
2015-07-08,100.26,100.77,0.51,0.51
2015-07-09,100.27,100.78,0.51,0.51
2015-07-10,100.27,100.78,0.51,0.51
2015-07-11,100.28,100.78,0.50,0.50
2015-07-12,100.28,100.78,0.50,0.50
2015-07-13,100.29,100.79,0.50,0.50
2015-07-14,100.29,100.79,0.50,0.50
2015-07-15,100.29,100.79,0.50,0.50
2015-07-16,100.30,100.79,0.50,0.49
2015-07-17,100.30,100.80,0.49,0.49
2015-07-18,100.31,100.80,0.49,0.49
2015-07-19,100.31,100.80,0.49,0.49
2015-07-20,100.32,100.81,0.49,0.49
2015-07-21,100.32,100.81,0.49,0.49
2015-07-22,100.33,100.81,0.49,0.48
2015-07-23,100.33,100.82,0.48,0.48
2015-07-24,100.33,100.82,0.48,0.48
2015-07-25,100.34,100.82,0.48,0.48
2015-07-26,100.34,100.82,0.48,0.48
2015-07-27,100.35,100.83,0.48,0.48
2015-07-28,100.35,100.83,0.48,0.48
2015-07-29,100.36,100.83,0.48,0.47
2015-07-30,100.36,100.84,0.47,0.47
2015-07-31,100.37,100.84,0.47,0.47
2015-08-01,100.37,100.84,0.47,0.47
2015-08-02,100.36,100.85,0.48,0.48
2015-08-03,100.35,100.85,0.49,0.49
2015-08-04,100.35,100.85,0.51,0.50
2015-08-05,100.34,100.86,0.52,0.52
2015-08-06,100.33,100.86,0.53,0.53
2015-08-07,100.32,100.86,0.54,0.54
2015-08-08,100.31,100.86,0.55,0.55
2015-08-09,100.30,100.87,0.56,0.56
2015-08-10,100.30,100.87,0.58,0.57
2015-08-11,100.29,100.87,0.59,0.58
2015-08-12,100.28,100.88,0.60,0.60
2015-08-13,100.27,100.88,0.61,0.61
2015-08-14,100.26,100.88,0.62,0.62
2015-08-15,100.25,100.89,0.63,0.63
2015-08-16,100.25,100.89,0.64,0.64
2015-08-17,100.24,100.89,0.65,0.65
2015-08-18,100.23,100.89,0.67,0.66
2015-08-19,100.22,100.90,0.68,0.68
2015-08-20,100.21,100.90,0.69,0.69
2015-08-21,100.20,100.90,0.70,0.70
2015-08-22,100.19,100.91,0.71,0.71
2015-08-23,100.19,100.91,0.72,0.72
2015-08-24,100.18,100.91,0.73,0.73
2015-08-25,100.17,100.91,0.74,0.74
2015-08-26,100.16,100.92,0.76,0.75
2015-08-27,100.15,100.92,0.77,0.77
2015-08-28,100.14,100.92,0.78,0.78
2015-08-29,100.14,100.93,0.79,0.79
2015-08-30,100.13,100.93,0.80,0.80
2015-08-31,100.12,100.93,0.81,0.81
2015-09-01,100.11,100.93,0.82,0.82
2015-09-02,100.11,100.94,0.83,0.82
2015-09-03,100.11,100.94,0.83,0.83
2015-09-04,100.11,100.94,0.83,0.83
2015-09-05,100.11,100.94,0.83,0.83
2015-09-06,100.11,100.95,0.84,0.84
2015-09-07,100.11,100.95,0.84,0.84
2015-09-08,100.11,100.95,0.84,0.84
2015-09-09,100.11,100.96,0.84,0.84
2015-09-10,100.11,100.96,0.85,0.85
2015-09-11,100.11,100.96,0.85,0.85
2015-09-12,100.11,100.96,0.85,0.85
2015-09-13,100.11,100.97,0.86,0.85
2015-09-14,100.11,100.97,0.86,0.86
2015-09-15,100.11,100.97,0.86,0.86
2015-09-16,100.11,100.98,0.86,0.86
2015-09-17,100.11,100.98,0.87,0.87
2015-09-18,100.11,100.98,0.87,0.87
2015-09-19,100.11,100.98,0.87,0.87
2015-09-20,100.11,100.99,0.88,0.88
2015-09-21,100.11,100.99,0.88,0.88
2015-09-22,100.11,100.99,0.88,0.88
2015-09-23,100.11,101.00,0.89,0.88
2015-09-24,100.11,101.00,0.89,0.89
2015-09-25,100.11,101.00,0.89,0.89
2015-09-26,100.11,101.00,0.89,0.89
2015-09-27,100.11,101.01,0.90,0.90
2015-09-28,100.11,101.01,0.90,0.90
2015-09-29,100.11,101.01,0.90,0.90
2015-09-30,100.11,101.02,0.91,0.91
2015-10-01,100.11,101.02,0.91,0.91
2015-10-02,100.10,101.02,0.92,0.92
2015-10-03,100.10,101.03,0.93,0.93
2015-10-04,100.09,101.03,0.94,0.94
2015-10-05,100.09,101.03,0.95,0.95
2015-10-06,100.08,101.04,0.96,0.96
2015-10-07,100.07,101.04,0.97,0.96
2015-10-08,100.07,101.04,0.97,0.97
2015-10-09,100.06,101.05,0.98,0.98
2015-10-10,100.06,101.05,0.99,0.99
2015-10-11,100.05,101.05,1.00,1.00
2015-10-12,100.04,101.06,1.01,1.01
2015-10-13,100.04,101.06,1.02,1.02
2015-10-14,100.03,101.06,1.03,1.03
2015-10-15,100.03,101.07,1.04,1.04
2015-10-16,100.02,101.07,1.05,1.05
2015-10-17,100.01,101.07,1.06,1.06
2015-10-18,100.01,101.07,1.07,1.07
2015-10-19,100.00,101.08,1.08,1.08
2015-10-20,99.99,101.08,1.09,1.09
2015-10-21,99.99,101.08,1.10,1.10
2015-10-22,99.98,101.09,1.11,1.11
2015-10-23,99.98,101.09,1.11,1.12
2015-10-24,99.97,101.09,1.12,1.12
2015-10-25,99.96,101.10,1.13,1.13
2015-10-26,99.96,101.10,1.14,1.14
2015-10-27,99.95,101.10,1.15,1.15
2015-10-28,99.95,101.11,1.16,1.16
2015-10-29,99.94,101.11,1.17,1.17
2015-10-30,99.93,101.11,1.18,1.18
2015-10-31,99.93,101.12,1.19,1.19
2015-11-01,99.92,101.12,1.20,1.20
2015-11-02,99.93,101.12,1.19,1.19
2015-11-03,99.94,101.13,1.19,1.19
2015-11-04,99.95,101.13,1.18,1.18
2015-11-05,99.96,101.13,1.17,1.17
2015-11-06,99.97,101.14,1.17,1.17
2015-11-07,99.98,101.14,1.16,1.16
2015-11-08,99.99,101.14,1.15,1.15
2015-11-09,100.00,101.15,1.15,1.15
2015-11-10,100.01,101.15,1.14,1.14
2015-11-11,100.02,101.15,1.13,1.13
2015-11-12,100.03,101.16,1.13,1.13
2015-11-13,100.04,101.16,1.12,1.12
2015-11-14,100.05,101.17,1.11,1.11
2015-11-15,100.06,101.17,1.11,1.11
2015-11-16,100.07,101.17,1.10,1.10
2015-11-17,100.08,101.18,1.10,1.09
2015-11-18,100.09,101.18,1.09,1.09
2015-11-19,100.10,101.18,1.08,1.08
2015-11-20,100.11,101.19,1.08,1.08
2015-11-21,100.12,101.19,1.07,1.07
2015-11-22,100.13,101.19,1.06,1.06
2015-11-23,100.14,101.20,1.06,1.06
2015-11-24,100.15,101.20,1.05,1.05
2015-11-25,100.16,101.21,1.05,1.04
2015-11-26,100.17,101.21,1.04,1.04
2015-11-27,100.18,101.21,1.03,1.03
2015-11-28,100.19,101.22,1.03,1.02
2015-11-29,100.20,101.22,1.02,1.02
2015-11-30,100.21,101.22,1.01,1.01
2015-12-01,100.22,101.23,1.01,1.01
2015-12-02,100.23,101.23,1.01,1.00
2015-12-03,100.23,101.24,1.01,1.00
2015-12-04,100.24,101.24,1.00,1.00
2015-12-05,100.24,101.24,1.00,1.00
2015-12-06,100.25,101.25,1.00,1.00
2015-12-07,100.25,101.25,1.00,1.00
2015-12-08,100.26,101.26,1.00,0.99
2015-12-09,100.26,101.26,1.00,0.99
2015-12-10,100.27,101.26,0.99,0.99
2015-12-11,100.28,101.27,0.99,0.99
2015-12-12,100.28,101.27,0.99,0.99
2015-12-13,100.29,101.27,0.99,0.98
2015-12-14,100.29,101.28,0.99,0.98
2015-12-15,100.30,101.28,0.98,0.98
2015-12-16,100.30,101.28,0.98,0.98
2015-12-17,100.31,101.29,0.98,0.98
2015-12-18,100.31,101.29,0.98,0.97
2015-12-19,100.32,101.30,0.98,0.97
2015-12-20,100.33,101.30,0.97,0.97
2015-12-21,100.33,101.30,0.97,0.97
2015-12-22,100.34,101.31,0.97,0.97
2015-12-23,100.34,101.31,0.97,0.96
2015-12-24,100.35,101.31,0.97,0.96
2015-12-25,100.35,101.32,0.96,0.96
2015-12-26,100.36,101.32,0.96,0.96
2015-12-27,100.36,101.32,0.96,0.95
2015-12-28,100.37,101.33,0.96,0.95
2015-12-29,100.37,101.33,0.95,0.95
2015-12-30,100.38,101.33,0.95,0.95
2015-12-31,100.39,101.33,0.95,0.94
2016-01-01,100.39,101.34,0.95,0.94
2016-01-02,100.41,101.34,0.94,0.93
2016-01-03,100.42,101.34,0.92,0.92
2016-01-04,100.43,101.35,0.91,0.91
2016-01-05,100.45,101.35,0.90,0.90
2016-01-06,100.46,101.35,0.89,0.89
2016-01-07,100.47,101.36,0.88,0.88
2016-01-08,100.49,101.36,0.87,0.87
2016-01-09,100.50,101.36,0.86,0.85
2016-01-10,100.52,101.36,0.85,0.84
2016-01-11,100.53,101.37,0.84,0.83
2016-01-12,100.54,101.37,0.83,0.82
2016-01-13,100.56,101.37,0.82,0.81
2016-01-14,100.57,101.38,0.81,0.80
2016-01-15,100.59,101.38,0.79,0.79
2016-01-16,100.60,101.38,0.78,0.78
2016-01-17,100.61,101.39,0.77,0.77
2016-01-18,100.63,101.39,0.76,0.76
2016-01-19,100.64,101.39,0.75,0.75
2016-01-20,100.65,101.40,0.74,0.74
2016-01-21,100.67,101.40,0.73,0.73
2016-01-22,100.68,101.40,0.72,0.71
2016-01-23,100.70,101.41,0.71,0.70
2016-01-24,100.71,101.41,0.70,0.69
2016-01-25,100.72,101.41,0.69,0.68
2016-01-26,100.74,101.42,0.68,0.67
2016-01-27,100.75,101.42,0.67,0.66
2016-01-28,100.77,101.42,0.66,0.65
2016-01-29,100.78,101.42,0.65,0.64
2016-01-30,100.79,101.43,0.63,0.63
2016-01-31,100.81,101.43,0.62,0.62
2016-02-01,100.82,101.43,0.61,0.61
2016-02-02,100.81,101.44,0.63,0.62
2016-02-03,100.80,101.44,0.64,0.63
2016-02-04,100.79,101.44,0.65,0.65
2016-02-05,100.79,101.45,0.66,0.66
2016-02-06,100.78,101.45,0.68,0.67
2016-02-07,100.77,101.45,0.69,0.68
2016-02-08,100.76,101.46,0.70,0.69
2016-02-09,100.75,101.46,0.71,0.71
2016-02-10,100.74,101.46,0.72,0.72
2016-02-11,100.73,101.47,0.74,0.73
2016-02-12,100.72,101.47,0.75,0.74
2016-02-13,100.71,101.47,0.76,0.76
2016-02-14,100.70,101.48,0.77,0.77
2016-02-15,100.70,101.48,0.78,0.78
2016-02-16,100.69,101.48,0.80,0.79
2016-02-17,100.68,101.49,0.81,0.80
2016-02-18,100.67,101.49,0.82,0.82
2016-02-19,100.66,101.49,0.83,0.83
2016-02-20,100.65,101.50,0.84,0.84
2016-02-21,100.64,101.50,0.86,0.85
2016-02-22,100.63,101.50,0.87,0.86
2016-02-23,100.62,101.50,0.88,0.87
2016-02-24,100.61,101.51,0.89,0.89
2016-02-25,100.61,101.51,0.90,0.90
2016-02-26,100.60,101.51,0.92,0.91
2016-02-27,100.59,101.52,0.93,0.92
2016-02-28,100.58,101.52,0.94,0.93
2016-02-29,100.57,101.52,0.95,0.95
2016-03-01,100.56,101.52,0.96,0.96
2016-03-02,100.57,101.53,0.96,0.95
2016-03-03,100.57,101.53,0.96,0.95
2016-03-04,100.58,101.53,0.95,0.95
2016-03-05,100.59,101.53,0.95,0.94
2016-03-06,100.59,101.54,0.95,0.94
2016-03-07,100.60,101.54,0.94,0.94
2016-03-08,100.60,101.54,0.94,0.93
2016-03-09,100.61,101.54,0.93,0.93
2016-03-10,100.62,101.55,0.93,0.93
2016-03-11,100.62,101.55,0.93,0.92
2016-03-12,100.63,101.55,0.92,0.92
2016-03-13,100.63,101.55,0.92,0.91
2016-03-14,100.64,101.56,0.92,0.91
2016-03-15,100.65,101.56,0.91,0.91
2016-03-16,100.65,101.56,0.91,0.90
2016-03-17,100.66,101.56,0.91,0.90
2016-03-18,100.66,101.57,0.90,0.90
2016-03-19,100.67,101.57,0.90,0.89
2016-03-20,100.68,101.57,0.90,0.89
2016-03-21,100.68,101.57,0.89,0.89
2016-03-22,100.69,101.58,0.89,0.88
2016-03-23,100.70,101.58,0.88,0.88
2016-03-24,100.70,101.58,0.88,0.87
2016-03-25,100.71,101.58,0.88,0.87
2016-03-26,100.71,101.59,0.87,0.87
2016-03-27,100.72,101.59,0.87,0.86
2016-03-28,100.73,101.59,0.87,0.86
2016-03-29,100.73,101.59,0.86,0.86
2016-03-30,100.74,101.60,0.86,0.85
2016-03-31,100.74,101.60,0.86,0.85
2016-04-01,100.75,101.60,0.85,0.85
2016-04-02,100.75,101.60,0.85,0.85
2016-04-03,100.75,101.61,0.85,0.85
2016-04-04,100.76,101.61,0.85,0.85
2016-04-05,100.76,101.61,0.85,0.85
2016-04-06,100.76,101.61,0.85,0.85
2016-04-07,100.76,101.62,0.85,0.85
2016-04-08,100.76,101.62,0.85,0.85
2016-04-09,100.77,101.62,0.86,0.85
2016-04-10,100.77,101.62,0.86,0.85
2016-04-11,100.77,101.63,0.86,0.85
2016-04-12,100.77,101.63,0.86,0.85
2016-04-13,100.77,101.63,0.86,0.85
2016-04-14,100.78,101.63,0.86,0.85
2016-04-15,100.78,101.64,0.86,0.85
2016-04-16,100.78,101.64,0.86,0.85
2016-04-17,100.78,101.64,0.86,0.85
2016-04-18,100.78,101.64,0.86,0.85
2016-04-19,100.79,101.65,0.86,0.85
2016-04-20,100.79,101.65,0.86,0.85
2016-04-21,100.79,101.65,0.86,0.85
2016-04-22,100.79,101.65,0.86,0.85
2016-04-23,100.79,101.65,0.86,0.85
2016-04-24,100.80,101.66,0.86,0.85
2016-04-25,100.80,101.66,0.86,0.85
2016-04-26,100.80,101.66,0.86,0.85
2016-04-27,100.80,101.66,0.86,0.85
2016-04-28,100.80,101.67,0.86,0.85
2016-04-29,100.81,101.67,0.86,0.85
2016-04-30,100.81,101.67,0.86,0.85
2016-05-01,100.81,101.67,0.86,0.85
2016-05-02,100.81,101.67,0.86,0.86
2016-05-03,100.81,101.68,0.87,0.86
2016-05-04,100.81,101.68,0.87,0.86
2016-05-05,100.81,101.68,0.87,0.86
2016-05-06,100.81,101.68,0.87,0.87
2016-05-07,100.81,101.68,0.88,0.87
2016-05-08,100.81,101.69,0.88,0.87
2016-05-09,100.81,101.69,0.88,0.88
2016-05-10,100.80,101.69,0.89,0.88
2016-05-11,100.80,101.69,0.89,0.88
2016-05-12,100.80,101.69,0.89,0.88
2016-05-13,100.80,101.70,0.89,0.89
2016-05-14,100.80,101.70,0.90,0.89
2016-05-15,100.80,101.70,0.90,0.89
2016-05-16,100.80,101.70,0.90,0.89
2016-05-17,100.80,101.71,0.90,0.90
2016-05-18,100.80,101.71,0.91,0.90
2016-05-19,100.80,101.71,0.91,0.90
2016-05-20,100.80,101.71,0.91,0.91
2016-05-21,100.80,101.71,0.92,0.91
2016-05-22,100.80,101.72,0.92,0.91
2016-05-23,100.80,101.72,0.92,0.91
2016-05-24,100.80,101.72,0.92,0.92
2016-05-25,100.80,101.72,0.93,0.92
2016-05-26,100.79,101.73,0.93,0.92
2016-05-27,100.79,101.73,0.93,0.93
2016-05-28,100.79,101.73,0.94,0.93
2016-05-29,100.79,101.73,0.94,0.93
2016-05-30,100.79,101.73,0.94,0.93
2016-05-31,100.79,101.74,0.94,0.94
2016-06-01,100.79,101.74,0.95,0.94
2016-06-02,100.78,101.74,0.96,0.95
2016-06-03,100.78,101.74,0.96,0.96
2016-06-04,100.77,101.75,0.97,0.97
2016-06-05,100.77,101.75,0.98,0.97
2016-06-06,100.76,101.75,0.99,0.98
2016-06-07,100.75,101.75,1.00,0.99
2016-06-08,100.75,101.75,1.01,1.00
2016-06-09,100.74,101.76,1.02,1.01
2016-06-10,100.73,101.76,1.02,1.02
2016-06-11,100.73,101.76,1.03,1.03
2016-06-12,100.72,101.76,1.04,1.03
2016-06-13,100.71,101.76,1.05,1.04
2016-06-14,100.71,101.77,1.06,1.05
2016-06-15,100.70,101.77,1.07,1.06
2016-06-16,100.70,101.77,1.07,1.07
2016-06-17,100.69,101.77,1.08,1.08
2016-06-18,100.68,101.77,1.09,1.08
2016-06-19,100.68,101.78,1.10,1.09
2016-06-20,100.67,101.78,1.11,1.10
2016-06-21,100.66,101.78,1.12,1.11
2016-06-22,100.66,101.78,1.12,1.12
2016-06-23,100.65,101.78,1.13,1.12
2016-06-24,100.65,101.78,1.14,1.13
2016-06-25,100.64,101.79,1.15,1.14
2016-06-26,100.63,101.79,1.16,1.15
2016-06-27,100.63,101.79,1.16,1.16
2016-06-28,100.62,101.79,1.17,1.16
2016-06-29,100.61,101.79,1.18,1.17
2016-06-30,100.61,101.79,1.19,1.18
2016-07-01,100.60,101.80,1.19,1.19
2016-07-02,100.61,101.80,1.19,1.18
2016-07-03,100.62,101.80,1.18,1.17
2016-07-04,100.63,101.80,1.17,1.17
2016-07-05,100.63,101.80,1.17,1.16
2016-07-06,100.64,101.80,1.16,1.15
2016-07-07,100.65,101.80,1.15,1.15
2016-07-08,100.66,101.81,1.15,1.14
2016-07-09,100.67,101.81,1.14,1.13
2016-07-10,100.68,101.81,1.13,1.13
2016-07-11,100.68,101.81,1.13,1.12
2016-07-12,100.69,101.81,1.12,1.11
2016-07-13,100.70,101.81,1.11,1.11
2016-07-14,100.71,101.82,1.11,1.10
2016-07-15,100.72,101.82,1.10,1.09
2016-07-16,100.73,101.82,1.09,1.09
2016-07-17,100.73,101.82,1.09,1.08
2016-07-18,100.74,101.82,1.08,1.07
2016-07-19,100.75,101.83,1.07,1.07
2016-07-20,100.76,101.83,1.07,1.06
2016-07-21,100.77,101.83,1.06,1.05
2016-07-22,100.78,101.83,1.05,1.05
2016-07-23,100.79,101.83,1.05,1.04
2016-07-24,100.79,101.84,1.04,1.03
2016-07-25,100.80,101.84,1.04,1.03
2016-07-26,100.81,101.84,1.03,1.02
2016-07-27,100.82,101.84,1.02,1.01
2016-07-28,100.83,101.84,1.02,1.01
2016-07-29,100.84,101.85,1.01,1.00
2016-07-30,100.84,101.85,1.00,1.00
2016-07-31,100.85,101.85,1.00,0.99
2016-08-01,100.86,101.85,0.99,0.98
2016-08-02,100.88,101.85,0.97,0.97
2016-08-03,100.90,101.86,0.96,0.95
2016-08-04,100.92,101.86,0.94,0.93
2016-08-05,100.94,101.86,0.92,0.91
2016-08-06,100.96,101.86,0.91,0.90
2016-08-07,100.98,101.87,0.89,0.88
2016-08-08,101.00,101.87,0.87,0.86
2016-08-09,101.02,101.87,0.85,0.85
2016-08-10,101.03,101.87,0.84,0.83
2016-08-11,101.05,101.88,0.82,0.81
2016-08-12,101.07,101.88,0.80,0.80
2016-08-13,101.09,101.88,0.79,0.78
2016-08-14,101.11,101.88,0.77,0.76
2016-08-15,101.13,101.89,0.75,0.75
2016-08-16,101.15,101.89,0.74,0.73
2016-08-17,101.17,101.89,0.72,0.71
2016-08-18,101.19,101.89,0.70,0.70
2016-08-19,101.21,101.90,0.69,0.68
2016-08-20,101.23,101.90,0.67,0.66
2016-08-21,101.25,101.90,0.66,0.65
2016-08-22,101.27,101.91,0.64,0.63
2016-08-23,101.29,101.91,0.62,0.62
2016-08-24,101.31,101.91,0.61,0.60
2016-08-25,101.33,101.92,0.59,0.58
2016-08-26,101.34,101.92,0.57,0.57
2016-08-27,101.36,101.92,0.56,0.55
2016-08-28,101.38,101.93,0.54,0.54
2016-08-29,101.40,101.93,0.53,0.52
2016-08-30,101.42,101.93,0.51,0.50
2016-08-31,101.44,101.94,0.49,0.49
2016-09-01,101.46,101.94,0.48,0.47
2016-09-02,101.47,101.94,0.48,0.47
2016-09-03,101.47,101.95,0.48,0.47
2016-09-04,101.48,101.95,0.48,0.47
2016-09-05,101.48,101.95,0.48,0.47
2016-09-06,101.48,101.96,0.47,0.47
2016-09-07,101.49,101.96,0.47,0.47
2016-09-08,101.49,101.97,0.47,0.47
2016-09-09,101.50,101.97,0.47,0.46
2016-09-10,101.50,101.97,0.47,0.46
2016-09-11,101.51,101.98,0.47,0.46
2016-09-12,101.51,101.98,0.47,0.46
2016-09-13,101.52,101.98,0.47,0.46
2016-09-14,101.52,101.99,0.47,0.46
2016-09-15,101.53,101.99,0.47,0.46
2016-09-16,101.53,101.99,0.46,0.46
2016-09-17,101.54,102.00,0.46,0.46
2016-09-18,101.54,102.00,0.46,0.45
2016-09-19,101.54,102.01,0.46,0.45
2016-09-20,101.55,102.01,0.46,0.45
2016-09-21,101.55,102.01,0.46,0.45
2016-09-22,101.56,102.02,0.46,0.45
2016-09-23,101.56,102.02,0.46,0.45
2016-09-24,101.57,102.02,0.46,0.45
2016-09-25,101.57,102.03,0.45,0.45
2016-09-26,101.58,102.03,0.45,0.45
2016-09-27,101.58,102.03,0.45,0.44
2016-09-28,101.59,102.04,0.45,0.44
2016-09-29,101.59,102.04,0.45,0.44
2016-09-30,101.60,102.04,0.45,0.44
2016-10-01,101.60,102.05,0.45,0.44
2016-10-02,101.60,102.05,0.46,0.45
2016-10-03,101.59,102.05,0.46,0.46
2016-10-04,101.59,102.06,0.47,0.46
2016-10-05,101.58,102.06,0.48,0.47
2016-10-06,101.58,102.06,0.49,0.48
2016-10-07,101.57,102.07,0.50,0.49
2016-10-08,101.57,102.07,0.50,0.50
2016-10-09,101.56,102.07,0.51,0.51
2016-10-10,101.56,102.08,0.52,0.51
2016-10-11,101.55,102.08,0.53,0.52
2016-10-12,101.55,102.09,0.54,0.53
2016-10-13,101.54,102.09,0.55,0.54
2016-10-14,101.54,102.09,0.55,0.55
2016-10-15,101.53,102.10,0.56,0.55
2016-10-16,101.53,102.10,0.57,0.56
2016-10-17,101.52,102.10,0.58,0.57
2016-10-18,101.52,102.11,0.59,0.58
2016-10-19,101.51,102.11,0.60,0.59
2016-10-20,101.51,102.11,0.60,0.59
2016-10-21,101.50,102.12,0.61,0.60
2016-10-22,101.50,102.12,0.62,0.61
2016-10-23,101.49,102.12,0.63,0.62
2016-10-24,101.49,102.13,0.64,0.63
2016-10-25,101.48,102.13,0.64,0.64
2016-10-26,101.48,102.13,0.65,0.64
2016-10-27,101.47,102.14,0.66,0.65
2016-10-28,101.47,102.14,0.67,0.66
2016-10-29,101.47,102.14,0.68,0.67
2016-10-30,101.46,102.15,0.69,0.68
2016-10-31,101.46,102.15,0.69,0.68
2016-11-01,101.45,102.15,0.70,0.69
2016-11-02,101.45,102.16,0.70,0.69
2016-11-03,101.46,102.16,0.70,0.69
2016-11-04,101.46,102.16,0.70,0.69
2016-11-05,101.47,102.17,0.70,0.69
2016-11-06,101.47,102.17,0.70,0.69
2016-11-07,101.47,102.17,0.70,0.69
2016-11-08,101.48,102.18,0.70,0.69
2016-11-09,101.48,102.18,0.70,0.69
2016-11-10,101.48,102.18,0.70,0.69
2016-11-11,101.49,102.19,0.70,0.69
2016-11-12,101.49,102.19,0.70,0.69
2016-11-13,101.49,102.19,0.70,0.69
2016-11-14,101.50,102.20,0.70,0.69
2016-11-15,101.50,102.20,0.70,0.69
2016-11-16,101.51,102.20,0.70,0.69
2016-11-17,101.51,102.21,0.70,0.69
2016-11-18,101.51,102.21,0.70,0.69
2016-11-19,101.52,102.21,0.70,0.69
2016-11-20,101.52,102.22,0.69,0.68
2016-11-21,101.52,102.22,0.69,0.68
2016-11-22,101.53,102.22,0.69,0.68
2016-11-23,101.53,102.23,0.69,0.68
2016-11-24,101.54,102.23,0.69,0.68
2016-11-25,101.54,102.23,0.69,0.68
2016-11-26,101.54,102.24,0.69,0.68
2016-11-27,101.55,102.24,0.69,0.68
2016-11-28,101.55,102.24,0.69,0.68
2016-11-29,101.55,102.24,0.69,0.68
2016-11-30,101.56,102.25,0.69,0.68
2016-12-01,101.56,102.25,0.69,0.68
2016-12-02,101.60,102.25,0.66,0.65
2016-12-03,101.63,102.26,0.63,0.62
2016-12-04,101.67,102.26,0.60,0.59
2016-12-05,101.70,102.26,0.56,0.55
2016-12-06,101.74,102.27,0.53,0.52
2016-12-07,101.77,102.27,0.50,0.49
2016-12-08,101.81,102.27,0.47,0.46
2016-12-09,101.84,102.28,0.44,0.43
2016-12-10,101.87,102.28,0.41,0.40
2016-12-11,101.91,102.29,0.38,0.37
2016-12-12,101.94,102.29,0.35,0.34
2016-12-13,101.98,102.29,0.31,0.31
2016-12-14,102.01,102.30,0.28,0.28
2016-12-15,102.05,102.30,0.25,0.25
2016-12-16,102.08,102.31,0.22,0.22
2016-12-17,102.12,102.31,0.19,0.19
2016-12-18,102.15,102.31,0.16,0.16
2016-12-19,102.19,102.32,0.13,0.13
2016-12-20,102.22,102.32,0.10,0.10
2016-12-21,102.26,102.33,0.07,0.07
2016-12-22,102.29,102.33,0.04,0.04
2016-12-23,102.33,102.34,0.01,0.01
2016-12-24,102.36,102.34,0.02,0.02
2016-12-25,102.40,102.35,0.05,0.05
2016-12-26,102.43,102.35,0.08,0.08
2016-12-27,102.47,102.36,0.11,0.11
2016-12-28,102.50,102.36,0.14,0.14
2016-12-29,102.54,102.37,0.17,0.16
2016-12-30,102.57,102.37,0.20,0.19
2016-12-31,102.61,102.38,0.23,0.22
2017-01-01,102.64,102.38,0.26,0.25
2017-01-02,102.65,102.39,0.26,0.25
2017-01-03,102.66,102.40,0.26,0.26
2017-01-04,102.67,102.40,0.27,0.26
2017-01-05,102.68,102.41,0.27,0.26
2017-01-06,102.69,102.41,0.27,0.27
2017-01-07,102.70,102.42,0.28,0.27
2017-01-08,102.70,102.42,0.28,0.27
2017-01-09,102.71,102.43,0.28,0.28
2017-01-10,102.72,102.44,0.29,0.28
2017-01-11,102.73,102.44,0.29,0.28
2017-01-12,102.74,102.45,0.29,0.28
2017-01-13,102.75,102.45,0.30,0.29
2017-01-14,102.76,102.46,0.30,0.29
2017-01-15,102.77,102.46,0.30,0.29
2017-01-16,102.78,102.47,0.31,0.30
2017-01-17,102.79,102.48,0.31,0.30
2017-01-18,102.79,102.48,0.31,0.30
2017-01-19,102.80,102.49,0.32,0.31
2017-01-20,102.81,102.49,0.32,0.31
2017-01-21,102.82,102.50,0.32,0.31
2017-01-22,102.83,102.50,0.33,0.32
2017-01-23,102.84,102.51,0.33,0.32
2017-01-24,102.85,102.52,0.33,0.32
2017-01-25,102.86,102.52,0.34,0.33
2017-01-26,102.87,102.53,0.34,0.33
2017-01-27,102.88,102.53,0.34,0.33
2017-01-28,102.89,102.54,0.35,0.34
2017-01-29,102.89,102.54,0.35,0.34
2017-01-30,102.90,102.55,0.35,0.34
2017-01-31,102.91,102.56,0.36,0.35
2017-02-01,102.92,102.56,0.36,0.35
2017-02-02,102.92,102.57,0.35,0.34
2017-02-03,102.92,102.57,0.34,0.33
2017-02-04,102.91,102.58,0.33,0.33
2017-02-05,102.91,102.58,0.33,0.32
2017-02-06,102.91,102.59,0.32,0.31
2017-02-07,102.91,102.60,0.31,0.30
2017-02-08,102.90,102.60,0.30,0.29
2017-02-09,102.90,102.61,0.29,0.29
2017-02-10,102.90,102.61,0.29,0.28
2017-02-11,102.90,102.62,0.28,0.27
2017-02-12,102.89,102.62,0.27,0.26
2017-02-13,102.89,102.63,0.26,0.25
2017-02-14,102.89,102.63,0.25,0.25
2017-02-15,102.89,102.64,0.25,0.24
2017-02-16,102.88,102.65,0.24,0.23
2017-02-17,102.88,102.65,0.23,0.22
2017-02-18,102.88,102.66,0.22,0.22
2017-02-19,102.88,102.66,0.21,0.21
2017-02-20,102.87,102.67,0.21,0.20
2017-02-21,102.87,102.67,0.20,0.19
2017-02-22,102.87,102.68,0.19,0.18
2017-02-23,102.87,102.68,0.18,0.18
2017-02-24,102.86,102.69,0.17,0.17
2017-02-25,102.86,102.69,0.17,0.16
2017-02-26,102.86,102.70,0.16,0.15
2017-02-27,102.86,102.71,0.15,0.15
2017-02-28,102.85,102.71,0.14,0.14
2017-03-01,102.85,102.72,0.13,0.13
2017-03-02,102.85,102.72,0.13,0.12
2017-03-03,102.84,102.73,0.12,0.11
2017-03-04,102.84,102.73,0.11,0.10
2017-03-05,102.83,102.74,0.10,0.09
2017-03-06,102.83,102.74,0.09,0.09
2017-03-07,102.83,102.75,0.08,0.08
2017-03-08,102.82,102.75,0.07,0.07
2017-03-09,102.82,102.76,0.06,0.06
2017-03-10,102.81,102.76,0.05,0.05
2017-03-11,102.81,102.77,0.04,0.04
2017-03-12,102.80,102.77,0.03,0.03
2017-03-13,102.80,102.78,0.02,0.02
2017-03-14,102.80,102.78,0.01,0.01
2017-03-15,102.79,102.79,0.01,0.01
2017-03-16,102.79,102.79,0.00,0.00
2017-03-17,102.78,102.80,0.01,0.01
2017-03-18,102.78,102.80,0.02,0.02
2017-03-19,102.78,102.81,0.03,0.03
2017-03-20,102.77,102.81,0.04,0.04
2017-03-21,102.77,102.82,0.05,0.05
2017-03-22,102.76,102.82,0.06,0.06
2017-03-23,102.76,102.82,0.07,0.06
2017-03-24,102.75,102.83,0.07,0.07
2017-03-25,102.75,102.83,0.08,0.08
2017-03-26,102.75,102.84,0.09,0.09
2017-03-27,102.74,102.84,0.10,0.10
2017-03-28,102.74,102.85,0.11,0.11
2017-03-29,102.73,102.85,0.12,0.11
2017-03-30,102.73,102.86,0.13,0.12
2017-03-31,102.73,102.86,0.14,0.13
2017-04-01,102.72,102.86,0.14,0.14
2017-04-02,102.72,102.87,0.14,0.14
2017-04-03,102.73,102.87,0.15,0.14
2017-04-04,102.73,102.88,0.15,0.14
2017-04-05,102.74,102.88,0.15,0.14
2017-04-06,102.74,102.89,0.15,0.14
2017-04-07,102.74,102.89,0.15,0.14
2017-04-08,102.75,102.90,0.15,0.15
2017-04-09,102.75,102.90,0.15,0.15
2017-04-10,102.75,102.90,0.15,0.15
2017-04-11,102.76,102.91,0.15,0.15
2017-04-12,102.76,102.91,0.15,0.15
2017-04-13,102.76,102.92,0.15,0.15
2017-04-14,102.77,102.92,0.15,0.15
2017-04-15,102.77,102.93,0.15,0.15
2017-04-16,102.78,102.93,0.16,0.15
2017-04-17,102.78,102.94,0.16,0.15
2017-04-18,102.78,102.94,0.16,0.15
2017-04-19,102.79,102.95,0.16,0.15
2017-04-20,102.79,102.95,0.16,0.15
2017-04-21,102.79,102.95,0.16,0.16
2017-04-22,102.80,102.96,0.16,0.16
2017-04-23,102.80,102.96,0.16,0.16
2017-04-24,102.80,102.97,0.16,0.16
2017-04-25,102.81,102.97,0.16,0.16
2017-04-26,102.81,102.98,0.17,0.16
2017-04-27,102.82,102.98,0.17,0.16
2017-04-28,102.82,102.99,0.17,0.16
2017-04-29,102.82,102.99,0.17,0.16
2017-04-30,102.83,103.00,0.17,0.16
2017-05-01,102.83,103.00,0.17,0.17
2017-05-02,102.82,103.01,0.18,0.18
2017-05-03,102.82,103.01,0.19,0.19
2017-05-04,102.81,103.02,0.21,0.20
2017-05-05,102.80,103.02,0.22,0.21
2017-05-06,102.80,103.03,0.23,0.22
2017-05-07,102.79,103.03,0.24,0.24
2017-05-08,102.78,103.03,0.25,0.25
2017-05-09,102.77,103.04,0.27,0.26
2017-05-10,102.77,103.04,0.28,0.27
2017-05-11,102.76,103.05,0.29,0.28
2017-05-12,102.75,103.05,0.30,0.29
2017-05-13,102.75,103.06,0.31,0.31
2017-05-14,102.74,103.06,0.33,0.32
2017-05-15,102.73,103.07,0.34,0.33
2017-05-16,102.72,103.07,0.35,0.34
2017-05-17,102.72,103.08,0.36,0.35
2017-05-18,102.71,103.08,0.37,0.36
2017-05-19,102.70,103.09,0.39,0.38
2017-05-20,102.70,103.09,0.40,0.39
2017-05-21,102.69,103.10,0.41,0.40
2017-05-22,102.68,103.10,0.42,0.41
2017-05-23,102.67,103.11,0.44,0.42
2017-05-24,102.67,103.12,0.45,0.44
2017-05-25,102.66,103.12,0.46,0.45
2017-05-26,102.65,103.13,0.47,0.46
2017-05-27,102.65,103.13,0.48,0.47
2017-05-28,102.64,103.14,0.50,0.48
2017-05-29,102.63,103.14,0.51,0.50
2017-05-30,102.63,103.15,0.52,0.51
2017-05-31,102.62,103.15,0.53,0.52
2017-06-01,102.61,103.16,0.55,0.53
2017-06-02,102.62,103.16,0.55,0.53
2017-06-03,102.62,103.17,0.54,0.53
2017-06-04,102.63,103.17,0.54,0.53
2017-06-05,102.63,103.18,0.54,0.53
2017-06-06,102.64,103.18,0.54,0.53
2017-06-07,102.65,103.19,0.54,0.53
2017-06-08,102.65,103.19,0.54,0.53
2017-06-09,102.66,103.20,0.54,0.53
2017-06-10,102.66,103.20,0.54,0.53
2017-06-11,102.67,103.21,0.54,0.53
2017-06-12,102.67,103.22,0.54,0.53
2017-06-13,102.68,103.22,0.54,0.53
2017-06-14,102.68,103.23,0.54,0.53
2017-06-15,102.69,103.23,0.54,0.53
2017-06-16,102.70,103.24,0.54,0.53
2017-06-17,102.70,103.24,0.54,0.53
2017-06-18,102.71,103.25,0.54,0.53
2017-06-19,102.71,103.25,0.54,0.53
2017-06-20,102.72,103.26,0.54,0.53
2017-06-21,102.72,103.26,0.54,0.53
2017-06-22,102.73,103.27,0.54,0.53
2017-06-23,102.74,103.28,0.54,0.53
2017-06-24,102.74,103.28,0.54,0.53
2017-06-25,102.75,103.29,0.54,0.53
2017-06-26,102.75,103.29,0.54,0.53
2017-06-27,102.76,103.30,0.54,0.52
2017-06-28,102.76,103.30,0.54,0.52
2017-06-29,102.77,103.31,0.54,0.52
2017-06-30,102.78,103.31,0.54,0.52
2017-07-01,102.78,103.32,0.54,0.52
2017-07-02,102.80,103.33,0.53,0.51
2017-07-03,102.82,103.33,0.51,0.50
2017-07-04,102.84,103.34,0.50,0.49
2017-07-05,102.86,103.34,0.49,0.47
2017-07-06,102.88,103.35,0.47,0.46
2017-07-07,102.90,103.35,0.46,0.45
2017-07-08,102.91,103.36,0.45,0.43
2017-07-09,102.93,103.37,0.43,0.42
2017-07-10,102.95,103.37,0.42,0.41
2017-07-11,102.97,103.38,0.41,0.39
2017-07-12,102.99,103.38,0.39,0.38
2017-07-13,103.01,103.39,0.38,0.37
2017-07-14,103.03,103.39,0.37,0.36
2017-07-15,103.05,103.40,0.35,0.34
2017-07-16,103.07,103.41,0.34,0.33
2017-07-17,103.09,103.41,0.33,0.32
2017-07-18,103.10,103.42,0.31,0.30
2017-07-19,103.12,103.42,0.30,0.29
2017-07-20,103.14,103.43,0.29,0.28
2017-07-21,103.16,103.43,0.27,0.27
2017-07-22,103.18,103.44,0.26,0.25
2017-07-23,103.20,103.45,0.25,0.24
2017-07-24,103.22,103.45,0.23,0.23
2017-07-25,103.24,103.46,0.22,0.21
2017-07-26,103.26,103.46,0.21,0.20
2017-07-27,103.28,103.47,0.20,0.19
2017-07-28,103.29,103.48,0.18,0.18
2017-07-29,103.31,103.48,0.17,0.16
2017-07-30,103.33,103.49,0.16,0.15
2017-07-31,103.35,103.49,0.14,0.14
2017-08-01,103.37,103.50,0.13,0.13
2017-08-02,103.37,103.51,0.13,0.13
2017-08-03,103.38,103.51,0.14,0.13
2017-08-04,103.38,103.52,0.14,0.13
2017-08-05,103.39,103.53,0.14,0.13
2017-08-06,103.39,103.53,0.14,0.14
2017-08-07,103.39,103.54,0.14,0.14
2017-08-08,103.40,103.54,0.15,0.14
2017-08-09,103.40,103.55,0.15,0.14
2017-08-10,103.41,103.55,0.15,0.14
2017-08-11,103.41,103.56,0.15,0.15
2017-08-12,103.41,103.57,0.15,0.15
2017-08-13,103.42,103.57,0.16,0.15
2017-08-14,103.42,103.58,0.16,0.15
2017-08-15,103.42,103.58,0.16,0.15
2017-08-16,103.43,103.59,0.16,0.16
2017-08-17,103.43,103.59,0.16,0.16
2017-08-18,103.44,103.60,0.16,0.16
2017-08-19,103.44,103.61,0.17,0.16
2017-08-20,103.44,103.61,0.17,0.16
2017-08-21,103.45,103.62,0.17,0.16
2017-08-22,103.45,103.62,0.17,0.16
2017-08-23,103.46,103.63,0.17,0.17
2017-08-24,103.46,103.63,0.17,0.17
2017-08-25,103.46,103.64,0.17,0.17
2017-08-26,103.47,103.64,0.17,0.17
2017-08-27,103.47,103.65,0.18,0.17
2017-08-28,103.47,103.65,0.18,0.17
2017-08-29,103.48,103.66,0.18,0.17
2017-08-30,103.48,103.66,0.18,0.17
2017-08-31,103.49,103.67,0.18,0.17
2017-09-01,103.49,103.67,0.18,0.17
2017-09-02,103.49,103.68,0.19,0.18
2017-09-03,103.48,103.68,0.20,0.19
2017-09-04,103.48,103.68,0.20,0.20
2017-09-05,103.48,103.69,0.21,0.20
2017-09-06,103.47,103.69,0.22,0.21
2017-09-07,103.47,103.70,0.23,0.22
2017-09-08,103.47,103.70,0.24,0.23
2017-09-09,103.46,103.71,0.24,0.23
2017-09-10,103.46,103.71,0.25,0.24
2017-09-11,103.46,103.72,0.26,0.25
2017-09-12,103.45,103.72,0.27,0.26
2017-09-13,103.45,103.72,0.27,0.27
2017-09-14,103.45,103.73,0.28,0.27
2017-09-15,103.44,103.73,0.29,0.28
2017-09-16,103.44,103.74,0.30,0.29
2017-09-17,103.44,103.74,0.31,0.30
2017-09-18,103.43,103.75,0.31,0.30
2017-09-19,103.43,103.75,0.32,0.31
2017-09-20,103.43,103.76,0.33,0.32
2017-09-21,103.42,103.76,0.34,0.33
2017-09-22,103.42,103.77,0.34,0.33
2017-09-23,103.42,103.77,0.35,0.34
2017-09-24,103.41,103.77,0.36,0.35
2017-09-25,103.41,103.78,0.37,0.36
2017-09-26,103.41,103.78,0.38,0.36
2017-09-27,103.40,103.79,0.38,0.37
2017-09-28,103.40,103.79,0.39,0.38
2017-09-29,103.40,103.80,0.40,0.39
2017-09-30,103.39,103.80,0.41,0.39
2017-10-01,103.39,103.81,0.42,0.40
2017-10-02,103.37,103.81,0.44,0.43
2017-10-03,103.34,103.81,0.47,0.46
2017-10-04,103.32,103.82,0.50,0.49
2017-10-05,103.29,103.82,0.53,0.52
2017-10-06,103.27,103.83,0.56,0.54
2017-10-07,103.24,103.83,0.59,0.57
2017-10-08,103.22,103.84,0.62,0.60
2017-10-09,103.19,103.84,0.65,0.63
2017-10-10,103.17,103.84,0.68,0.66
2017-10-11,103.14,103.85,0.71,0.69
2017-10-12,103.12,103.85,0.74,0.71
2017-10-13,103.09,103.86,0.77,0.74
2017-10-14,103.07,103.86,0.79,0.77
2017-10-15,103.04,103.87,0.82,0.80
2017-10-16,103.02,103.87,0.85,0.83
2017-10-17,102.99,103.87,0.88,0.85
2017-10-18,102.97,103.88,0.91,0.88
2017-10-19,102.94,103.88,0.94,0.91
2017-10-20,102.92,103.89,0.97,0.94
2017-10-21,102.89,103.89,1.00,0.97
2017-10-22,102.87,103.89,1.02,1.00
2017-10-23,102.84,103.90,1.05,1.02
2017-10-24,102.82,103.90,1.08,1.05
2017-10-25,102.79,103.90,1.11,1.08
2017-10-26,102.77,103.91,1.14,1.11
2017-10-27,102.74,103.91,1.17,1.14
2017-10-28,102.72,103.92,1.20,1.16
2017-10-29,102.70,103.92,1.22,1.19
2017-10-30,102.67,103.92,1.25,1.22
2017-10-31,102.65,103.93,1.28,1.25
2017-11-01,102.62,103.93,1.31,1.28
2017-11-02,102.63,103.93,1.30,1.27
2017-11-03,102.65,103.94,1.29,1.26
2017-11-04,102.66,103.94,1.28,1.25
2017-11-05,102.67,103.94,1.27,1.24
2017-11-06,102.68,103.95,1.26,1.23
2017-11-07,102.69,103.95,1.26,1.22
2017-11-08,102.71,103.95,1.25,1.21
2017-11-09,102.72,103.96,1.24,1.20
2017-11-10,102.73,103.96,1.23,1.20
2017-11-11,102.74,103.96,1.22,1.19
2017-11-12,102.76,103.97,1.21,1.18
2017-11-13,102.77,103.97,1.20,1.17
2017-11-14,102.78,103.97,1.19,1.16
2017-11-15,102.79,103.98,1.18,1.15
2017-11-16,102.81,103.98,1.18,1.14
2017-11-17,102.82,103.99,1.17,1.14
2017-11-18,102.83,103.99,1.16,1.13
2017-11-19,102.84,103.99,1.15,1.12
2017-11-20,102.86,104.00,1.14,1.11
2017-11-21,102.87,104.00,1.13,1.10
2017-11-22,102.88,104.00,1.12,1.09
2017-11-23,102.89,104.01,1.12,1.08
2017-11-24,102.90,104.01,1.11,1.08
2017-11-25,102.92,104.02,1.10,1.07
2017-11-26,102.93,104.02,1.09,1.06
2017-11-27,102.94,104.02,1.08,1.05
2017-11-28,102.95,104.03,1.07,1.04
2017-11-29,102.97,104.03,1.06,1.03
2017-11-30,102.98,104.03,1.06,1.03
2017-12-01,102.99,104.04,1.05,1.02
2017-12-02,103.00,104.04,1.04,1.01
2017-12-03,103.02,104.05,1.03,1.00
2017-12-04,103.03,104.05,1.02,0.99
2017-12-05,103.05,104.05,1.01,0.98
2017-12-06,103.06,104.06,1.00,0.97
2017-12-07,103.07,104.06,0.99,0.96
2017-12-08,103.09,104.06,0.98,0.95
2017-12-09,103.10,104.07,0.97,0.94
2017-12-10,103.12,104.07,0.96,0.93
2017-12-11,103.13,104.08,0.95,0.92
2017-12-12,103.14,104.08,0.94,0.91
2017-12-13,103.16,104.08,0.93,0.90
2017-12-14,103.17,104.09,0.91,0.89
2017-12-15,103.19,104.09,0.90,0.88
2017-12-16,103.20,104.09,0.89,0.87
2017-12-17,103.21,104.10,0.88,0.86
2017-12-18,103.23,104.10,0.87,0.85
2017-12-19,103.24,104.10,0.86,0.83
2017-12-20,103.25,104.11,0.85,0.82
2017-12-21,103.27,104.11,0.84,0.81
2017-12-22,103.28,104.11,0.83,0.80
2017-12-23,103.30,104.12,0.82,0.79
2017-12-24,103.31,104.12,0.81,0.78
2017-12-25,103.32,104.12,0.80,0.77
2017-12-26,103.34,104.12,0.79,0.76
2017-12-27,103.35,104.13,0.78,0.75
2017-12-28,103.37,104.13,0.76,0.74
2017-12-29,103.38,104.13,0.75,0.73
2017-12-30,103.39,104.14,0.74,0.72
2017-12-31,103.41,104.14,0.73,0.71
2018-01-01,103.42,104.14,0.72,0.70
2018-01-02,103.45,104.14,0.70,0.67
2018-01-03,103.47,104.15,0.67,0.65
2018-01-04,103.50,104.15,0.65,0.63
2018-01-05,103.52,104.15,0.63,0.61
2018-01-06,103.55,104.15,0.61,0.59
2018-01-07,103.57,104.16,0.58,0.56
2018-01-08,103.60,104.16,0.56,0.54
2018-01-09,103.62,104.16,0.54,0.52
2018-01-10,103.65,104.17,0.52,0.50
2018-01-11,103.68,104.17,0.49,0.47
2018-01-12,103.70,104.17,0.47,0.45
2018-01-13,103.73,104.17,0.45,0.43
2018-01-14,103.75,104.18,0.42,0.41
2018-01-15,103.78,104.18,0.40,0.39
2018-01-16,103.80,104.18,0.38,0.36
2018-01-17,103.83,104.18,0.36,0.34
2018-01-18,103.85,104.19,0.33,0.32
2018-01-19,103.88,104.19,0.31,0.30
2018-01-20,103.90,104.19,0.29,0.28
2018-01-21,103.93,104.19,0.26,0.25
2018-01-22,103.96,104.20,0.24,0.23
2018-01-23,103.98,104.20,0.22,0.21
2018-01-24,104.01,104.20,0.20,0.19
2018-01-25,104.03,104.21,0.17,0.17
2018-01-26,104.06,104.21,0.15,0.15
2018-01-27,104.08,104.21,0.13,0.12
2018-01-28,104.11,104.21,0.11,0.10
2018-01-29,104.13,104.22,0.08,0.08
2018-01-30,104.16,104.22,0.06,0.06
2018-01-31,104.18,104.22,0.04,0.04
2018-02-01,104.21,104.23,0.01,0.01
2018-02-02,104.21,104.23,0.02,0.02
2018-02-03,104.20,104.23,0.03,0.03
2018-02-04,104.20,104.23,0.03,0.03
2018-02-05,104.19,104.24,0.04,0.04
2018-02-06,104.19,104.24,0.05,0.05
2018-02-07,104.19,104.24,0.05,0.05
2018-02-08,104.18,104.24,0.06,0.06
2018-02-09,104.18,104.25,0.07,0.07
2018-02-10,104.18,104.25,0.07,0.07
2018-02-11,104.17,104.25,0.08,0.08
2018-02-12,104.17,104.26,0.09,0.08
2018-02-13,104.16,104.26,0.09,0.09
2018-02-14,104.16,104.26,0.10,0.10
2018-02-15,104.16,104.26,0.11,0.10
2018-02-16,104.15,104.27,0.11,0.11
2018-02-17,104.15,104.27,0.12,0.12
2018-02-18,104.14,104.27,0.13,0.12
2018-02-19,104.14,104.27,0.13,0.13
2018-02-20,104.14,104.28,0.14,0.14
2018-02-21,104.13,104.28,0.15,0.14
2018-02-22,104.13,104.28,0.15,0.15
2018-02-23,104.12,104.28,0.16,0.15
2018-02-24,104.12,104.29,0.17,0.16
2018-02-25,104.12,104.29,0.17,0.17
2018-02-26,104.11,104.29,0.18,0.17
2018-02-27,104.11,104.29,0.19,0.18
2018-02-28,104.10,104.30,0.19,0.19
2018-03-01,104.10,104.30,0.20,0.19
2018-03-02,104.11,104.30,0.20,0.19
2018-03-03,104.11,104.31,0.19,0.18
2018-03-04,104.12,104.31,0.19,0.18
2018-03-05,104.13,104.31,0.19,0.18
2018-03-06,104.13,104.31,0.18,0.17
2018-03-07,104.14,104.32,0.18,0.17
2018-03-08,104.14,104.32,0.17,0.17
2018-03-09,104.15,104.32,0.17,0.16
2018-03-10,104.16,104.32,0.17,0.16
2018-03-11,104.16,104.33,0.17,0.16
2018-03-12,104.17,104.33,0.16,0.16
2018-03-13,104.17,104.33,0.16,0.15
2018-03-14,104.18,104.34,0.16,0.15
2018-03-15,104.19,104.34,0.15,0.15
2018-03-16,104.19,104.34,0.15,0.14
2018-03-17,104.20,104.35,0.15,0.14
2018-03-18,104.20,104.35,0.14,0.14
2018-03-19,104.21,104.35,0.14,0.14
2018-03-20,104.22,104.36,0.14,0.13
2018-03-21,104.22,104.36,0.14,0.13
2018-03-22,104.23,104.36,0.13,0.13
2018-03-23,104.24,104.37,0.13,0.13
2018-03-24,104.24,104.37,0.13,0.12
2018-03-25,104.25,104.37,0.13,0.12
2018-03-26,104.25,104.38,0.12,0.12
2018-03-27,104.26,104.38,0.12,0.12
2018-03-28,104.27,104.39,0.12,0.12
2018-03-29,104.27,104.39,0.12,0.11
2018-03-30,104.28,104.39,0.12,0.11
2018-03-31,104.28,104.40,0.11,0.11
2018-04-01,104.29,104.40,0.11,0.11
2018-04-02,104.29,104.41,0.11,0.11
2018-04-03,104.29,104.41,0.12,0.11
2018-04-04,104.30,104.42,0.12,0.11
2018-04-05,104.30,104.42,0.12,0.12
2018-04-06,104.30,104.42,0.12,0.12
2018-04-07,104.30,104.43,0.13,0.12
2018-04-08,104.30,104.43,0.13,0.12
2018-04-09,104.30,104.44,0.13,0.13
2018-04-10,104.31,104.44,0.13,0.13
2018-04-11,104.31,104.44,0.14,0.13
2018-04-12,104.31,104.45,0.14,0.13
2018-04-13,104.31,104.45,0.14,0.14
2018-04-14,104.31,104.46,0.14,0.14
2018-04-15,104.31,104.46,0.15,0.14
2018-04-16,104.32,104.46,0.15,0.14
2018-04-17,104.32,104.47,0.15,0.14
2018-04-18,104.32,104.47,0.15,0.15
2018-04-19,104.32,104.48,0.16,0.15
2018-04-20,104.32,104.48,0.16,0.15
2018-04-21,104.32,104.48,0.16,0.15
2018-04-22,104.33,104.49,0.16,0.16
2018-04-23,104.33,104.49,0.16,0.16
2018-04-24,104.33,104.50,0.17,0.16
2018-04-25,104.33,104.50,0.17,0.16
2018-04-26,104.33,104.50,0.17,0.16
2018-04-27,104.33,104.51,0.17,0.17
2018-04-28,104.34,104.51,0.17,0.17
2018-04-29,104.34,104.51,0.18,0.17
2018-04-30,104.34,104.52,0.18,0.17
2018-05-01,104.34,104.52,0.18,0.17
2018-05-02,104.33,104.52,0.19,0.18
2018-05-03,104.33,104.53,0.20,0.19
2018-05-04,104.32,104.53,0.21,0.20
2018-05-05,104.31,104.54,0.22,0.21
2018-05-06,104.31,104.54,0.23,0.22
2018-05-07,104.30,104.54,0.24,0.23
2018-05-08,104.29,104.55,0.25,0.24
2018-05-09,104.29,104.55,0.26,0.25
2018-05-10,104.28,104.55,0.27,0.26
2018-05-11,104.27,104.56,0.28,0.27
2018-05-12,104.27,104.56,0.30,0.28
2018-05-13,104.26,104.57,0.31,0.29
2018-05-14,104.25,104.57,0.32,0.30
2018-05-15,104.25,104.57,0.33,0.31
2018-05-16,104.24,104.58,0.34,0.32
2018-05-17,104.23,104.58,0.35,0.33
2018-05-18,104.23,104.58,0.36,0.34
2018-05-19,104.22,104.59,0.37,0.35
2018-05-20,104.21,104.59,0.38,0.37
2018-05-21,104.21,104.60,0.39,0.38
2018-05-22,104.20,104.60,0.40,0.39
2018-05-23,104.19,104.60,0.41,0.40
2018-05-24,104.18,104.61,0.42,0.41
2018-05-25,104.18,104.61,0.43,0.42
2018-05-26,104.17,104.62,0.45,0.43
2018-05-27,104.16,104.62,0.46,0.44
2018-05-28,104.16,104.62,0.47,0.45
2018-05-29,104.15,104.63,0.48,0.46
2018-05-30,104.14,104.63,0.49,0.47
2018-05-31,104.14,104.64,0.50,0.48
2018-06-01,104.13,104.64,0.51,0.49
2018-06-02,104.12,104.65,0.52,0.50
2018-06-03,104.12,104.65,0.53,0.51
2018-06-04,104.11,104.65,0.54,0.52
2018-06-05,104.10,104.66,0.55,0.53
2018-06-06,104.10,104.66,0.57,0.54
2018-06-07,104.09,104.67,0.58,0.55
2018-06-08,104.08,104.67,0.59,0.56
2018-06-09,104.08,104.68,0.60,0.57
2018-06-10,104.07,104.68,0.61,0.58
2018-06-11,104.06,104.68,0.62,0.60
2018-06-12,104.06,104.69,0.63,0.61
2018-06-13,104.05,104.69,0.64,0.62
2018-06-14,104.04,104.70,0.65,0.63
2018-06-15,104.04,104.70,0.66,0.64
2018-06-16,104.03,104.70,0.67,0.65
2018-06-17,104.02,104.71,0.68,0.66
2018-06-18,104.02,104.71,0.69,0.67
2018-06-19,104.01,104.71,0.70,0.68
2018-06-20,104.00,104.72,0.71,0.69
2018-06-21,104.00,104.72,0.72,0.70
2018-06-22,103.99,104.73,0.74,0.71
2018-06-23,103.98,104.73,0.75,0.72
2018-06-24,103.98,104.73,0.76,0.73
2018-06-25,103.97,104.74,0.77,0.74
2018-06-26,103.96,104.74,0.78,0.75
2018-06-27,103.96,104.74,0.79,0.76
2018-06-28,103.95,104.75,0.80,0.77
2018-06-29,103.94,104.75,0.81,0.78
2018-06-30,103.94,104.76,0.82,0.79
2018-07-01,103.93,104.76,0.83,0.80
2018-07-02,103.96,104.76,0.80,0.77
2018-07-03,103.99,104.77,0.77,0.75
2018-07-04,104.02,104.77,0.75,0.72
2018-07-05,104.05,104.77,0.72,0.69
2018-07-06,104.08,104.78,0.70,0.67
2018-07-07,104.11,104.78,0.67,0.64
2018-07-08,104.14,104.78,0.64,0.62
2018-07-09,104.17,104.79,0.62,0.59
2018-07-10,104.20,104.79,0.59,0.57
2018-07-11,104.23,104.79,0.57,0.54
2018-07-12,104.26,104.80,0.54,0.52
2018-07-13,104.29,104.80,0.51,0.49
2018-07-14,104.32,104.80,0.49,0.47
2018-07-15,104.35,104.81,0.46,0.44
2018-07-16,104.38,104.81,0.44,0.42
2018-07-17,104.41,104.82,0.41,0.39
2018-07-18,104.44,104.82,0.38,0.37
2018-07-19,104.46,104.82,0.36,0.34
2018-07-20,104.49,104.83,0.33,0.32
2018-07-21,104.52,104.83,0.31,0.29
2018-07-22,104.55,104.83,0.28,0.27
2018-07-23,104.58,104.84,0.25,0.24
2018-07-24,104.61,104.84,0.23,0.22
2018-07-25,104.64,104.85,0.20,0.19
2018-07-26,104.67,104.85,0.18,0.17
2018-07-27,104.70,104.85,0.15,0.14
2018-07-28,104.73,104.86,0.13,0.12
2018-07-29,104.76,104.86,0.10,0.10
2018-07-30,104.79,104.87,0.07,0.07
2018-07-31,104.82,104.87,0.05,0.05
2018-08-01,104.85,104.87,0.02,0.02
2018-08-02,104.88,104.88,0.00,0.00
2018-08-03,104.90,104.88,0.02,0.02
2018-08-04,104.93,104.89,0.04,0.04
2018-08-05,104.95,104.89,0.06,0.06
2018-08-06,104.98,104.90,0.08,0.08
2018-08-07,105.01,104.90,0.11,0.10
2018-08-08,105.03,104.90,0.13,0.12
2018-08-09,105.06,104.91,0.15,0.14
2018-08-10,105.08,104.91,0.17,0.16
2018-08-11,105.11,104.92,0.19,0.18
2018-08-12,105.13,104.92,0.21,0.20
2018-08-13,105.16,104.93,0.23,0.22
2018-08-14,105.19,104.93,0.26,0.24
2018-08-15,105.21,104.93,0.28,0.26
2018-08-16,105.24,104.94,0.30,0.28
2018-08-17,105.26,104.94,0.32,0.30
2018-08-18,105.29,104.95,0.34,0.32
2018-08-19,105.31,104.95,0.36,0.34
2018-08-20,105.34,104.96,0.38,0.36
2018-08-21,105.37,104.96,0.41,0.38
2018-08-22,105.39,104.97,0.43,0.40
2018-08-23,105.42,104.97,0.45,0.42
2018-08-24,105.44,104.97,0.47,0.44
2018-08-25,105.47,104.98,0.49,0.46
2018-08-26,105.50,104.98,0.51,0.48
2018-08-27,105.52,104.99,0.53,0.50
2018-08-28,105.55,104.99,0.55,0.52
2018-08-29,105.57,105.00,0.58,0.54
2018-08-30,105.60,105.00,0.60,0.56
2018-08-31,105.62,105.01,0.62,0.58
2018-09-01,105.65,105.01,0.64,0.60
2018-09-02,105.64,105.02,0.63,0.59
2018-09-03,105.64,105.02,0.62,0.58
2018-09-04,105.63,105.03,0.61,0.57
2018-09-05,105.63,105.03,0.59,0.56
2018-09-06,105.62,105.04,0.58,0.55
2018-09-07,105.61,105.04,0.57,0.54
2018-09-08,105.61,105.04,0.56,0.53
2018-09-09,105.60,105.05,0.55,0.52
2018-09-10,105.59,105.05,0.54,0.51
2018-09-11,105.59,105.06,0.53,0.50
2018-09-12,105.58,105.06,0.52,0.49
2018-09-13,105.57,105.07,0.51,0.48
2018-09-14,105.57,105.07,0.50,0.47
2018-09-15,105.56,105.08,0.49,0.46
2018-09-16,105.56,105.08,0.47,0.45
2018-09-17,105.55,105.09,0.46,0.44
2018-09-18,105.54,105.09,0.45,0.43
2018-09-19,105.54,105.09,0.44,0.42
2018-09-20,105.53,105.10,0.43,0.41
2018-09-21,105.52,105.10,0.42,0.40
2018-09-22,105.52,105.11,0.41,0.39
2018-09-23,105.51,105.11,0.40,0.38
2018-09-24,105.50,105.12,0.39,0.37
2018-09-25,105.50,105.12,0.38,0.36
2018-09-26,105.49,105.12,0.37,0.35
2018-09-27,105.49,105.13,0.36,0.34
2018-09-28,105.48,105.13,0.35,0.33
2018-09-29,105.47,105.14,0.34,0.32
2018-09-30,105.47,105.14,0.33,0.31
2018-10-01,105.46,105.15,0.31,0.30
2018-10-02,105.44,105.15,0.29,0.27
2018-10-03,105.41,105.15,0.26,0.24
2018-10-04,105.39,105.16,0.23,0.22
2018-10-05,105.36,105.16,0.20,0.19
2018-10-06,105.34,105.17,0.17,0.16
2018-10-07,105.32,105.17,0.14,0.14
2018-10-08,105.29,105.17,0.12,0.11
2018-10-09,105.27,105.18,0.09,0.08
2018-10-10,105.24,105.18,0.06,0.06
2018-10-11,105.22,105.19,0.03,0.03
2018-10-12,105.19,105.19,0.00,0.00
2018-10-13,105.17,105.20,0.02,0.02
2018-10-14,105.15,105.20,0.05,0.05
2018-10-15,105.12,105.20,0.08,0.08
2018-10-16,105.10,105.21,0.11,0.10
2018-10-17,105.07,105.21,0.14,0.13
2018-10-18,105.05,105.22,0.17,0.16
2018-10-19,105.03,105.22,0.19,0.18
2018-10-20,105.00,105.22,0.22,0.21
2018-10-21,104.98,105.23,0.25,0.24
2018-10-22,104.95,105.23,0.28,0.27
2018-10-23,104.93,105.24,0.31,0.29
2018-10-24,104.90,105.24,0.33,0.32
2018-10-25,104.88,105.24,0.36,0.35
2018-10-26,104.86,105.25,0.39,0.37
2018-10-27,104.83,105.25,0.42,0.40
2018-10-28,104.81,105.25,0.45,0.43
2018-10-29,104.78,105.26,0.48,0.45
2018-10-30,104.76,105.26,0.50,0.48
2018-10-31,104.74,105.27,0.53,0.51
2018-11-01,104.71,105.27,0.56,0.53
2018-11-02,104.70,105.27,0.58,0.55
2018-11-03,104.69,105.28,0.59,0.56
2018-11-04,104.68,105.28,0.61,0.58
2018-11-05,104.66,105.29,0.62,0.59
2018-11-06,104.65,105.29,0.64,0.61
2018-11-07,104.64,105.29,0.65,0.63
2018-11-08,104.63,105.30,0.67,0.64
2018-11-09,104.62,105.30,0.69,0.66
2018-11-10,104.60,105.30,0.70,0.67
2018-11-11,104.59,105.31,0.72,0.69
2018-11-12,104.58,105.31,0.73,0.70
2018-11-13,104.57,105.31,0.75,0.72
2018-11-14,104.55,105.32,0.76,0.73
2018-11-15,104.54,105.32,0.78,0.74
2018-11-16,104.53,105.32,0.79,0.76
2018-11-17,104.52,105.33,0.81,0.77
2018-11-18,104.51,105.33,0.82,0.79
2018-11-19,104.49,105.33,0.84,0.80
2018-11-20,104.48,105.34,0.86,0.82
2018-11-21,104.47,105.34,0.87,0.83
2018-11-22,104.46,105.34,0.89,0.85
2018-11-23,104.45,105.35,0.90,0.86
2018-11-24,104.43,105.35,0.92,0.88
2018-11-25,104.42,105.35,0.93,0.89
2018-11-26,104.41,105.36,0.95,0.91
2018-11-27,104.40,105.36,0.96,0.92
2018-11-28,104.39,105.36,0.98,0.94
2018-11-29,104.37,105.37,0.99,0.95
2018-11-30,104.36,105.37,1.01,0.96
2018-12-01,104.35,105.37,1.02,0.98
2018-12-02,104.35,105.37,1.03,0.98
2018-12-03,104.34,105.38,1.03,0.99
2018-12-04,104.34,105.38,1.04,1.00
2018-12-05,104.34,105.38,1.05,1.00
2018-12-06,104.33,105.39,1.05,1.01
2018-12-07,104.33,105.39,1.06,1.02
2018-12-08,104.33,105.39,1.07,1.02
2018-12-09,104.32,105.39,1.07,1.03
2018-12-10,104.32,105.40,1.08,1.03
2018-12-11,104.32,105.40,1.08,1.04
2018-12-12,104.31,105.40,1.09,1.05
2018-12-13,104.31,105.41,1.10,1.05
2018-12-14,104.30,105.41,1.10,1.06
2018-12-15,104.30,105.41,1.11,1.06
2018-12-16,104.30,105.41,1.12,1.07
2018-12-17,104.29,105.42,1.12,1.08
2018-12-18,104.29,105.42,1.13,1.08
2018-12-19,104.29,105.42,1.13,1.09
2018-12-20,104.28,105.42,1.14,1.09
2018-12-21,104.28,105.43,1.15,1.10
2018-12-22,104.28,105.43,1.15,1.10
2018-12-23,104.27,105.43,1.16,1.11
2018-12-24,104.27,105.43,1.16,1.12
2018-12-25,104.27,105.43,1.17,1.12
2018-12-26,104.26,105.44,1.17,1.13
2018-12-27,104.26,105.44,1.18,1.13
2018-12-28,104.26,105.44,1.19,1.14
2018-12-29,104.25,105.44,1.19,1.14
2018-12-30,104.25,105.44,1.20,1.15
2018-12-31,104.24,105.45,1.20,1.15
2019-01-01,104.24,105.45,1.21,1.16
2019-01-02,104.26,105.45,1.20,1.15
2019-01-03,104.27,105.45,1.18,1.13
2019-01-04,104.28,105.45,1.17,1.12
2019-01-05,104.30,105.46,1.16,1.11
2019-01-06,104.31,105.46,1.14,1.10
2019-01-07,104.33,105.46,1.13,1.09
2019-01-08,104.34,105.46,1.12,1.07
2019-01-09,104.36,105.46,1.11,1.06
2019-01-10,104.37,105.47,1.09,1.05
2019-01-11,104.39,105.47,1.08,1.04
2019-01-12,104.40,105.47,1.07,1.02
2019-01-13,104.42,105.47,1.06,1.01
2019-01-14,104.43,105.47,1.04,1.00
2019-01-15,104.44,105.48,1.03,0.99
2019-01-16,104.46,105.48,1.02,0.97
2019-01-17,104.47,105.48,1.01,0.96
2019-01-18,104.49,105.48,0.99,0.95
2019-01-19,104.50,105.48,0.98,0.94
2019-01-20,104.52,105.48,0.97,0.93
2019-01-21,104.53,105.49,0.96,0.91
2019-01-22,104.55,105.49,0.94,0.90
2019-01-23,104.56,105.49,0.93,0.89
2019-01-24,104.58,105.49,0.92,0.88
2019-01-25,104.59,105.49,0.91,0.87
2019-01-26,104.60,105.50,0.89,0.85
2019-01-27,104.62,105.50,0.88,0.84
2019-01-28,104.63,105.50,0.87,0.83
2019-01-29,104.65,105.50,0.86,0.82
2019-01-30,104.66,105.51,0.84,0.81
2019-01-31,104.68,105.51,0.83,0.79
2019-02-01,104.69,105.51,0.82,0.78
2019-02-02,104.68,105.51,0.83,0.79
2019-02-03,104.68,105.51,0.84,0.80
2019-02-04,104.67,105.52,0.85,0.81
2019-02-05,104.66,105.52,0.85,0.82
2019-02-06,104.66,105.52,0.86,0.83
2019-02-07,104.65,105.52,0.87,0.83
2019-02-08,104.64,105.52,0.88,0.84
2019-02-09,104.63,105.53,0.89,0.85
2019-02-10,104.63,105.53,0.90,0.86
2019-02-11,104.62,105.53,0.91,0.87
2019-02-12,104.61,105.53,0.92,0.88
2019-02-13,104.61,105.53,0.93,0.89
2019-02-14,104.60,105.54,0.94,0.90
2019-02-15,104.59,105.54,0.95,0.91
2019-02-16,104.58,105.54,0.96,0.91
2019-02-17,104.58,105.54,0.97,0.92
2019-02-18,104.57,105.54,0.97,0.93
2019-02-19,104.56,105.55,0.98,0.94
2019-02-20,104.56,105.55,0.99,0.95
2019-02-21,104.55,105.55,1.00,0.96
2019-02-22,104.54,105.55,1.01,0.97
2019-02-23,104.53,105.55,1.02,0.98
2019-02-24,104.53,105.56,1.03,0.99
2019-02-25,104.52,105.56,1.04,0.99
2019-02-26,104.51,105.56,1.05,1.00
2019-02-27,104.51,105.56,1.06,1.01
2019-02-28,104.50,105.57,1.07,1.02
2019-03-01,104.49,105.57,1.08,1.03
2019-03-02,104.50,105.57,1.07,1.02
2019-03-03,104.52,105.57,1.06,1.01
2019-03-04,104.53,105.57,1.05,1.00
2019-03-05,104.54,105.58,1.04,0.99
2019-03-06,104.55,105.58,1.03,0.98
2019-03-07,104.56,105.58,1.02,0.97
2019-03-08,104.58,105.58,1.01,0.96
2019-03-09,104.59,105.59,1.00,0.95
2019-03-10,104.60,105.59,0.99,0.94
2019-03-11,104.61,105.59,0.98,0.93
2019-03-12,104.63,105.59,0.97,0.92
2019-03-13,104.64,105.59,0.96,0.91
2019-03-14,104.65,105.60,0.95,0.90
2019-03-15,104.66,105.60,0.94,0.89
2019-03-16,104.67,105.60,0.93,0.88
2019-03-17,104.69,105.60,0.92,0.87
2019-03-18,104.70,105.60,0.91,0.86
2019-03-19,104.71,105.61,0.90,0.86
2019-03-20,104.72,105.61,0.89,0.85
2019-03-21,104.74,105.61,0.87,0.84
2019-03-22,104.75,105.61,0.86,0.83
2019-03-23,104.76,105.61,0.85,0.82
2019-03-24,104.77,105.62,0.84,0.81
2019-03-25,104.78,105.62,0.83,0.80
2019-03-26,104.80,105.62,0.82,0.79
2019-03-27,104.81,105.62,0.81,0.78
2019-03-28,104.82,105.62,0.80,0.77
2019-03-29,104.83,105.63,0.79,0.76
2019-03-30,104.85,105.63,0.78,0.75
2019-03-31,104.86,105.63,0.77,0.74
2019-04-01,104.87,105.63,0.76,0.73
2019-04-02,104.88,105.63,0.76,0.72
2019-04-03,104.88,105.63,0.75,0.72
2019-04-04,104.89,105.64,0.75,0.71
2019-04-05,104.89,105.64,0.74,0.71
2019-04-06,104.90,105.64,0.74,0.70
2019-04-07,104.91,105.64,0.74,0.70
2019-04-08,104.91,105.64,0.73,0.70
2019-04-09,104.92,105.64,0.73,0.69
2019-04-10,104.92,105.65,0.72,0.69
2019-04-11,104.93,105.65,0.72,0.68
2019-04-12,104.94,105.65,0.71,0.68
2019-04-13,104.94,105.65,0.71,0.68
2019-04-14,104.95,105.65,0.71,0.67
2019-04-15,104.95,105.66,0.70,0.67
2019-04-16,104.96,105.66,0.70,0.66
2019-04-17,104.97,105.66,0.69,0.66
2019-04-18,104.97,105.66,0.69,0.66
2019-04-19,104.98,105.66,0.69,0.65
2019-04-20,104.98,105.67,0.68,0.65
2019-04-21,104.99,105.67,0.68,0.64
2019-04-22,105.00,105.67,0.67,0.64
2019-04-23,105.00,105.67,0.67,0.64
2019-04-24,105.01,105.67,0.67,0.63
2019-04-25,105.01,105.68,0.66,0.63
2019-04-26,105.02,105.68,0.66,0.63
2019-04-27,105.03,105.68,0.65,0.62
2019-04-28,105.03,105.68,0.65,0.62
2019-04-29,105.04,105.69,0.65,0.62
2019-04-30,105.04,105.69,0.64,0.61
2019-05-01,105.05,105.69,0.64,0.61
2019-05-02,105.05,105.69,0.65,0.62
2019-05-03,105.04,105.69,0.65,0.62
2019-05-04,105.03,105.70,0.66,0.63
2019-05-05,105.03,105.70,0.67,0.64
2019-05-06,105.02,105.70,0.68,0.65
2019-05-07,105.02,105.70,0.69,0.65
2019-05-08,105.01,105.71,0.69,0.66
2019-05-09,105.01,105.71,0.70,0.67
2019-05-10,105.00,105.71,0.71,0.68
2019-05-11,105.00,105.71,0.72,0.68
2019-05-12,104.99,105.72,0.73,0.69
2019-05-13,104.98,105.72,0.73,0.70
2019-05-14,104.98,105.72,0.74,0.71
2019-05-15,104.97,105.72,0.75,0.71
2019-05-16,104.97,105.72,0.76,0.72
2019-05-17,104.96,105.73,0.76,0.73
2019-05-18,104.96,105.73,0.77,0.74
2019-05-19,104.95,105.73,0.78,0.74
2019-05-20,104.95,105.73,0.79,0.75
2019-05-21,104.94,105.74,0.79,0.76
2019-05-22,104.94,105.74,0.80,0.76
2019-05-23,104.93,105.74,0.81,0.77
2019-05-24,104.92,105.74,0.82,0.78
2019-05-25,104.92,105.74,0.82,0.79
2019-05-26,104.91,105.75,0.83,0.79
2019-05-27,104.91,105.75,0.84,0.80
2019-05-28,104.90,105.75,0.85,0.81
2019-05-29,104.90,105.75,0.85,0.81
2019-05-30,104.89,105.75,0.86,0.82
2019-05-31,104.89,105.76,0.87,0.83
2019-06-01,104.88,105.76,0.88,0.84
2019-06-02,104.87,105.76,0.89,0.85
2019-06-03,104.86,105.76,0.90,0.86
2019-06-04,104.85,105.76,0.91,0.87
2019-06-05,104.84,105.76,0.93,0.88
2019-06-06,104.83,105.77,0.94,0.90
2019-06-07,104.82,105.77,0.95,0.91
2019-06-08,104.81,105.77,0.96,0.92
2019-06-09,104.80,105.77,0.98,0.93
2019-06-10,104.78,105.77,0.99,0.94
2019-06-11,104.77,105.78,1.00,0.96
2019-06-12,104.76,105.78,1.01,0.97
2019-06-13,104.75,105.78,1.03,0.98
2019-06-14,104.74,105.78,1.04,0.99
2019-06-15,104.73,105.78,1.05,1.00
2019-06-16,104.72,105.78,1.06,1.02
2019-06-17,104.71,105.79,1.08,1.03
2019-06-18,104.70,105.79,1.09,1.04
2019-06-19,104.69,105.79,1.10,1.05
2019-06-20,104.68,105.79,1.11,1.06
2019-06-21,104.67,105.79,1.12,1.07
2019-06-22,104.66,105.79,1.14,1.09
2019-06-23,104.65,105.79,1.15,1.10
2019-06-24,104.64,105.80,1.16,1.11
2019-06-25,104.62,105.80,1.17,1.12
2019-06-26,104.61,105.80,1.19,1.13
2019-06-27,104.60,105.80,1.20,1.14
2019-06-28,104.59,105.80,1.21,1.16
2019-06-29,104.58,105.80,1.22,1.17
2019-06-30,104.57,105.80,1.23,1.18
2019-07-01,104.56,105.81,1.25,1.19
2019-07-02,104.57,105.81,1.24,1.18
2019-07-03,104.58,105.81,1.23,1.18
2019-07-04,104.58,105.81,1.22,1.17
2019-07-05,104.59,105.81,1.22,1.16
2019-07-06,104.60,105.81,1.21,1.16
2019-07-07,104.61,105.81,1.20,1.15
2019-07-08,104.62,105.81,1.20,1.14
2019-07-09,104.63,105.81,1.19,1.14
2019-07-10,104.63,105.82,1.18,1.13
2019-07-11,104.64,105.82,1.18,1.12
2019-07-12,104.65,105.82,1.17,1.12
2019-07-13,104.66,105.82,1.16,1.11
2019-07-14,104.67,105.82,1.15,1.10
2019-07-15,104.67,105.82,1.15,1.09
2019-07-16,104.68,105.82,1.14,1.09
2019-07-17,104.69,105.82,1.13,1.08
2019-07-18,104.70,105.82,1.12,1.07
2019-07-19,104.71,105.82,1.12,1.07
2019-07-20,104.71,105.82,1.11,1.06
2019-07-21,104.72,105.82,1.10,1.05
2019-07-22,104.73,105.82,1.09,1.04
2019-07-23,104.74,105.82,1.09,1.04
2019-07-24,104.75,105.83,1.08,1.03
2019-07-25,104.75,105.83,1.07,1.02
2019-07-26,104.76,105.83,1.06,1.02
2019-07-27,104.77,105.83,1.06,1.01
2019-07-28,104.78,105.83,1.05,1.00
2019-07-29,104.79,105.83,1.04,0.99
2019-07-30,104.80,105.83,1.03,0.99
2019-07-31,104.80,105.83,1.03,0.98
2019-08-01,104.81,105.83,1.02,0.97
2019-08-02,104.82,105.83,1.01,0.96
2019-08-03,104.84,105.83,0.99,0.95
2019-08-04,104.85,105.83,0.98,0.94
2019-08-05,104.86,105.83,0.97,0.92
2019-08-06,104.87,105.83,0.96,0.91
2019-08-07,104.89,105.83,0.94,0.90
2019-08-08,104.90,105.83,0.93,0.89
2019-08-09,104.91,105.83,0.92,0.88
2019-08-10,104.92,105.83,0.91,0.86
2019-08-11,104.94,105.83,0.89,0.85
2019-08-12,104.95,105.83,0.88,0.84
2019-08-13,104.96,105.83,0.87,0.83
2019-08-14,104.97,105.83,0.86,0.82
2019-08-15,104.99,105.83,0.84,0.80
2019-08-16,105.00,105.83,0.83,0.79
2019-08-17,105.01,105.83,0.82,0.78
2019-08-18,105.02,105.83,0.81,0.77
2019-08-19,105.04,105.83,0.79,0.76
2019-08-20,105.05,105.83,0.78,0.74
2019-08-21,105.06,105.83,0.77,0.73
2019-08-22,105.07,105.83,0.76,0.72
2019-08-23,105.09,105.83,0.74,0.71
2019-08-24,105.10,105.83,0.73,0.70
2019-08-25,105.11,105.83,0.72,0.68
2019-08-26,105.13,105.83,0.71,0.67
2019-08-27,105.14,105.83,0.69,0.66
2019-08-28,105.15,105.83,0.68,0.65
2019-08-29,105.16,105.83,0.67,0.63
2019-08-30,105.18,105.83,0.65,0.62
2019-08-31,105.19,105.83,0.64,0.61
2019-09-01,105.20,105.83,0.63,0.60
2019-09-02,105.21,105.83,0.62,0.59
2019-09-03,105.22,105.83,0.61,0.58
2019-09-04,105.23,105.83,0.60,0.57
2019-09-05,105.24,105.83,0.59,0.56
2019-09-06,105.24,105.83,0.58,0.55
2019-09-07,105.25,105.82,0.57,0.54
2019-09-08,105.26,105.82,0.56,0.54
2019-09-09,105.27,105.82,0.55,0.53
2019-09-10,105.28,105.82,0.54,0.52
2019-09-11,105.29,105.82,0.54,0.51
2019-09-12,105.30,105.82,0.53,0.50
2019-09-13,105.30,105.82,0.52,0.49
2019-09-14,105.31,105.82,0.51,0.48
2019-09-15,105.32,105.82,0.50,0.47
2019-09-16,105.33,105.82,0.49,0.47
2019-09-17,105.34,105.82,0.48,0.46
2019-09-18,105.35,105.82,0.47,0.45
2019-09-19,105.36,105.82,0.46,0.44
2019-09-20,105.37,105.82,0.46,0.43
2019-09-21,105.37,105.82,0.45,0.42
2019-09-22,105.38,105.82,0.44,0.42
2019-09-23,105.39,105.82,0.43,0.41
2019-09-24,105.40,105.82,0.42,0.40
2019-09-25,105.41,105.82,0.41,0.39
2019-09-26,105.42,105.82,0.40,0.38
2019-09-27,105.43,105.82,0.39,0.37
2019-09-28,105.43,105.82,0.39,0.37
2019-09-29,105.44,105.82,0.38,0.36
2019-09-30,105.45,105.82,0.37,0.35
2019-10-01,105.46,105.82,0.36,0.34
2019-10-02,105.44,105.82,0.38,0.36
2019-10-03,105.42,105.82,0.40,0.38
2019-10-04,105.40,105.82,0.42,0.40
2019-10-05,105.38,105.82,0.44,0.42
2019-10-06,105.37,105.82,0.46,0.43
2019-10-07,105.35,105.82,0.48,0.45
2019-10-08,105.33,105.82,0.50,0.47
2019-10-09,105.31,105.82,0.52,0.49
2019-10-10,105.29,105.83,0.54,0.51
2019-10-11,105.27,105.83,0.56,0.53
2019-10-12,105.25,105.83,0.58,0.55
2019-10-13,105.23,105.83,0.59,0.57
2019-10-14,105.21,105.83,0.61,0.58
2019-10-15,105.19,105.83,0.63,0.60
2019-10-16,105.18,105.83,0.65,0.62
2019-10-17,105.16,105.83,0.67,0.64
2019-10-18,105.14,105.83,0.69,0.66
2019-10-19,105.12,105.83,0.71,0.68
2019-10-20,105.10,105.83,0.73,0.70
2019-10-21,105.08,105.83,0.75,0.72
2019-10-22,105.06,105.83,0.77,0.73
2019-10-23,105.04,105.83,0.79,0.75
2019-10-24,105.02,105.83,0.81,0.77
2019-10-25,105.00,105.83,0.83,0.79
2019-10-26,104.98,105.83,0.85,0.81
2019-10-27,104.97,105.84,0.87,0.83
2019-10-28,104.95,105.84,0.89,0.85
2019-10-29,104.93,105.84,0.91,0.87
2019-10-30,104.91,105.84,0.93,0.89
2019-10-31,104.89,105.84,0.95,0.90
2019-11-01,104.87,105.84,0.97,0.92
2019-11-02,104.88,105.84,0.96,0.92
2019-11-03,104.89,105.84,0.95,0.91
2019-11-04,104.90,105.84,0.95,0.90
2019-11-05,104.90,105.84,0.94,0.89
2019-11-06,104.91,105.84,0.93,0.89
2019-11-07,104.92,105.84,0.92,0.88
2019-11-08,104.93,105.85,0.92,0.87
2019-11-09,104.94,105.85,0.91,0.87
2019-11-10,104.95,105.85,0.90,0.86
2019-11-11,104.95,105.85,0.90,0.85
2019-11-12,104.96,105.85,0.89,0.85
2019-11-13,104.97,105.85,0.88,0.84
2019-11-14,104.98,105.85,0.87,0.83
2019-11-15,104.99,105.85,0.87,0.83
2019-11-16,105.00,105.86,0.86,0.82
2019-11-17,105.00,105.86,0.85,0.81
2019-11-18,105.01,105.86,0.85,0.81
2019-11-19,105.02,105.86,0.84,0.80
2019-11-20,105.03,105.86,0.83,0.79
2019-11-21,105.04,105.87,0.83,0.79
2019-11-22,105.05,105.87,0.82,0.78
2019-11-23,105.05,105.87,0.81,0.78
2019-11-24,105.06,105.87,0.81,0.77
2019-11-25,105.07,105.87,0.80,0.76
2019-11-26,105.08,105.88,0.80,0.76
2019-11-27,105.09,105.88,0.79,0.75
2019-11-28,105.10,105.88,0.78,0.75
2019-11-29,105.10,105.88,0.78,0.74
2019-11-30,105.11,105.88,0.77,0.73
2019-12-01,105.12,105.89,0.77,0.73
2019-12-02,105.13,105.89,0.76,0.72
2019-12-03,105.15,105.89,0.75,0.71
2019-12-04,105.16,105.89,0.73,0.70
2019-12-05,105.17,105.90,0.72,0.69
2019-12-06,105.18,105.90,0.71,0.68
2019-12-07,105.20,105.90,0.70,0.67
2019-12-08,105.21,105.90,0.69,0.66
2019-12-09,105.22,105.91,0.68,0.65
2019-12-10,105.23,105.91,0.67,0.64
2019-12-11,105.25,105.91,0.66,0.63
2019-12-12,105.26,105.91,0.65,0.62
2019-12-13,105.27,105.92,0.64,0.61
2019-12-14,105.29,105.92,0.63,0.60
2019-12-15,105.30,105.92,0.62,0.59
2019-12-16,105.31,105.92,0.61,0.58
2019-12-17,105.32,105.93,0.60,0.57
2019-12-18,105.34,105.93,0.59,0.56
2019-12-19,105.35,105.93,0.58,0.55
2019-12-20,105.36,105.93,0.57,0.54
2019-12-21,105.37,105.94,0.56,0.53
2019-12-22,105.39,105.94,0.55,0.53
2019-12-23,105.40,105.94,0.54,0.52
2019-12-24,105.41,105.94,0.53,0.51
2019-12-25,105.42,105.95,0.52,0.50
2019-12-26,105.44,105.95,0.51,0.49
2019-12-27,105.45,105.95,0.50,0.48
2019-12-28,105.46,105.95,0.49,0.47
2019-12-29,105.47,105.96,0.48,0.46
2019-12-30,105.49,105.96,0.47,0.45
2019-12-31,105.50,105.96,0.46,0.44
2020-01-01,105.51,105.96,0.45,0.43
2020-01-02,105.51,105.97,0.45,0.43
2020-01-03,105.52,105.97,0.45,0.43
2020-01-04,105.52,105.97,0.45,0.43
2020-01-05,105.52,105.97,0.45,0.43
2020-01-06,105.52,105.98,0.45,0.43
2020-01-07,105.53,105.98,0.45,0.43
2020-01-08,105.53,105.98,0.45,0.43
2020-01-09,105.53,105.98,0.45,0.43
2020-01-10,105.53,105.98,0.45,0.43
2020-01-11,105.54,105.99,0.45,0.43
2020-01-12,105.54,105.99,0.45,0.43
2020-01-13,105.54,105.99,0.45,0.43
2020-01-14,105.54,105.99,0.45,0.43
2020-01-15,105.55,105.99,0.45,0.42
2020-01-16,105.55,106.00,0.45,0.42
2020-01-17,105.55,106.00,0.45,0.42
2020-01-18,105.55,106.00,0.45,0.42
2020-01-19,105.56,106.00,0.45,0.42
2020-01-20,105.56,106.00,0.45,0.42
2020-01-21,105.56,106.01,0.45,0.42
2020-01-22,105.56,106.01,0.45,0.42
2020-01-23,105.56,106.01,0.44,0.42
2020-01-24,105.57,106.01,0.44,0.42
2020-01-25,105.57,106.01,0.44,0.42
2020-01-26,105.57,106.02,0.44,0.42
2020-01-27,105.57,106.02,0.44,0.42
2020-01-28,105.58,106.02,0.44,0.42
2020-01-29,105.58,106.02,0.44,0.42
2020-01-30,105.58,106.02,0.44,0.42
2020-01-31,105.58,106.02,0.44,0.42
2020-02-01,105.59,106.03,0.44,0.42
2020-02-02,105.58,106.03,0.45,0.43
2020-02-03,105.57,106.03,0.46,0.44
2020-02-04,105.56,106.03,0.47,0.44
2020-02-05,105.55,106.03,0.48,0.45
2020-02-06,105.55,106.04,0.49,0.46
2020-02-07,105.54,106.04,0.50,0.47
2020-02-08,105.53,106.04,0.51,0.48
2020-02-09,105.52,106.04,0.52,0.49
2020-02-10,105.51,106.04,0.53,0.50
2020-02-11,105.51,106.04,0.54,0.51
2020-02-12,105.50,106.05,0.55,0.52
2020-02-13,105.49,106.05,0.56,0.53
2020-02-14,105.48,106.05,0.57,0.54
2020-02-15,105.47,106.05,0.58,0.55
2020-02-16,105.47,106.05,0.59,0.56
2020-02-17,105.46,106.06,0.60,0.57
2020-02-18,105.45,106.06,0.61,0.58
2020-02-19,105.44,106.06,0.62,0.59
2020-02-20,105.43,106.06,0.63,0.60
2020-02-21,105.43,106.07,0.64,0.61
2020-02-22,105.42,106.07,0.65,0.62
2020-02-23,105.41,106.07,0.66,0.63
2020-02-24,105.40,106.07,0.67,0.64
2020-02-25,105.39,106.08,0.68,0.65
2020-02-26,105.39,106.08,0.69,0.66
2020-02-27,105.38,106.08,0.70,0.67
2020-02-28,105.37,106.08,0.71,0.68
2020-02-29,105.36,106.09,0.72,0.69
2020-03-01,105.35,106.09,0.73,0.70
2020-03-02,105.34,106.09,0.75,0.71
2020-03-03,105.32,106.09,0.77,0.73
2020-03-04,105.31,106.09,0.79,0.75
2020-03-05,105.29,106.10,0.80,0.76
2020-03-06,105.28,106.10,0.82,0.78
2020-03-07,105.26,106.10,0.84,0.80
2020-03-08,105.25,106.10,0.85,0.81
2020-03-09,105.23,106.11,0.87,0.83
2020-03-10,105.22,106.11,0.89,0.84
2020-03-11,105.20,106.11,0.90,0.86
2020-03-12,105.19,106.11,0.92,0.88
2020-03-13,105.17,106.11,0.94,0.89
2020-03-14,105.16,106.11,0.95,0.91
2020-03-15,105.14,106.12,0.97,0.92
2020-03-16,105.13,106.12,0.99,0.94
2020-03-17,105.11,106.12,1.00,0.95
2020-03-18,105.10,106.12,1.02,0.97
2020-03-19,105.08,106.12,1.03,0.98
2020-03-20,105.07,106.12,1.05,1.00
2020-03-21,105.05,106.12,1.07,1.01
2020-03-22,105.04,106.12,1.08,1.03
2020-03-23,105.03,106.12,1.10,1.04
2020-03-24,105.01,106.12,1.11,1.06
2020-03-25,105.00,106.12,1.13,1.07
2020-03-26,104.98,106.12,1.14,1.09
2020-03-27,104.97,106.12,1.16,1.10
2020-03-28,104.95,106.12,1.17,1.11
2020-03-29,104.94,106.12,1.18,1.13
2020-03-30,104.92,106.12,1.20,1.14
2020-03-31,104.91,106.12,1.21,1.16
2020-04-01,104.89,106.12,1.23,1.17
2020-04-02,104.89,106.12,1.23,1.17
2020-04-03,104.89,106.11,1.23,1.17
2020-04-04,104.88,106.11,1.23,1.17
2020-04-05,104.88,106.11,1.23,1.17
2020-04-06,104.88,106.11,1.23,1.17
2020-04-07,104.88,106.11,1.23,1.17
2020-04-08,104.88,106.11,1.23,1.18
2020-04-09,104.87,106.11,1.23,1.18
2020-04-10,104.87,106.11,1.23,1.18
2020-04-11,104.87,106.11,1.24,1.18
2020-04-12,104.87,106.10,1.24,1.18
2020-04-13,104.87,106.10,1.24,1.18
2020-04-14,104.86,106.10,1.24,1.18
2020-04-15,104.86,106.10,1.24,1.18
2020-04-16,104.86,106.10,1.24,1.18
2020-04-17,104.86,106.10,1.24,1.19
2020-04-18,104.85,106.10,1.24,1.19
2020-04-19,104.85,106.10,1.25,1.19
2020-04-20,104.85,106.10,1.25,1.19
2020-04-21,104.85,106.10,1.25,1.19
2020-04-22,104.85,106.10,1.25,1.19
2020-04-23,104.84,106.10,1.25,1.19
2020-04-24,104.84,106.10,1.25,1.20
2020-04-25,104.84,106.09,1.25,1.20
2020-04-26,104.84,106.09,1.26,1.20
2020-04-27,104.84,106.09,1.26,1.20
2020-04-28,104.83,106.09,1.26,1.20
2020-04-29,104.83,106.09,1.26,1.20
2020-04-30,104.83,106.09,1.26,1.21
2020-05-01,104.83,106.09,1.27,1.21
2020-05-02,104.84,106.09,1.26,1.20
2020-05-03,104.85,106.09,1.25,1.19
2020-05-04,104.85,106.09,1.24,1.18
2020-05-05,104.86,106.09,1.23,1.17
2020-05-06,104.87,106.09,1.22,1.16
2020-05-07,104.88,106.09,1.21,1.15
2020-05-08,104.89,106.09,1.20,1.15
2020-05-09,104.90,106.09,1.19,1.14
2020-05-10,104.91,106.09,1.18,1.13
2020-05-11,104.92,106.09,1.18,1.12
2020-05-12,104.93,106.09,1.17,1.11
2020-05-13,104.94,106.10,1.16,1.10
2020-05-14,104.95,106.10,1.15,1.09
2020-05-15,104.96,106.10,1.14,1.09
2020-05-16,104.96,106.10,1.13,1.08
2020-05-17,104.97,106.10,1.12,1.07
2020-05-18,104.98,106.10,1.12,1.06
2020-05-19,104.99,106.10,1.11,1.05
2020-05-20,105.00,106.10,1.10,1.05
2020-05-21,105.01,106.10,1.09,1.04
2020-05-22,105.02,106.10,1.08,1.03
2020-05-23,105.03,106.10,1.07,1.02
2020-05-24,105.04,106.11,1.07,1.02
2020-05-25,105.05,106.11,1.06,1.01
2020-05-26,105.06,106.11,1.05,1.00
2020-05-27,105.07,106.11,1.04,0.99
2020-05-28,105.08,106.11,1.04,0.99
2020-05-29,105.08,106.11,1.03,0.98
2020-05-30,105.09,106.11,1.02,0.97
2020-05-31,105.10,106.12,1.01,0.96
2020-06-01,105.11,106.12,1.01,0.96
2020-06-02,105.11,106.12,1.01,0.96
2020-06-03,105.11,106.12,1.02,0.97
2020-06-04,105.10,106.12,1.02,0.97
2020-06-05,105.10,106.13,1.02,0.97
2020-06-06,105.10,106.13,1.03,0.98
2020-06-07,105.09,106.13,1.03,0.98
2020-06-08,105.09,106.13,1.04,0.99
2020-06-09,105.09,106.13,1.04,0.99
2020-06-10,105.09,106.14,1.05,1.00
2020-06-11,105.08,106.14,1.05,1.00
2020-06-12,105.08,106.14,1.06,1.01
2020-06-13,105.08,106.14,1.06,1.01
2020-06-14,105.08,106.14,1.07,1.02
2020-06-15,105.07,106.15,1.07,1.02
2020-06-16,105.07,106.15,1.08,1.03
2020-06-17,105.07,106.15,1.08,1.03
2020-06-18,105.06,106.15,1.09,1.04
2020-06-19,105.06,106.15,1.09,1.04
2020-06-20,105.06,106.16,1.10,1.05
2020-06-21,105.06,106.16,1.10,1.05
2020-06-22,105.05,106.16,1.11,1.06
2020-06-23,105.05,106.16,1.11,1.06
2020-06-24,105.05,106.17,1.12,1.07
2020-06-25,105.04,106.17,1.12,1.07
2020-06-26,105.04,106.17,1.13,1.08
2020-06-27,105.04,106.17,1.13,1.08
2020-06-28,105.04,106.18,1.14,1.09
2020-06-29,105.03,106.18,1.15,1.09
2020-06-30,105.03,106.18,1.15,1.10
2020-07-01,105.03,106.18,1.16,1.10
2020-07-02,105.05,106.19,1.14,1.08
2020-07-03,105.07,106.19,1.12,1.07
2020-07-04,105.08,106.19,1.11,1.05
2020-07-05,105.10,106.19,1.09,1.04
2020-07-06,105.12,106.20,1.07,1.02
2020-07-07,105.14,106.20,1.06,1.01
2020-07-08,105.16,106.20,1.04,0.99
2020-07-09,105.18,106.21,1.03,0.98
2020-07-10,105.20,106.21,1.01,0.96
2020-07-11,105.22,106.21,0.99,0.95
2020-07-12,105.24,106.22,0.98,0.93
2020-07-13,105.26,106.22,0.96,0.92
2020-07-14,105.28,106.22,0.95,0.90
2020-07-15,105.29,106.23,0.93,0.89
2020-07-16,105.31,106.23,0.92,0.87
2020-07-17,105.33,106.23,0.90,0.86
2020-07-18,105.35,106.24,0.89,0.84
2020-07-19,105.37,106.24,0.87,0.83
2020-07-20,105.39,106.25,0.86,0.81
2020-07-21,105.41,106.25,0.84,0.80
2020-07-22,105.43,106.25,0.83,0.78
2020-07-23,105.45,106.26,0.81,0.77
2020-07-24,105.47,106.26,0.80,0.76
2020-07-25,105.48,106.27,0.78,0.74
2020-07-26,105.50,106.27,0.77,0.73
2020-07-27,105.52,106.28,0.75,0.71
2020-07-28,105.54,106.28,0.74,0.70
2020-07-29,105.56,106.28,0.72,0.69
2020-07-30,105.58,106.29,0.71,0.67
2020-07-31,105.60,106.29,0.70,0.66
2020-08-01,105.62,106.30,0.68,0.65
2020-08-02,105.64,106.30,0.67,0.63
2020-08-03,105.66,106.31,0.65,0.62
2020-08-04,105.67,106.31,0.64,0.61
2020-08-05,105.69,106.32,0.63,0.59
2020-08-06,105.71,106.32,0.61,0.58
2020-08-07,105.73,106.33,0.60,0.57
2020-08-08,105.75,106.33,0.59,0.55
2020-08-09,105.77,106.34,0.57,0.54
2020-08-10,105.79,106.34,0.56,0.53
2020-08-11,105.80,106.35,0.54,0.51
2020-08-12,105.82,106.35,0.53,0.50
2020-08-13,105.84,106.36,0.52,0.49
2020-08-14,105.86,106.36,0.50,0.48
2020-08-15,105.88,106.37,0.49,0.46
2020-08-16,105.90,106.37,0.48,0.45
2020-08-17,105.92,106.38,0.46,0.44
2020-08-18,105.94,106.38,0.45,0.42
2020-08-19,105.95,106.39,0.44,0.41
2020-08-20,105.97,106.39,0.42,0.40
2020-08-21,105.99,106.40,0.41,0.38
2020-08-22,106.01,106.41,0.39,0.37
2020-08-23,106.03,106.41,0.38,0.36
2020-08-24,106.05,106.42,0.37,0.35
2020-08-25,106.07,106.42,0.35,0.33
2020-08-26,106.09,106.43,0.34,0.32
2020-08-27,106.10,106.43,0.33,0.31
2020-08-28,106.12,106.44,0.31,0.30
2020-08-29,106.14,106.44,0.30,0.28
2020-08-30,106.16,106.45,0.29,0.27
2020-08-31,106.18,106.45,0.27,0.26
2020-09-01,106.20,106.46,0.26,0.24
2020-09-02,106.18,106.46,0.28,0.27
2020-09-03,106.16,106.47,0.31,0.29
2020-09-04,106.14,106.47,0.33,0.31
2020-09-05,106.12,106.48,0.36,0.34
2020-09-06,106.10,106.48,0.38,0.36
2020-09-07,106.08,106.49,0.41,0.38
2020-09-08,106.06,106.49,0.43,0.41
2020-09-09,106.04,106.50,0.46,0.43
2020-09-10,106.02,106.50,0.48,0.45
2020-09-11,106.00,106.51,0.50,0.48
2020-09-12,105.98,106.51,0.53,0.50
2020-09-13,105.96,106.51,0.55,0.52
2020-09-14,105.94,106.52,0.58,0.54
2020-09-15,105.92,106.52,0.60,0.57
2020-09-16,105.90,106.53,0.62,0.59
2020-09-17,105.88,106.53,0.65,0.61
2020-09-18,105.86,106.53,0.67,0.63
2020-09-19,105.84,106.54,0.69,0.66
2020-09-20,105.82,106.54,0.72,0.68
2020-09-21,105.80,106.54,0.74,0.70
2020-09-22,105.78,106.55,0.76,0.72
2020-09-23,105.76,106.55,0.79,0.74
2020-09-24,105.74,106.55,0.81,0.77
2020-09-25,105.73,106.56,0.83,0.79
2020-09-26,105.71,106.56,0.85,0.81
2020-09-27,105.69,106.56,0.88,0.83
2020-09-28,105.67,106.57,0.90,0.85
2020-09-29,105.65,106.57,0.92,0.87
2020-09-30,105.63,106.57,0.94,0.89
2020-10-01,105.61,106.57,0.97,0.91
2020-10-02,105.60,106.58,0.97,0.92
2020-10-03,105.60,106.58,0.98,0.92
2020-10-04,105.60,106.58,0.98,0.93
2020-10-05,105.60,106.58,0.99,0.93
2020-10-06,105.59,106.58,0.99,0.94
2020-10-07,105.59,106.59,1.00,0.94
2020-10-08,105.59,106.59,1.00,0.95
2020-10-09,105.58,106.59,1.01,0.95
2020-10-10,105.58,106.59,1.01,0.96
2020-10-11,105.58,106.59,1.02,0.96
2020-10-12,105.57,106.60,1.02,0.97
2020-10-13,105.57,106.60,1.03,0.97
2020-10-14,105.57,106.60,1.03,0.98
2020-10-15,105.56,106.60,1.04,0.98
2020-10-16,105.56,106.61,1.04,0.99
2020-10-17,105.56,106.61,1.05,0.99
2020-10-18,105.56,106.61,1.06,1.00
2020-10-19,105.55,106.61,1.06,1.01
2020-10-20,105.55,106.62,1.07,1.01
2020-10-21,105.55,106.62,1.07,1.02
2020-10-22,105.54,106.62,1.08,1.02
2020-10-23,105.54,106.62,1.08,1.03
2020-10-24,105.54,106.63,1.09,1.03
2020-10-25,105.53,106.63,1.10,1.04
2020-10-26,105.53,106.63,1.10,1.04
2020-10-27,105.53,106.63,1.11,1.05
2020-10-28,105.52,106.64,1.11,1.05
2020-10-29,105.52,106.64,1.12,1.06
2020-10-30,105.52,106.64,1.12,1.07
2020-10-31,105.52,106.65,1.13,1.07
2020-11-01,105.51,106.65,1.14,1.08
2020-11-02,105.52,106.65,1.13,1.07
2020-11-03,105.53,106.66,1.13,1.07
2020-11-04,105.54,106.66,1.12,1.06
2020-11-05,105.55,106.66,1.12,1.06
2020-11-06,105.55,106.66,1.11,1.05
2020-11-07,105.56,106.67,1.10,1.05
2020-11-08,105.57,106.67,1.10,1.04
2020-11-09,105.58,106.67,1.09,1.04
2020-11-10,105.59,106.68,1.09,1.03
2020-11-11,105.60,106.68,1.08,1.03
2020-11-12,105.61,106.68,1.08,1.02
2020-11-13,105.61,106.69,1.07,1.02
2020-11-14,105.62,106.69,1.07,1.01
2020-11-15,105.63,106.69,1.06,1.00
2020-11-16,105.64,106.69,1.06,1.00
2020-11-17,105.65,106.70,1.05,0.99
2020-11-18,105.66,106.70,1.05,0.99
2020-11-19,105.66,106.70,1.04,0.98
2020-11-20,105.67,106.71,1.03,0.98
2020-11-21,105.68,106.71,1.03,0.97
2020-11-22,105.69,106.71,1.02,0.97
2020-11-23,105.70,106.72,1.02,0.96
2020-11-24,105.71,106.72,1.01,0.96
2020-11-25,105.71,106.72,1.01,0.95
2020-11-26,105.72,106.72,1.00,0.95
2020-11-27,105.73,106.73,1.00,0.94
2020-11-28,105.74,106.73,0.99,0.94
2020-11-29,105.75,106.73,0.99,0.93
2020-11-30,105.76,106.74,0.98,0.93
2020-12-01,105.77,106.74,0.97,0.92
2020-12-02,105.79,106.74,0.95,0.90
2020-12-03,105.81,106.75,0.93,0.88
2020-12-04,105.84,106.75,0.91,0.86
2020-12-05,105.86,106.75,0.89,0.84
2020-12-06,105.89,106.76,0.87,0.82
2020-12-07,105.91,106.76,0.85,0.80
2020-12-08,105.93,106.76,0.83,0.78
2020-12-09,105.96,106.76,0.81,0.76
2020-12-10,105.98,106.77,0.78,0.74
2020-12-11,106.01,106.77,0.76,0.72
2020-12-12,106.03,106.77,0.74,0.70
2020-12-13,106.06,106.78,0.72,0.68
2020-12-14,106.08,106.78,0.70,0.66
2020-12-15,106.10,106.78,0.68,0.64
2020-12-16,106.13,106.79,0.66,0.62
2020-12-17,106.15,106.79,0.64,0.60
2020-12-18,106.18,106.79,0.62,0.58
2020-12-19,106.20,106.80,0.60,0.56
2020-12-20,106.22,106.80,0.58,0.54
2020-12-21,106.25,106.80,0.56,0.52
2020-12-22,106.27,106.81,0.53,0.50
2020-12-23,106.30,106.81,0.51,0.48
2020-12-24,106.32,106.81,0.49,0.46
2020-12-25,106.34,106.82,0.47,0.44
2020-12-26,106.37,106.82,0.45,0.43
2020-12-27,106.39,106.83,0.43,0.41
2020-12-28,106.42,106.83,0.41,0.39
2020-12-29,106.44,106.83,0.39,0.37
2020-12-30,106.47,106.84,0.37,0.35
2020-12-31,106.49,106.84,0.35,0.33
2021-01-01,106.51,106.84,0.33,0.31
2021-01-02,106.53,106.85,0.32,0.30
2021-01-03,106.55,106.85,0.30,0.28
2021-01-04,106.57,106.86,0.29,0.27
2021-01-05,106.59,106.86,0.27,0.25
2021-01-06,106.61,106.86,0.26,0.24
2021-01-07,106.62,106.87,0.24,0.23
2021-01-08,106.64,106.87,0.23,0.22
2021-01-09,106.66,106.88,0.22,0.20
2021-01-10,106.68,106.88,0.20,0.19
2021-01-11,106.70,106.89,0.19,0.18
2021-01-12,106.72,106.89,0.17,0.16
2021-01-13,106.73,106.90,0.16,0.15
2021-01-14,106.75,106.90,0.15,0.14
2021-01-15,106.77,106.91,0.13,0.13
2021-01-16,106.79,106.91,0.12,0.11
2021-01-17,106.81,106.92,0.11,0.10
2021-01-18,106.83,106.92,0.10,0.09
2021-01-19,106.84,106.93,0.08,0.08
2021-01-20,106.86,106.93,0.07,0.07
2021-01-21,106.88,106.94,0.06,0.05
2021-01-22,106.90,106.95,0.05,0.04
2021-01-23,106.92,106.95,0.03,0.03
2021-01-24,106.94,106.96,0.02,0.02
2021-01-25,106.95,106.96,0.01,0.01
2021-01-26,106.97,106.97,0.00,0.00
2021-01-27,106.99,106.98,0.01,0.01
2021-01-28,107.01,106.98,0.02,0.02
2021-01-29,107.03,106.99,0.04,0.03
2021-01-30,107.05,107.00,0.05,0.04
2021-01-31,107.06,107.01,0.06,0.05
2021-02-01,107.08,107.01,0.07,0.07
2021-02-02,107.09,107.02,0.07,0.07
2021-02-03,107.10,107.03,0.07,0.07
2021-02-04,107.11,107.04,0.08,0.07
2021-02-05,107.12,107.04,0.08,0.07
2021-02-06,107.13,107.05,0.08,0.08
2021-02-07,107.14,107.06,0.08,0.08
2021-02-08,107.15,107.07,0.09,0.08
2021-02-09,107.16,107.07,0.09,0.08
2021-02-10,107.17,107.08,0.09,0.08
2021-02-11,107.18,107.09,0.09,0.08
2021-02-12,107.19,107.10,0.09,0.09
2021-02-13,107.20,107.11,0.09,0.09
2021-02-14,107.21,107.11,0.10,0.09
2021-02-15,107.22,107.12,0.10,0.09
2021-02-16,107.23,107.13,0.10,0.09
2021-02-17,107.24,107.14,0.10,0.09
2021-02-18,107.25,107.15,0.10,0.09
2021-02-19,107.26,107.16,0.10,0.10
2021-02-20,107.27,107.16,0.10,0.10
2021-02-21,107.28,107.17,0.11,0.10
2021-02-22,107.29,107.18,0.11,0.10
2021-02-23,107.30,107.19,0.11,0.10
2021-02-24,107.31,107.20,0.11,0.10
2021-02-25,107.32,107.21,0.11,0.10
2021-02-26,107.33,107.22,0.11,0.10
2021-02-27,107.34,107.23,0.11,0.10
2021-02-28,107.35,107.24,0.11,0.10
2021-03-01,107.36,107.24,0.11,0.11
2021-03-02,107.36,107.25,0.11,0.10
2021-03-03,107.37,107.26,0.10,0.10
2021-03-04,107.37,107.27,0.10,0.09
2021-03-05,107.38,107.28,0.10,0.09
2021-03-06,107.38,107.29,0.09,0.08
2021-03-07,107.39,107.30,0.09,0.08
2021-03-08,107.39,107.31,0.08,0.08
2021-03-09,107.40,107.32,0.08,0.07
2021-03-10,107.40,107.33,0.07,0.07
2021-03-11,107.40,107.34,0.07,0.06
2021-03-12,107.41,107.35,0.06,0.06
2021-03-13,107.41,107.36,0.06,0.05
2021-03-14,107.42,107.37,0.05,0.05
2021-03-15,107.42,107.38,0.05,0.05
2021-03-16,107.43,107.38,0.04,0.04
2021-03-17,107.43,107.39,0.04,0.04
2021-03-18,107.44,107.40,0.03,0.03
2021-03-19,107.44,107.41,0.03,0.03
2021-03-20,107.45,107.42,0.02,0.02
2021-03-21,107.45,107.43,0.02,0.02
2021-03-22,107.46,107.44,0.01,0.01
2021-03-23,107.46,107.45,0.01,0.01
2021-03-24,107.47,107.46,0.00,0.00
2021-03-25,107.47,107.47,0.00,0.00
2021-03-26,107.48,107.48,0.01,0.01
2021-03-27,107.48,107.49,0.01,0.01
2021-03-28,107.49,107.50,0.02,0.02
2021-03-29,107.49,107.51,0.02,0.02
2021-03-30,107.50,107.52,0.03,0.02
2021-03-31,107.50,107.53,0.03,0.03
2021-04-01,107.50,107.54,0.04,0.03
2021-04-02,107.51,107.55,0.05,0.04
2021-04-03,107.51,107.56,0.05,0.05
2021-04-04,107.51,107.57,0.06,0.06
2021-04-05,107.51,107.58,0.07,0.06
2021-04-06,107.52,107.59,0.08,0.07
2021-04-07,107.52,107.60,0.08,0.08
2021-04-08,107.52,107.61,0.09,0.09
2021-04-09,107.52,107.62,0.10,0.09
2021-04-10,107.53,107.63,0.11,0.10
2021-04-11,107.53,107.64,0.12,0.11
2021-04-12,107.53,107.65,0.12,0.11
2021-04-13,107.53,107.67,0.13,0.12
2021-04-14,107.54,107.68,0.14,0.13
2021-04-15,107.54,107.69,0.15,0.14
2021-04-16,107.54,107.70,0.15,0.14
2021-04-17,107.54,107.71,0.16,0.15
2021-04-18,107.55,107.72,0.17,0.16
2021-04-19,107.55,107.73,0.18,0.17
2021-04-20,107.55,107.74,0.19,0.17
2021-04-21,107.55,107.75,0.19,0.18
2021-04-22,107.56,107.76,0.20,0.19
2021-04-23,107.56,107.77,0.21,0.20
2021-04-24,107.56,107.78,0.22,0.20
2021-04-25,107.56,107.79,0.23,0.21
2021-04-26,107.57,107.80,0.24,0.22
2021-04-27,107.57,107.81,0.24,0.23
2021-04-28,107.57,107.82,0.25,0.23
2021-04-29,107.57,107.83,0.26,0.24
2021-04-30,107.58,107.84,0.27,0.25
2021-05-01,107.58,107.86,0.28,0.26
2021-05-02,107.58,107.87,0.29,0.27
2021-05-03,107.58,107.88,0.30,0.28
2021-05-04,107.58,107.89,0.31,0.29
2021-05-05,107.58,107.90,0.32,0.30
2021-05-06,107.58,107.91,0.33,0.31
2021-05-07,107.58,107.92,0.34,0.32
2021-05-08,107.58,107.93,0.35,0.33
2021-05-09,107.58,107.94,0.36,0.34
2021-05-10,107.58,107.95,0.37,0.35
2021-05-11,107.58,107.96,0.38,0.36
2021-05-12,107.58,107.97,0.39,0.37
2021-05-13,107.58,107.98,0.41,0.38
2021-05-14,107.58,107.99,0.42,0.39
2021-05-15,107.58,108.00,0.43,0.40
2021-05-16,107.58,108.02,0.44,0.41
2021-05-17,107.58,108.03,0.45,0.42
2021-05-18,107.58,108.04,0.46,0.43
2021-05-19,107.58,108.05,0.47,0.44
2021-05-20,107.58,108.06,0.48,0.45
2021-05-21,107.58,108.07,0.49,0.46
2021-05-22,107.58,108.08,0.50,0.47
2021-05-23,107.58,108.09,0.51,0.47
2021-05-24,107.58,108.10,0.52,0.48
2021-05-25,107.58,108.11,0.53,0.49
2021-05-26,107.58,108.12,0.54,0.50
2021-05-27,107.58,108.13,0.55,0.51
2021-05-28,107.58,108.14,0.56,0.52
2021-05-29,107.58,108.15,0.57,0.53
2021-05-30,107.58,108.16,0.58,0.54
2021-05-31,107.58,108.17,0.59,0.55
2021-06-01,107.58,108.18,0.61,0.56
2021-06-02,107.59,108.19,0.61,0.57
2021-06-03,107.59,108.20,0.61,0.57
2021-06-04,107.60,108.22,0.61,0.57
2021-06-05,107.61,108.23,0.62,0.57
2021-06-06,107.62,108.24,0.62,0.58
2021-06-07,107.62,108.25,0.62,0.58
2021-06-08,107.63,108.26,0.63,0.58
2021-06-09,107.64,108.27,0.63,0.59
2021-06-10,107.64,108.28,0.63,0.59
2021-06-11,107.65,108.29,0.64,0.59
2021-06-12,107.66,108.30,0.64,0.60
2021-06-13,107.67,108.31,0.64,0.60
2021-06-14,107.67,108.32,0.65,0.60
2021-06-15,107.68,108.33,0.65,0.61
2021-06-16,107.69,108.34,0.66,0.61
2021-06-17,107.70,108.36,0.66,0.61
2021-06-18,107.70,108.37,0.66,0.62
2021-06-19,107.71,108.38,0.67,0.62
2021-06-20,107.72,108.39,0.67,0.62
2021-06-21,107.73,108.40,0.67,0.63
2021-06-22,107.73,108.41,0.68,0.63
2021-06-23,107.74,108.42,0.68,0.63
2021-06-24,107.75,108.43,0.69,0.64
2021-06-25,107.76,108.45,0.69,0.64
2021-06-26,107.76,108.46,0.69,0.64
2021-06-27,107.77,108.47,0.70,0.65
2021-06-28,107.78,108.48,0.70,0.65
2021-06-29,107.79,108.49,0.71,0.66
2021-06-30,107.79,108.50,0.71,0.66
2021-07-01,107.80,108.51,0.71,0.66
2021-07-02,107.82,108.53,0.71,0.66
2021-07-03,107.83,108.54,0.70,0.65
2021-07-04,107.85,108.55,0.70,0.65
2021-07-05,107.87,108.56,0.70,0.64
2021-07-06,107.88,108.57,0.69,0.64
2021-07-07,107.90,108.59,0.69,0.64
2021-07-08,107.92,108.60,0.68,0.63
2021-07-09,107.93,108.61,0.68,0.63
2021-07-10,107.95,108.62,0.67,0.62
2021-07-11,107.97,108.63,0.67,0.62
2021-07-12,107.98,108.64,0.66,0.61
2021-07-13,108.00,108.66,0.66,0.61
2021-07-14,108.02,108.67,0.65,0.60
2021-07-15,108.03,108.68,0.65,0.60
2021-07-16,108.05,108.69,0.64,0.59
2021-07-17,108.07,108.70,0.64,0.59
2021-07-18,108.08,108.71,0.63,0.58
2021-07-19,108.10,108.73,0.63,0.58
2021-07-20,108.12,108.74,0.62,0.57
2021-07-21,108.13,108.75,0.62,0.57
2021-07-22,108.15,108.76,0.61,0.57
2021-07-23,108.17,108.77,0.61,0.56
2021-07-24,108.18,108.78,0.60,0.56
2021-07-25,108.20,108.80,0.60,0.55
2021-07-26,108.22,108.81,0.59,0.55
2021-07-27,108.23,108.82,0.59,0.54
2021-07-28,108.25,108.83,0.58,0.54
2021-07-29,108.27,108.84,0.58,0.53
2021-07-30,108.28,108.85,0.57,0.53
2021-07-31,108.30,108.86,0.56,0.52
2021-08-01,108.32,108.88,0.56,0.52
2021-08-02,108.33,108.89,0.56,0.51
2021-08-03,108.35,108.90,0.55,0.51
2021-08-04,108.36,108.91,0.55,0.51
2021-08-05,108.37,108.92,0.55,0.51
2021-08-06,108.39,108.93,0.54,0.50
2021-08-07,108.40,108.94,0.54,0.50
2021-08-08,108.42,108.96,0.54,0.50
2021-08-09,108.43,108.97,0.54,0.49
2021-08-10,108.45,108.98,0.53,0.49
2021-08-11,108.46,108.99,0.53,0.49
2021-08-12,108.47,109.00,0.53,0.49
2021-08-13,108.49,109.01,0.53,0.48
2021-08-14,108.50,109.02,0.52,0.48
2021-08-15,108.52,109.04,0.52,0.48
2021-08-16,108.53,109.05,0.52,0.48
2021-08-17,108.54,109.06,0.51,0.47
2021-08-18,108.56,109.07,0.51,0.47
2021-08-19,108.57,109.08,0.51,0.47
2021-08-20,108.59,109.09,0.51,0.47
2021-08-21,108.60,109.11,0.50,0.46
2021-08-22,108.62,109.12,0.50,0.46
2021-08-23,108.63,109.13,0.50,0.46
2021-08-24,108.64,109.14,0.50,0.46
2021-08-25,108.66,109.15,0.50,0.46
2021-08-26,108.67,109.17,0.49,0.45
2021-08-27,108.69,109.18,0.49,0.45
2021-08-28,108.70,109.19,0.49,0.45
2021-08-29,108.72,109.20,0.49,0.45
2021-08-30,108.73,109.21,0.48,0.45
2021-08-31,108.74,109.23,0.48,0.44
2021-09-01,108.76,109.24,0.48,0.44
2021-09-02,108.77,109.25,0.49,0.45
2021-09-03,108.77,109.26,0.49,0.45
2021-09-04,108.78,109.28,0.50,0.46
2021-09-05,108.78,109.29,0.50,0.46
2021-09-06,108.79,109.30,0.51,0.47
2021-09-07,108.80,109.31,0.52,0.47
2021-09-08,108.80,109.33,0.52,0.48
2021-09-09,108.81,109.34,0.53,0.49
2021-09-10,108.82,109.35,0.53,0.49
2021-09-11,108.82,109.36,0.54,0.50
2021-09-12,108.83,109.38,0.55,0.50
2021-09-13,108.84,109.39,0.55,0.51
2021-09-14,108.84,109.40,0.56,0.51
2021-09-15,108.85,109.41,0.57,0.52
2021-09-16,108.85,109.43,0.57,0.53
2021-09-17,108.86,109.44,0.58,0.53
2021-09-18,108.87,109.45,0.59,0.54
2021-09-19,108.87,109.46,0.59,0.54
2021-09-20,108.88,109.48,0.60,0.55
2021-09-21,108.89,109.49,0.60,0.56
2021-09-22,108.89,109.50,0.61,0.56
2021-09-23,108.90,109.52,0.62,0.57
2021-09-24,108.90,109.53,0.62,0.57
2021-09-25,108.91,109.54,0.63,0.58
2021-09-26,108.92,109.55,0.64,0.58
2021-09-27,108.92,109.57,0.64,0.59
2021-09-28,108.93,109.58,0.65,0.60
2021-09-29,108.94,109.59,0.66,0.60
2021-09-30,108.94,109.61,0.66,0.61
2021-10-01,108.95,109.62,0.67,0.61
2021-10-02,108.97,109.63,0.66,0.61
2021-10-03,108.98,109.64,0.66,0.61
2021-10-04,109.00,109.66,0.66,0.60
2021-10-05,109.02,109.67,0.65,0.60
2021-10-06,109.04,109.68,0.65,0.59
2021-10-07,109.06,109.70,0.64,0.59
2021-10-08,109.07,109.71,0.64,0.58
2021-10-09,109.09,109.72,0.63,0.58
2021-10-10,109.11,109.74,0.63,0.58
2021-10-11,109.13,109.75,0.62,0.57
2021-10-12,109.14,109.76,0.62,0.57
2021-10-13,109.16,109.78,0.62,0.56
2021-10-14,109.18,109.79,0.61,0.56
2021-10-15,109.20,109.80,0.61,0.56
2021-10-16,109.21,109.82,0.60,0.55
2021-10-17,109.23,109.83,0.60,0.55
2021-10-18,109.25,109.85,0.60,0.55
2021-10-19,109.27,109.86,0.59,0.54
2021-10-20,109.28,109.88,0.59,0.54
2021-10-21,109.30,109.89,0.59,0.54
2021-10-22,109.32,109.91,0.59,0.54
2021-10-23,109.34,109.92,0.58,0.53
2021-10-24,109.36,109.94,0.58,0.53
2021-10-25,109.37,109.95,0.58,0.53
2021-10-26,109.39,109.97,0.58,0.53
2021-10-27,109.41,109.98,0.57,0.53
2021-10-28,109.43,110.00,0.57,0.52
2021-10-29,109.44,110.02,0.57,0.52
2021-10-30,109.46,110.03,0.57,0.52
2021-10-31,109.48,110.05,0.57,0.52
2021-11-01,109.50,110.06,0.57,0.52
2021-11-02,109.50,110.08,0.58,0.53
2021-11-03,109.51,110.10,0.59,0.54
2021-11-04,109.52,110.11,0.60,0.55
2021-11-05,109.52,110.13,0.61,0.56
2021-11-06,109.53,110.15,0.62,0.57
2021-11-07,109.53,110.16,0.63,0.58
2021-11-08,109.54,110.18,0.64,0.59
2021-11-09,109.54,110.20,0.65,0.60
2021-11-10,109.55,110.22,0.67,0.61
2021-11-11,109.56,110.23,0.68,0.62
2021-11-12,109.56,110.25,0.69,0.63
2021-11-13,109.57,110.27,0.70,0.64
2021-11-14,109.57,110.29,0.71,0.65
2021-11-15,109.58,110.30,0.72,0.66
2021-11-16,109.59,110.32,0.73,0.67
2021-11-17,109.59,110.34,0.75,0.68
2021-11-18,109.60,110.36,0.76,0.69
2021-11-19,109.60,110.37,0.77,0.70
2021-11-20,109.61,110.39,0.78,0.71
2021-11-21,109.62,110.41,0.79,0.72
2021-11-22,109.62,110.43,0.80,0.73
2021-11-23,109.63,110.44,0.81,0.74
2021-11-24,109.63,110.46,0.83,0.75
2021-11-25,109.64,110.48,0.84,0.76
2021-11-26,109.65,110.50,0.85,0.78
2021-11-27,109.65,110.51,0.86,0.79
2021-11-28,109.66,110.53,0.87,0.80
2021-11-29,109.66,110.55,0.89,0.81
2021-11-30,109.67,110.57,0.90,0.82
2021-12-01,109.68,110.59,0.91,0.83
2021-12-02,109.70,110.60,0.90,0.82
2021-12-03,109.72,110.62,0.90,0.82
2021-12-04,109.74,110.64,0.90,0.82
2021-12-05,109.76,110.66,0.89,0.81
2021-12-06,109.79,110.67,0.89,0.81
2021-12-07,109.81,110.69,0.88,0.80
2021-12-08,109.83,110.71,0.88,0.80
2021-12-09,109.85,110.73,0.88,0.80
2021-12-10,109.88,110.75,0.87,0.79
2021-12-11,109.90,110.76,0.87,0.79
2021-12-12,109.92,110.78,0.86,0.79
2021-12-13,109.94,110.80,0.86,0.78
2021-12-14,109.96,110.82,0.86,0.78
2021-12-15,109.99,110.84,0.85,0.77
2021-12-16,110.01,110.86,0.85,0.77
2021-12-17,110.03,110.87,0.84,0.77
2021-12-18,110.05,110.89,0.84,0.76
2021-12-19,110.07,110.91,0.84,0.76
2021-12-20,110.10,110.93,0.83,0.76
2021-12-21,110.12,110.95,0.83,0.75
2021-12-22,110.14,110.97,0.83,0.75
2021-12-23,110.16,110.98,0.82,0.75
2021-12-24,110.18,111.00,0.82,0.74
2021-12-25,110.21,111.02,0.82,0.74
2021-12-26,110.23,111.04,0.81,0.74
2021-12-27,110.25,111.06,0.81,0.73
2021-12-28,110.27,111.08,0.80,0.73
2021-12-29,110.30,111.10,0.80,0.73
2021-12-30,110.32,111.12,0.80,0.72
2021-12-31,110.34,111.13,0.79,0.72
2022-01-01,110.36,111.15,0.79,0.72
2022-01-02,110.38,111.17,0.79,0.72
2022-01-03,110.40,111.19,0.79,0.71
2022-01-04,110.42,111.21,0.79,0.71
2022-01-05,110.44,111.23,0.78,0.71
2022-01-06,110.47,111.25,0.78,0.71
2022-01-07,110.49,111.27,0.78,0.71
2022-01-08,110.51,111.28,0.78,0.70
2022-01-09,110.53,111.30,0.78,0.70
2022-01-10,110.55,111.32,0.77,0.70
2022-01-11,110.57,111.34,0.77,0.70
2022-01-12,110.59,111.36,0.77,0.70
2022-01-13,110.61,111.38,0.77,0.69
2022-01-14,110.63,111.40,0.77,0.69
2022-01-15,110.65,111.42,0.76,0.69
2022-01-16,110.67,111.43,0.76,0.69
2022-01-17,110.69,111.45,0.76,0.69
2022-01-18,110.71,111.47,0.76,0.68
2022-01-19,110.73,111.49,0.76,0.68
2022-01-20,110.76,111.51,0.75,0.68
2022-01-21,110.78,111.53,0.75,0.68
2022-01-22,110.80,111.55,0.75,0.68
2022-01-23,110.82,111.56,0.75,0.67
2022-01-24,110.84,111.58,0.74,0.67
2022-01-25,110.86,111.60,0.74,0.67
2022-01-26,110.88,111.62,0.74,0.67
2022-01-27,110.90,111.64,0.74,0.67
2022-01-28,110.92,111.66,0.74,0.66
2022-01-29,110.94,111.68,0.73,0.66
2022-01-30,110.96,111.69,0.73,0.66
2022-01-31,110.98,111.71,0.73,0.66
2022-02-01,111.00,111.73,0.73,0.65
2022-02-02,111.03,111.75,0.71,0.64
2022-02-03,111.06,111.77,0.70,0.63
2022-02-04,111.09,111.78,0.69,0.62
2022-02-05,111.12,111.80,0.68,0.61
2022-02-06,111.15,111.82,0.67,0.61
2022-02-07,111.18,111.84,0.66,0.60
2022-02-08,111.20,111.86,0.65,0.59
2022-02-09,111.23,111.88,0.64,0.58
2022-02-10,111.26,111.89,0.63,0.57
2022-02-11,111.29,111.91,0.62,0.56
2022-02-12,111.32,111.93,0.61,0.55
2022-02-13,111.35,111.95,0.60,0.54
2022-02-14,111.38,111.97,0.59,0.53
2022-02-15,111.41,111.98,0.58,0.52
2022-02-16,111.43,112.00,0.57,0.51
2022-02-17,111.46,112.02,0.56,0.50
2022-02-18,111.49,112.04,0.55,0.49
2022-02-19,111.52,112.06,0.54,0.48
2022-02-20,111.55,112.08,0.53,0.47
2022-02-21,111.58,112.10,0.52,0.47
2022-02-22,111.61,112.11,0.51,0.46
2022-02-23,111.63,112.13,0.50,0.45
2022-02-24,111.66,112.15,0.49,0.44
2022-02-25,111.69,112.17,0.48,0.43
2022-02-26,111.72,112.19,0.47,0.42
2022-02-27,111.75,112.21,0.46,0.41
2022-02-28,111.78,112.23,0.45,0.40
2022-03-01,111.81,112.25,0.44,0.39
2022-03-02,111.83,112.26,0.43,0.39
2022-03-03,111.86,112.28,0.42,0.38
2022-03-04,111.89,112.30,0.42,0.37
2022-03-05,111.91,112.32,0.41,0.36
2022-03-06,111.94,112.34,0.40,0.36
2022-03-07,111.97,112.36,0.39,0.35
2022-03-08,111.99,112.38,0.38,0.34
2022-03-09,112.02,112.40,0.38,0.34
2022-03-10,112.05,112.42,0.37,0.33
2022-03-11,112.07,112.43,0.36,0.32
2022-03-12,112.10,112.45,0.35,0.31
2022-03-13,112.13,112.47,0.34,0.31
2022-03-14,112.16,112.49,0.34,0.30
2022-03-15,112.18,112.51,0.33,0.29
2022-03-16,112.21,112.53,0.32,0.29
2022-03-17,112.24,112.55,0.31,0.28
2022-03-18,112.26,112.57,0.31,0.27
2022-03-19,112.29,112.59,0.30,0.27
2022-03-20,112.32,112.61,0.29,0.26
2022-03-21,112.34,112.63,0.28,0.25
2022-03-22,112.37,112.64,0.27,0.24
2022-03-23,112.40,112.66,0.27,0.24
2022-03-24,112.42,112.68,0.26,0.23
2022-03-25,112.45,112.70,0.25,0.22
2022-03-26,112.48,112.72,0.24,0.22
2022-03-27,112.50,112.74,0.24,0.21
2022-03-28,112.53,112.76,0.23,0.20
2022-03-29,112.56,112.78,0.22,0.20
2022-03-30,112.58,112.80,0.21,0.19
2022-03-31,112.61,112.82,0.21,0.18
2022-04-01,112.64,112.84,0.20,0.18
2022-04-02,112.66,112.86,0.19,0.17
2022-04-03,112.69,112.88,0.19,0.17
2022-04-04,112.71,112.90,0.18,0.16
2022-04-05,112.74,112.92,0.18,0.16
2022-04-06,112.76,112.94,0.17,0.15
2022-04-07,112.79,112.96,0.17,0.15
2022-04-08,112.81,112.98,0.16,0.14
2022-04-09,112.84,112.99,0.16,0.14
2022-04-10,112.86,113.01,0.15,0.13
2022-04-11,112.89,113.03,0.15,0.13
2022-04-12,112.91,113.05,0.14,0.12
2022-04-13,112.94,113.07,0.13,0.12
2022-04-14,112.96,113.09,0.13,0.11
2022-04-15,112.99,113.11,0.12,0.11
2022-04-16,113.01,113.13,0.12,0.10
2022-04-17,113.04,113.15,0.11,0.10
2022-04-18,113.06,113.17,0.11,0.09
2022-04-19,113.09,113.19,0.10,0.09
2022-04-20,113.11,113.21,0.09,0.08
2022-04-21,113.14,113.23,0.09,0.08
2022-04-22,113.16,113.24,0.08,0.07
2022-04-23,113.19,113.26,0.08,0.07
2022-04-24,113.21,113.28,0.07,0.06
2022-04-25,113.24,113.30,0.06,0.06
2022-04-26,113.26,113.32,0.06,0.05
2022-04-27,113.29,113.34,0.05,0.05
2022-04-28,113.31,113.36,0.05,0.04
2022-04-29,113.34,113.38,0.04,0.03
2022-04-30,113.36,113.40,0.03,0.03
2022-05-01,113.39,113.41,0.03,0.02
2022-05-02,113.41,113.43,0.02,0.02
2022-05-03,113.43,113.45,0.02,0.02
2022-05-04,113.45,113.47,0.02,0.01
2022-05-05,113.48,113.49,0.01,0.01
2022-05-06,113.50,113.51,0.01,0.01
2022-05-07,113.52,113.52,0.00,0.00
2022-05-08,113.54,113.54,0.00,0.00
2022-05-09,113.57,113.56,0.01,0.00
2022-05-10,113.59,113.58,0.01,0.01
2022-05-11,113.61,113.60,0.01,0.01
2022-05-12,113.63,113.62,0.02,0.02
2022-05-13,113.66,113.63,0.02,0.02
2022-05-14,113.68,113.65,0.03,0.02
2022-05-15,113.70,113.67,0.03,0.03
2022-05-16,113.72,113.69,0.04,0.03
2022-05-17,113.75,113.71,0.04,0.03
2022-05-18,113.77,113.72,0.04,0.04
2022-05-19,113.79,113.74,0.05,0.04
2022-05-20,113.81,113.76,0.05,0.05
2022-05-21,113.84,113.78,0.06,0.05
2022-05-22,113.86,113.80,0.06,0.05
2022-05-23,113.88,113.82,0.07,0.06
2022-05-24,113.90,113.83,0.07,0.06
2022-05-25,113.93,113.85,0.07,0.07
2022-05-26,113.95,113.87,0.08,0.07
2022-05-27,113.97,113.89,0.08,0.07
2022-05-28,113.99,113.91,0.09,0.08
2022-05-29,114.02,113.92,0.09,0.08
2022-05-30,114.04,113.94,0.10,0.09
2022-05-31,114.06,113.96,0.10,0.09
2022-06-01,114.08,113.98,0.11,0.09
2022-06-02,114.10,113.99,0.11,0.09
2022-06-03,114.12,114.01,0.11,0.09
2022-06-04,114.14,114.03,0.11,0.09
2022-06-05,114.16,114.05,0.11,0.09
2022-06-06,114.17,114.07,0.11,0.10
2022-06-07,114.19,114.08,0.11,0.10
2022-06-08,114.21,114.10,0.11,0.10
2022-06-09,114.23,114.12,0.11,0.10
2022-06-10,114.25,114.14,0.11,0.10
2022-06-11,114.27,114.15,0.11,0.10
2022-06-12,114.28,114.17,0.11,0.10
2022-06-13,114.30,114.19,0.11,0.10
2022-06-14,114.32,114.21,0.11,0.10
2022-06-15,114.34,114.22,0.12,0.10
2022-06-16,114.36,114.24,0.12,0.10
2022-06-17,114.38,114.26,0.12,0.10
2022-06-18,114.39,114.27,0.12,0.10
2022-06-19,114.41,114.29,0.12,0.11
2022-06-20,114.43,114.31,0.12,0.11
2022-06-21,114.45,114.32,0.12,0.11
2022-06-22,114.47,114.34,0.12,0.11
2022-06-23,114.48,114.36,0.13,0.11
2022-06-24,114.50,114.38,0.13,0.11
2022-06-25,114.52,114.39,0.13,0.11
2022-06-26,114.54,114.41,0.13,0.11
2022-06-27,114.56,114.43,0.13,0.12
2022-06-28,114.58,114.44,0.13,0.12
2022-06-29,114.59,114.46,0.14,0.12
2022-06-30,114.61,114.47,0.14,0.12
2022-07-01,114.63,114.49,0.14,0.12
2022-07-02,114.63,114.51,0.12,0.10
2022-07-03,114.62,114.52,0.10,0.09
2022-07-04,114.62,114.54,0.08,0.07
2022-07-05,114.61,114.56,0.06,0.05
2022-07-06,114.61,114.57,0.04,0.03
2022-07-07,114.61,114.59,0.02,0.02
2022-07-08,114.60,114.60,0.00,0.00
2022-07-09,114.60,114.62,0.02,0.02
2022-07-10,114.59,114.63,0.04,0.04
2022-07-11,114.59,114.65,0.06,0.05
2022-07-12,114.59,114.67,0.08,0.07
2022-07-13,114.58,114.68,0.10,0.09
2022-07-14,114.58,114.70,0.12,0.10
2022-07-15,114.57,114.71,0.14,0.12
2022-07-16,114.57,114.73,0.16,0.14
2022-07-17,114.57,114.74,0.18,0.15
2022-07-18,114.56,114.76,0.19,0.17
2022-07-19,114.56,114.77,0.21,0.19
2022-07-20,114.55,114.78,0.23,0.20
2022-07-21,114.55,114.80,0.25,0.22
2022-07-22,114.55,114.81,0.27,0.23
2022-07-23,114.54,114.83,0.29,0.25
2022-07-24,114.54,114.84,0.31,0.27
2022-07-25,114.53,114.86,0.32,0.28
2022-07-26,114.53,114.87,0.34,0.30
2022-07-27,114.52,114.88,0.36,0.31
2022-07-28,114.52,114.90,0.38,0.33
2022-07-29,114.52,114.91,0.40,0.35
2022-07-30,114.51,114.93,0.41,0.36
2022-07-31,114.51,114.94,0.43,0.38
2022-08-01,114.50,114.95,0.45,0.39
2022-08-02,114.52,114.97,0.45,0.39
2022-08-03,114.53,114.98,0.45,0.40
2022-08-04,114.54,114.99,0.46,0.40
2022-08-05,114.55,115.01,0.46,0.40
2022-08-06,114.56,115.02,0.46,0.40
2022-08-07,114.57,115.03,0.46,0.40
2022-08-08,114.58,115.04,0.47,0.41
2022-08-09,114.59,115.06,0.47,0.41
2022-08-10,114.60,115.07,0.47,0.41
2022-08-11,114.61,115.08,0.47,0.41
2022-08-12,114.62,115.09,0.47,0.41
2022-08-13,114.63,115.11,0.48,0.42
2022-08-14,114.64,115.12,0.48,0.42
2022-08-15,114.65,115.13,0.48,0.42
2022-08-16,114.66,115.14,0.48,0.42
2022-08-17,114.67,115.16,0.48,0.42
2022-08-18,114.68,115.17,0.48,0.42
2022-08-19,114.69,115.18,0.49,0.42
2022-08-20,114.70,115.19,0.49,0.42
2022-08-21,114.72,115.20,0.49,0.43
2022-08-22,114.73,115.22,0.49,0.43
2022-08-23,114.74,115.23,0.49,0.43
2022-08-24,114.75,115.24,0.49,0.43
2022-08-25,114.76,115.25,0.49,0.43
2022-08-26,114.77,115.26,0.49,0.43
2022-08-27,114.78,115.27,0.50,0.43
2022-08-28,114.79,115.29,0.50,0.43
2022-08-29,114.80,115.30,0.50,0.43
2022-08-30,114.81,115.31,0.50,0.43
2022-08-31,114.82,115.32,0.50,0.43
2022-09-01,114.83,115.33,0.50,0.43
2022-09-02,114.84,115.34,0.50,0.44
2022-09-03,114.85,115.35,0.50,0.44
2022-09-04,114.86,115.36,0.50,0.44
2022-09-05,114.87,115.37,0.50,0.44
2022-09-06,114.88,115.38,0.50,0.44
2022-09-07,114.89,115.40,0.51,0.44
2022-09-08,114.90,115.41,0.51,0.44
2022-09-09,114.91,115.42,0.51,0.44
2022-09-10,114.92,115.43,0.51,0.44
2022-09-11,114.93,115.44,0.51,0.44
2022-09-12,114.94,115.45,0.51,0.44
2022-09-13,114.95,115.46,0.51,0.44
2022-09-14,114.96,115.47,0.51,0.45
2022-09-15,114.97,115.48,0.51,0.45
2022-09-16,114.98,115.49,0.51,0.45
2022-09-17,114.99,115.50,0.51,0.45
2022-09-18,115.00,115.51,0.52,0.45
2022-09-19,115.01,115.52,0.52,0.45
2022-09-20,115.02,115.53,0.52,0.45
2022-09-21,115.03,115.55,0.52,0.45
2022-09-22,115.04,115.56,0.52,0.45
2022-09-23,115.05,115.57,0.52,0.45
2022-09-24,115.06,115.58,0.52,0.45
2022-09-25,115.07,115.59,0.52,0.45
2022-09-26,115.08,115.60,0.52,0.45
2022-09-27,115.09,115.61,0.52,0.45
2022-09-28,115.10,115.62,0.52,0.45
2022-09-29,115.11,115.63,0.52,0.45
2022-09-30,115.12,115.64,0.52,0.45
2022-10-01,115.13,115.65,0.52,0.45
2022-10-02,115.12,115.66,0.54,0.47
2022-10-03,115.12,115.67,0.55,0.48
2022-10-04,115.12,115.68,0.57,0.49
2022-10-05,115.11,115.69,0.58,0.50
2022-10-06,115.11,115.70,0.59,0.52
2022-10-07,115.10,115.71,0.61,0.53
2022-10-08,115.10,115.72,0.62,0.54
2022-10-09,115.10,115.73,0.63,0.55
2022-10-10,115.09,115.74,0.65,0.56
2022-10-11,115.09,115.75,0.66,0.58
2022-10-12,115.09,115.76,0.68,0.59
2022-10-13,115.08,115.77,0.69,0.60
2022-10-14,115.08,115.78,0.70,0.61
2022-10-15,115.07,115.79,0.72,0.62
2022-10-16,115.07,115.80,0.73,0.63
2022-10-17,115.07,115.81,0.74,0.65
2022-10-18,115.06,115.82,0.76,0.66
2022-10-19,115.06,115.83,0.77,0.67
2022-10-20,115.06,115.84,0.78,0.68
2022-10-21,115.05,115.85,0.80,0.69
2022-10-22,115.05,115.86,0.81,0.70
2022-10-23,115.04,115.87,0.82,0.72
2022-10-24,115.04,115.88,0.84,0.73
2022-10-25,115.04,115.89,0.85,0.74
2022-10-26,115.03,115.90,0.86,0.75
2022-10-27,115.03,115.91,0.88,0.76
2022-10-28,115.03,115.92,0.89,0.77
2022-10-29,115.02,115.93,0.90,0.79
2022-10-30,115.02,115.93,0.92,0.80
2022-10-31,115.01,115.94,0.93,0.81
2022-11-01,115.01,115.95,0.94,0.82
2022-11-02,115.02,115.96,0.95,0.82
2022-11-03,115.02,115.97,0.95,0.82
2022-11-04,115.03,115.98,0.95,0.83
2022-11-05,115.04,115.99,0.95,0.83
2022-11-06,115.04,116.00,0.96,0.83
2022-11-07,115.05,116.01,0.96,0.83
2022-11-08,115.05,116.02,0.96,0.84
2022-11-09,115.06,116.03,0.97,0.84
2022-11-10,115.07,116.04,0.97,0.84
2022-11-11,115.07,116.04,0.97,0.84
2022-11-12,115.08,116.05,0.97,0.85
2022-11-13,115.09,116.06,0.98,0.85
2022-11-14,115.09,116.07,0.98,0.85
2022-11-15,115.10,116.08,0.98,0.85
2022-11-16,115.11,116.09,0.98,0.85
2022-11-17,115.11,116.10,0.99,0.86
2022-11-18,115.12,116.11,0.99,0.86
2022-11-19,115.12,116.12,0.99,0.86
2022-11-20,115.13,116.12,0.99,0.86
2022-11-21,115.14,116.13,1.00,0.86
2022-11-22,115.14,116.14,1.00,0.87
2022-11-23,115.15,116.15,1.00,0.87
2022-11-24,115.16,116.16,1.00,0.87
2022-11-25,115.16,116.17,1.00,0.87
2022-11-26,115.17,116.18,1.01,0.87
2022-11-27,115.17,116.18,1.01,0.88
2022-11-28,115.18,116.19,1.01,0.88
2022-11-29,115.19,116.20,1.01,0.88
2022-11-30,115.19,116.21,1.02,0.88
2022-12-01,115.20,116.22,1.02,0.88
2022-12-02,115.23,116.23,1.00,0.87
2022-12-03,115.26,116.23,0.98,0.85
2022-12-04,115.28,116.24,0.96,0.83
2022-12-05,115.31,116.25,0.94,0.81
2022-12-06,115.34,116.26,0.92,0.80
2022-12-07,115.37,116.27,0.90,0.78
2022-12-08,115.40,116.28,0.88,0.76
2022-12-09,115.42,116.28,0.86,0.75
2022-12-10,115.45,116.29,0.84,0.73
2022-12-11,115.48,116.30,0.82,0.71
2022-12-12,115.51,116.31,0.80,0.69
2022-12-13,115.53,116.32,0.78,0.68
2022-12-14,115.56,116.33,0.76,0.66
2022-12-15,115.59,116.33,0.74,0.64
2022-12-16,115.62,116.34,0.72,0.63
2022-12-17,115.65,116.35,0.71,0.61
2022-12-18,115.67,116.36,0.69,0.59
2022-12-19,115.70,116.37,0.67,0.58
2022-12-20,115.73,116.38,0.65,0.56
2022-12-21,115.76,116.39,0.63,0.54
2022-12-22,115.79,116.40,0.61,0.53
2022-12-23,115.81,116.40,0.59,0.51
2022-12-24,115.84,116.41,0.57,0.49
2022-12-25,115.87,116.42,0.55,0.48
2022-12-26,115.90,116.43,0.53,0.46
2022-12-27,115.93,116.44,0.52,0.44
2022-12-28,115.95,116.45,0.50,0.43
2022-12-29,115.98,116.46,0.48,0.41
2022-12-30,116.01,116.47,0.46,0.40
2022-12-31,116.04,116.48,0.44,0.38
2023-01-01,116.06,116.49,0.42,0.36
2023-01-02,116.07,116.50,0.42,0.36
2023-01-03,116.08,116.50,0.42,0.36
2023-01-04,116.09,116.51,0.42,0.36
2023-01-05,116.10,116.52,0.42,0.36
2023-01-06,116.11,116.53,0.42,0.36
2023-01-07,116.12,116.54,0.42,0.36
2023-01-08,116.13,116.55,0.42,0.36
2023-01-09,116.14,116.56,0.42,0.36
2023-01-10,116.15,116.57,0.42,0.36
2023-01-11,116.16,116.58,0.42,0.36
2023-01-12,116.17,116.59,0.42,0.36
2023-01-13,116.18,116.60,0.42,0.36
2023-01-14,116.19,116.61,0.42,0.36
2023-01-15,116.20,116.62,0.42,0.36
2023-01-16,116.21,116.63,0.42,0.36
2023-01-17,116.22,116.64,0.42,0.36
2023-01-18,116.23,116.65,0.42,0.36
2023-01-19,116.24,116.66,0.42,0.36
2023-01-20,116.25,116.66,0.42,0.36
2023-01-21,116.26,116.67,0.42,0.36
2023-01-22,116.26,116.68,0.42,0.36
2023-01-23,116.27,116.69,0.42,0.36
2023-01-24,116.28,116.70,0.42,0.36
2023-01-25,116.29,116.71,0.42,0.36
2023-01-26,116.30,116.72,0.42,0.36
2023-01-27,116.31,116.73,0.42,0.36
2023-01-28,116.32,116.74,0.42,0.36
2023-01-29,116.33,116.75,0.42,0.36
2023-01-30,116.34,116.76,0.42,0.36
2023-01-31,116.35,116.77,0.42,0.36
2023-02-01,116.36,116.78,0.42,0.36
2023-02-02,116.37,116.79,0.42,0.36
2023-02-03,116.37,116.80,0.42,0.36
2023-02-04,116.38,116.81,0.43,0.37
2023-02-05,116.39,116.82,0.43,0.37
2023-02-06,116.39,116.82,0.43,0.37
2023-02-07,116.40,116.83,0.43,0.37
2023-02-08,116.41,116.84,0.44,0.37
2023-02-09,116.41,116.85,0.44,0.38
2023-02-10,116.42,116.86,0.44,0.38
2023-02-11,116.43,116.87,0.44,0.38
2023-02-12,116.43,116.88,0.45,0.38
2023-02-13,116.44,116.89,0.45,0.38
2023-02-14,116.45,116.90,0.45,0.39
2023-02-15,116.45,116.91,0.45,0.39
2023-02-16,116.46,116.92,0.45,0.39
2023-02-17,116.47,116.93,0.46,0.39
2023-02-18,116.48,116.93,0.46,0.39
2023-02-19,116.48,116.94,0.46,0.40
2023-02-20,116.49,116.95,0.46,0.40
2023-02-21,116.50,116.96,0.47,0.40
2023-02-22,116.50,116.97,0.47,0.40
2023-02-23,116.51,116.98,0.47,0.40
2023-02-24,116.52,116.99,0.47,0.40
2023-02-25,116.52,117.00,0.47,0.41
2023-02-26,116.53,117.00,0.48,0.41
2023-02-27,116.54,117.01,0.48,0.41
2023-02-28,116.54,117.02,0.48,0.41
2023-03-01,116.55,117.03,0.48,0.41
2023-03-02,116.56,117.04,0.48,0.41
2023-03-03,116.57,117.05,0.48,0.41
2023-03-04,116.57,117.06,0.48,0.41
2023-03-05,116.58,117.06,0.48,0.41
2023-03-06,116.59,117.07,0.48,0.41
2023-03-07,116.60,117.08,0.48,0.41
2023-03-08,116.61,117.09,0.48,0.41
2023-03-09,116.61,117.10,0.48,0.41
2023-03-10,116.62,117.11,0.48,0.41
2023-03-11,116.63,117.11,0.48,0.41
2023-03-12,116.64,117.12,0.48,0.41
2023-03-13,116.65,117.13,0.48,0.41
2023-03-14,116.66,117.14,0.48,0.41
2023-03-15,116.66,117.15,0.48,0.41
2023-03-16,116.67,117.15,0.48,0.41
2023-03-17,116.68,117.16,0.48,0.41
2023-03-18,116.69,117.17,0.48,0.41
2023-03-19,116.70,117.18,0.48,0.41
2023-03-20,116.70,117.18,0.48,0.41
2023-03-21,116.71,117.19,0.48,0.41
2023-03-22,116.72,117.20,0.48,0.41
2023-03-23,116.73,117.21,0.48,0.41
2023-03-24,116.74,117.21,0.48,0.41
2023-03-25,116.75,117.22,0.48,0.41
2023-03-26,116.75,117.23,0.47,0.41
2023-03-27,116.76,117.24,0.47,0.41
2023-03-28,116.77,117.24,0.47,0.40
2023-03-29,116.78,117.25,0.47,0.40
2023-03-30,116.79,117.26,0.47,0.40
2023-03-31,116.79,117.26,0.47,0.40
2023-04-01,116.80,117.27,0.47,0.40
2023-04-02,116.81,117.28,0.46,0.40
2023-04-03,116.83,117.28,0.46,0.39
2023-04-04,116.84,117.29,0.45,0.39
2023-04-05,116.85,117.30,0.45,0.38
2023-04-06,116.86,117.30,0.44,0.38
2023-04-07,116.87,117.31,0.44,0.38
2023-04-08,116.88,117.32,0.43,0.37
2023-04-09,116.90,117.33,0.43,0.37
2023-04-10,116.91,117.33,0.43,0.36
2023-04-11,116.92,117.34,0.42,0.36
2023-04-12,116.93,117.35,0.42,0.36
2023-04-13,116.94,117.35,0.41,0.35
2023-04-14,116.95,117.36,0.41,0.35
2023-04-15,116.96,117.37,0.40,0.34
2023-04-16,116.98,117.37,0.40,0.34
2023-04-17,116.99,117.38,0.39,0.33
2023-04-18,117.00,117.38,0.38,0.33
2023-04-19,117.01,117.39,0.38,0.32
2023-04-20,117.02,117.40,0.37,0.32
2023-04-21,117.03,117.40,0.37,0.32
2023-04-22,117.05,117.41,0.36,0.31
2023-04-23,117.06,117.42,0.36,0.31
2023-04-24,117.07,117.42,0.35,0.30
2023-04-25,117.08,117.43,0.35,0.30
2023-04-26,117.09,117.43,0.34,0.29
2023-04-27,117.10,117.44,0.34,0.29
2023-04-28,117.12,117.45,0.33,0.28
2023-04-29,117.13,117.45,0.33,0.28
2023-04-30,117.14,117.46,0.32,0.27
2023-05-01,117.15,117.46,0.31,0.27
2023-05-02,117.15,117.47,0.32,0.27
2023-05-03,117.15,117.48,0.33,0.28
2023-05-04,117.15,117.48,0.33,0.28
2023-05-05,117.15,117.49,0.34,0.29
2023-05-06,117.15,117.49,0.34,0.29
2023-05-07,117.15,117.50,0.35,0.30
2023-05-08,117.15,117.50,0.36,0.30
2023-05-09,117.15,117.51,0.36,0.31
2023-05-10,117.15,117.52,0.37,0.31
2023-05-11,117.15,117.52,0.37,0.32
2023-05-12,117.15,117.53,0.38,0.32
2023-05-13,117.15,117.53,0.39,0.33
2023-05-14,117.15,117.54,0.39,0.33
2023-05-15,117.15,117.54,0.40,0.34
2023-05-16,117.15,117.55,0.40,0.34
2023-05-17,117.15,117.55,0.41,0.35
2023-05-18,117.14,117.56,0.41,0.35
2023-05-19,117.14,117.56,0.42,0.36
2023-05-20,117.14,117.57,0.43,0.36
2023-05-21,117.14,117.58,0.43,0.37
2023-05-22,117.14,117.58,0.44,0.37
2023-05-23,117.14,117.59,0.44,0.38
2023-05-24,117.14,117.59,0.45,0.38
2023-05-25,117.14,117.60,0.45,0.39
2023-05-26,117.14,117.60,0.46,0.39
2023-05-27,117.14,117.61,0.47,0.40
2023-05-28,117.14,117.61,0.47,0.40
2023-05-29,117.14,117.62,0.48,0.41
2023-05-30,117.14,117.62,0.48,0.41
2023-05-31,117.14,117.63,0.49,0.42
2023-06-01,117.14,117.63,0.49,0.42
2023-06-02,117.14,117.64,0.49,0.42
2023-06-03,117.15,117.64,0.50,0.42
2023-06-04,117.15,117.65,0.50,0.43
2023-06-05,117.15,117.65,0.50,0.43
2023-06-06,117.15,117.66,0.50,0.43
2023-06-07,117.16,117.66,0.50,0.43
2023-06-08,117.16,117.67,0.51,0.43
2023-06-09,117.16,117.67,0.51,0.43
2023-06-10,117.17,117.68,0.51,0.44
2023-06-11,117.17,117.68,0.51,0.44
2023-06-12,117.17,117.68,0.51,0.44
2023-06-13,117.17,117.69,0.52,0.44
2023-06-14,117.18,117.69,0.52,0.44
2023-06-15,117.18,117.70,0.52,0.44
2023-06-16,117.18,117.70,0.52,0.44
2023-06-17,117.18,117.71,0.52,0.45
2023-06-18,117.19,117.71,0.52,0.45
2023-06-19,117.19,117.72,0.53,0.45
2023-06-20,117.19,117.72,0.53,0.45
2023-06-21,117.20,117.72,0.53,0.45
2023-06-22,117.20,117.73,0.53,0.45
2023-06-23,117.20,117.73,0.53,0.45
2023-06-24,117.20,117.74,0.53,0.45
2023-06-25,117.21,117.74,0.53,0.46
2023-06-26,117.21,117.75,0.54,0.46
2023-06-27,117.21,117.75,0.54,0.46
2023-06-28,117.22,117.75,0.54,0.46
2023-06-29,117.22,117.76,0.54,0.46
2023-06-30,117.22,117.76,0.54,0.46
2023-07-01,117.22,117.77,0.54,0.46
2023-07-02,117.26,117.77,0.51,0.43
2023-07-03,117.30,117.77,0.47,0.40
2023-07-04,117.34,117.78,0.44,0.37
2023-07-05,117.38,117.78,0.40,0.34
2023-07-06,117.42,117.79,0.37,0.32
2023-07-07,117.45,117.79,0.34,0.29
2023-07-08,117.49,117.79,0.30,0.26
2023-07-09,117.53,117.80,0.27,0.23
2023-07-10,117.57,117.80,0.23,0.20
2023-07-11,117.61,117.81,0.20,0.17
2023-07-12,117.65,117.81,0.16,0.14
2023-07-13,117.69,117.82,0.13,0.11
2023-07-14,117.72,117.82,0.10,0.08
2023-07-15,117.76,117.82,0.06,0.05
2023-07-16,117.80,117.83,0.03,0.02
2023-07-17,117.84,117.83,0.01,0.01
2023-07-18,117.88,117.84,0.04,0.04
2023-07-19,117.92,117.84,0.08,0.07
2023-07-20,117.95,117.84,0.11,0.09
2023-07-21,117.99,117.85,0.15,0.12
2023-07-22,118.03,117.85,0.18,0.15
2023-07-23,118.07,117.85,0.22,0.18
2023-07-24,118.11,117.86,0.25,0.21
2023-07-25,118.15,117.86,0.28,0.24
2023-07-26,118.18,117.87,0.32,0.27
2023-07-27,118.22,117.87,0.35,0.30
2023-07-28,118.26,117.87,0.39,0.33
2023-07-29,118.30,117.88,0.42,0.36
2023-07-30,118.34,117.88,0.46,0.39
2023-07-31,118.38,117.88,0.49,0.42
2023-08-01,118.42,117.89,0.53,0.45
2023-08-02,118.44,117.89,0.55,0.46
2023-08-03,118.46,117.89,0.57,0.48
2023-08-04,118.48,117.90,0.59,0.49
2023-08-05,118.51,117.90,0.60,0.51
2023-08-06,118.53,117.90,0.62,0.53
2023-08-07,118.55,117.91,0.64,0.54
2023-08-08,118.57,117.91,0.66,0.56
2023-08-09,118.60,117.91,0.68,0.57
2023-08-10,118.62,117.92,0.70,0.59
2023-08-11,118.64,117.92,0.72,0.61
2023-08-12,118.66,117.92,0.74,0.62
2023-08-13,118.68,117.93,0.76,0.64
2023-08-14,118.71,117.93,0.78,0.66
2023-08-15,118.73,117.93,0.80,0.67
2023-08-16,118.75,117.94,0.82,0.69
2023-08-17,118.77,117.94,0.84,0.70
2023-08-18,118.80,117.94,0.86,0.72
2023-08-19,118.82,117.94,0.88,0.74
2023-08-20,118.84,117.95,0.89,0.75
2023-08-21,118.86,117.95,0.91,0.77
2023-08-22,118.89,117.95,0.93,0.79
2023-08-23,118.91,117.96,0.95,0.80
2023-08-24,118.93,117.96,0.97,0.82
2023-08-25,118.95,117.96,0.99,0.83
2023-08-26,118.98,117.96,1.01,0.85
2023-08-27,119.00,117.97,1.03,0.87
2023-08-28,119.02,117.97,1.05,0.88
2023-08-29,119.04,117.97,1.07,0.90
2023-08-30,119.07,117.97,1.09,0.92
2023-08-31,119.09,117.98,1.11,0.93
2023-09-01,119.11,117.98,1.13,0.95
2023-09-02,119.12,117.98,1.14,0.96
2023-09-03,119.14,117.98,1.15,0.97
2023-09-04,119.15,117.99,1.16,0.98
2023-09-05,119.16,117.99,1.18,0.99
2023-09-06,119.18,117.99,1.19,1.00
2023-09-07,119.19,117.99,1.20,1.00
2023-09-08,119.20,118.00,1.21,1.01
2023-09-09,119.22,118.00,1.22,1.02
2023-09-10,119.23,118.00,1.23,1.03
2023-09-11,119.24,118.00,1.24,1.04
2023-09-12,119.26,118.01,1.25,1.05
2023-09-13,119.27,118.01,1.26,1.06
2023-09-14,119.28,118.01,1.27,1.07
2023-09-15,119.30,118.01,1.29,1.08
2023-09-16,119.31,118.01,1.30,1.09
2023-09-17,119.32,118.02,1.31,1.10
2023-09-18,119.34,118.02,1.32,1.11
2023-09-19,119.35,118.02,1.33,1.11
2023-09-20,119.36,118.02,1.34,1.12
2023-09-21,119.38,118.03,1.35,1.13
2023-09-22,119.39,118.03,1.36,1.14
2023-09-23,119.40,118.03,1.37,1.15
2023-09-24,119.42,118.03,1.39,1.16
2023-09-25,119.43,118.04,1.40,1.17
2023-09-26,119.45,118.04,1.41,1.18
2023-09-27,119.46,118.04,1.42,1.19
2023-09-28,119.47,118.04,1.43,1.20
2023-09-29,119.49,118.04,1.44,1.21
2023-09-30,119.50,118.05,1.45,1.22
2023-10-01,119.51,118.05,1.46,1.22
2023-10-02,119.49,118.05,1.44,1.20
2023-10-03,119.47,118.05,1.42,1.19
2023-10-04,119.45,118.06,1.39,1.17
2023-10-05,119.43,118.06,1.37,1.15
2023-10-06,119.40,118.06,1.35,1.13
2023-10-07,119.38,118.06,1.32,1.11
2023-10-08,119.36,118.06,1.30,1.09
2023-10-09,119.34,118.07,1.27,1.07
2023-10-10,119.32,118.07,1.25,1.05
2023-10-11,119.30,118.07,1.23,1.03
2023-10-12,119.28,118.07,1.20,1.01
2023-10-13,119.25,118.07,1.18,0.99
2023-10-14,119.23,118.08,1.16,0.97
2023-10-15,119.21,118.08,1.13,0.95
2023-10-16,119.19,118.08,1.11,0.93
2023-10-17,119.17,118.08,1.09,0.91
2023-10-18,119.15,118.08,1.06,0.89
2023-10-19,119.13,118.09,1.04,0.87
2023-10-20,119.10,118.09,1.02,0.85
2023-10-21,119.08,118.09,0.99,0.84
2023-10-22,119.06,118.09,0.97,0.82
2023-10-23,119.04,118.09,0.95,0.80
2023-10-24,119.02,118.09,0.92,0.78
2023-10-25,119.00,118.10,0.90,0.76
2023-10-26,118.98,118.10,0.88,0.74
2023-10-27,118.95,118.10,0.86,0.72
2023-10-28,118.93,118.10,0.83,0.70
2023-10-29,118.91,118.10,0.81,0.68
2023-10-30,118.89,118.10,0.79,0.66
2023-10-31,118.87,118.11,0.76,0.64
2023-11-01,118.85,118.11,0.74,0.62
2023-11-02,118.78,118.11,0.67,0.56
2023-11-03,118.70,118.11,0.59,0.50
2023-11-04,118.63,118.11,0.52,0.44
2023-11-05,118.56,118.12,0.45,0.38
2023-11-06,118.49,118.12,0.37,0.31
2023-11-07,118.42,118.12,0.30,0.25
2023-11-08,118.35,118.12,0.23,0.19
2023-11-09,118.27,118.12,0.15,0.13
2023-11-10,118.20,118.12,0.08,0.07
2023-11-11,118.13,118.12,0.01,0.01
2023-11-12,118.06,118.12,0.06,0.05
2023-11-13,117.99,118.12,0.14,0.12
2023-11-14,117.92,118.13,0.21,0.18
2023-11-15,117.84,118.13,0.28,0.24
2023-11-16,117.77,118.13,0.35,0.30
2023-11-17,117.70,118.13,0.43,0.36
2023-11-18,117.63,118.13,0.50,0.42
2023-11-19,117.56,118.13,0.57,0.49
2023-11-20,117.49,118.13,0.64,0.55
2023-11-21,117.41,118.13,0.71,0.61
2023-11-22,117.34,118.13,0.79,0.67
2023-11-23,117.27,118.13,0.86,0.73
2023-11-24,117.20,118.13,0.93,0.79
2023-11-25,117.13,118.13,1.00,0.85
2023-11-26,117.05,118.13,1.07,0.92
2023-11-27,116.98,118.13,1.14,0.98
2023-11-28,116.91,118.12,1.21,1.04
2023-11-29,116.84,118.12,1.28,1.10
2023-11-30,116.77,118.12,1.36,1.16
2023-12-01,116.70,118.12,1.43,1.22
2023-12-02,116.71,118.12,1.41,1.21
2023-12-03,116.72,118.12,1.40,1.20
2023-12-04,116.74,118.12,1.38,1.18
2023-12-05,116.75,118.12,1.37,1.17
2023-12-06,116.76,118.12,1.35,1.16
2023-12-07,116.78,118.12,1.34,1.15
2023-12-08,116.79,118.12,1.33,1.14
2023-12-09,116.80,118.12,1.31,1.12
2023-12-10,116.82,118.11,1.30,1.11
2023-12-11,116.83,118.11,1.28,1.10
2023-12-12,116.84,118.11,1.27,1.09
2023-12-13,116.86,118.11,1.26,1.07
2023-12-14,116.87,118.11,1.24,1.06
2023-12-15,116.88,118.11,1.23,1.05
2023-12-16,116.90,118.11,1.21,1.04
2023-12-17,116.91,118.11,1.20,1.03
2023-12-18,116.93,118.11,1.19,1.01
2023-12-19,116.94,118.11,1.17,1.00
2023-12-20,116.95,118.11,1.16,0.99
2023-12-21,116.97,118.11,1.14,0.98
2023-12-22,116.98,118.11,1.13,0.97
2023-12-23,116.99,118.11,1.12,0.96
2023-12-24,117.01,118.11,1.10,0.94
2023-12-25,117.02,118.11,1.09,0.93
2023-12-26,117.03,118.11,1.08,0.92
2023-12-27,117.05,118.11,1.06,0.91
2023-12-28,117.06,118.11,1.05,0.90
2023-12-29,117.07,118.11,1.04,0.89
2023-12-30,117.09,118.11,1.02,0.87
2023-12-31,117.10,118.11,1.01,0.86
2024-01-01,117.11,118.11,1.00,0.85
2024-01-02,117.13,118.11,0.98,0.84
2024-01-03,117.15,118.11,0.96,0.82
2024-01-04,117.17,118.11,0.94,0.80
2024-01-05,117.19,118.11,0.92,0.79
2024-01-06,117.21,118.11,0.91,0.77
2024-01-07,117.23,118.11,0.89,0.76
2024-01-08,117.24,118.11,0.87,0.74
2024-01-09,117.26,118.11,0.85,0.73
2024-01-10,117.28,118.11,0.83,0.71
2024-01-11,117.30,118.12,0.82,0.69
2024-01-12,117.32,118.12,0.80,0.68
2024-01-13,117.34,118.12,0.78,0.66
2024-01-14,117.36,118.12,0.76,0.65
2024-01-15,117.37,118.12,0.74,0.63
2024-01-16,117.39,118.12,0.72,0.62
2024-01-17,117.41,118.12,0.71,0.60
2024-01-18,117.43,118.12,0.69,0.59
2024-01-19,117.45,118.12,0.67,0.57
2024-01-20,117.47,118.12,0.65,0.56
2024-01-21,117.49,118.12,0.63,0.54
2024-01-22,117.51,118.12,0.62,0.52
2024-01-23,117.52,118.12,0.60,0.51
2024-01-24,117.54,118.12,0.58,0.49
2024-01-25,117.56,118.12,0.56,0.48
2024-01-26,117.58,118.12,0.54,0.46
2024-01-27,117.60,118.13,0.53,0.45
2024-01-28,117.62,118.13,0.51,0.43
2024-01-29,117.64,118.13,0.49,0.42
2024-01-30,117.65,118.13,0.47,0.40
2024-01-31,117.67,118.13,0.45,0.39
2024-02-01,117.69,118.13,0.44,0.37
2024-02-02,117.70,118.13,0.43,0.37
2024-02-03,117.70,118.13,0.43,0.36
2024-02-04,117.71,118.13,0.42,0.36
2024-02-05,117.71,118.13,0.42,0.35
2024-02-06,117.72,118.13,0.41,0.35
2024-02-07,117.73,118.13,0.41,0.35
2024-02-08,117.73,118.13,0.40,0.34
2024-02-09,117.74,118.14,0.40,0.34
2024-02-10,117.74,118.14,0.39,0.33
2024-02-11,117.75,118.14,0.39,0.33
2024-02-12,117.75,118.14,0.38,0.33
2024-02-13,117.76,118.14,0.38,0.32
2024-02-14,117.76,118.14,0.37,0.32
2024-02-15,117.77,118.14,0.37,0.31
2024-02-16,117.78,118.14,0.36,0.31
2024-02-17,117.78,118.14,0.36,0.31
2024-02-18,117.79,118.14,0.35,0.30
2024-02-19,117.79,118.14,0.35,0.30
2024-02-20,117.80,118.14,0.34,0.29
2024-02-21,117.80,118.14,0.34,0.29
2024-02-22,117.81,118.14,0.33,0.28
2024-02-23,117.81,118.14,0.33,0.28
2024-02-24,117.82,118.14,0.32,0.28
2024-02-25,117.83,118.15,0.32,0.27
2024-02-26,117.83,118.15,0.31,0.27
2024-02-27,117.84,118.15,0.31,0.26
2024-02-28,117.84,118.15,0.30,0.26
2024-02-29,117.85,118.15,0.30,0.25
2024-03-01,117.85,118.15,0.29,0.25
2024-03-02,117.86,118.15,0.29,0.25
2024-03-03,117.86,118.15,0.29,0.25
2024-03-04,117.86,118.15,0.29,0.25
2024-03-05,117.86,118.15,0.29,0.24
2024-03-06,117.86,118.15,0.29,0.24
2024-03-07,117.86,118.15,0.29,0.24
2024-03-08,117.87,118.15,0.28,0.24
2024-03-09,117.87,118.15,0.28,0.24
2024-03-10,117.87,118.15,0.28,0.24
2024-03-11,117.87,118.15,0.28,0.24
2024-03-12,117.87,118.15,0.28,0.24
2024-03-13,117.88,118.15,0.28,0.24
2024-03-14,117.88,118.15,0.28,0.24
2024-03-15,117.88,118.16,0.28,0.23
2024-03-16,117.88,118.16,0.28,0.23
2024-03-17,117.88,118.16,0.27,0.23
2024-03-18,117.88,118.16,0.27,0.23
2024-03-19,117.89,118.16,0.27,0.23
2024-03-20,117.89,118.16,0.27,0.23
2024-03-21,117.89,118.16,0.27,0.23
2024-03-22,117.89,118.16,0.27,0.23
2024-03-23,117.89,118.16,0.27,0.23
2024-03-24,117.90,118.16,0.27,0.23
2024-03-25,117.90,118.16,0.27,0.23
2024-03-26,117.90,118.17,0.27,0.23
2024-03-27,117.90,118.17,0.27,0.23
2024-03-28,117.90,118.17,0.26,0.22
2024-03-29,117.90,118.17,0.26,0.22
2024-03-30,117.91,118.17,0.26,0.22
2024-03-31,117.91,118.17,0.26,0.22
2024-04-01,117.91,118.17,0.26,0.22
2024-04-02,117.91,118.17,0.26,0.22
2024-04-03,117.92,118.17,0.26,0.22
2024-04-04,117.92,118.18,0.26,0.22
2024-04-05,117.92,118.18,0.26,0.22
2024-04-06,117.92,118.18,0.25,0.22
2024-04-07,117.93,118.18,0.25,0.21
2024-04-08,117.93,118.18,0.25,0.21
2024-04-09,117.93,118.18,0.25,0.21
2024-04-10,117.94,118.18,0.25,0.21
2024-04-11,117.94,118.18,0.25,0.21
2024-04-12,117.94,118.19,0.24,0.21
2024-04-13,117.94,118.19,0.24,0.21
2024-04-14,117.95,118.19,0.24,0.20
2024-04-15,117.95,118.19,0.24,0.20
2024-04-16,117.95,118.19,0.24,0.20
2024-04-17,117.96,118.19,0.24,0.20
2024-04-18,117.96,118.19,0.24,0.20
2024-04-19,117.96,118.20,0.23,0.20
2024-04-20,117.96,118.20,0.23,0.20
2024-04-21,117.97,118.20,0.23,0.20
2024-04-22,117.97,118.20,0.23,0.20
2024-04-23,117.97,118.20,0.23,0.19
2024-04-24,117.98,118.20,0.23,0.19
2024-04-25,117.98,118.21,0.23,0.19
2024-04-26,117.98,118.21,0.23,0.19
2024-04-27,117.98,118.21,0.22,0.19
2024-04-28,117.99,118.21,0.22,0.19
2024-04-29,117.99,118.21,0.22,0.19
2024-04-30,117.99,118.21,0.22,0.19
2024-05-01,118.00,118.22,0.22,0.19
2024-05-02,117.99,118.22,0.23,0.19
2024-05-03,117.98,118.22,0.24,0.20
2024-05-04,117.97,118.22,0.25,0.21
2024-05-05,117.96,118.22,0.26,0.22
2024-05-06,117.96,118.22,0.27,0.23
2024-05-07,117.95,118.23,0.28,0.23
2024-05-08,117.94,118.23,0.29,0.24
2024-05-09,117.93,118.23,0.30,0.25
2024-05-10,117.92,118.23,0.31,0.26
2024-05-11,117.92,118.23,0.32,0.27
2024-05-12,117.91,118.23,0.33,0.28
2024-05-13,117.90,118.24,0.33,0.28
2024-05-14,117.89,118.24,0.34,0.29
2024-05-15,117.88,118.24,0.35,0.30
2024-05-16,117.88,118.24,0.36,0.31
2024-05-17,117.87,118.24,0.37,0.32
2024-05-18,117.86,118.24,0.38,0.33
2024-05-19,117.85,118.25,0.39,0.33
2024-05-20,117.84,118.25,0.40,0.34
2024-05-21,117.84,118.25,0.41,0.35
2024-05-22,117.83,118.25,0.42,0.36
2024-05-23,117.82,118.25,0.43,0.37
2024-05-24,117.81,118.25,0.44,0.37
2024-05-25,117.80,118.25,0.45,0.38
2024-05-26,117.80,118.26,0.46,0.39
2024-05-27,117.79,118.26,0.47,0.40
2024-05-28,117.78,118.26,0.48,0.41
2024-05-29,117.77,118.26,0.49,0.42
2024-05-30,117.77,118.26,0.50,0.42
2024-05-31,117.76,118.27,0.51,0.43
2024-06-01,117.75,118.27,0.52,0.44
2024-06-02,117.76,118.27,0.51,0.43
2024-06-03,117.77,118.27,0.50,0.43
2024-06-04,117.78,118.27,0.50,0.42
2024-06-05,117.79,118.28,0.49,0.42
2024-06-06,117.80,118.28,0.48,0.41
2024-06-07,117.80,118.28,0.47,0.40
2024-06-08,117.81,118.28,0.47,0.40
2024-06-09,117.82,118.28,0.46,0.39
2024-06-10,117.83,118.28,0.45,0.38
2024-06-11,117.84,118.28,0.44,0.38
2024-06-12,117.85,118.29,0.44,0.37
2024-06-13,117.86,118.29,0.43,0.36
2024-06-14,117.87,118.29,0.42,0.36
2024-06-15,117.88,118.29,0.41,0.35
2024-06-16,117.89,118.29,0.41,0.34
2024-06-17,117.90,118.29,0.40,0.34
2024-06-18,117.91,118.30,0.39,0.33
2024-06-19,117.91,118.30,0.38,0.33
2024-06-20,117.92,118.30,0.38,0.32
2024-06-21,117.93,118.30,0.37,0.31
2024-06-22,117.94,118.30,0.36,0.31
2024-06-23,117.95,118.30,0.35,0.30
2024-06-24,117.96,118.31,0.35,0.29
2024-06-25,117.97,118.31,0.34,0.29
2024-06-26,117.98,118.31,0.33,0.28
2024-06-27,117.99,118.31,0.32,0.27
2024-06-28,118.00,118.31,0.31,0.27
2024-06-29,118.01,118.31,0.31,0.26
2024-06-30,118.02,118.31,0.30,0.25
2024-07-01,118.02,118.32,0.29,0.25
2024-07-02,118.04,118.32,0.28,0.24
2024-07-03,118.05,118.32,0.27,0.23
2024-07-04,118.06,118.32,0.26,0.22
2024-07-05,118.07,118.32,0.25,0.21
2024-07-06,118.09,118.32,0.23,0.20
2024-07-07,118.10,118.32,0.22,0.19
2024-07-08,118.11,118.32,0.21,0.18
2024-07-09,118.12,118.33,0.20,0.17
2024-07-10,118.14,118.33,0.19,0.16
2024-07-11,118.15,118.33,0.18,0.15
2024-07-12,118.16,118.33,0.17,0.14
2024-07-13,118.17,118.33,0.16,0.13
2024-07-14,118.19,118.33,0.14,0.12
2024-07-15,118.20,118.33,0.13,0.11
2024-07-16,118.21,118.33,0.12,0.10
2024-07-17,118.23,118.34,0.11,0.09
2024-07-18,118.24,118.34,0.10,0.08
2024-07-19,118.25,118.34,0.09,0.08
2024-07-20,118.26,118.34,0.08,0.07
2024-07-21,118.28,118.34,0.07,0.06
2024-07-22,118.29,118.34,0.06,0.05
2024-07-23,118.30,118.35,0.05,0.04
2024-07-24,118.31,118.35,0.03,0.03
2024-07-25,118.33,118.35,0.02,0.02
2024-07-26,118.34,118.35,0.01,0.01
2024-07-27,118.35,118.35,0.00,0.00
2024-07-28,118.36,118.36,0.01,0.01
2024-07-29,118.38,118.36,0.02,0.02
2024-07-30,118.39,118.36,0.03,0.02
2024-07-31,118.40,118.36,0.04,0.03
2024-08-01,118.41,118.36,0.05,0.04
2024-08-02,118.42,118.36,0.05,0.04
2024-08-03,118.42,118.37,0.05,0.05
2024-08-04,118.42,118.37,0.06,0.05
2024-08-05,118.43,118.37,0.06,0.05
2024-08-06,118.43,118.37,0.06,0.05
2024-08-07,118.43,118.37,0.06,0.05
2024-08-08,118.44,118.38,0.06,0.05
2024-08-09,118.44,118.38,0.06,0.05
2024-08-10,118.44,118.38,0.06,0.05
2024-08-11,118.45,118.38,0.06,0.05
2024-08-12,118.45,118.39,0.06,0.05
2024-08-13,118.45,118.39,0.07,0.06
2024-08-14,118.46,118.39,0.07,0.06
2024-08-15,118.46,118.39,0.07,0.06
2024-08-16,118.46,118.40,0.07,0.06
2024-08-17,118.47,118.40,0.07,0.06
2024-08-18,118.47,118.40,0.07,0.06
2024-08-19,118.47,118.40,0.07,0.06
2024-08-20,118.48,118.40,0.07,0.06
2024-08-21,118.48,118.41,0.07,0.06
2024-08-22,118.48,118.41,0.07,0.06
2024-08-23,118.49,118.41,0.07,0.06
2024-08-24,118.49,118.41,0.08,0.06
2024-08-25,118.49,118.42,0.08,0.06
2024-08-26,118.50,118.42,0.08,0.07
2024-08-27,118.50,118.42,0.08,0.07
2024-08-28,118.50,118.42,0.08,0.07
2024-08-29,118.51,118.43,0.08,0.07
2024-08-30,118.51,118.43,0.08,0.07
2024-08-31,118.51,118.43,0.08,0.07
2024-09-01,118.52,118.43,0.08,0.07
2024-09-02,118.52,118.44,0.08,0.07
2024-09-03,118.52,118.44,0.08,0.07
2024-09-04,118.52,118.44,0.08,0.07
2024-09-05,118.52,118.44,0.08,0.07
2024-09-06,118.52,118.45,0.08,0.06
2024-09-07,118.53,118.45,0.07,0.06
2024-09-08,118.53,118.45,0.07,0.06
2024-09-09,118.53,118.46,0.07,0.06
2024-09-10,118.53,118.46,0.07,0.06
2024-09-11,118.53,118.46,0.07,0.06
2024-09-12,118.53,118.47,0.07,0.06
2024-09-13,118.53,118.47,0.06,0.05
2024-09-14,118.53,118.47,0.06,0.05
2024-09-15,118.54,118.47,0.06,0.05
2024-09-16,118.54,118.48,0.06,0.05
2024-09-17,118.54,118.48,0.06,0.05
2024-09-18,118.54,118.48,0.06,0.05
2024-09-19,118.54,118.49,0.05,0.05
2024-09-20,118.54,118.49,0.05,0.04
2024-09-21,118.54,118.49,0.05,0.04
2024-09-22,118.54,118.50,0.05,0.04
2024-09-23,118.55,118.50,0.04,0.04
2024-09-24,118.55,118.51,0.04,0.04
2024-09-25,118.55,118.51,0.04,0.03
2024-09-26,118.55,118.51,0.04,0.03
2024-09-27,118.55,118.52,0.04,0.03
2024-09-28,118.55,118.52,0.03,0.03
2024-09-29,118.55,118.52,0.03,0.03
2024-09-30,118.55,118.53,0.03,0.02
2024-10-01,118.56,118.53,0.03,0.02
2024-10-02,118.55,118.53,0.01,0.01
2024-10-03,118.54,118.54,0.00,0.00
2024-10-04,118.53,118.54,0.01,0.01
2024-10-05,118.52,118.55,0.03,0.02
2024-10-06,118.51,118.55,0.04,0.03
2024-10-07,118.50,118.55,0.05,0.04
2024-10-08,118.49,118.56,0.06,0.05
2024-10-09,118.48,118.56,0.08,0.07
2024-10-10,118.48,118.57,0.09,0.08
2024-10-11,118.47,118.57,0.10,0.09
2024-10-12,118.46,118.58,0.12,0.10
2024-10-13,118.45,118.58,0.13,0.11
2024-10-14,118.44,118.58,0.14,0.12
2024-10-15,118.43,118.59,0.16,0.13
2024-10-16,118.42,118.59,0.17,0.14
2024-10-17,118.41,118.60,0.18,0.16
2024-10-18,118.40,118.60,0.20,0.17
2024-10-19,118.40,118.61,0.21,0.18
2024-10-20,118.39,118.61,0.23,0.19
2024-10-21,118.38,118.62,0.24,0.20
2024-10-22,118.37,118.62,0.25,0.21
2024-10-23,118.36,118.63,0.27,0.23
2024-10-24,118.35,118.63,0.28,0.24
2024-10-25,118.34,118.64,0.30,0.25
2024-10-26,118.33,118.64,0.31,0.26
2024-10-27,118.32,118.65,0.32,0.27
2024-10-28,118.32,118.65,0.34,0.29
2024-10-29,118.31,118.66,0.35,0.30
2024-10-30,118.30,118.66,0.37,0.31
2024-10-31,118.29,118.67,0.38,0.32
2024-11-01,118.28,118.68,0.40,0.33
2024-11-02,118.30,118.68,0.39,0.33
2024-11-03,118.31,118.69,0.37,0.32
2024-11-04,118.33,118.69,0.36,0.31
2024-11-05,118.34,118.70,0.35,0.30
2024-11-06,118.36,118.71,0.34,0.29
2024-11-07,118.38,118.71,0.33,0.28
2024-11-08,118.39,118.72,0.32,0.27
2024-11-09,118.41,118.72,0.31,0.26
2024-11-10,118.43,118.73,0.30,0.26
2024-11-11,118.44,118.73,0.29,0.25
2024-11-12,118.46,118.74,0.28,0.24
2024-11-13,118.47,118.74,0.27,0.23
2024-11-14,118.49,118.75,0.26,0.22
2024-11-15,118.51,118.75,0.24,0.21
2024-11-16,118.52,118.75,0.23,0.20
2024-11-17,118.54,118.76,0.22,0.19
2024-11-18,118.55,118.76,0.21,0.18
2024-11-19,118.57,118.77,0.20,0.17
2024-11-20,118.59,118.77,0.19,0.16
2024-11-21,118.60,118.77,0.17,0.14
2024-11-22,118.62,118.78,0.16,0.13
2024-11-23,118.64,118.78,0.15,0.12
2024-11-24,118.65,118.79,0.13,0.11
2024-11-25,118.67,118.79,0.12,0.10
2024-11-26,118.68,118.79,0.11,0.09
2024-11-27,118.70,118.79,0.09,0.08
2024-11-28,118.72,118.80,0.08,0.07
2024-11-29,118.73,118.80,0.07,0.06
2024-11-30,118.75,118.80,0.05,0.04
2024-12-01,118.76,118.80,0.04,0.03
2024-12-02,118.79,118.80,0.01,0.01
2024-12-03,118.81,118.80,0.01,0.01
2024-12-04,118.84,118.80,0.04,0.03
2024-12-05,118.86,118.80,0.06,0.05
2024-12-06,118.89,118.80,0.09,0.07
2024-12-07,118.91,118.80,0.11,0.09
2024-12-08,118.94,118.80,0.13,0.11
2024-12-09,118.96,118.80,0.16,0.13
2024-12-10,118.98,118.80,0.18,0.15
2024-12-11,119.01,118.80,0.21,0.17
2024-12-12,119.03,118.80,0.23,0.20
2024-12-13,119.06,118.80,0.26,0.22
2024-12-14,119.08,118.80,0.28,0.24
2024-12-15,119.11,118.80,0.30,0.26
2024-12-16,119.13,118.80,0.33,0.27
2024-12-17,119.16,118.80,0.35,0.29
2024-12-18,119.18,118.81,0.38,0.31
2024-12-19,119.20,118.81,0.40,0.33
2024-12-20,119.23,118.81,0.42,0.36
2024-12-21,119.25,118.81,0.45,0.38
2024-12-22,119.28,118.81,0.47,0.39
2024-12-23,119.30,118.81,0.49,0.41
2024-12-24,119.33,118.81,0.52,0.43
2024-12-25,119.35,118.81,0.54,0.45
2024-12-26,119.38,118.81,0.56,0.47
2024-12-27,119.40,118.81,0.59,0.49
2024-12-28,119.43,118.82,0.61,0.51
2024-12-29,119.45,118.82,0.63,0.53
2024-12-30,119.47,118.82,0.66,0.55
2024-12-31,119.50,118.82,0.68,0.57
2025-01-01,119.52,118.82,0.70,0.59
2025-01-02,119.53,118.82,0.71,0.59
2025-01-03,119.55,118.83,0.72,0.60
2025-01-04,119.56,118.83,0.73,0.61
2025-01-05,119.57,118.83,0.74,0.62
2025-01-06,119.58,118.83,0.75,0.62
2025-01-07,119.59,118.84,0.75,0.63
2025-01-08,119.60,118.84,0.76,0.64
2025-01-09,119.61,118.84,0.77,0.65
2025-01-10,119.63,118.84,0.78,0.65
2025-01-11,119.64,118.85,0.79,0.66
2025-01-12,119.65,118.85,0.80,0.67
2025-01-13,119.66,118.85,0.81,0.68
2025-01-14,119.67,118.85,0.82,0.68
2025-01-15,119.68,118.85,0.83,0.69
2025-01-16,119.69,118.86,0.84,0.70
2025-01-17,119.70,118.86,0.85,0.71
2025-01-18,119.72,118.86,0.86,0.71
2025-01-19,119.73,118.86,0.86,0.72
2025-01-20,119.74,118.86,0.87,0.73
2025-01-21,119.75,118.87,0.88,0.74
2025-01-22,119.76,118.87,0.89,0.74
2025-01-23,119.77,118.87,0.90,0.75
2025-01-24,119.78,118.88,0.91,0.76
2025-01-25,119.79,118.88,0.91,0.76
2025-01-26,119.81,118.88,0.92,0.77
2025-01-27,119.82,118.89,0.93,0.78
2025-01-28,119.83,118.89,0.94,0.78
2025-01-29,119.84,118.89,0.95,0.79
2025-01-30,119.85,118.89,0.96,0.80
2025-01-31,119.86,118.90,0.97,0.81
2025-02-01,119.87,118.90,0.98,0.81
2025-02-02,119.88,118.90,0.98,0.82
2025-02-03,119.89,118.90,0.98,0.82
2025-02-04,119.90,118.91,0.99,0.82
2025-02-05,119.90,118.91,0.99,0.83
2025-02-06,119.91,118.91,1.00,0.83
2025-02-07,119.92,118.92,1.00,0.83
2025-02-08,119.92,118.92,1.00,0.84
2025-02-09,119.93,118.93,1.01,0.84
2025-02-10,119.94,118.93,1.01,0.84
2025-02-11,119.95,118.93,1.01,0.84
2025-02-12,119.95,118.93,1.02,0.85
2025-02-13,119.96,118.94,1.02,0.85
2025-02-14,119.97,118.94,1.02,0.85
2025-02-15,119.97,118.95,1.03,0.86
2025-02-16,119.98,118.95,1.03,0.86
2025-02-17,119.99,118.96,1.03,0.86
2025-02-18,120.00,118.96,1.04,0.86
2025-02-19,120.00,118.96,1.04,0.87
2025-02-20,120.01,118.97,1.04,0.87
2025-02-21,120.02,118.97,1.05,0.87
2025-02-22,120.02,118.97,1.05,0.88
2025-02-23,120.03,118.98,1.05,0.88
2025-02-24,120.04,118.98,1.06,0.88
2025-02-25,120.04,118.98,1.07,0.89
2025-02-26,120.05,118.98,1.07,0.89
2025-02-27,120.06,118.99,1.07,0.89
2025-02-28,120.07,118.99,1.08,0.90
2025-03-01,120.07,118.99,1.08,0.90
2025-03-02,120.08,119.00,1.08,0.90
2025-03-03,120.08,119.00,1.08,0.90
2025-03-04,120.08,119.00,1.08,0.90
2025-03-05,120.08,119.00,1.08,0.90
2025-03-06,120.09,119.01,1.08,0.90
2025-03-07,120.09,119.01,1.08,0.90
2025-03-08,120.09,119.02,1.08,0.90
2025-03-09,120.10,119.02,1.08,0.90
2025-03-10,120.10,119.02,1.08,0.90
2025-03-11,120.10,119.03,1.07,0.89
2025-03-12,120.10,119.03,1.07,0.89
2025-03-13,120.11,119.03,1.07,0.89
2025-03-14,120.11,119.04,1.07,0.89
2025-03-15,120.11,119.04,1.07,0.89
2025-03-16,120.11,119.05,1.07,0.89
2025-03-17,120.12,119.05,1.07,0.89
2025-03-18,120.12,119.06,1.06,0.89
2025-03-19,120.12,119.06,1.06,0.89
2025-03-20,120.13,119.07,1.06,0.88
2025-03-21,120.13,119.07,1.06,0.88
2025-03-22,120.13,119.07,1.06,0.89
2025-03-23,120.13,119.07,1.06,0.88
2025-03-24,120.14,119.08,1.06,0.88
2025-03-25,120.14,119.08,1.06,0.88
2025-03-26,120.14,119.08,1.06,0.88
2025-03-27,120.14,119.09,1.06,0.88
2025-03-28,120.15,119.09,1.05,0.88
2025-03-29,120.15,119.10,1.06,0.88
2025-03-30,120.15,119.10,1.06,0.88
2025-03-31,120.16,119.10,1.06,0.88
2025-04-01,120.16,119.10,1.06,0.88
2025-04-02,120.16,119.10,1.06,0.88
2025-04-03,120.16,119.09,1.07,0.89
2025-04-04,120.16,119.10,1.06,0.88
2025-04-05,120.16,119.11,1.05,0.87
2025-04-06,120.16,119.11,1.04,0.87
2025-04-07,120.16,119.12,1.04,0.86
2025-04-08,120.16,119.13,1.03,0.86
2025-04-09,120.16,119.13,1.03,0.86
2025-04-10,120.16,119.14,1.02,0.85
2025-04-11,120.16,119.15,1.01,0.84
2025-04-12,120.16,119.15,1.01,0.84
2025-04-13,120.16,119.15,1.01,0.84
2025-04-14,120.16,119.16,1.00,0.83
2025-04-15,120.16,119.17,0.98,0.82
2025-04-16,120.16,119.17,0.99,0.82
2025-04-17,120.16,119.18,0.98,0.81
2025-04-18,120.16,119.19,0.96,0.80
2025-04-19,120.16,119.20,0.96,0.80
2025-04-20,120.16,119.20,0.96,0.80
2025-04-21,120.16,119.21,0.95,0.79
2025-04-22,120.16,119.22,0.94,0.78
2025-04-23,120.16,119.23,0.93,0.78
2025-04-24,120.16,119.23,0.93,0.77
2025-04-25,120.16,119.23,0.93,0.77
2025-04-26,120.16,119.21,0.95,0.79
2025-04-27,120.16,119.22,0.94,0.78
2025-04-28,120.16,119.17,0.99,0.82
2025-04-29,120.16,119.18,0.98,0.81
