Date,Actual_Food and non-alcoholic beverages,Predicted_Food and non-alcoholic beverages,Actual_Miscellaneous goods and services,Predicted_Miscellaneous goods and services,Actual_Actual rentals for housing,Predicted_Actual rentals for housing,Actual_Maintenance and repair of the dwelling,Predicted_Maintenance and repair of the dwelling
2005-11-07,68.23,70.09,71.64,72.91,79.14,79.29,73.05,73.87
2005-11-08,68.26,70.28,71.67,72.81,79.14,79.25,73.06,73.88
2005-11-09,68.30,70.26,71.70,72.86,79.14,79.28,73.06,73.86
2005-11-10,68.34,70.26,71.72,72.89,79.14,79.27,73.06,73.83
2005-11-11,68.38,70.26,71.75,72.93,79.14,79.28,73.06,73.85
2005-11-12,68.41,70.26,71.78,72.96,79.14,79.29,73.07,73.85
2005-11-13,68.45,70.24,71.81,72.97,79.14,79.29,73.07,73.85
2005-11-14,68.49,70.26,71.84,72.99,79.14,79.30,73.07,73.86
2005-11-15,68.53,70.28,71.86,73.01,79.14,79.31,73.07,73.87
2005-11-16,68.56,70.30,71.89,73.02,79.14,79.30,73.08,73.88
2005-11-17,68.60,70.33,71.92,73.03,79.14,79.31,73.08,73.87
2005-11-18,68.64,70.34,71.95,73.04,79.14,79.30,73.08,73.87
2005-11-19,68.67,70.36,71.98,73.06,79.14,79.31,73.08,73.88
2005-11-20,68.71,70.38,72.01,73.08,79.14,79.30,73.09,73.89
2005-11-21,68.75,70.40,72.03,73.09,79.14,79.31,73.09,73.90
2005-11-22,68.79,70.40,72.06,73.11,79.14,79.32,73.09,73.91
2005-11-23,68.82,70.41,72.09,73.13,79.14,79.33,73.09,73.92
2005-11-24,68.86,70.43,72.12,73.15,79.14,79.33,73.10,73.93
2005-11-25,68.90,70.44,72.15,73.17,79.14,79.33,73.10,73.93
2005-11-26,68.94,70.46,72.18,73.19,79.14,79.34,73.10,73.93
2005-11-27,68.97,70.48,72.20,73.20,79.14,79.35,73.10,73.94
2005-11-28,69.01,70.49,72.23,73.22,79.14,79.35,73.11,73.95
2005-11-29,69.05,70.51,72.26,73.23,79.14,79.36,73.11,73.96
2005-11-30,69.09,70.52,72.29,73.25,79.14,79.36,73.11,73.96
2005-12-01,69.12,70.54,72.32,73.27,79.14,79.37,73.11,73.96
2005-12-02,69.17,70.55,72.31,73.29,79.14,79.37,73.12,73.97
2005-12-03,69.21,70.57,72.31,73.30,79.14,79.37,73.12,73.97
2005-12-04,69.25,70.58,72.30,73.32,79.14,79.38,73.12,73.97
2005-12-05,69.29,70.58,72.30,73.34,79.14,79.38,73.12,73.98
2005-12-06,69.34,70.60,72.29,73.35,79.14,79.38,73.13,73.99
2005-12-07,69.38,70.62,72.29,73.37,79.14,79.39,73.13,73.99
2005-12-08,69.42,70.63,72.28,73.38,79.14,79.39,73.13,74.00
2005-12-09,69.46,70.65,72.28,73.40,79.14,79.40,73.13,74.01
2005-12-10,69.51,70.66,72.28,73.41,79.14,79.40,73.13,74.01
2005-12-11,69.55,70.67,72.27,73.42,79.14,79.40,73.14,74.02
2005-12-12,69.59,70.68,72.27,73.44,79.14,79.41,73.14,74.02
2005-12-13,69.64,70.69,72.26,73.45,79.14,79.41,73.14,74.02
2005-12-14,69.68,70.70,72.26,73.47,79.14,79.41,73.14,74.03
2005-12-15,69.72,70.71,72.25,73.48,79.14,79.42,73.15,74.03
2005-12-16,69.76,70.72,72.25,73.49,79.14,79.42,73.15,74.04
2005-12-17,69.81,70.73,72.24,73.50,79.14,79.42,73.15,74.04
2005-12-18,69.85,70.74,72.24,73.51,79.14,79.43,73.15,74.04
2005-12-19,69.89,70.75,72.23,73.52,79.14,79.43,73.16,74.05
2005-12-20,69.94,70.76,72.23,73.53,79.14,79.43,73.16,74.05
2005-12-21,69.98,70.78,72.23,73.54,79.14,79.44,73.16,74.06
2005-12-22,70.02,70.78,72.22,73.55,79.14,79.44,73.16,74.06
2005-12-23,70.06,70.79,72.22,73.56,79.14,79.44,73.17,74.06
2005-12-24,70.11,70.80,72.21,73.57,79.14,79.44,73.17,74.06
2005-12-25,70.15,70.81,72.21,73.57,79.14,79.45,73.17,74.07
2005-12-26,70.19,70.82,72.20,73.58,79.14,79.45,73.17,74.07
2005-12-27,70.24,70.83,72.20,73.59,79.14,79.45,73.17,74.07
2005-12-28,70.28,70.84,72.19,73.60,79.14,79.45,73.18,74.08
2005-12-29,70.32,70.85,72.19,73.60,79.14,79.46,73.18,74.08
2005-12-30,70.36,70.85,72.18,73.61,79.14,79.46,73.18,74.08
2005-12-31,70.41,70.86,72.18,73.62,79.14,79.46,73.18,74.09
2006-01-01,70.45,70.87,72.18,73.62,79.14,79.47,73.19,74.09
2006-01-02,70.44,70.88,72.18,73.63,79.14,79.47,73.19,74.09
2006-01-03,70.43,70.89,72.18,73.64,79.14,79.47,73.20,74.09
2006-01-04,70.42,70.90,72.19,73.64,79.15,79.47,73.20,74.09
2006-01-05,70.41,70.90,72.19,73.65,79.15,79.47,73.21,74.09
2006-01-06,70.41,70.91,72.20,73.66,79.15,79.48,73.21,74.09
2006-01-07,70.40,70.91,72.20,73.67,79.15,79.48,73.21,74.10
2006-01-08,70.39,70.92,72.21,73.67,79.16,79.48,73.22,74.09
2006-01-09,70.38,70.92,72.21,73.68,79.16,79.48,73.22,74.10
2006-01-10,70.37,70.92,72.22,73.69,79.16,79.48,73.23,74.10
2006-01-11,70.36,70.93,72.22,73.69,79.16,79.49,73.23,74.10
2006-01-12,70.35,70.93,72.23,73.70,79.17,79.49,73.24,74.10
2006-01-13,70.34,70.94,72.23,73.70,79.17,79.49,73.24,74.10
2006-01-14,70.33,70.94,72.23,73.71,79.17,79.49,73.25,74.10
2006-01-15,70.32,70.94,72.24,73.71,79.17,79.49,73.25,74.11
2006-01-16,70.31,70.94,72.24,73.72,79.18,79.49,73.26,74.11
2006-01-17,70.31,70.94,72.25,73.72,79.18,79.49,73.26,74.11
2006-01-18,70.30,70.94,72.25,73.73,79.18,79.50,73.27,74.11
2006-01-19,70.29,70.94,72.26,73.74,79.18,79.50,73.27,74.11
2006-01-20,70.28,70.94,72.26,73.74,79.19,79.50,73.28,74.12
2006-01-21,70.27,70.94,72.27,73.75,79.19,79.50,73.28,74.12
2006-01-22,70.26,70.94,72.27,73.76,79.19,79.50,73.28,74.12
2006-01-23,70.25,70.94,72.28,73.76,79.19,79.51,73.29,74.12
2006-01-24,70.24,70.94,72.28,73.77,79.20,79.51,73.29,74.12
2006-01-25,70.23,70.94,72.28,73.77,79.20,79.51,73.30,74.12
2006-01-26,70.22,70.94,72.29,73.78,79.20,79.51,73.30,74.13
2006-01-27,70.22,70.94,72.29,73.79,79.20,79.51,73.31,74.12
2006-01-28,70.21,70.94,72.30,73.79,79.21,79.51,73.31,74.13
2006-01-29,70.20,70.93,72.30,73.80,79.21,79.51,73.32,74.13
2006-01-30,70.19,70.93,72.31,73.81,79.21,79.51,73.32,74.13
2006-01-31,70.18,70.93,72.31,73.81,79.21,79.52,73.33,74.13
2006-02-01,70.17,70.92,72.32,73.82,79.22,79.52,73.33,74.13
2006-02-02,70.17,70.92,72.34,73.83,79.22,79.52,73.33,74.13
2006-02-03,70.18,70.92,72.37,73.83,79.22,79.52,73.34,74.13
2006-02-04,70.18,70.91,72.39,73.84,79.22,79.52,73.34,74.14
2006-02-05,70.18,70.91,72.42,73.85,79.22,79.53,73.34,74.14
2006-02-06,70.18,70.91,72.44,73.85,79.22,79.53,73.34,74.14
2006-02-07,70.19,70.90,72.47,73.86,79.22,79.53,73.35,74.14
2006-02-08,70.19,70.90,72.49,73.87,79.22,79.53,73.35,74.14
2006-02-09,70.19,70.90,72.52,73.88,79.22,79.53,73.35,74.15
2006-02-10,70.19,70.90,72.54,73.89,79.22,79.54,73.35,74.15
2006-02-11,70.20,70.89,72.57,73.90,79.22,79.54,73.36,74.15
2006-02-12,70.20,70.89,72.59,73.90,79.22,79.54,73.36,74.15
2006-02-13,70.20,70.89,72.62,73.91,79.22,79.54,73.36,74.15
2006-02-14,70.20,70.88,72.65,73.92,79.22,79.55,73.37,74.15
2006-02-15,70.21,70.88,72.67,73.93,79.22,79.55,73.37,74.15
2006-02-16,70.21,70.87,72.70,73.94,79.22,79.55,73.37,74.16
2006-02-17,70.21,70.87,72.72,73.95,79.22,79.55,73.37,74.16
2006-02-18,70.21,70.87,72.75,73.96,79.22,79.55,73.38,74.16
2006-02-19,70.22,70.86,72.77,73.97,79.22,79.56,73.38,74.16
2006-02-20,70.22,70.86,72.80,73.98,79.22,79.56,73.38,74.16
2006-02-21,70.22,70.86,72.82,73.99,79.22,79.56,73.38,74.17
2006-02-22,70.22,70.85,72.85,74.00,79.22,79.56,73.39,74.17
2006-02-23,70.23,70.85,72.87,74.01,79.22,79.56,73.39,74.17
2006-02-24,70.23,70.85,72.90,74.02,79.22,79.57,73.39,74.17
2006-02-25,70.23,70.84,72.92,74.03,79.22,79.57,73.39,74.17
2006-02-26,70.23,70.84,72.95,74.04,79.22,79.57,73.40,74.18
2006-02-27,70.24,70.83,72.97,74.05,79.22,79.58,73.40,74.18
2006-02-28,70.24,70.83,73.00,74.06,79.22,79.58,73.40,74.18
2006-03-01,70.24,70.83,73.02,74.07,79.22,79.58,73.40,74.18
2006-03-02,70.23,70.82,73.06,74.08,79.22,79.58,73.41,74.19
2006-03-03,70.23,70.82,73.09,74.09,79.22,79.58,73.41,74.19
2006-03-04,70.22,70.82,73.12,74.10,79.22,79.59,73.41,74.19
2006-03-05,70.21,70.81,73.15,74.11,79.23,79.59,73.41,74.19
2006-03-06,70.21,70.81,73.18,74.12,79.23,79.59,73.42,74.19
2006-03-07,70.20,70.81,73.22,74.13,79.23,79.59,73.42,74.20
2006-03-08,70.19,70.80,73.25,74.14,79.23,79.60,73.42,74.20
2006-03-09,70.19,70.80,73.28,74.15,79.24,79.60,73.42,74.20
2006-03-10,70.18,70.80,73.31,74.17,79.24,79.60,73.43,74.20
2006-03-11,70.17,70.79,73.34,74.17,79.24,79.61,73.43,74.21
2006-03-12,70.17,70.79,73.38,74.18,79.24,79.61,73.43,74.21
2006-03-13,70.16,70.79,73.41,74.20,79.25,79.61,73.43,74.21
2006-03-14,70.15,70.79,73.44,74.21,79.25,79.62,73.43,74.22
2006-03-15,70.15,70.79,73.47,74.22,79.25,79.62,73.44,74.22
2006-03-16,70.14,70.79,73.50,74.23,79.25,79.62,73.44,74.22
2006-03-17,70.13,70.78,73.54,74.24,79.26,79.63,73.44,74.23
2006-03-18,70.13,70.78,73.57,74.25,79.26,79.63,73.44,74.23
2006-03-19,70.12,70.78,73.60,74.27,79.26,79.63,73.45,74.23
2006-03-20,70.11,70.78,73.63,74.28,79.26,79.64,73.45,74.24
2006-03-21,70.11,70.78,73.66,74.29,79.27,79.64,73.45,74.24
2006-03-22,70.10,70.78,73.70,74.30,79.27,79.64,73.45,74.25
2006-03-23,70.09,70.78,73.73,74.31,79.27,79.65,73.46,74.25
2006-03-24,70.09,70.78,73.76,74.33,79.28,79.65,73.46,74.25
2006-03-25,70.08,70.78,73.79,74.34,79.28,79.66,73.46,74.26
2006-03-26,70.07,70.78,73.82,74.35,79.28,79.66,73.46,74.26
2006-03-27,70.06,70.78,73.86,74.37,79.28,79.66,73.46,74.26
2006-03-28,70.06,70.78,73.89,74.38,79.29,79.67,73.47,74.27
2006-03-29,70.05,70.78,73.92,74.39,79.29,79.67,73.47,74.27
2006-03-30,70.04,70.78,73.95,74.41,79.29,79.68,73.47,74.28
2006-03-31,70.04,70.79,73.98,74.42,79.29,79.68,73.47,74.28
2006-04-01,70.03,70.79,74.02,74.44,79.30,79.69,73.48,74.28
2006-04-02,70.01,70.79,74.06,74.45,79.30,79.69,73.48,74.29
2006-04-03,69.99,70.79,74.10,74.47,79.30,79.70,73.49,74.29
2006-04-04,69.97,70.79,74.14,74.48,79.30,79.70,73.49,74.30
2006-04-05,69.95,70.80,74.19,74.50,79.31,79.71,73.50,74.30
2006-04-06,69.93,70.80,74.23,74.51,79.31,79.71,73.50,74.31
2006-04-07,69.91,70.80,74.27,74.53,79.31,79.71,73.51,74.31
2006-04-08,69.88,70.80,74.31,74.54,79.31,79.72,73.51,74.31
2006-04-09,69.86,70.80,74.36,74.56,79.32,79.72,73.51,74.32
2006-04-10,69.84,70.81,74.40,74.57,79.32,79.73,73.52,74.32
2006-04-11,69.82,70.81,74.44,74.59,79.32,79.73,73.52,74.33
2006-04-12,69.80,70.81,74.48,74.60,79.32,79.74,73.53,74.33
2006-04-13,69.78,70.81,74.53,74.62,79.33,79.74,73.53,74.34
2006-04-14,69.76,70.81,74.57,74.63,79.33,79.75,73.54,74.34
2006-04-15,69.74,70.81,74.61,74.65,79.33,79.75,73.54,74.34
2006-04-16,69.72,70.81,74.65,74.66,79.34,79.75,73.55,74.35
2006-04-17,69.70,70.82,74.70,74.68,79.34,79.76,73.55,74.35
2006-04-18,69.67,70.82,74.74,74.69,79.34,79.76,73.56,74.35
2006-04-19,69.65,70.82,74.78,74.71,79.34,79.77,73.56,74.36
2006-04-20,69.63,70.82,74.82,74.72,79.35,79.77,73.57,74.36
2006-04-21,69.61,70.82,74.87,74.74,79.35,79.77,73.57,74.37
2006-04-22,69.59,70.82,74.91,74.75,79.35,79.78,73.58,74.37
2006-04-23,69.57,70.83,74.95,74.76,79.35,79.78,73.58,74.37
2006-04-24,69.55,70.83,74.99,74.78,79.36,79.79,73.59,74.38
2006-04-25,69.53,70.83,75.04,74.79,79.36,79.79,73.59,74.38
2006-04-26,69.51,70.83,75.08,74.81,79.36,79.79,73.60,74.39
2006-04-27,69.49,70.83,75.12,74.82,79.36,79.80,73.60,74.39
2006-04-28,69.46,70.84,75.16,74.83,79.37,79.80,73.61,74.40
2006-04-29,69.44,70.84,75.20,74.85,79.37,79.81,73.61,74.40
2006-04-30,69.42,70.84,75.25,74.86,79.37,79.81,73.62,74.40
2006-05-01,69.40,70.84,75.29,74.88,79.37,79.81,73.62,74.41
2006-05-02,69.38,70.84,75.26,74.89,79.37,79.82,73.65,74.41
2006-05-03,69.36,70.84,75.24,74.91,79.37,79.82,73.68,74.41
2006-05-04,69.34,70.84,75.21,74.92,79.37,79.83,73.71,74.42
2006-05-05,69.32,70.85,75.19,74.93,79.37,79.83,73.74,74.42
2006-05-06,69.30,70.85,75.16,74.95,79.37,79.83,73.77,74.43
2006-05-07,69.28,70.85,75.14,74.96,79.37,79.84,73.80,74.43
2006-05-08,69.26,70.85,75.11,74.97,79.37,79.84,73.83,74.43
2006-05-09,69.24,70.85,75.09,74.98,79.37,79.84,73.86,74.44
2006-05-10,69.22,70.85,75.06,74.99,79.37,79.85,73.89,74.44
2006-05-11,69.20,70.85,75.04,75.00,79.37,79.85,73.92,74.44
2006-05-12,69.18,70.85,75.01,75.01,79.37,79.85,73.95,74.45
2006-05-13,69.16,70.85,74.99,75.03,79.37,79.86,73.99,74.45
2006-05-14,69.14,70.86,74.96,75.04,79.37,79.86,74.02,74.46
2006-05-15,69.12,70.86,74.94,75.05,79.37,79.86,74.05,74.46
2006-05-16,69.10,70.86,74.91,75.06,79.37,79.87,74.08,74.46
2006-05-17,69.08,70.86,74.89,75.06,79.37,79.87,74.11,74.47
2006-05-18,69.06,70.86,74.86,75.07,79.37,79.87,74.14,74.47
2006-05-19,69.04,70.86,74.84,75.08,79.37,79.88,74.17,74.47
2006-05-20,69.02,70.87,74.81,75.09,79.37,79.88,74.20,74.48
2006-05-21,69.00,70.87,74.79,75.10,79.37,79.88,74.23,74.48
2006-05-22,68.98,70.87,74.76,75.11,79.37,79.88,74.26,74.49
2006-05-23,68.96,70.87,74.74,75.12,79.37,79.89,74.29,74.49
2006-05-24,68.93,70.87,74.71,75.13,79.37,79.89,74.32,74.49
2006-05-25,68.91,70.88,74.69,75.14,79.37,79.89,74.35,74.50
2006-05-26,68.89,70.88,74.66,75.14,79.37,79.89,74.38,74.50
2006-05-27,68.87,70.88,74.64,75.15,79.37,79.90,74.41,74.50
2006-05-28,68.85,70.88,74.61,75.16,79.37,79.90,74.44,74.51
2006-05-29,68.83,70.89,74.59,75.17,79.37,79.90,74.47,74.51
2006-05-30,68.81,70.89,74.56,75.17,79.37,79.90,74.50,74.52
2006-05-31,68.79,70.89,74.54,75.18,79.37,79.91,74.53,74.52
2006-06-01,68.77,70.90,74.51,75.19,79.37,79.91,74.56,74.52
2006-06-02,68.79,70.90,74.53,75.19,79.38,79.91,74.56,74.53
2006-06-03,68.80,70.90,74.54,75.20,79.38,79.91,74.56,74.53
2006-06-04,68.81,70.91,74.56,75.21,79.38,79.92,74.56,74.53
2006-06-05,68.83,70.91,74.58,75.22,79.39,79.92,74.56,74.54
2006-06-06,68.84,70.91,74.59,75.22,79.39,79.92,74.56,74.54
2006-06-07,68.86,70.92,74.61,75.23,79.39,79.92,74.56,74.55
2006-06-08,68.87,70.92,74.63,75.24,79.39,79.93,74.56,74.55
2006-06-09,68.88,70.93,74.64,75.25,79.40,79.93,74.56,74.56
2006-06-10,68.90,70.93,74.66,75.25,79.40,79.93,74.56,74.56
2006-06-11,68.91,70.94,74.68,75.26,79.40,79.93,74.56,74.56
2006-06-12,68.93,70.94,74.69,75.27,79.40,79.94,74.56,74.57
2006-06-13,68.94,70.95,74.71,75.28,79.41,79.94,74.56,74.57
2006-06-14,68.95,70.95,74.73,75.29,79.41,79.94,74.56,74.58
2006-06-15,68.97,70.96,74.74,75.30,79.41,79.95,74.56,74.58
2006-06-16,68.98,70.96,74.76,75.30,79.41,79.95,74.56,74.59
2006-06-17,69.00,70.97,74.78,75.31,79.42,79.95,74.56,74.59
2006-06-18,69.01,70.97,74.79,75.32,79.42,79.95,74.56,74.59
2006-06-19,69.02,70.98,74.81,75.33,79.42,79.96,74.56,74.60
2006-06-20,69.04,70.98,74.82,75.33,79.43,79.96,74.56,74.60
2006-06-21,69.05,70.99,74.84,75.34,79.43,79.96,74.56,74.61
2006-06-22,69.07,71.00,74.86,75.35,79.43,79.97,74.56,74.61
2006-06-23,69.08,71.00,74.87,75.36,79.43,79.97,74.56,74.61
2006-06-24,69.09,71.01,74.89,75.37,79.44,79.97,74.56,74.62
2006-06-25,69.11,71.02,74.91,75.38,79.44,79.98,74.56,74.62
2006-06-26,69.12,71.02,74.92,75.38,79.44,79.98,74.56,74.63
2006-06-27,69.14,71.03,74.94,75.39,79.44,79.98,74.56,74.63
2006-06-28,69.15,71.04,74.96,75.40,79.45,79.99,74.56,74.64
2006-06-29,69.16,71.05,74.97,75.41,79.45,79.99,74.56,74.64
2006-06-30,69.18,71.05,74.99,75.42,79.45,79.99,74.56,74.64
2006-07-01,69.19,71.06,75.01,75.43,79.46,80.00,74.56,74.65
2006-07-02,69.28,71.07,75.02,75.44,79.46,80.00,74.57,74.65
2006-07-03,69.36,71.07,75.03,75.45,79.46,80.00,74.57,74.65
2006-07-04,69.45,71.08,75.04,75.46,79.46,80.01,74.57,74.66
2006-07-05,69.54,71.09,75.05,75.46,79.47,80.01,74.57,74.66
2006-07-06,69.62,71.10,75.06,75.47,79.47,80.01,74.58,74.67
2006-07-07,69.71,71.11,75.07,75.48,79.47,80.02,74.58,74.67
2006-07-08,69.79,71.11,75.09,75.49,79.47,80.02,74.58,74.68
2006-07-09,69.88,71.12,75.10,75.50,79.48,80.02,74.58,74.68
2006-07-10,69.96,71.13,75.11,75.51,79.48,80.03,74.58,74.68
2006-07-11,70.05,71.14,75.12,75.52,79.48,80.03,74.59,74.69
2006-07-12,70.14,71.15,75.13,75.53,79.48,80.03,74.59,74.69
2006-07-13,70.22,71.16,75.14,75.53,79.49,80.03,74.59,74.69
2006-07-14,70.31,71.16,75.15,75.54,79.49,80.04,74.59,74.70
2006-07-15,70.39,71.17,75.17,75.55,79.49,80.04,74.60,74.70
2006-07-16,70.48,71.18,75.18,75.56,79.49,80.04,74.60,74.70
2006-07-17,70.56,71.19,75.19,75.57,79.50,80.05,74.60,74.71
2006-07-18,70.65,71.20,75.20,75.57,79.50,80.05,74.60,74.71
2006-07-19,70.73,71.21,75.21,75.58,79.50,80.05,74.61,74.71
2006-07-20,70.82,71.22,75.22,75.59,79.50,80.06,74.61,74.72
2006-07-21,70.91,71.22,75.23,75.60,79.51,80.06,74.61,74.72
2006-07-22,70.99,71.23,75.25,75.61,79.51,80.06,74.61,74.72
2006-07-23,71.08,71.24,75.26,75.62,79.51,80.07,74.61,74.73
2006-07-24,71.16,71.25,75.27,75.62,79.51,80.07,74.62,74.73
2006-07-25,71.25,71.26,75.28,75.63,79.52,80.07,74.62,74.73
2006-07-26,71.33,71.27,75.29,75.64,79.52,80.08,74.62,74.73
2006-07-27,71.42,71.28,75.30,75.65,79.52,80.08,74.62,74.74
2006-07-28,71.51,71.28,75.31,75.65,79.52,80.08,74.63,74.74
2006-07-29,71.59,71.29,75.33,75.66,79.53,80.09,74.63,74.74
2006-07-30,71.68,71.30,75.34,75.67,79.53,80.09,74.63,74.74
2006-07-31,71.76,71.31,75.35,75.68,79.53,80.09,74.63,74.75
2006-08-01,71.85,71.32,75.36,75.69,79.53,80.09,74.64,74.75
2006-08-02,71.87,71.33,75.36,75.69,79.54,80.10,74.64,74.75
2006-08-03,71.89,71.33,75.36,75.70,79.54,80.10,74.64,74.75
2006-08-04,71.92,71.34,75.35,75.71,79.54,80.10,74.64,74.76
2006-08-05,71.94,71.35,75.35,75.72,79.54,80.11,74.65,74.76
2006-08-06,71.96,71.36,75.35,75.72,79.55,80.11,74.65,74.76
2006-08-07,71.98,71.37,75.35,75.73,79.55,80.11,74.65,74.76
2006-08-08,72.01,71.37,75.34,75.74,79.55,80.12,74.65,74.76
2006-08-09,72.03,71.38,75.34,75.75,79.55,80.12,74.65,74.77
2006-08-10,72.05,71.39,75.34,75.75,79.56,80.12,74.66,74.77
2006-08-11,72.07,71.40,75.34,75.76,79.56,80.13,74.66,74.77
2006-08-12,72.10,71.40,75.33,75.77,79.56,80.13,74.66,74.77
2006-08-13,72.12,71.41,75.33,75.77,79.56,80.13,74.66,74.77
2006-08-14,72.14,71.42,75.33,75.78,79.57,80.13,74.67,74.77
2006-08-15,72.16,71.42,75.33,75.79,79.57,80.14,74.67,74.78
2006-08-16,72.19,71.43,75.33,75.79,79.57,80.14,74.67,74.78
2006-08-17,72.21,71.44,75.32,75.80,79.57,80.14,74.67,74.78
2006-08-18,72.23,71.44,75.32,75.81,79.58,80.15,74.68,74.78
2006-08-19,72.25,71.45,75.32,75.82,79.58,80.15,74.68,74.78
2006-08-20,72.28,71.46,75.32,75.82,79.58,80.15,74.68,74.78
2006-08-21,72.30,71.46,75.31,75.83,79.58,80.15,74.68,74.78
2006-08-22,72.32,71.47,75.31,75.84,79.59,80.16,74.69,74.79
2006-08-23,72.34,71.47,75.31,75.84,79.59,80.16,74.69,74.79
2006-08-24,72.37,71.48,75.31,75.85,79.59,80.16,74.69,74.79
2006-08-25,72.39,71.48,75.31,75.86,79.59,80.17,74.69,74.79
2006-08-26,72.41,71.49,75.30,75.86,79.60,80.17,74.69,74.79
2006-08-27,72.44,71.49,75.30,75.87,79.60,80.17,74.70,74.79
2006-08-28,72.46,71.50,75.30,75.88,79.60,80.17,74.70,74.79
2006-08-29,72.48,71.50,75.30,75.88,79.60,80.18,74.70,74.79
2006-08-30,72.50,71.50,75.29,75.89,79.61,80.18,74.70,74.80
2006-08-31,72.53,71.51,75.29,75.90,79.61,80.18,74.71,74.80
2006-09-01,72.55,71.51,75.29,75.90,79.61,80.19,74.71,74.80
2006-09-02,72.50,71.51,75.29,75.91,79.62,80.19,74.71,74.80
2006-09-03,72.45,71.52,75.28,75.91,79.63,80.19,74.71,74.80
2006-09-04,72.39,71.52,75.28,75.92,79.64,80.19,74.72,74.80
2006-09-05,72.34,71.52,75.27,75.93,79.64,80.20,74.72,74.80
2006-09-06,72.29,71.52,75.27,75.93,79.65,80.20,74.72,74.80
2006-09-07,72.24,71.53,75.26,75.94,79.66,80.20,74.72,74.80
2006-09-08,72.19,71.53,75.26,75.94,79.67,80.21,74.73,74.80
2006-09-09,72.14,71.53,75.25,75.95,79.68,80.21,74.73,74.80
2006-09-10,72.09,71.53,75.25,75.96,79.68,80.21,74.73,74.80
2006-09-11,72.03,71.53,75.24,75.96,79.69,80.21,74.73,74.81
2006-09-12,71.98,71.53,75.24,75.97,79.70,80.22,74.73,74.81
2006-09-13,71.93,71.53,75.23,75.97,79.71,80.22,74.74,74.81
2006-09-14,71.88,71.54,75.23,75.98,79.72,80.22,74.74,74.81
2006-09-15,71.83,71.54,75.22,75.99,79.72,80.22,74.74,74.81
2006-09-16,71.78,71.54,75.22,75.99,79.73,80.23,74.74,74.81
2006-09-17,71.73,71.54,75.21,76.00,79.74,80.23,74.75,74.81
2006-09-18,71.68,71.54,75.21,76.00,79.75,80.23,74.75,74.81
2006-09-19,71.62,71.54,75.20,76.01,79.76,80.24,74.75,74.81
2006-09-20,71.57,71.54,75.20,76.02,79.76,80.24,74.75,74.81
2006-09-21,71.52,71.53,75.20,76.02,79.77,80.24,74.76,74.81
2006-09-22,71.47,71.53,75.19,76.03,79.78,80.24,74.76,74.81
2006-09-23,71.42,71.53,75.19,76.03,79.79,80.25,74.76,74.81
2006-09-24,71.37,71.53,75.18,76.04,79.79,80.25,74.76,74.81
2006-09-25,71.32,71.53,75.18,76.05,79.80,80.25,74.77,74.81
2006-09-26,71.27,71.53,75.17,76.05,79.81,80.25,74.77,74.81
2006-09-27,71.21,71.53,75.17,76.06,79.82,80.26,74.77,74.81
2006-09-28,71.16,71.53,75.16,76.06,79.83,80.26,74.77,74.82
2006-09-29,71.11,71.53,75.16,76.07,79.83,80.26,74.78,74.82
2006-09-30,71.06,71.52,75.15,76.07,79.84,80.26,74.78,74.82
2006-10-01,71.01,71.52,75.15,76.08,79.85,80.27,74.78,74.82
2006-10-02,70.95,71.52,75.16,76.09,79.86,80.27,74.78,74.82
2006-10-03,70.89,71.52,75.17,76.09,79.86,80.27,74.78,74.82
2006-10-04,70.83,71.52,75.18,76.10,79.87,80.28,74.78,74.82
2006-10-05,70.77,71.51,75.19,76.10,79.87,80.28,74.78,74.82
2006-10-06,70.70,71.51,75.21,76.11,79.88,80.28,74.78,74.82
2006-10-07,70.64,71.51,75.22,76.11,79.88,80.28,74.78,74.82
2006-10-08,70.58,71.51,75.23,76.12,79.89,80.29,74.78,74.82
2006-10-09,70.52,71.51,75.24,76.13,79.89,80.29,74.78,74.82
2006-10-10,70.46,71.50,75.25,76.13,79.90,80.29,74.78,74.82
2006-10-11,70.40,71.50,75.26,76.14,79.90,80.30,74.78,74.82
2006-10-12,70.34,71.50,75.27,76.15,79.91,80.30,74.78,74.82
2006-10-13,70.28,71.50,75.28,76.15,79.91,80.30,74.78,74.82
2006-10-14,70.22,71.50,75.30,76.16,79.92,80.30,74.78,74.82
2006-10-15,70.16,71.49,75.31,76.17,79.92,80.31,74.78,74.82
2006-10-16,70.10,71.49,75.32,76.17,79.93,80.31,74.78,74.82
2006-10-17,70.04,71.49,75.33,76.18,79.93,80.31,74.78,74.82
2006-10-18,69.97,71.49,75.34,76.19,79.94,80.32,74.78,74.82
2006-10-19,69.91,71.49,75.35,76.19,79.94,80.32,74.78,74.83
2006-10-20,69.85,71.48,75.36,76.20,79.95,80.32,74.78,74.83
2006-10-21,69.79,71.48,75.38,76.21,79.95,80.33,74.78,74.83
2006-10-22,69.73,71.48,75.39,76.21,79.96,80.33,74.78,74.83
2006-10-23,69.67,71.48,75.40,76.22,79.96,80.33,74.78,74.83
2006-10-24,69.61,71.48,75.41,76.23,79.97,80.34,74.78,74.83
2006-10-25,69.55,71.47,75.42,76.24,79.97,80.34,74.78,74.83
2006-10-26,69.49,71.47,75.43,76.24,79.98,80.34,74.78,74.83
2006-10-27,69.43,71.47,75.44,76.25,79.98,80.35,74.78,74.83
2006-10-28,69.37,71.47,75.46,76.26,79.99,80.35,74.78,74.83
2006-10-29,69.30,71.47,75.47,76.27,79.99,80.35,74.78,74.84
2006-10-30,69.24,71.47,75.48,76.27,80.00,80.36,74.78,74.84
2006-10-31,69.18,71.47,75.49,76.28,80.00,80.36,74.78,74.84
2006-11-01,69.12,71.46,75.50,76.29,80.01,80.36,74.78,74.84
2006-11-02,69.16,71.46,75.51,76.30,80.01,80.37,74.78,74.84
2006-11-03,69.19,71.46,75.51,76.30,80.02,80.37,74.79,74.84
2006-11-04,69.23,71.46,75.52,76.31,80.02,80.37,74.79,74.84
2006-11-05,69.26,71.46,75.52,76.32,80.03,80.38,74.79,74.84
2006-11-06,69.30,71.46,75.53,76.33,80.04,80.38,74.79,74.84
2006-11-07,69.33,71.46,75.53,76.34,80.04,80.38,74.80,74.85
2006-11-08,69.37,71.46,75.53,76.34,80.05,80.39,74.80,74.85
2006-11-09,69.40,71.46,75.54,76.35,80.05,80.39,74.80,74.85
2006-11-10,69.44,71.47,75.54,76.36,80.06,80.39,74.80,74.86
2006-11-11,69.47,71.47,75.55,76.37,80.06,80.39,74.80,74.86
2006-11-12,69.51,71.47,75.55,76.38,80.07,80.40,74.81,74.86
2006-11-13,69.54,71.47,75.56,76.39,80.07,80.40,74.81,74.87
2006-11-14,69.58,71.47,75.56,76.39,80.08,80.40,74.81,74.87
2006-11-15,69.61,71.47,75.57,76.40,80.08,80.41,74.81,74.87
2006-11-16,69.65,71.48,75.57,76.41,80.09,80.41,74.82,74.88
2006-11-17,69.68,71.48,75.58,76.42,80.09,80.41,74.82,74.88
2006-11-18,69.72,71.48,75.58,76.43,80.10,80.42,74.82,74.88
2006-11-19,69.75,71.48,75.59,76.43,80.10,80.42,74.82,74.88
2006-11-20,69.79,71.48,75.59,76.44,80.11,80.42,74.83,74.89
2006-11-21,69.82,71.49,75.60,76.45,80.11,80.42,74.83,74.89
2006-11-22,69.86,71.49,75.60,76.46,80.12,80.43,74.83,74.89
2006-11-23,69.89,71.49,75.61,76.46,80.12,80.43,74.83,74.90
2006-11-24,69.93,71.49,75.61,76.47,80.13,80.43,74.84,74.90
2006-11-25,69.96,71.50,75.62,76.48,80.14,80.44,74.84,74.90
2006-11-26,70.00,71.50,75.62,76.49,80.14,80.44,74.84,74.90
2006-11-27,70.03,71.50,75.63,76.49,80.15,80.44,74.84,74.91
2006-11-28,70.07,71.51,75.63,76.50,80.15,80.44,74.85,74.91
2006-11-29,70.10,71.51,75.63,76.51,80.16,80.45,74.85,74.91
2006-11-30,70.14,71.51,75.64,76.52,80.16,80.45,74.85,74.91
2006-12-01,70.17,71.52,75.64,76.53,80.17,80.45,74.85,74.92
2006-12-02,70.18,71.52,75.64,76.53,80.17,80.46,74.86,74.92
2006-12-03,70.19,71.52,75.64,76.54,80.18,80.46,74.86,74.92
2006-12-04,70.20,71.53,75.64,76.55,80.18,80.46,74.86,74.92
2006-12-05,70.22,71.53,75.64,76.56,80.19,80.46,74.86,74.93
2006-12-06,70.23,71.53,75.64,76.56,80.19,80.47,74.87,74.93
2006-12-07,70.24,71.54,75.64,76.57,80.20,80.47,74.87,74.93
2006-12-08,70.25,71.54,75.64,76.58,80.20,80.47,74.87,74.93
2006-12-09,70.26,71.54,75.64,76.59,80.21,80.47,74.87,74.94
2006-12-10,70.27,71.55,75.64,76.59,80.21,80.48,74.87,74.94
2006-12-11,70.28,71.55,75.64,76.60,80.22,80.48,74.88,74.94
2006-12-12,70.29,71.56,75.64,76.61,80.22,80.48,74.88,74.94
2006-12-13,70.31,71.56,75.64,76.62,80.23,80.49,74.88,74.95
2006-12-14,70.32,71.57,75.64,76.62,80.23,80.49,74.88,74.95
2006-12-15,70.33,71.57,75.64,76.63,80.24,80.49,74.89,74.95
2006-12-16,70.34,71.57,75.64,76.64,80.24,80.49,74.89,74.95
2006-12-17,70.35,71.58,75.64,76.65,80.25,80.50,74.89,74.96
2006-12-18,70.36,71.58,75.64,76.66,80.25,80.50,74.89,74.96
2006-12-19,70.37,71.59,75.64,76.66,80.26,80.50,74.90,74.96
2006-12-20,70.39,71.59,75.64,76.67,80.26,80.50,74.90,74.96
2006-12-21,70.40,71.60,75.64,76.68,80.27,80.51,74.90,74.96
2006-12-22,70.41,71.60,75.64,76.69,80.27,80.51,74.90,74.97
2006-12-23,70.42,71.60,75.64,76.70,80.28,80.51,74.90,74.97
2006-12-24,70.43,71.61,75.64,76.70,80.28,80.52,74.91,74.97
2006-12-25,70.44,71.61,75.64,76.71,80.29,80.52,74.91,74.97
2006-12-26,70.45,71.62,75.64,76.72,80.29,80.52,74.91,74.98
2006-12-27,70.46,71.62,75.64,76.73,80.30,80.52,74.91,74.98
2006-12-28,70.48,71.63,75.64,76.74,80.31,80.53,74.92,74.98
2006-12-29,70.49,71.63,75.64,76.74,80.31,80.53,74.92,74.98
2006-12-30,70.50,71.64,75.64,76.75,80.32,80.53,74.92,74.99
2006-12-31,70.51,71.64,75.64,76.76,80.32,80.53,74.92,74.99
2007-01-01,70.52,71.65,75.64,76.77,80.33,80.54,74.93,74.99
2007-01-02,70.57,71.65,75.67,76.78,80.33,80.54,74.93,74.99
2007-01-03,70.62,71.66,75.70,76.79,80.34,80.54,74.93,74.99
2007-01-04,70.68,71.66,75.73,76.79,80.34,80.55,74.93,75.00
2007-01-05,70.73,71.67,75.75,76.80,80.35,80.55,74.93,75.00
2007-01-06,70.78,71.67,75.78,76.81,80.35,80.55,74.94,75.00
2007-01-07,70.83,71.68,75.81,76.82,80.36,80.55,74.94,75.00
2007-01-08,70.88,71.68,75.84,76.83,80.36,80.56,74.94,75.01
2007-01-09,70.94,71.69,75.86,76.84,80.37,80.56,74.94,75.01
2007-01-10,70.99,71.69,75.89,76.85,80.37,80.56,74.95,75.01
2007-01-11,71.04,71.70,75.92,76.86,80.38,80.57,74.95,75.01
2007-01-12,71.09,71.71,75.95,76.87,80.38,80.57,74.95,75.02
2007-01-13,71.14,71.71,75.97,76.87,80.39,80.57,74.95,75.02
2007-01-14,71.19,71.72,76.00,76.88,80.39,80.57,74.96,75.02
2007-01-15,71.25,71.72,76.03,76.89,80.40,80.58,74.96,75.02
2007-01-16,71.30,71.73,76.05,76.90,80.40,80.58,74.96,75.03
2007-01-17,71.35,71.74,76.08,76.91,80.41,80.58,74.96,75.03
2007-01-18,71.40,71.74,76.11,76.92,80.41,80.59,74.97,75.03
2007-01-19,71.45,71.75,76.14,76.93,80.42,80.59,74.97,75.03
2007-01-20,71.51,71.76,76.16,76.94,80.42,80.59,74.97,75.04
2007-01-21,71.56,71.76,76.19,76.95,80.43,80.60,74.97,75.04
2007-01-22,71.61,71.77,76.22,76.96,80.43,80.60,74.97,75.04
2007-01-23,71.66,71.77,76.25,76.97,80.44,80.60,74.98,75.04
2007-01-24,71.71,71.78,76.27,76.98,80.44,80.60,74.98,75.05
2007-01-25,71.76,71.79,76.30,76.99,80.45,80.61,74.98,75.05
2007-01-26,71.82,71.79,76.33,77.00,80.45,80.61,74.98,75.05
2007-01-27,71.87,71.80,76.36,77.01,80.46,80.61,74.99,75.05
2007-01-28,71.92,71.81,76.38,77.02,80.46,80.62,74.99,75.06
2007-01-29,71.97,71.81,76.41,77.03,80.47,80.62,74.99,75.06
2007-01-30,72.02,71.82,76.44,77.04,80.47,80.62,74.99,75.06
2007-01-31,72.08,71.83,76.46,77.05,80.48,80.63,75.00,75.07
2007-02-01,72.13,71.84,76.49,77.06,80.48,80.63,75.00,75.07
2007-02-02,72.11,71.84,76.53,77.07,80.49,80.63,75.00,75.07
2007-02-03,72.08,71.85,76.58,77.08,80.49,80.64,75.00,75.07
2007-02-04,72.06,71.86,76.62,77.09,80.49,80.64,75.01,75.08
2007-02-05,72.04,71.86,76.66,77.10,80.50,80.64,75.01,75.08
2007-02-06,72.02,71.87,76.71,77.11,80.50,80.65,75.01,75.08
2007-02-07,71.99,71.88,76.75,77.12,80.50,80.65,75.01,75.08
2007-02-08,71.97,71.88,76.79,77.13,80.50,80.65,75.02,75.09
2007-02-09,71.95,71.89,76.84,77.15,80.51,80.66,75.02,75.09
2007-02-10,71.93,71.90,76.88,77.16,80.51,80.66,75.02,75.09
2007-02-11,71.90,71.90,76.92,77.17,80.51,80.66,75.02,75.09
2007-02-12,71.88,71.91,76.96,77.18,80.51,80.66,75.03,75.10
2007-02-13,71.86,71.91,77.01,77.19,80.52,80.67,75.03,75.10
2007-02-14,71.84,71.92,77.05,77.20,80.52,80.67,75.03,75.10
2007-02-15,71.81,71.93,77.09,77.21,80.52,80.67,75.03,75.10
2007-02-16,71.79,71.93,77.14,77.22,80.53,80.68,75.04,75.11
2007-02-17,71.77,71.94,77.18,77.23,80.53,80.68,75.04,75.11
2007-02-18,71.75,71.94,77.22,77.24,80.53,80.68,75.04,75.11
2007-02-19,71.72,71.95,77.27,77.25,80.53,80.69,75.05,75.12
2007-02-20,71.70,71.95,77.31,77.26,80.54,80.69,75.05,75.12
2007-02-21,71.68,71.96,77.35,77.27,80.54,80.69,75.05,75.12
2007-02-22,71.66,71.96,77.39,77.28,80.54,80.70,75.05,75.12
2007-02-23,71.63,71.97,77.44,77.30,80.55,80.70,75.06,75.13
2007-02-24,71.61,71.97,77.48,77.31,80.55,80.71,75.06,75.13
2007-02-25,71.59,71.98,77.52,77.32,80.55,80.71,75.06,75.13
2007-02-26,71.57,71.98,77.57,77.33,80.55,80.71,75.06,75.14
2007-02-27,71.54,71.99,77.61,77.34,80.56,80.72,75.07,75.14
2007-02-28,71.52,71.99,77.65,77.35,80.56,80.72,75.07,75.14
2007-03-01,71.50,72.00,77.69,77.36,80.56,80.72,75.07,75.15
2007-03-02,71.51,72.00,77.70,77.37,80.57,80.73,75.07,75.15
2007-03-03,71.51,72.00,77.70,77.39,80.57,80.73,75.07,75.15
2007-03-04,71.52,72.01,77.71,77.40,80.58,80.73,75.07,75.16
2007-03-05,71.53,72.01,77.71,77.41,80.58,80.74,75.07,75.16
2007-03-06,71.53,72.02,77.72,77.42,80.59,80.74,75.07,75.16
2007-03-07,71.54,72.02,77.72,77.43,80.59,80.74,75.07,75.17
2007-03-08,71.55,72.02,77.73,77.44,80.60,80.75,75.07,75.17
2007-03-09,71.55,72.03,77.73,77.45,80.60,80.75,75.07,75.18
2007-03-10,71.56,72.03,77.74,77.47,80.61,80.76,75.07,75.18
2007-03-11,71.57,72.04,77.74,77.48,80.61,80.76,75.07,75.18
2007-03-12,71.57,72.04,77.75,77.49,80.62,80.76,75.07,75.19
2007-03-13,71.58,72.04,77.75,77.50,80.62,80.77,75.07,75.19
2007-03-14,71.59,72.05,77.75,77.51,80.63,80.77,75.07,75.19
2007-03-15,71.59,72.05,77.76,77.52,80.63,80.77,75.07,75.20
2007-03-16,71.60,72.05,77.76,77.53,80.64,80.78,75.07,75.20
2007-03-17,71.61,72.05,77.77,77.54,80.64,80.78,75.07,75.20
2007-03-18,71.61,72.06,77.77,77.55,80.65,80.78,75.07,75.21
2007-03-19,71.62,72.06,77.78,77.57,80.65,80.79,75.07,75.21
2007-03-20,71.63,72.06,77.78,77.58,80.66,80.79,75.07,75.21
2007-03-21,71.63,72.06,77.79,77.59,80.67,80.79,75.07,75.21
2007-03-22,71.64,72.07,77.79,77.60,80.67,80.80,75.07,75.22
2007-03-23,71.65,72.07,77.80,77.61,80.68,80.80,75.07,75.22
2007-03-24,71.65,72.07,77.80,77.62,80.68,80.80,75.07,75.22
2007-03-25,71.66,72.07,77.80,77.63,80.69,80.81,75.07,75.23
2007-03-26,71.67,72.07,77.81,77.64,80.69,80.81,75.07,75.23
2007-03-27,71.67,72.07,77.81,77.65,80.70,80.81,75.07,75.23
2007-03-28,71.68,72.08,77.82,77.66,80.70,80.82,75.07,75.23
2007-03-29,71.69,72.08,77.82,77.67,80.71,80.82,75.07,75.24
2007-03-30,71.69,72.08,77.83,77.68,80.71,80.82,75.07,75.24
2007-03-31,71.70,72.08,77.83,77.69,80.72,80.83,75.07,75.24
2007-04-01,71.71,72.08,77.84,77.70,80.72,80.83,75.07,75.25
2007-04-02,71.69,72.08,77.84,77.71,80.72,80.83,75.07,75.25
2007-04-03,71.67,72.08,77.84,77.72,80.73,80.84,75.08,75.25
2007-04-04,71.66,72.08,77.84,77.73,80.73,80.84,75.08,75.25
2007-04-05,71.64,72.08,77.84,77.74,80.73,80.84,75.08,75.25
2007-04-06,71.63,72.08,77.84,77.75,80.74,80.84,75.08,75.26
2007-04-07,71.61,72.08,77.84,77.75,80.74,80.85,75.09,75.26
2007-04-08,71.59,72.08,77.84,77.76,80.74,80.85,75.09,75.26
2007-04-09,71.58,72.08,77.84,77.77,80.74,80.85,75.09,75.26
2007-04-10,71.56,72.08,77.84,77.78,80.75,80.86,75.09,75.26
2007-04-11,71.54,72.08,77.84,77.79,80.75,80.86,75.10,75.27
2007-04-12,71.53,72.08,77.84,77.80,80.75,80.86,75.10,75.27
2007-04-13,71.51,72.09,77.84,77.81,80.75,80.87,75.10,75.27
2007-04-14,71.50,72.09,77.84,77.82,80.76,80.87,75.10,75.27
2007-04-15,71.48,72.09,77.84,77.82,80.76,80.87,75.11,75.27
2007-04-16,71.46,72.09,77.84,77.83,80.76,80.87,75.11,75.28
2007-04-17,71.45,72.09,77.84,77.84,80.76,80.88,75.11,75.28
2007-04-18,71.43,72.09,77.84,77.85,80.77,80.88,75.11,75.28
2007-04-19,71.41,72.09,77.84,77.86,80.77,80.88,75.11,75.28
2007-04-20,71.40,72.09,77.84,77.87,80.77,80.89,75.12,75.29
2007-04-21,71.38,72.09,77.84,77.88,80.77,80.89,75.12,75.29
2007-04-22,71.37,72.09,77.84,77.88,80.78,80.89,75.12,75.29
2007-04-23,71.35,72.09,77.84,77.89,80.78,80.90,75.12,75.29
2007-04-24,71.33,72.09,77.84,77.90,80.78,80.90,75.13,75.29
2007-04-25,71.32,72.09,77.84,77.91,80.79,80.90,75.13,75.30
2007-04-26,71.30,72.09,77.84,77.92,80.79,80.91,75.13,75.30
2007-04-27,71.28,72.09,77.84,77.92,80.79,80.91,75.13,75.30
2007-04-28,71.27,72.09,77.84,77.93,80.79,80.91,75.14,75.30
2007-04-29,71.25,72.09,77.84,77.94,80.80,80.91,75.14,75.30
2007-04-30,71.24,72.09,77.84,77.95,80.80,80.92,75.14,75.31
2007-05-01,71.22,72.10,77.84,77.96,80.80,80.92,75.14,75.31
2007-05-02,71.21,72.10,77.84,77.96,80.80,80.92,75.14,75.31
2007-05-03,71.19,72.10,77.84,77.97,80.81,80.93,75.14,75.31
2007-05-04,71.18,72.10,77.84,77.98,80.81,80.93,75.14,75.31
2007-05-05,71.17,72.10,77.85,77.99,80.81,80.93,75.14,75.32
2007-05-06,71.15,72.10,77.85,78.00,80.81,80.94,75.14,75.32
2007-05-07,71.14,72.10,77.85,78.01,80.82,80.94,75.14,75.32
2007-05-08,71.12,72.11,77.85,78.01,80.82,80.94,75.14,75.32
2007-05-09,71.11,72.11,77.85,78.02,80.82,80.95,75.14,75.33
2007-05-10,71.10,72.11,77.86,78.03,80.82,80.95,75.14,75.33
2007-05-11,71.08,72.11,77.86,78.04,80.83,80.95,75.14,75.33
2007-05-12,71.07,72.12,77.86,78.05,80.83,80.96,75.14,75.33
2007-05-13,71.06,72.12,77.86,78.06,80.83,80.96,75.14,75.34
2007-05-14,71.04,72.12,77.87,78.07,80.83,80.97,75.14,75.34
2007-05-15,71.03,72.13,77.87,78.08,80.84,80.97,75.14,75.34
2007-05-16,71.02,72.13,77.87,78.09,80.84,80.97,75.14,75.35
2007-05-17,71.00,72.14,77.87,78.10,80.84,80.98,75.14,75.35
2007-05-18,70.99,72.14,77.88,78.11,80.84,80.98,75.14,75.35
2007-05-19,70.98,72.14,77.88,78.12,80.85,80.98,75.14,75.36
2007-05-20,70.96,72.15,77.88,78.14,80.85,80.99,75.14,75.36
2007-05-21,70.95,72.15,77.88,78.15,80.85,80.99,75.14,75.36
2007-05-22,70.94,72.16,77.88,78.16,80.85,81.00,75.14,75.37
2007-05-23,70.92,72.16,77.89,78.17,80.86,81.00,75.14,75.37
2007-05-24,70.91,72.17,77.89,78.18,80.86,81.01,75.14,75.37
2007-05-25,70.89,72.17,77.89,78.19,80.86,81.01,75.14,75.38
2007-05-26,70.88,72.18,77.89,78.21,80.86,81.01,75.14,75.38
2007-05-27,70.87,72.19,77.90,78.22,80.87,81.02,75.14,75.39
2007-05-28,70.85,72.19,77.90,78.23,80.87,81.02,75.14,75.39
2007-05-29,70.84,72.20,77.90,78.24,80.87,81.03,75.14,75.39
2007-05-30,70.83,72.20,77.90,78.25,80.87,81.03,75.14,75.40
2007-05-31,70.81,72.21,77.91,78.27,80.88,81.04,75.14,75.40
2007-06-01,70.80,72.22,77.91,78.28,80.88,81.04,75.14,75.41
2007-06-02,70.83,72.22,77.91,78.29,80.88,81.05,75.14,75.41
2007-06-03,70.86,72.23,77.91,78.31,80.88,81.05,75.14,75.41
2007-06-04,70.89,72.24,77.91,78.32,80.89,81.06,75.14,75.42
2007-06-05,70.92,72.25,77.92,78.33,80.89,81.06,75.14,75.42
2007-06-06,70.95,72.25,77.92,78.35,80.89,81.07,75.14,75.43
2007-06-07,70.98,72.26,77.92,78.36,80.90,81.07,75.14,75.43
2007-06-08,71.01,72.27,77.92,78.37,80.90,81.07,75.14,75.44
2007-06-09,71.04,72.28,77.93,78.39,80.90,81.08,75.14,75.44
2007-06-10,71.07,72.29,77.93,78.40,80.90,81.08,75.14,75.44
2007-06-11,71.10,72.29,77.93,78.41,80.91,81.09,75.14,75.45
2007-06-12,71.13,72.30,77.93,78.43,80.91,81.09,75.14,75.45
2007-06-13,71.16,72.31,77.94,78.44,80.91,81.10,75.14,75.45
2007-06-14,71.19,72.32,77.94,78.45,80.91,81.10,75.14,75.46
2007-06-15,71.22,72.32,77.94,78.46,80.92,81.11,75.14,75.46
2007-06-16,71.25,72.33,77.94,78.48,80.92,81.11,75.14,75.46
2007-06-17,71.28,72.34,77.95,78.49,80.92,81.12,75.14,75.47
2007-06-18,71.31,72.35,77.95,78.50,80.92,81.12,75.14,75.47
2007-06-19,71.34,72.36,77.95,78.52,80.93,81.13,75.14,75.48
2007-06-20,71.37,72.36,77.95,78.53,80.93,81.13,75.14,75.48
2007-06-21,71.40,72.37,77.95,78.54,80.93,81.13,75.14,75.48
2007-06-22,71.44,72.38,77.96,78.55,80.94,81.14,75.14,75.49
2007-06-23,71.47,72.39,77.96,78.57,80.94,81.14,75.14,75.49
2007-06-24,71.50,72.40,77.96,78.58,80.94,81.15,75.14,75.49
2007-06-25,71.53,72.41,77.96,78.59,80.94,81.15,75.14,75.50
2007-06-26,71.56,72.41,77.97,78.60,80.95,81.16,75.14,75.50
2007-06-27,71.59,72.42,77.97,78.62,80.95,81.16,75.14,75.50
2007-06-28,71.62,72.43,77.97,78.63,80.95,81.17,75.14,75.51
2007-06-29,71.65,72.44,77.97,78.64,80.95,81.17,75.14,75.51
2007-06-30,71.68,72.45,77.98,78.65,80.96,81.17,75.14,75.51
2007-07-01,71.71,72.46,77.98,78.66,80.96,81.18,75.14,75.51
2007-07-02,71.71,72.47,77.99,78.68,80.96,81.18,75.15,75.52
2007-07-03,71.72,72.47,78.01,78.69,80.97,81.19,75.15,75.52
2007-07-04,71.72,72.48,78.02,78.70,80.97,81.19,75.15,75.52
2007-07-05,71.73,72.49,78.03,78.71,80.98,81.20,75.15,75.53
2007-07-06,71.73,72.50,78.05,78.72,80.99,81.20,75.16,75.53
2007-07-07,71.73,72.51,78.06,78.74,80.99,81.20,75.16,75.53
2007-07-08,71.74,72.52,78.07,78.75,81.00,81.21,75.16,75.53
2007-07-09,71.74,72.53,78.09,78.76,81.00,81.21,75.16,75.54
2007-07-10,71.75,72.53,78.10,78.77,81.01,81.22,75.16,75.54
2007-07-11,71.75,72.54,78.12,78.79,81.01,81.22,75.17,75.54
2007-07-12,71.76,72.55,78.13,78.80,81.02,81.23,75.17,75.55
2007-07-13,71.76,72.56,78.14,78.81,81.02,81.23,75.17,75.55
2007-07-14,71.77,72.57,78.16,78.82,81.03,81.23,75.17,75.55
2007-07-15,71.77,72.58,78.17,78.84,81.03,81.24,75.18,75.56
2007-07-16,71.78,72.59,78.18,78.85,81.04,81.24,75.18,75.56
2007-07-17,71.78,72.60,78.20,78.86,81.04,81.25,75.18,75.56
2007-07-18,71.78,72.60,78.21,78.87,81.05,81.25,75.18,75.57
2007-07-19,71.79,72.61,78.22,78.89,81.05,81.26,75.19,75.57
2007-07-20,71.79,72.62,78.24,78.90,81.06,81.26,75.19,75.57
2007-07-21,71.80,72.63,78.25,78.91,81.06,81.27,75.19,75.58
2007-07-22,71.80,72.64,78.27,78.92,81.07,81.27,75.19,75.58
2007-07-23,71.81,72.65,78.28,78.94,81.07,81.27,75.20,75.58
2007-07-24,71.81,72.66,78.29,78.95,81.08,81.28,75.20,75.59
2007-07-25,71.82,72.66,78.31,78.96,81.08,81.28,75.20,75.59
2007-07-26,71.82,72.67,78.32,78.98,81.09,81.29,75.20,75.59
2007-07-27,71.83,72.68,78.33,78.99,81.09,81.29,75.20,75.60
2007-07-28,71.83,72.69,78.35,79.00,81.10,81.30,75.21,75.60
2007-07-29,71.83,72.70,78.36,79.02,81.10,81.30,75.21,75.60
2007-07-30,71.84,72.70,78.38,79.03,81.11,81.30,75.21,75.61
2007-07-31,71.84,72.71,78.39,79.04,81.11,81.31,75.21,75.61
2007-08-01,71.85,72.72,78.40,79.06,81.12,81.31,75.22,75.61
2007-08-02,71.92,72.73,78.41,79.07,81.12,81.32,75.22,75.62
2007-08-03,71.98,72.74,78.43,79.08,81.12,81.32,75.22,75.62
2007-08-04,72.05,72.74,78.44,79.10,81.13,81.33,75.22,75.62
2007-08-05,72.12,72.75,78.45,79.11,81.13,81.33,75.23,75.63
2007-08-06,72.19,72.76,78.46,79.12,81.13,81.34,75.23,75.63
2007-08-07,72.25,72.77,78.47,79.14,81.13,81.34,75.23,75.64
2007-08-08,72.32,72.77,78.48,79.15,81.14,81.34,75.23,75.64
2007-08-09,72.39,72.78,78.49,79.16,81.14,81.35,75.23,75.64
2007-08-10,72.46,72.79,78.51,79.18,81.14,81.35,75.24,75.65
2007-08-11,72.52,72.80,78.52,79.19,81.14,81.36,75.24,75.65
2007-08-12,72.59,72.81,78.53,79.21,81.15,81.36,75.24,75.65
2007-08-13,72.66,72.81,78.54,79.22,81.15,81.37,75.24,75.66
2007-08-14,72.73,72.82,78.55,79.23,81.15,81.37,75.25,75.66
2007-08-15,72.80,72.83,78.56,79.25,81.15,81.38,75.25,75.67
2007-08-16,72.86,72.84,78.57,79.26,81.16,81.38,75.25,75.67
2007-08-17,72.93,72.85,78.59,79.28,81.16,81.38,75.25,75.67
2007-08-18,73.00,72.85,78.60,79.29,81.16,81.39,75.26,75.68
2007-08-19,73.07,72.86,78.61,79.31,81.16,81.39,75.26,75.68
2007-08-20,73.13,72.87,78.62,79.32,81.17,81.40,75.26,75.69
2007-08-21,73.20,72.88,78.63,79.34,81.17,81.40,75.26,75.69
2007-08-22,73.27,72.89,78.64,79.35,81.17,81.41,75.27,75.70
2007-08-23,73.34,72.89,78.65,79.37,81.17,81.41,75.27,75.70
2007-08-24,73.40,72.90,78.66,79.38,81.18,81.42,75.27,75.70
2007-08-25,73.47,72.91,78.68,79.40,81.18,81.42,75.27,75.71
2007-08-26,73.54,72.92,78.69,79.41,81.18,81.43,75.27,75.71
2007-08-27,73.61,72.93,78.70,79.43,81.18,81.43,75.28,75.72
2007-08-28,73.67,72.94,78.71,79.44,81.19,81.43,75.28,75.72
2007-08-29,73.74,72.94,78.72,79.46,81.19,81.44,75.28,75.73
2007-08-30,73.81,72.95,78.73,79.47,81.19,81.44,75.28,75.73
2007-08-31,73.88,72.96,78.74,79.49,81.19,81.45,75.29,75.74
2007-09-01,73.95,72.97,78.76,79.51,81.20,81.45,75.29,75.74
2007-09-02,73.95,72.98,78.77,79.52,81.20,81.46,75.29,75.75
2007-09-03,73.95,72.98,78.78,79.54,81.20,81.46,75.29,75.75
2007-09-04,73.96,72.99,78.79,79.55,81.20,81.47,75.29,75.76
2007-09-05,73.96,73.00,78.80,79.57,81.21,81.47,75.29,75.76
2007-09-06,73.97,73.01,78.82,79.59,81.21,81.48,75.29,75.77
2007-09-07,73.97,73.02,78.83,79.60,81.21,81.48,75.29,75.77
2007-09-08,73.98,73.03,78.84,79.62,81.22,81.49,75.29,75.78
2007-09-09,73.98,73.03,78.85,79.64,81.22,81.49,75.29,75.78
2007-09-10,73.99,73.04,78.86,79.65,81.22,81.50,75.29,75.79
2007-09-11,73.99,73.05,78.87,79.67,81.22,81.50,75.29,75.79
2007-09-12,74.00,73.06,78.89,79.69,81.23,81.51,75.29,75.80
2007-09-13,74.00,73.07,78.90,79.70,81.23,81.51,75.29,75.80
2007-09-14,74.01,73.07,78.91,79.72,81.23,81.52,75.29,75.81
2007-09-15,74.01,73.08,78.92,79.74,81.23,81.52,75.29,75.81
2007-09-16,74.01,73.09,78.93,79.75,81.24,81.53,75.29,75.82
2007-09-17,74.02,73.10,78.95,79.77,81.24,81.53,75.29,75.83
2007-09-18,74.02,73.11,78.96,79.79,81.24,81.54,75.29,75.83
2007-09-19,74.03,73.12,78.97,79.81,81.24,81.54,75.29,75.84
2007-09-20,74.03,73.12,78.98,79.82,81.25,81.55,75.29,75.84
2007-09-21,74.04,73.13,78.99,79.84,81.25,81.55,75.29,75.85
2007-09-22,74.04,73.14,79.00,79.86,81.25,81.56,75.29,75.86
2007-09-23,74.05,73.15,79.02,79.88,81.26,81.56,75.29,75.86
2007-09-24,74.05,73.15,79.03,79.90,81.26,81.57,75.29,75.87
2007-09-25,74.06,73.16,79.04,79.91,81.26,81.57,75.29,75.87
2007-09-26,74.06,73.17,79.05,79.93,81.26,81.58,75.29,75.88
2007-09-27,74.07,73.18,79.06,79.95,81.27,81.59,75.29,75.89
2007-09-28,74.07,73.19,79.08,79.97,81.27,81.59,75.29,75.89
2007-09-29,74.08,73.19,79.09,79.99,81.27,81.60,75.29,75.90
2007-09-30,74.08,73.20,79.10,80.00,81.27,81.60,75.29,75.91
2007-10-01,74.08,73.21,79.11,80.02,81.28,81.61,75.29,75.91
2007-10-02,74.02,73.22,79.13,80.04,81.28,81.61,75.29,75.92
2007-10-03,73.96,73.22,79.15,80.06,81.29,81.62,75.29,75.93
2007-10-04,73.90,73.23,79.17,80.08,81.30,81.62,75.29,75.93
2007-10-05,73.83,73.24,79.19,80.10,81.31,81.63,75.29,75.94
2007-10-06,73.77,73.25,79.21,80.11,81.31,81.63,75.29,75.95
2007-10-07,73.71,73.25,79.23,80.13,81.32,81.64,75.29,75.95
2007-10-08,73.64,73.26,79.25,80.15,81.33,81.65,75.29,75.96
2007-10-09,73.58,73.27,79.27,80.17,81.34,81.65,75.29,75.97
2007-10-10,73.52,73.28,79.30,80.19,81.35,81.66,75.29,75.97
2007-10-11,73.45,73.28,79.32,80.21,81.35,81.66,75.29,75.98
2007-10-12,73.39,73.29,79.34,80.23,81.36,81.67,75.29,75.99
2007-10-13,73.33,73.30,79.36,80.25,81.37,81.67,75.29,76.00
2007-10-14,73.26,73.31,79.38,80.26,81.38,81.68,75.29,76.00
2007-10-15,73.20,73.31,79.40,80.28,81.38,81.68,75.29,76.01
2007-10-16,73.14,73.32,79.42,80.30,81.39,81.69,75.29,76.02
2007-10-17,73.07,73.33,79.44,80.32,81.40,81.70,75.29,76.02
2007-10-18,73.01,73.33,79.46,80.34,81.41,81.70,75.29,76.03
2007-10-19,72.95,73.34,79.48,80.36,81.41,81.71,75.29,76.04
2007-10-20,72.89,73.35,79.50,80.38,81.42,81.71,75.29,76.05
2007-10-21,72.82,73.35,79.52,80.40,81.43,81.72,75.29,76.05
2007-10-22,72.76,73.36,79.54,80.42,81.44,81.73,75.29,76.06
2007-10-23,72.70,73.37,79.56,80.43,81.44,81.73,75.29,76.07
2007-10-24,72.63,73.38,79.58,80.45,81.45,81.74,75.29,76.07
2007-10-25,72.57,73.38,79.60,80.47,81.46,81.74,75.29,76.08
2007-10-26,72.51,73.39,79.62,80.49,81.47,81.75,75.29,76.09
2007-10-27,72.44,73.40,79.64,80.51,81.48,81.75,75.29,76.10
2007-10-28,72.38,73.40,79.66,80.53,81.48,81.76,75.29,76.10
2007-10-29,72.32,73.41,79.68,80.55,81.49,81.77,75.29,76.11
2007-10-30,72.25,73.42,79.71,80.57,81.50,81.77,75.29,76.12
2007-10-31,72.19,73.42,79.73,80.59,81.51,81.78,75.29,76.13
2007-11-01,72.13,73.43,79.75,80.61,81.51,81.78,75.29,76.13
2007-11-02,72.14,73.44,79.75,80.63,81.52,81.79,75.29,76.14
2007-11-03,72.15,73.45,79.76,80.65,81.52,81.80,75.29,76.15
2007-11-04,72.16,73.45,79.77,80.67,81.53,81.80,75.29,76.16
2007-11-05,72.17,73.46,79.77,80.69,81.53,81.81,75.29,76.17
2007-11-06,72.19,73.47,79.78,80.70,81.54,81.81,75.29,76.17
2007-11-07,72.20,73.47,79.79,80.72,81.55,81.82,75.29,76.18
2007-11-08,72.21,73.48,79.80,80.74,81.55,81.83,75.29,76.19
2007-11-09,72.22,73.49,79.80,80.76,81.56,81.83,75.29,76.20
2007-11-10,72.23,73.50,79.81,80.78,81.56,81.84,75.29,76.20
2007-11-11,72.24,73.50,79.82,80.80,81.57,81.84,75.29,76.21
2007-11-12,72.26,73.51,79.82,80.82,81.57,81.85,75.29,76.22
2007-11-13,72.27,73.52,79.83,80.84,81.58,81.86,75.29,76.23
2007-11-14,72.28,73.53,79.84,80.86,81.58,81.86,75.29,76.23
2007-11-15,72.29,73.53,79.85,80.88,81.59,81.87,75.29,76.24
2007-11-16,72.30,73.54,79.85,80.90,81.59,81.87,75.29,76.25
2007-11-17,72.31,73.55,79.86,80.92,81.60,81.88,75.29,76.26
2007-11-18,72.33,73.56,79.87,80.94,81.60,81.89,75.29,76.27
2007-11-19,72.34,73.57,79.87,80.96,81.61,81.89,75.29,76.27
2007-11-20,72.35,73.57,79.88,80.98,81.61,81.90,75.29,76.28
2007-11-21,72.36,73.58,79.89,81.00,81.62,81.90,75.29,76.29
2007-11-22,72.37,73.59,79.90,81.02,81.62,81.91,75.29,76.30
2007-11-23,72.38,73.60,79.90,81.04,81.63,81.92,75.29,76.31
2007-11-24,72.40,73.61,79.91,81.06,81.64,81.92,75.29,76.31
2007-11-25,72.41,73.62,79.92,81.08,81.64,81.93,75.29,76.32
2007-11-26,72.42,73.63,79.92,81.10,81.65,81.93,75.29,76.33
2007-11-27,72.43,73.64,79.93,81.12,81.65,81.94,75.29,76.34
2007-11-28,72.44,73.64,79.94,81.14,81.66,81.95,75.29,76.35
2007-11-29,72.45,73.65,79.95,81.16,81.66,81.95,75.29,76.35
2007-11-30,72.46,73.66,79.95,81.18,81.67,81.96,75.29,76.36
2007-12-01,72.48,73.67,79.96,81.20,81.67,81.96,75.29,76.37
2007-12-02,72.48,73.68,80.02,81.22,81.68,81.97,75.29,76.38
2007-12-03,72.49,73.69,80.08,81.24,81.68,81.98,75.29,76.39
2007-12-04,72.50,73.70,80.14,81.26,81.69,81.98,75.29,76.40
2007-12-05,72.50,73.71,80.20,81.28,81.69,81.99,75.29,76.40
2007-12-06,72.51,73.72,80.26,81.30,81.70,82.00,75.29,76.41
2007-12-07,72.52,73.73,80.32,81.32,81.70,82.00,75.29,76.42
2007-12-08,72.52,73.74,80.38,81.34,81.71,82.01,75.29,76.43
2007-12-09,72.53,73.75,80.44,81.36,81.71,82.01,75.29,76.44
2007-12-10,72.54,73.76,80.49,81.38,81.72,82.02,75.29,76.45
2007-12-11,72.54,73.77,80.55,81.41,81.72,82.03,75.29,76.46
2007-12-12,72.55,73.79,80.61,81.43,81.73,82.03,75.29,76.46
2007-12-13,72.56,73.80,80.67,81.45,81.73,82.04,75.29,76.47
2007-12-14,72.56,73.81,80.73,81.47,81.74,82.05,75.29,76.48
2007-12-15,72.57,73.82,80.79,81.49,81.74,82.05,75.29,76.49
2007-12-16,72.58,73.83,80.85,81.51,81.75,82.06,75.29,76.50
2007-12-17,72.58,73.84,80.91,81.54,81.75,82.06,75.29,76.51
2007-12-18,72.59,73.85,80.97,81.56,81.76,82.07,75.29,76.52
2007-12-19,72.60,73.86,81.03,81.58,81.76,82.08,75.29,76.53
2007-12-20,72.61,73.88,81.09,81.60,81.77,82.08,75.29,76.54
2007-12-21,72.61,73.89,81.15,81.63,81.77,82.09,75.29,76.55
2007-12-22,72.62,73.90,81.21,81.65,81.78,82.10,75.29,76.56
2007-12-23,72.63,73.91,81.27,81.67,81.78,82.10,75.29,76.57
2007-12-24,72.63,73.92,81.33,81.69,81.79,82.11,75.29,76.58
2007-12-25,72.64,73.94,81.38,81.72,81.79,82.12,75.29,76.59
2007-12-26,72.65,73.95,81.44,81.74,81.80,82.12,75.29,76.60
2007-12-27,72.65,73.96,81.50,81.76,81.80,82.13,75.29,76.61
2007-12-28,72.66,73.98,81.56,81.79,81.81,82.14,75.29,76.62
2007-12-29,72.67,73.99,81.62,81.81,81.82,82.14,75.29,76.63
2007-12-30,72.67,74.00,81.68,81.83,81.82,82.15,75.29,76.64
2007-12-31,72.68,74.01,81.74,81.86,81.83,82.16,75.29,76.65
2008-01-01,72.69,74.03,81.80,81.88,81.83,82.16,75.29,76.66
2008-01-02,72.71,74.04,81.83,81.91,81.84,82.17,75.29,76.67
2008-01-03,72.73,74.05,81.85,81.93,81.84,82.18,75.29,76.68
2008-01-04,72.75,74.07,81.88,81.96,81.85,82.18,75.30,76.69
2008-01-05,72.77,74.08,81.90,81.98,81.85,82.19,75.30,76.70
2008-01-06,72.79,74.09,81.93,82.00,81.86,82.20,75.30,76.71
2008-01-07,72.81,74.11,81.95,82.03,81.86,82.20,75.30,76.73
2008-01-08,72.83,74.12,81.98,82.05,81.87,82.21,75.30,76.74
2008-01-09,72.85,74.14,82.00,82.08,81.87,82.22,75.31,76.75
2008-01-10,72.87,74.15,82.03,82.10,81.88,82.22,75.31,76.76
2008-01-11,72.89,74.16,82.05,82.13,81.88,82.23,75.31,76.77
2008-01-12,72.91,74.18,82.08,82.15,81.89,82.24,75.31,76.78
2008-01-13,72.93,74.19,82.10,82.18,81.89,82.24,75.32,76.79
2008-01-14,72.95,74.21,82.13,82.20,81.90,82.25,75.32,76.80
2008-01-15,72.97,74.22,82.15,82.23,81.90,82.26,75.32,76.82
2008-01-16,72.99,74.23,82.18,82.25,81.91,82.26,75.32,76.83
2008-01-17,73.01,74.25,82.20,82.27,81.91,82.27,75.33,76.84
2008-01-18,73.03,74.26,82.23,82.30,81.92,82.28,75.33,76.85
2008-01-19,73.05,74.28,82.25,82.32,81.92,82.28,75.33,76.86
2008-01-20,73.07,74.29,82.28,82.35,81.93,82.29,75.33,76.87
2008-01-21,73.09,74.31,82.30,82.37,81.93,82.30,75.34,76.89
2008-01-22,73.11,74.32,82.33,82.40,81.94,82.30,75.34,76.90
2008-01-23,73.13,74.34,82.35,82.42,81.94,82.31,75.34,76.91
2008-01-24,73.15,74.35,82.38,82.45,81.95,82.32,75.34,76.92
2008-01-25,73.17,74.37,82.40,82.47,81.95,82.32,75.34,76.93
2008-01-26,73.19,74.38,82.43,82.49,81.96,82.33,75.35,76.94
2008-01-27,73.22,74.40,82.45,82.52,81.96,82.34,75.35,76.96
2008-01-28,73.24,74.41,82.48,82.54,81.97,82.34,75.35,76.97
2008-01-29,73.26,74.42,82.50,82.57,81.97,82.35,75.35,76.98
2008-01-30,73.28,74.44,82.53,82.59,81.98,82.36,75.36,76.99
2008-01-31,73.30,74.45,82.55,82.62,81.98,82.36,75.36,77.00
2008-02-01,73.32,74.47,82.58,82.64,81.99,82.37,75.36,77.02
2008-02-02,73.31,74.48,82.64,82.66,82.00,82.38,75.37,77.03
2008-02-03,73.31,74.50,82.69,82.69,82.00,82.38,75.37,77.04
2008-02-04,73.30,74.51,82.75,82.71,82.01,82.39,75.38,77.05
2008-02-05,73.30,74.53,82.81,82.74,82.01,82.40,75.38,77.06
2008-02-06,73.29,74.54,82.87,82.76,82.02,82.40,75.39,77.08
2008-02-07,73.29,74.56,82.93,82.78,82.02,82.41,75.39,77.09
2008-02-08,73.28,74.57,82.99,82.81,82.03,82.42,75.40,77.10
2008-02-09,73.28,74.59,83.05,82.83,82.03,82.42,75.40,77.11
2008-02-10,73.27,74.60,83.10,82.86,82.04,82.43,75.41,77.12
2008-02-11,73.27,74.62,83.16,82.88,82.04,82.44,75.41,77.14
2008-02-12,73.26,74.63,83.22,82.90,82.05,82.44,75.42,77.15
2008-02-13,73.26,74.65,83.28,82.93,82.05,82.45,75.42,77.16
2008-02-14,73.25,74.66,83.34,82.95,82.06,82.46,75.43,77.17
2008-02-15,73.25,74.68,83.40,82.98,82.07,82.46,75.43,77.18
2008-02-16,73.24,74.69,83.46,83.00,82.07,82.47,75.44,77.20
2008-02-17,73.24,74.70,83.51,83.02,82.08,82.47,75.44,77.21
2008-02-18,73.23,74.72,83.57,83.05,82.08,82.48,75.45,77.22
2008-02-19,73.23,74.73,83.63,83.07,82.09,82.49,75.45,77.24
2008-02-20,73.22,74.75,83.69,83.10,82.09,82.49,75.46,77.25
2008-02-21,73.22,74.76,83.75,83.12,82.10,82.50,75.46,77.26
2008-02-22,73.21,74.78,83.81,83.14,82.10,82.51,75.47,77.27
2008-02-23,73.21,74.79,83.87,83.17,82.11,82.51,75.47,77.29
2008-02-24,73.21,74.81,83.93,83.19,82.11,82.52,75.48,77.30
2008-02-25,73.20,74.82,83.98,83.22,82.12,82.53,75.48,77.31
2008-02-26,73.20,74.84,84.04,83.24,82.13,82.53,75.49,77.32
2008-02-27,73.19,74.85,84.10,83.26,82.13,82.54,75.49,77.34
2008-02-28,73.19,74.87,84.16,83.29,82.14,82.55,75.50,77.35
2008-02-29,73.18,74.88,84.22,83.31,82.14,82.55,75.50,77.36
2008-03-01,73.18,74.90,84.28,83.34,82.15,82.56,75.51,77.38
2008-03-02,73.21,74.91,84.29,83.36,82.15,82.57,75.59,77.39
2008-03-03,73.25,74.93,84.30,83.38,82.16,82.58,75.67,77.40
2008-03-04,73.28,74.94,84.31,83.41,82.17,82.58,75.75,77.41
2008-03-05,73.32,74.96,84.32,83.43,82.18,82.59,75.83,77.43
2008-03-06,73.36,74.97,84.33,83.46,82.19,82.60,75.92,77.44
2008-03-07,73.39,74.99,84.35,83.48,82.19,82.60,76.00,77.45
2008-03-08,73.43,75.00,84.36,83.50,82.20,82.61,76.08,77.47
2008-03-09,73.46,75.02,84.37,83.53,82.21,82.62,76.16,77.48
2008-03-10,73.50,75.03,84.38,83.55,82.22,82.62,76.24,77.49
2008-03-11,73.54,75.05,84.39,83.57,82.22,82.63,76.33,77.51
2008-03-12,73.57,75.06,84.40,83.60,82.23,82.64,76.41,77.52
2008-03-13,73.61,75.07,84.41,83.62,82.24,82.64,76.49,77.54
2008-03-14,73.65,75.09,84.42,83.64,82.25,82.65,76.57,77.55
2008-03-15,73.68,75.10,84.44,83.66,82.25,82.65,76.65,77.56
2008-03-16,73.72,75.12,84.45,83.69,82.26,82.66,76.73,77.58
2008-03-17,73.75,75.13,84.46,83.71,82.27,82.67,76.82,77.59
2008-03-18,73.79,75.15,84.47,83.73,82.28,82.67,76.90,77.61
2008-03-19,73.83,75.16,84.48,83.75,82.29,82.68,76.98,77.62
2008-03-20,73.86,75.18,84.49,83.78,82.29,82.69,77.06,77.64
2008-03-21,73.90,75.19,84.50,83.80,82.30,82.69,77.14,77.65
2008-03-22,73.93,75.21,84.52,83.82,82.31,82.70,77.23,77.67
2008-03-23,73.97,75.22,84.53,83.84,82.32,82.71,77.31,77.68
2008-03-24,74.01,75.23,84.54,83.86,82.32,82.71,77.39,77.70
2008-03-25,74.04,75.25,84.55,83.89,82.33,82.72,77.47,77.71
2008-03-26,74.08,75.26,84.56,83.91,82.34,82.73,77.55,77.73
2008-03-27,74.11,75.28,84.57,83.93,82.35,82.73,77.64,77.74
2008-03-28,74.15,75.29,84.58,83.95,82.35,82.74,77.72,77.76
2008-03-29,74.19,75.31,84.60,83.97,82.36,82.75,77.80,77.78
2008-03-30,74.22,75.32,84.61,83.99,82.37,82.75,77.88,77.79
2008-03-31,74.26,75.34,84.62,84.01,82.38,82.76,77.96,77.81
2008-04-01,74.29,75.35,84.63,84.03,82.38,82.76,78.05,77.82
2008-04-02,74.30,75.37,84.63,84.05,82.39,82.77,78.06,77.84
2008-04-03,74.31,75.38,84.64,84.07,82.40,82.78,78.08,77.86
2008-04-04,74.32,75.40,84.64,84.10,82.40,82.78,78.10,77.87
2008-04-05,74.33,75.41,84.65,84.12,82.41,82.79,78.11,77.89
2008-04-06,74.34,75.43,84.65,84.14,82.41,82.79,78.13,77.91
2008-04-07,74.35,75.44,84.66,84.16,82.42,82.80,78.15,77.92
2008-04-08,74.36,75.46,84.66,84.18,82.42,82.81,78.16,77.94
2008-04-09,74.37,75.47,84.67,84.20,82.43,82.81,78.18,77.96
2008-04-10,74.38,75.49,84.67,84.22,82.43,82.82,78.20,77.97
2008-04-11,74.39,75.50,84.68,84.24,82.44,82.83,78.21,77.99
2008-04-12,74.40,75.52,84.68,84.26,82.44,82.83,78.23,78.01
2008-04-13,74.41,75.53,84.69,84.28,82.45,82.84,78.25,78.03
2008-04-14,74.42,75.55,84.69,84.30,82.45,82.85,78.27,78.04
2008-04-15,74.42,75.57,84.70,84.32,82.46,82.85,78.28,78.06
2008-04-16,74.43,75.58,84.70,84.34,82.46,82.86,78.30,78.08
2008-04-17,74.44,75.60,84.71,84.36,82.47,82.86,78.32,78.09
2008-04-18,74.45,75.61,84.71,84.38,82.47,82.87,78.33,78.11
2008-04-19,74.46,75.63,84.72,84.40,82.48,82.88,78.35,78.13
2008-04-20,74.47,75.65,84.72,84.42,82.49,82.88,78.37,78.14
2008-04-21,74.48,75.66,84.72,84.44,82.49,82.89,78.38,78.16
2008-04-22,74.49,75.68,84.73,84.46,82.50,82.90,78.40,78.18
2008-04-23,74.50,75.69,84.73,84.48,82.50,82.90,78.42,78.20
2008-04-24,74.51,75.71,84.74,84.50,82.51,82.91,78.43,78.21
2008-04-25,74.52,75.73,84.74,84.53,82.51,82.92,78.45,78.23
2008-04-26,74.53,75.74,84.75,84.55,82.52,82.92,78.47,78.25
2008-04-27,74.54,75.76,84.75,84.57,82.52,82.93,78.49,78.26
2008-04-28,74.55,75.78,84.76,84.59,82.53,82.93,78.50,78.28
2008-04-29,74.55,75.79,84.76,84.61,82.53,82.94,78.52,78.30
2008-04-30,74.56,75.81,84.77,84.63,82.54,82.95,78.54,78.32
2008-05-01,74.57,75.83,84.77,84.65,82.54,82.95,78.55,78.33
2008-05-02,74.57,75.85,84.78,84.67,82.55,82.96,78.57,78.35
2008-05-03,74.56,75.86,84.79,84.69,82.56,82.97,78.59,78.37
2008-05-04,74.56,75.88,84.80,84.71,82.57,82.97,78.61,78.39
2008-05-05,74.56,75.90,84.81,84.73,82.57,82.98,78.63,78.40
2008-05-06,74.55,75.91,84.82,84.75,82.58,82.99,78.65,78.42
2008-05-07,74.55,75.93,84.83,84.77,82.59,82.99,78.67,78.44
2008-05-08,74.54,75.95,84.84,84.79,82.60,83.00,78.68,78.46
2008-05-09,74.54,75.97,84.84,84.81,82.61,83.01,78.70,78.47
2008-05-10,74.53,75.99,84.85,84.83,82.61,83.01,78.72,78.49
2008-05-11,74.53,76.00,84.86,84.85,82.62,83.02,78.74,78.51
2008-05-12,74.52,76.02,84.87,84.87,82.63,83.03,78.76,78.53
2008-05-13,74.52,76.04,84.88,84.89,82.64,83.03,78.78,78.54
2008-05-14,74.51,76.06,84.89,84.91,82.64,83.04,78.80,78.56
2008-05-15,74.51,76.07,84.90,84.93,82.65,83.05,78.81,78.58
2008-05-16,74.51,76.09,84.91,84.95,82.66,83.05,78.83,78.60
2008-05-17,74.50,76.11,84.92,84.97,82.67,83.06,78.85,78.62
2008-05-18,74.50,76.13,84.93,84.99,82.67,83.06,78.87,78.63
2008-05-19,74.49,76.15,84.94,85.01,82.68,83.07,78.89,78.65
2008-05-20,74.49,76.17,84.94,85.03,82.69,83.08,78.91,78.67
2008-05-21,74.48,76.18,84.95,85.05,82.70,83.08,78.93,78.69
2008-05-22,74.48,76.20,84.96,85.07,82.71,83.09,78.95,78.71
2008-05-23,74.47,76.22,84.97,85.09,82.71,83.10,78.96,78.72
2008-05-24,74.47,76.24,84.98,85.11,82.72,83.10,78.98,78.74
2008-05-25,74.47,76.26,84.99,85.13,82.73,83.11,79.00,78.76
2008-05-26,74.46,76.28,85.00,85.15,82.74,83.12,79.02,78.78
2008-05-27,74.46,76.30,85.01,85.17,82.74,83.12,79.04,78.80
2008-05-28,74.45,76.32,85.02,85.19,82.75,83.13,79.06,78.82
2008-05-29,74.45,76.33,85.03,85.21,82.76,83.14,79.08,78.83
2008-05-30,74.44,76.35,85.04,85.22,82.77,83.14,79.10,78.85
2008-05-31,74.44,76.37,85.04,85.24,82.77,83.15,79.11,78.87
2008-06-01,74.43,76.39,85.05,85.26,82.78,83.15,79.13,78.89
2008-06-02,74.48,76.41,85.09,85.28,82.79,83.16,79.15,78.91
2008-06-03,74.53,76.43,85.12,85.30,82.79,83.17,79.17,78.93
2008-06-04,74.57,76.45,85.15,85.32,82.80,83.17,79.19,78.95
2008-06-05,74.62,76.47,85.19,85.34,82.80,83.18,79.21,78.97
2008-06-06,74.67,76.49,85.22,85.36,82.81,83.19,79.23,78.98
2008-06-07,74.71,76.51,85.25,85.38,82.81,83.19,79.25,79.00
2008-06-08,74.76,76.53,85.29,85.40,82.82,83.20,79.27,79.02
2008-06-09,74.81,76.55,85.32,85.42,82.82,83.20,79.29,79.04
2008-06-10,74.85,76.57,85.35,85.44,82.83,83.21,79.31,79.06
2008-06-11,74.90,76.59,85.38,85.45,82.83,83.22,79.33,79.08
2008-06-12,74.95,76.61,85.42,85.47,82.84,83.22,79.35,79.10
2008-06-13,74.99,76.63,85.45,85.49,82.85,83.23,79.36,79.11
2008-06-14,75.04,76.65,85.48,85.51,82.85,83.24,79.38,79.13
2008-06-15,75.09,76.67,85.52,85.53,82.86,83.24,79.40,79.15
2008-06-16,75.13,76.69,85.55,85.55,82.86,83.25,79.42,79.17
2008-06-17,75.18,76.71,85.58,85.57,82.87,83.25,79.44,79.19
2008-06-18,75.23,76.73,85.62,85.59,82.87,83.26,79.46,79.21
2008-06-19,75.27,76.75,85.65,85.61,82.88,83.27,79.48,79.23
2008-06-20,75.32,76.77,85.68,85.63,82.88,83.27,79.50,79.25
2008-06-21,75.37,76.79,85.71,85.65,82.89,83.28,79.52,79.26
2008-06-22,75.41,76.81,85.75,85.67,82.89,83.28,79.54,79.28
2008-06-23,75.46,76.83,85.78,85.69,82.90,83.29,79.56,79.30
2008-06-24,75.51,76.85,85.81,85.71,82.90,83.30,79.58,79.32
2008-06-25,75.55,76.87,85.85,85.73,82.91,83.30,79.60,79.34
2008-06-26,75.60,76.90,85.88,85.75,82.91,83.31,79.62,79.36
2008-06-27,75.65,76.92,85.91,85.77,82.92,83.32,79.64,79.38
2008-06-28,75.69,76.94,85.95,85.79,82.92,83.32,79.66,79.40
2008-06-29,75.74,76.96,85.98,85.81,82.93,83.33,79.67,79.41
2008-06-30,75.79,76.98,86.01,85.83,82.93,83.33,79.69,79.43
2008-07-01,75.83,77.00,86.05,85.85,82.94,83.34,79.71,79.45
2008-07-02,75.87,77.03,86.00,85.87,82.94,83.35,79.73,79.47
2008-07-03,75.92,77.05,85.96,85.89,82.95,83.35,79.74,79.49
2008-07-04,75.96,77.07,85.92,85.91,82.95,83.36,79.76,79.51
2008-07-05,76.00,77.09,85.88,85.93,82.96,83.36,79.77,79.53
2008-07-06,76.05,77.11,85.84,85.95,82.97,83.37,79.78,79.54
2008-07-07,76.09,77.14,85.80,85.97,82.97,83.38,79.80,79.56
2008-07-08,76.13,77.16,85.76,85.99,82.98,83.38,79.81,79.58
2008-07-09,76.17,77.18,85.72,86.01,82.98,83.39,79.83,79.60
2008-07-10,76.22,77.20,85.68,86.03,82.99,83.39,79.84,79.62
2008-07-11,76.26,77.23,85.63,86.05,82.99,83.40,79.85,79.64
2008-07-12,76.30,77.25,85.59,86.07,83.00,83.41,79.87,79.65
2008-07-13,76.35,77.27,85.55,86.08,83.00,83.41,79.88,79.67
2008-07-14,76.39,77.29,85.51,86.10,83.01,83.42,79.90,79.69
2008-07-15,76.43,77.31,85.47,86.12,83.01,83.42,79.91,79.71
2008-07-16,76.47,77.34,85.43,86.14,83.02,83.43,79.92,79.73
2008-07-17,76.52,77.36,85.39,86.16,83.02,83.44,79.94,79.74
2008-07-18,76.56,77.38,85.35,86.18,83.03,83.44,79.95,79.76
2008-07-19,76.60,77.40,85.31,86.20,83.03,83.45,79.97,79.78
2008-07-20,76.65,77.42,85.27,86.22,83.04,83.45,79.98,79.80
2008-07-21,76.69,77.45,85.22,86.24,83.04,83.46,79.99,79.81
2008-07-22,76.73,77.47,85.18,86.25,83.05,83.46,80.01,79.83
2008-07-23,76.77,77.49,85.14,86.27,83.05,83.47,80.02,79.85
2008-07-24,76.82,77.51,85.10,86.29,83.06,83.47,80.04,79.87
2008-07-25,76.86,77.53,85.06,86.31,83.06,83.48,80.05,79.88
2008-07-26,76.90,77.55,85.02,86.33,83.07,83.49,80.06,79.90
2008-07-27,76.95,77.58,84.98,86.35,83.07,83.49,80.08,79.92
2008-07-28,76.99,77.60,84.94,86.36,83.08,83.50,80.09,79.94
2008-07-29,77.03,77.62,84.90,86.38,83.08,83.50,80.11,79.95
2008-07-30,77.07,77.64,84.85,86.40,83.09,83.51,80.12,79.97
2008-07-31,77.12,77.66,84.81,86.42,83.09,83.51,80.13,79.99
2008-08-01,77.16,77.68,84.77,86.44,83.10,83.52,80.15,80.00
2008-08-02,77.18,77.71,84.82,86.45,83.10,83.52,80.18,80.02
2008-08-03,77.21,77.73,84.86,86.47,83.10,83.53,80.22,80.04
2008-08-04,77.23,77.75,84.91,86.49,83.11,83.53,80.25,80.05
2008-08-05,77.26,77.77,84.95,86.51,83.11,83.54,80.29,80.07
2008-08-06,77.28,77.79,85.00,86.53,83.11,83.55,80.32,80.09
2008-08-07,77.31,77.81,85.05,86.54,83.11,83.55,80.36,80.11
2008-08-08,77.33,77.83,85.09,86.56,83.12,83.56,80.39,80.12
2008-08-09,77.36,77.85,85.14,86.58,83.12,83.56,80.43,80.14
2008-08-10,77.38,77.88,85.18,86.60,83.12,83.57,80.46,80.16
2008-08-11,77.41,77.90,85.23,86.62,83.12,83.57,80.50,80.17
2008-08-12,77.43,77.92,85.27,86.64,83.13,83.58,80.53,80.19
2008-08-13,77.46,77.94,85.32,86.66,83.13,83.58,80.57,80.21
2008-08-14,77.48,77.96,85.37,86.68,83.13,83.59,80.60,80.22
2008-08-15,77.51,77.98,85.41,86.70,83.13,83.59,80.64,80.24
2008-08-16,77.53,78.00,85.46,86.72,83.14,83.60,80.67,80.26
2008-08-17,77.56,78.02,85.50,86.74,83.14,83.60,80.71,80.28
2008-08-18,77.58,78.04,85.55,86.76,83.14,83.61,80.75,80.29
2008-08-19,77.61,78.06,85.59,86.78,83.14,83.61,80.78,80.31
2008-08-20,77.63,78.08,85.64,86.80,83.15,83.62,80.82,80.33
2008-08-21,77.66,78.11,85.69,86.82,83.15,83.62,80.85,80.35
2008-08-22,77.68,78.13,85.73,86.84,83.15,83.63,80.89,80.36
2008-08-23,77.71,78.15,85.78,86.86,83.15,83.64,80.92,80.38
2008-08-24,77.73,78.17,85.82,86.88,83.16,83.64,80.96,80.40
2008-08-25,77.75,78.19,85.87,86.90,83.16,83.65,80.99,80.41
2008-08-26,77.78,78.21,85.91,86.92,83.16,83.65,81.03,80.43
2008-08-27,77.80,78.23,85.96,86.94,83.16,83.66,81.06,80.45
2008-08-28,77.83,78.25,86.00,86.96,83.17,83.66,81.10,80.47
2008-08-29,77.85,78.27,86.05,86.98,83.17,83.67,81.13,80.48
2008-08-30,77.88,78.29,86.10,87.01,83.17,83.67,81.17,80.50
2008-08-31,77.90,78.31,86.14,87.03,83.17,83.68,81.20,80.52
2008-09-01,77.93,78.33,86.19,87.05,83.18,83.68,81.24,80.54
2008-09-02,77.91,78.35,86.20,87.07,83.19,83.69,81.26,80.55
2008-09-03,77.89,78.37,86.22,87.09,83.19,83.69,81.29,80.57
2008-09-04,77.87,78.39,86.24,87.12,83.20,83.70,81.32,80.59
2008-09-05,77.84,78.42,86.25,87.14,83.21,83.70,81.34,80.61
2008-09-06,77.82,78.44,86.27,87.16,83.22,83.71,81.37,80.62
2008-09-07,77.80,78.46,86.29,87.18,83.22,83.71,81.40,80.64
2008-09-08,77.78,78.48,86.30,87.21,83.23,83.72,81.42,80.66
2008-09-09,77.76,78.50,86.32,87.23,83.24,83.72,81.45,80.68
2008-09-10,77.74,78.52,86.34,87.25,83.25,83.73,81.48,80.69
2008-09-11,77.72,78.54,86.35,87.27,83.26,83.73,81.50,80.71
2008-09-12,77.70,78.56,86.37,87.30,83.26,83.74,81.53,80.73
2008-09-13,77.68,78.58,86.39,87.32,83.27,83.74,81.56,80.75
2008-09-14,77.66,78.60,86.40,87.34,83.28,83.75,81.58,80.76
2008-09-15,77.63,78.62,86.42,87.36,83.29,83.75,81.61,80.78
2008-09-16,77.61,78.64,86.43,87.39,83.30,83.76,81.64,80.80
2008-09-17,77.59,78.66,86.45,87.41,83.30,83.76,81.66,80.82
2008-09-18,77.57,78.68,86.47,87.43,83.31,83.77,81.69,80.83
2008-09-19,77.55,78.70,86.48,87.46,83.32,83.77,81.72,80.85
2008-09-20,77.53,78.72,86.50,87.48,83.33,83.78,81.74,80.87
2008-09-21,77.51,78.74,86.52,87.50,83.34,83.78,81.77,80.89
2008-09-22,77.49,78.76,86.53,87.53,83.34,83.79,81.80,80.90
2008-09-23,77.47,78.78,86.55,87.55,83.35,83.79,81.82,80.92
2008-09-24,77.45,78.80,86.57,87.57,83.36,83.80,81.85,80.94
2008-09-25,77.43,78.82,86.58,87.60,83.37,83.80,81.87,80.96
2008-09-26,77.40,78.84,86.60,87.62,83.38,83.81,81.90,80.97
2008-09-27,77.38,78.86,86.62,87.64,83.38,83.81,81.93,80.99
2008-09-28,77.36,78.88,86.63,87.67,83.39,83.82,81.95,81.01
2008-09-29,77.34,78.90,86.65,87.69,83.40,83.82,81.98,81.03
2008-09-30,77.32,78.92,86.67,87.71,83.41,83.83,82.01,81.04
2008-10-01,77.30,78.94,86.68,87.74,83.42,83.83,82.03,81.06
2008-10-02,77.30,78.96,86.68,87.76,83.42,83.84,82.03,81.08
2008-10-03,77.31,78.98,86.69,87.78,83.43,83.84,82.03,81.09
2008-10-04,77.31,79.00,86.69,87.81,83.43,83.85,82.03,81.11
2008-10-05,77.32,79.02,86.69,87.83,83.44,83.85,82.03,81.13
2008-10-06,77.32,79.04,86.69,87.86,83.44,83.86,82.03,81.15
2008-10-07,77.33,79.06,86.70,87.88,83.45,83.86,82.03,81.16
2008-10-08,77.33,79.08,86.70,87.90,83.45,83.86,82.03,81.18
2008-10-09,77.34,79.11,86.70,87.93,83.46,83.87,82.03,81.20
2008-10-10,77.34,79.13,86.70,87.95,83.46,83.87,82.03,81.21
2008-10-11,77.34,79.15,86.71,87.97,83.47,83.88,82.03,81.23
2008-10-12,77.35,79.17,86.71,88.00,83.47,83.88,82.03,81.25
2008-10-13,77.35,79.19,86.71,88.02,83.48,83.89,82.03,81.26
2008-10-14,77.36,79.21,86.71,88.04,83.48,83.89,82.03,81.28
2008-10-15,77.36,79.23,86.71,88.07,83.49,83.90,82.03,81.30
2008-10-16,77.37,79.25,86.72,88.09,83.49,83.90,82.03,81.31
2008-10-17,77.37,79.27,86.72,88.11,83.50,83.91,82.03,81.33
2008-10-18,77.38,79.30,86.72,88.14,83.50,83.91,82.03,81.34
2008-10-19,77.38,79.32,86.72,88.16,83.51,83.91,82.03,81.36
2008-10-20,77.39,79.34,86.73,88.18,83.51,83.92,82.03,81.38
2008-10-21,77.39,79.36,86.73,88.20,83.52,83.92,82.03,81.39
2008-10-22,77.39,79.38,86.73,88.23,83.52,83.93,82.03,81.41
2008-10-23,77.40,79.40,86.73,88.25,83.53,83.93,82.03,81.42
2008-10-24,77.40,79.42,86.73,88.27,83.53,83.94,82.03,81.44
2008-10-25,77.41,79.45,86.74,88.30,83.54,83.94,82.03,81.45
2008-10-26,77.41,79.47,86.74,88.32,83.54,83.94,82.03,81.47
2008-10-27,77.42,79.49,86.74,88.34,83.55,83.95,82.03,81.49
2008-10-28,77.42,79.51,86.74,88.36,83.55,83.95,82.03,81.50
2008-10-29,77.43,79.53,86.75,88.38,83.56,83.96,82.03,81.52
2008-10-30,77.43,79.56,86.75,88.41,83.56,83.96,82.03,81.53
2008-10-31,77.44,79.58,86.75,88.43,83.57,83.96,82.03,81.55
2008-11-01,77.44,79.60,86.75,88.45,83.57,83.97,82.03,81.56
2008-11-02,77.48,79.62,86.81,88.47,83.58,83.97,82.04,81.58
2008-11-03,77.52,79.65,86.86,88.50,83.58,83.98,82.04,81.59
2008-11-04,77.57,79.67,86.92,88.52,83.58,83.98,82.05,81.60
2008-11-05,77.61,79.69,86.97,88.54,83.58,83.98,82.05,81.62
2008-11-06,77.65,79.71,87.02,88.56,83.59,83.99,82.06,81.63
2008-11-07,77.69,79.74,87.08,88.58,83.59,83.99,82.06,81.65
2008-11-08,77.73,79.76,87.13,88.61,83.59,83.99,82.07,81.66
2008-11-09,77.78,79.78,87.19,88.63,83.59,84.00,82.07,81.68
2008-11-10,77.82,79.81,87.24,88.65,83.60,84.00,82.08,81.69
2008-11-11,77.86,79.83,87.30,88.67,83.60,84.01,82.08,81.70
2008-11-12,77.90,79.85,87.35,88.70,83.60,84.01,82.09,81.72
2008-11-13,77.94,79.88,87.40,88.72,83.61,84.01,82.09,81.73
2008-11-14,77.98,79.90,87.46,88.74,83.61,84.02,82.10,81.75
2008-11-15,78.03,79.93,87.51,88.76,83.61,84.02,82.10,81.76
2008-11-16,78.07,79.95,87.57,88.79,83.61,84.02,82.11,81.77
2008-11-17,78.11,79.97,87.62,88.81,83.62,84.03,82.11,81.79
2008-11-18,78.15,80.00,87.68,88.83,83.62,84.03,82.12,81.80
2008-11-19,78.19,80.02,87.73,88.86,83.62,84.03,82.12,81.81
2008-11-20,78.24,80.05,87.78,88.88,83.62,84.04,82.13,81.83
2008-11-21,78.28,80.07,87.84,88.90,83.63,84.04,82.13,81.84
2008-11-22,78.32,80.10,87.89,88.93,83.63,84.04,82.14,81.85
2008-11-23,78.36,80.12,87.95,88.95,83.63,84.05,82.14,81.87
2008-11-24,78.40,80.15,88.00,88.98,83.63,84.05,82.15,81.88
2008-11-25,78.45,80.17,88.05,89.00,83.64,84.06,82.15,81.89
2008-11-26,78.49,80.20,88.11,89.02,83.64,84.06,82.16,81.91
2008-11-27,78.53,80.22,88.16,89.05,83.64,84.06,82.16,81.92
2008-11-28,78.57,80.25,88.22,89.07,83.64,84.07,82.16,81.93
2008-11-29,78.61,80.28,88.27,89.09,83.65,84.07,82.17,81.94
2008-11-30,78.66,80.30,88.33,89.12,83.65,84.07,82.17,81.96
2008-12-01,78.70,80.33,88.38,89.14,83.65,84.08,82.18,81.97
2008-12-02,78.75,80.35,88.38,89.17,83.66,84.08,82.18,81.98
2008-12-03,78.81,80.38,88.38,89.19,83.66,84.08,82.18,81.99
2008-12-04,78.86,80.40,88.37,89.22,83.66,84.09,82.19,82.00
2008-12-05,78.91,80.43,88.37,89.24,83.66,84.09,82.19,82.02
2008-12-06,78.97,80.46,88.37,89.26,83.67,84.09,82.19,82.03
2008-12-07,79.02,80.48,88.37,89.29,83.67,84.10,82.19,82.04
2008-12-08,79.08,80.51,88.36,89.31,83.67,84.10,82.20,82.05
2008-12-09,79.13,80.53,88.36,89.33,83.67,84.10,82.20,82.06
2008-12-10,79.18,80.56,88.36,89.36,83.68,84.11,82.20,82.07
2008-12-11,79.24,80.58,88.36,89.38,83.68,84.11,82.20,82.08
2008-12-12,79.29,80.61,88.35,89.40,83.68,84.11,82.20,82.09
2008-12-13,79.35,80.63,88.35,89.43,83.68,84.11,82.21,82.10
2008-12-14,79.40,80.66,88.35,89.45,83.69,84.12,82.21,82.11
2008-12-15,79.46,80.68,88.35,89.47,83.69,84.12,82.21,82.12
2008-12-16,79.51,80.71,88.35,89.49,83.69,84.12,82.21,82.13
2008-12-17,79.56,80.73,88.34,89.51,83.69,84.13,82.22,82.14
2008-12-18,79.62,80.76,88.34,89.54,83.70,84.13,82.22,82.15
2008-12-19,79.67,80.78,88.34,89.56,83.70,84.13,82.22,82.16
2008-12-20,79.73,80.81,88.34,89.58,83.70,84.13,82.22,82.16
2008-12-21,79.78,80.83,88.33,89.60,83.70,84.14,82.23,82.17
2008-12-22,79.83,80.85,88.33,89.62,83.71,84.14,82.23,82.18
2008-12-23,79.89,80.88,88.33,89.64,83.71,84.14,82.23,82.19
2008-12-24,79.94,80.90,88.33,89.66,83.71,84.14,82.23,82.19
2008-12-25,80.00,80.92,88.32,89.68,83.71,84.15,82.24,82.20
2008-12-26,80.05,80.95,88.32,89.70,83.72,84.15,82.24,82.21
2008-12-27,80.11,80.97,88.32,89.72,83.72,84.15,82.24,82.21
2008-12-28,80.16,80.99,88.32,89.74,83.72,84.15,82.24,82.22
2008-12-29,80.21,81.01,88.32,89.76,83.72,84.16,82.24,82.23
2008-12-30,80.27,81.03,88.31,89.78,83.73,84.16,82.25,82.23
2008-12-31,80.32,81.06,88.31,89.80,83.73,84.16,82.25,82.24
2009-01-01,80.38,81.08,88.31,89.82,83.73,84.16,82.25,82.24
2009-01-02,80.39,81.10,88.39,89.84,83.73,84.17,82.26,82.25
2009-01-03,80.39,81.12,88.48,89.86,83.73,84.17,82.27,82.25
2009-01-04,80.40,81.14,88.56,89.88,83.73,84.17,82.27,82.26
2009-01-05,80.41,81.16,88.65,89.89,83.73,84.17,82.28,82.26
2009-01-06,80.42,81.18,88.73,89.91,83.73,84.18,82.29,82.26
2009-01-07,80.43,81.20,88.82,89.93,83.73,84.18,82.29,82.27
2009-01-08,80.44,81.22,88.90,89.95,83.73,84.18,82.30,82.27
2009-01-09,80.45,81.24,88.98,89.97,83.73,84.18,82.31,82.28
2009-01-10,80.46,81.26,89.07,89.98,83.73,84.18,82.31,82.28
2009-01-11,80.47,81.28,89.15,90.00,83.73,84.19,82.32,82.28
2009-01-12,80.47,81.30,89.24,90.02,83.73,84.19,82.33,82.29
2009-01-13,80.48,81.32,89.32,90.04,83.73,84.19,82.34,82.29
2009-01-14,80.49,81.34,89.41,90.05,83.73,84.19,82.34,82.29
2009-01-15,80.50,81.36,89.49,90.07,83.73,84.19,82.35,82.30
2009-01-16,80.51,81.37,89.58,90.09,83.73,84.20,82.36,82.30
2009-01-17,80.52,81.39,89.66,90.11,83.73,84.20,82.36,82.30
2009-01-18,80.53,81.41,89.75,90.12,83.73,84.20,82.37,82.31
2009-01-19,80.54,81.43,89.83,90.14,83.73,84.20,82.38,82.31
2009-01-20,80.55,81.45,89.91,90.16,83.73,84.20,82.38,82.31
2009-01-21,80.56,81.46,90.00,90.18,83.73,84.21,82.39,82.32
2009-01-22,80.56,81.48,90.08,90.20,83.73,84.21,82.40,82.32
2009-01-23,80.57,81.50,90.17,90.21,83.73,84.21,82.41,82.32
2009-01-24,80.58,81.51,90.25,90.23,83.73,84.21,82.41,82.33
2009-01-25,80.59,81.53,90.34,90.25,83.73,84.21,82.42,82.33
2009-01-26,80.60,81.55,90.42,90.27,83.73,84.22,82.43,82.33
2009-01-27,80.61,81.57,90.51,90.29,83.73,84.22,82.43,82.34
2009-01-28,80.62,81.58,90.59,90.31,83.73,84.22,82.44,82.34
2009-01-29,80.63,81.60,90.67,90.32,83.73,84.22,82.45,82.34
2009-01-30,80.64,81.61,90.76,90.34,83.73,84.22,82.46,82.35
2009-01-31,80.65,81.63,90.84,90.36,83.73,84.23,82.46,82.35
2009-02-01,80.65,81.65,90.93,90.38,83.73,84.23,82.47,82.35
2009-02-02,80.70,81.66,90.97,90.40,83.73,84.23,82.47,82.36
2009-02-03,80.75,81.68,91.01,90.41,83.73,84.23,82.47,82.36
2009-02-04,80.80,81.69,91.05,90.43,83.73,84.24,82.48,82.36
2009-02-05,80.84,81.71,91.09,90.45,83.73,84.24,82.48,82.37
2009-02-06,80.89,81.72,91.13,90.47,83.73,84.24,82.48,82.37
2009-02-07,80.94,81.74,91.17,90.49,83.73,84.24,82.48,82.37
2009-02-08,80.99,81.75,91.21,90.50,83.73,84.24,82.49,82.38
2009-02-09,81.03,81.77,91.25,90.52,83.73,84.24,82.49,82.38
2009-02-10,81.08,81.78,91.29,90.54,83.73,84.25,82.49,82.38
2009-02-11,81.13,81.79,91.33,90.56,83.73,84.25,82.50,82.38
2009-02-12,81.18,81.81,91.37,90.57,83.73,84.25,82.50,82.39
2009-02-13,81.22,81.82,91.41,90.59,83.73,84.25,82.50,82.39
2009-02-14,81.27,81.83,91.45,90.61,83.73,84.25,82.50,82.39
2009-02-15,81.32,81.85,91.49,90.62,83.73,84.26,82.51,82.39
2009-02-16,81.37,81.86,91.53,90.64,83.73,84.26,82.51,82.39
2009-02-17,81.41,81.87,91.58,90.66,83.73,84.26,82.51,82.40
2009-02-18,81.46,81.89,91.62,90.67,83.73,84.26,82.51,82.40
2009-02-19,81.51,81.90,91.66,90.69,83.73,84.26,82.52,82.40
2009-02-20,81.56,81.91,91.70,90.70,83.73,84.26,82.52,82.40
2009-02-21,81.60,81.92,91.74,90.72,83.73,84.27,82.52,82.40
2009-02-22,81.65,81.93,91.78,90.73,83.73,84.27,82.52,82.40
2009-02-23,81.70,81.94,91.82,90.75,83.73,84.27,82.53,82.41
2009-02-24,81.75,81.96,91.86,90.76,83.73,84.27,82.53,82.41
2009-02-25,81.79,81.97,91.90,90.78,83.73,84.27,82.53,82.41
2009-02-26,81.84,81.98,91.94,90.79,83.73,84.27,82.53,82.41
2009-02-27,81.89,81.99,91.98,90.81,83.73,84.27,82.54,82.41
2009-02-28,81.93,82.00,92.02,90.82,83.73,84.28,82.54,82.41
2009-03-01,81.98,82.01,92.06,90.84,83.73,84.28,82.54,82.41
2009-03-02,82.03,82.02,92.01,90.85,83.73,84.28,82.54,82.41
2009-03-03,82.07,82.03,91.96,90.86,83.74,84.28,82.54,82.41
2009-03-04,82.11,82.04,91.90,90.88,83.74,84.28,82.54,82.41
2009-03-05,82.15,82.05,91.85,90.89,83.74,84.28,82.53,82.41
2009-03-06,82.20,82.06,91.80,90.90,83.74,84.28,82.53,82.41
2009-03-07,82.24,82.07,91.75,90.92,83.75,84.29,82.53,82.41
2009-03-08,82.28,82.08,91.69,90.93,83.75,84.29,82.53,82.41
2009-03-09,82.33,82.08,91.64,90.94,83.75,84.29,82.52,82.41
2009-03-10,82.37,82.09,91.59,90.95,83.76,84.29,82.52,82.41
2009-03-11,82.41,82.10,91.54,90.96,83.76,84.29,82.52,82.41
2009-03-12,82.45,82.11,91.48,90.98,83.76,84.29,82.52,82.41
2009-03-13,82.50,82.12,91.43,90.99,83.76,84.30,82.51,82.41
2009-03-14,82.54,82.13,91.38,91.00,83.77,84.30,82.51,82.41
2009-03-15,82.58,82.14,91.32,91.01,83.77,84.30,82.51,82.41
2009-03-16,82.63,82.15,91.27,91.02,83.77,84.30,82.51,82.41
2009-03-17,82.67,82.16,91.22,91.03,83.77,84.30,82.50,82.41
2009-03-18,82.71,82.17,91.17,91.04,83.78,84.30,82.50,82.41
2009-03-19,82.75,82.18,91.11,91.05,83.78,84.31,82.50,82.42
2009-03-20,82.80,82.18,91.06,91.06,83.78,84.31,82.50,82.42
2009-03-21,82.84,82.19,91.01,91.07,83.78,84.31,82.50,82.42
2009-03-22,82.88,82.20,90.96,91.08,83.79,84.31,82.49,82.42
2009-03-23,82.93,82.21,90.90,91.09,83.79,84.31,82.49,82.42
2009-03-24,82.97,82.22,90.85,91.10,83.79,84.32,82.49,82.42
2009-03-25,83.01,82.23,90.80,91.11,83.79,84.32,82.49,82.42
2009-03-26,83.05,82.24,90.75,91.12,83.80,84.32,82.48,82.42
2009-03-27,83.10,82.25,90.69,91.13,83.80,84.32,82.48,82.42
2009-03-28,83.14,82.25,90.64,91.14,83.80,84.32,82.48,82.42
2009-03-29,83.18,82.26,90.59,91.15,83.80,84.32,82.48,82.42
2009-03-30,83.23,82.27,90.54,91.16,83.81,84.33,82.47,82.42
2009-03-31,83.27,82.28,90.48,91.17,83.81,84.33,82.47,82.42
2009-04-01,83.31,82.29,90.43,91.18,83.81,84.33,82.47,82.42
2009-04-02,83.29,82.30,90.43,91.18,83.82,84.33,82.46,82.42
2009-04-03,83.27,82.30,90.44,91.19,83.82,84.33,82.46,82.42
2009-04-04,83.26,82.31,90.44,91.20,83.83,84.34,82.45,82.42
2009-04-05,83.24,82.32,90.44,91.21,83.83,84.34,82.45,82.42
2009-04-06,83.22,82.33,90.44,91.22,83.84,84.34,82.45,82.42
2009-04-07,83.20,82.34,90.45,91.23,83.84,84.34,82.44,82.42
2009-04-08,83.18,82.34,90.45,91.23,83.85,84.34,82.44,82.42
2009-04-09,83.16,82.35,90.45,91.24,83.85,84.35,82.43,82.43
2009-04-10,83.14,82.36,90.45,91.25,83.86,84.35,82.43,82.43
2009-04-11,83.12,82.37,90.46,91.26,83.86,84.35,82.42,82.43
2009-04-12,83.11,82.37,90.46,91.26,83.87,84.35,82.42,82.43
2009-04-13,83.09,82.38,90.46,91.27,83.87,84.35,82.41,82.43
2009-04-14,83.07,82.38,90.46,91.28,83.88,84.36,82.41,82.43
2009-04-15,83.05,82.39,90.47,91.28,83.89,84.36,82.40,82.43
2009-04-16,83.03,82.40,90.47,91.29,83.89,84.36,82.40,82.43
2009-04-17,83.01,82.40,90.47,91.30,83.90,84.36,82.39,82.43
2009-04-18,82.99,82.41,90.47,91.30,83.90,84.36,82.39,82.43
2009-04-19,82.98,82.41,90.47,91.31,83.91,84.37,82.38,82.43
2009-04-20,82.96,82.42,90.48,91.32,83.91,84.37,82.38,82.42
2009-04-21,82.94,82.42,90.48,91.32,83.92,84.37,82.37,82.42
2009-04-22,82.92,82.43,90.48,91.33,83.92,84.37,82.37,82.42
2009-04-23,82.90,82.43,90.48,91.34,83.93,84.37,82.36,82.42
2009-04-24,82.88,82.44,90.49,91.34,83.93,84.38,82.36,82.42
2009-04-25,82.86,82.44,90.49,91.35,83.94,84.38,82.35,82.42
2009-04-26,82.84,82.44,90.49,91.36,83.94,84.38,82.35,82.42
2009-04-27,82.83,82.45,90.49,91.36,83.95,84.38,82.34,82.42
2009-04-28,82.81,82.45,90.50,91.37,83.95,84.38,82.34,82.42
2009-04-29,82.79,82.45,90.50,91.37,83.96,84.39,82.33,82.42
2009-04-30,82.77,82.46,90.50,91.38,83.96,84.39,82.33,82.42
2009-05-01,82.75,82.46,90.50,91.38,83.97,84.39,82.32,82.42
2009-05-02,82.68,82.46,90.52,91.39,83.97,84.39,82.33,82.42
2009-05-03,82.60,82.46,90.53,91.39,83.97,84.39,82.33,82.42
2009-05-04,82.53,82.47,90.54,91.40,83.97,84.40,82.33,82.42
2009-05-05,82.45,82.47,90.56,91.40,83.97,84.40,82.33,82.41
2009-05-06,82.38,82.47,90.57,91.41,83.97,84.40,82.34,82.41
2009-05-07,82.30,82.47,90.59,91.41,83.97,84.40,82.34,82.41
2009-05-08,82.23,82.47,90.60,91.42,83.97,84.40,82.34,82.41
2009-05-09,82.16,82.48,90.61,91.42,83.97,84.41,82.34,82.41
2009-05-10,82.08,82.48,90.63,91.43,83.97,84.41,82.35,82.41
2009-05-11,82.01,82.48,90.64,91.43,83.97,84.41,82.35,82.41
2009-05-12,81.93,82.48,90.65,91.44,83.97,84.41,82.35,82.41
2009-05-13,81.86,82.48,90.67,91.44,83.97,84.41,82.35,82.41
2009-05-14,81.78,82.48,90.68,91.45,83.97,84.42,82.35,82.40
2009-05-15,81.71,82.48,90.69,91.46,83.97,84.42,82.36,82.40
2009-05-16,81.63,82.48,90.71,91.46,83.97,84.42,82.36,82.40
2009-05-17,81.56,82.48,90.72,91.47,83.97,84.42,82.36,82.40
2009-05-18,81.49,82.48,90.74,91.47,83.97,84.42,82.36,82.40
2009-05-19,81.41,82.49,90.75,91.48,83.97,84.43,82.37,82.40
2009-05-20,81.34,82.49,90.76,91.48,83.97,84.43,82.37,82.40
2009-05-21,81.26,82.49,90.78,91.49,83.97,84.43,82.37,82.40
2009-05-22,81.19,82.49,90.79,91.49,83.97,84.43,82.37,82.39
2009-05-23,81.11,82.49,90.80,91.50,83.97,84.43,82.38,82.39
2009-05-24,81.04,82.49,90.82,91.50,83.97,84.44,82.38,82.39
2009-05-25,80.97,82.49,90.83,91.51,83.97,84.44,82.38,82.39
2009-05-26,80.89,82.49,90.85,91.51,83.97,84.44,82.38,82.39
2009-05-27,80.82,82.49,90.86,91.52,83.97,84.44,82.38,82.39
2009-05-28,80.74,82.48,90.87,91.52,83.97,84.45,82.39,82.38
2009-05-29,80.67,82.48,90.89,91.53,83.97,84.45,82.39,82.38
2009-05-30,80.59,82.48,90.90,91.54,83.97,84.45,82.39,82.38
2009-05-31,80.52,82.48,90.91,91.54,83.97,84.45,82.39,82.38
2009-06-01,80.44,82.48,90.93,91.55,83.97,84.45,82.40,82.38
2009-06-02,80.47,82.48,90.93,91.55,83.97,84.46,82.39,82.38
2009-06-03,80.49,82.48,90.92,91.56,83.98,84.46,82.38,82.37
2009-06-04,80.51,82.48,90.92,91.56,83.98,84.46,82.37,82.37
2009-06-05,80.53,82.48,90.92,91.57,83.98,84.46,82.36,82.37
2009-06-06,80.55,82.48,90.92,91.58,83.98,84.47,82.35,82.37
2009-06-07,80.57,82.48,90.91,91.58,83.99,84.47,82.34,82.37
2009-06-08,80.59,82.48,90.91,91.59,83.99,84.47,82.33,82.37
2009-06-09,80.61,82.48,90.91,91.59,83.99,84.47,82.32,82.36
2009-06-10,80.63,82.48,90.91,91.60,83.99,84.47,82.31,82.36
2009-06-11,80.65,82.48,90.90,91.60,84.00,84.48,82.30,82.36
2009-06-12,80.68,82.48,90.90,91.61,84.00,84.48,82.29,82.36
2009-06-13,80.70,82.48,90.90,91.61,84.00,84.48,82.28,82.35
2009-06-14,80.72,82.48,90.90,91.62,84.00,84.48,82.27,82.35
2009-06-15,80.74,82.48,90.90,91.62,84.01,84.49,82.26,82.35
2009-06-16,80.76,82.48,90.89,91.63,84.01,84.49,82.25,82.35
2009-06-17,80.78,82.48,90.89,91.63,84.01,84.49,82.24,82.35
2009-06-18,80.80,82.48,90.89,91.64,84.01,84.49,82.23,82.34
2009-06-19,80.82,82.48,90.89,91.64,84.02,84.50,82.22,82.34
2009-06-20,80.84,82.48,90.88,91.65,84.02,84.50,82.21,82.34
2009-06-21,80.86,82.48,90.88,91.65,84.02,84.50,82.20,82.33
2009-06-22,80.88,82.48,90.88,91.66,84.03,84.50,82.19,82.33
2009-06-23,80.91,82.48,90.88,91.66,84.03,84.51,82.18,82.33
2009-06-24,80.93,82.48,90.87,91.67,84.03,84.51,82.17,82.33
2009-06-25,80.95,82.48,90.87,91.67,84.03,84.51,82.16,82.32
2009-06-26,80.97,82.48,90.87,91.68,84.04,84.51,82.15,82.32
2009-06-27,80.99,82.48,90.87,91.68,84.04,84.51,82.14,82.32
2009-06-28,81.01,82.48,90.86,91.68,84.04,84.52,82.14,82.32
2009-06-29,81.03,82.48,90.86,91.69,84.04,84.52,82.13,82.31
2009-06-30,81.05,82.48,90.86,91.69,84.05,84.52,82.12,82.31
2009-07-01,81.07,82.48,90.86,91.70,84.05,84.52,82.11,82.31
2009-07-02,81.09,82.48,90.85,91.70,84.05,84.53,82.10,82.30
2009-07-03,81.11,82.48,90.85,91.70,84.06,84.53,82.10,82.30
2009-07-04,81.13,82.49,90.84,91.71,84.06,84.53,82.09,82.30
2009-07-05,81.15,82.49,90.84,91.71,84.07,84.53,82.09,82.29
2009-07-06,81.18,82.49,90.83,91.71,84.07,84.54,82.08,82.29
2009-07-07,81.20,82.49,90.83,91.72,84.08,84.54,82.08,82.29
2009-07-08,81.22,82.49,90.83,91.72,84.08,84.54,82.07,82.29
2009-07-09,81.24,82.49,90.82,91.73,84.09,84.54,82.07,82.28
2009-07-10,81.26,82.49,90.82,91.73,84.09,84.54,82.06,82.28
2009-07-11,81.28,82.50,90.81,91.74,84.10,84.55,82.06,82.28
2009-07-12,81.30,82.50,90.81,91.74,84.10,84.55,82.05,82.27
2009-07-13,81.32,82.50,90.80,91.75,84.11,84.55,82.05,82.27
2009-07-14,81.34,82.50,90.80,91.75,84.12,84.56,82.05,82.27
2009-07-15,81.36,82.51,90.79,91.75,84.12,84.56,82.04,82.26
2009-07-16,81.38,82.51,90.79,91.76,84.13,84.56,82.04,82.26
2009-07-17,81.40,82.51,90.78,91.76,84.13,84.56,82.03,82.26
2009-07-18,81.42,82.52,90.78,91.77,84.14,84.57,82.03,82.26
2009-07-19,81.44,82.52,90.78,91.77,84.14,84.57,82.02,82.25
2009-07-20,81.46,82.52,90.77,91.78,84.15,84.57,82.02,82.25
2009-07-21,81.48,82.53,90.77,91.78,84.15,84.58,82.01,82.25
2009-07-22,81.50,82.53,90.76,91.79,84.16,84.58,82.01,82.25
2009-07-23,81.52,82.54,90.76,91.80,84.16,84.58,82.00,82.24
2009-07-24,81.54,82.54,90.75,91.80,84.17,84.59,82.00,82.24
2009-07-25,81.56,82.55,90.75,91.81,84.17,84.59,81.99,82.24
2009-07-26,81.58,82.55,90.74,91.81,84.18,84.59,81.99,82.24
2009-07-27,81.60,82.56,90.74,91.82,84.18,84.59,81.98,82.23
2009-07-28,81.62,82.56,90.73,91.82,84.19,84.60,81.98,82.23
2009-07-29,81.64,82.57,90.73,91.83,84.19,84.60,81.98,82.23
2009-07-30,81.66,82.57,90.72,91.83,84.20,84.60,81.97,82.23
2009-07-31,81.68,82.58,90.72,91.84,84.20,84.61,81.97,82.22
2009-08-01,81.70,82.58,90.72,91.85,84.21,84.61,81.96,82.22
2009-08-02,81.70,82.59,90.73,91.85,84.21,84.62,81.96,82.22
2009-08-03,81.69,82.60,90.75,91.86,84.21,84.62,81.96,82.22
2009-08-04,81.68,82.60,90.76,91.87,84.21,84.62,81.95,82.21
2009-08-05,81.68,82.61,90.78,91.87,84.22,84.63,81.95,82.21
2009-08-06,81.67,82.61,90.80,91.88,84.22,84.63,81.95,82.21
2009-08-07,81.66,82.62,90.81,91.88,84.22,84.63,81.95,82.21
2009-08-08,81.66,82.63,90.83,91.89,84.22,84.64,81.95,82.20
2009-08-09,81.65,82.63,90.84,91.90,84.23,84.64,81.94,82.20
2009-08-10,81.64,82.64,90.86,91.90,84.23,84.64,81.94,82.20
2009-08-11,81.64,82.65,90.87,91.91,84.23,84.65,81.94,82.20
2009-08-12,81.63,82.65,90.89,91.91,84.23,84.65,81.94,82.20
2009-08-13,81.62,82.66,90.91,91.92,84.24,84.65,81.93,82.19
2009-08-14,81.61,82.67,90.92,91.93,84.24,84.66,81.93,82.19
2009-08-15,81.61,82.67,90.94,91.93,84.24,84.66,81.93,82.19
2009-08-16,81.60,82.68,90.95,91.94,84.24,84.67,81.93,82.19
2009-08-17,81.59,82.68,90.97,91.95,84.25,84.67,81.92,82.19
2009-08-18,81.59,82.69,90.99,91.95,84.25,84.67,81.92,82.18
2009-08-19,81.58,82.70,91.00,91.96,84.25,84.68,81.92,82.18
2009-08-20,81.57,82.70,91.02,91.97,84.26,84.68,81.92,82.18
2009-08-21,81.57,82.71,91.03,91.97,84.26,84.68,81.92,82.18
2009-08-22,81.56,82.72,91.05,91.98,84.26,84.69,81.91,82.18
2009-08-23,81.55,82.72,91.07,91.99,84.26,84.69,81.91,82.18
2009-08-24,81.55,82.73,91.08,91.99,84.27,84.70,81.91,82.18
2009-08-25,81.54,82.74,91.10,92.00,84.27,84.70,81.91,82.17
2009-08-26,81.53,82.74,91.11,92.01,84.27,84.70,81.90,82.17
2009-08-27,81.53,82.75,91.13,92.01,84.27,84.71,81.90,82.17
2009-08-28,81.52,82.76,91.15,92.02,84.28,84.71,81.90,82.17
2009-08-29,81.51,82.76,91.16,92.03,84.28,84.71,81.90,82.17
2009-08-30,81.51,82.77,91.18,92.03,84.28,84.72,81.89,82.17
2009-08-31,81.50,82.78,91.19,92.04,84.28,84.72,81.89,82.17
2009-09-01,81.49,82.78,91.21,92.05,84.29,84.73,81.89,82.17
2009-09-02,81.48,82.79,91.21,92.05,84.29,84.73,81.89,82.17
2009-09-03,81.46,82.80,91.21,92.06,84.29,84.73,81.89,82.17
2009-09-04,81.44,82.80,91.22,92.07,84.29,84.74,81.89,82.16
2009-09-05,81.43,82.81,91.22,92.08,84.30,84.74,81.89,82.16
2009-09-06,81.41,82.82,91.22,92.08,84.30,84.75,81.89,82.16
2009-09-07,81.39,82.83,91.22,92.09,84.30,84.75,81.89,82.16
2009-09-08,81.38,82.83,91.23,92.10,84.30,84.75,81.89,82.16
2009-09-09,81.36,82.84,91.23,92.11,84.31,84.76,81.89,82.16
2009-09-10,81.35,82.85,91.23,92.11,84.31,84.76,81.89,82.16
2009-09-11,81.33,82.85,91.23,92.12,84.31,84.77,81.89,82.16
2009-09-12,81.31,82.86,91.24,92.13,84.32,84.77,81.89,82.16
2009-09-13,81.30,82.87,91.24,92.14,84.32,84.77,81.89,82.16
2009-09-14,81.28,82.88,91.24,92.15,84.32,84.78,81.89,82.16
2009-09-15,81.26,82.88,91.24,92.15,84.32,84.78,81.89,82.16
2009-09-16,81.25,82.89,91.25,92.16,84.33,84.78,81.89,82.16
2009-09-17,81.23,82.90,91.25,92.17,84.33,84.79,81.89,82.16
2009-09-18,81.22,82.90,91.25,92.18,84.33,84.79,81.89,82.16
2009-09-19,81.20,82.91,91.25,92.19,84.33,84.80,81.89,82.16
2009-09-20,81.18,82.92,91.26,92.20,84.34,84.80,81.89,82.16
2009-09-21,81.17,82.93,91.26,92.20,84.34,84.80,81.89,82.16
2009-09-22,81.15,82.93,91.26,92.21,84.34,84.81,81.89,82.16
2009-09-23,81.13,82.94,91.26,92.22,84.34,84.81,81.89,82.16
2009-09-24,81.12,82.95,91.26,92.23,84.35,84.82,81.89,82.16
2009-09-25,81.10,82.96,91.27,92.24,84.35,84.82,81.89,82.16
2009-09-26,81.08,82.96,91.27,92.25,84.35,84.83,81.89,82.16
2009-09-27,81.07,82.97,91.27,92.26,84.36,84.83,81.89,82.16
2009-09-28,81.05,82.98,91.27,92.26,84.36,84.83,81.89,82.17
2009-09-29,81.04,82.99,91.28,92.27,84.36,84.84,81.89,82.17
2009-09-30,81.02,82.99,91.28,92.28,84.36,84.84,81.89,82.17
2009-10-01,81.00,83.00,91.28,92.29,84.37,84.85,81.89,82.17
2009-10-02,80.96,83.01,91.31,92.30,84.37,84.85,81.89,82.17
2009-10-03,80.92,83.02,91.34,92.31,84.38,84.85,81.89,82.17
2009-10-04,80.88,83.03,91.36,92.32,84.38,84.86,81.89,82.17
2009-10-05,80.84,83.03,91.39,92.33,84.39,84.86,81.89,82.17
2009-10-06,80.80,83.04,91.42,92.34,84.39,84.87,81.89,82.17
2009-10-07,80.76,83.05,91.45,92.35,84.40,84.87,81.89,82.17
2009-10-08,80.72,83.06,91.47,92.36,84.40,84.87,81.89,82.18
2009-10-09,80.68,83.07,91.50,92.37,84.41,84.88,81.89,82.18
2009-10-10,80.64,83.07,91.53,92.38,84.41,84.88,81.89,82.18
2009-10-11,80.60,83.08,91.56,92.39,84.42,84.89,81.89,82.18
2009-10-12,80.56,83.09,91.58,92.40,84.42,84.89,81.89,82.18
2009-10-13,80.52,83.10,91.61,92.41,84.43,84.89,81.89,82.18
2009-10-14,80.48,83.11,91.64,92.42,84.43,84.90,81.89,82.18
2009-10-15,80.44,83.12,91.66,92.43,84.44,84.90,81.89,82.19
2009-10-16,80.39,83.13,91.69,92.44,84.44,84.91,81.89,82.19
2009-10-17,80.35,83.13,91.72,92.45,84.45,84.91,81.89,82.19
2009-10-18,80.31,83.14,91.75,92.46,84.45,84.92,81.89,82.19
2009-10-19,80.27,83.15,91.77,92.47,84.46,84.92,81.89,82.19
2009-10-20,80.23,83.16,91.80,92.48,84.46,84.93,81.89,82.20
2009-10-21,80.19,83.17,91.83,92.49,84.47,84.93,81.89,82.20
2009-10-22,80.15,83.18,91.86,92.50,84.47,84.93,81.89,82.20
2009-10-23,80.11,83.19,91.88,92.51,84.48,84.94,81.89,82.20
2009-10-24,80.07,83.20,91.91,92.52,84.48,84.94,81.89,82.20
2009-10-25,80.03,83.21,91.94,92.54,84.49,84.95,81.89,82.21
2009-10-26,79.99,83.22,91.97,92.55,84.49,84.95,81.89,82.21
2009-10-27,79.95,83.23,91.99,92.56,84.50,84.96,81.89,82.21
2009-10-28,79.91,83.24,92.02,92.57,84.50,84.96,81.89,82.21
2009-10-29,79.87,83.25,92.05,92.58,84.51,84.97,81.89,82.22
2009-10-30,79.83,83.26,92.08,92.59,84.51,84.97,81.89,82.22
2009-10-31,79.79,83.27,92.10,92.60,84.52,84.98,81.89,82.22
2009-11-01,79.75,83.28,92.13,92.62,84.52,84.98,81.89,82.23
2009-11-02,79.79,83.29,92.14,92.63,84.53,84.98,81.89,82.23
2009-11-03,79.83,83.31,92.16,92.64,84.53,84.99,81.89,82.23
2009-11-04,79.87,83.32,92.17,92.65,84.54,84.99,81.89,82.23
2009-11-05,79.91,83.33,92.19,92.66,84.54,85.00,81.89,82.24
2009-11-06,79.96,83.34,92.20,92.67,84.55,85.00,81.89,82.24
2009-11-07,80.00,83.35,92.22,92.69,84.56,85.01,81.89,82.24
2009-11-08,80.04,83.37,92.23,92.70,84.56,85.01,81.89,82.25
2009-11-09,80.08,83.38,92.24,92.71,84.57,85.02,81.89,82.25
2009-11-10,80.12,83.39,92.26,92.72,84.57,85.02,81.89,82.25
2009-11-11,80.16,83.40,92.27,92.73,84.58,85.03,81.89,82.26
2009-11-12,80.21,83.42,92.29,92.75,84.58,85.03,81.89,82.26
2009-11-13,80.25,83.43,92.30,92.76,84.59,85.04,81.89,82.26
2009-11-14,80.29,83.44,92.31,92.77,84.59,85.04,81.89,82.27
2009-11-15,80.33,83.46,92.33,92.78,84.60,85.05,81.89,82.27
2009-11-16,80.37,83.47,92.34,92.80,84.60,85.05,81.89,82.28
2009-11-17,80.42,83.49,92.36,92.81,84.61,85.06,81.89,82.28
2009-11-18,80.46,83.50,92.37,92.82,84.61,85.06,81.89,82.28
2009-11-19,80.50,83.51,92.38,92.83,84.62,85.07,81.89,82.29
2009-11-20,80.54,83.53,92.40,92.84,84.62,85.07,81.89,82.29
2009-11-21,80.58,83.54,92.41,92.86,84.63,85.08,81.89,82.29
2009-11-22,80.63,83.56,92.43,92.87,84.64,85.08,81.89,82.30
2009-11-23,80.67,83.57,92.44,92.88,84.64,85.09,81.89,82.30
2009-11-24,80.71,83.59,92.46,92.89,84.65,85.09,81.89,82.30
2009-11-25,80.75,83.61,92.47,92.91,84.65,85.10,81.89,82.31
2009-11-26,80.79,83.62,92.48,92.92,84.66,85.10,81.89,82.31
2009-11-27,80.84,83.64,92.50,92.93,84.66,85.11,81.89,82.32
2009-11-28,80.88,83.65,92.51,92.94,84.67,85.11,81.89,82.32
2009-11-29,80.92,83.67,92.53,92.96,84.67,85.12,81.89,82.32
2009-11-30,80.96,83.69,92.54,92.97,84.68,85.12,81.89,82.33
2009-12-01,81.00,83.71,92.55,92.98,84.68,85.13,81.89,82.33
2009-12-02,81.07,83.72,92.58,92.99,84.69,85.13,81.91,82.34
2009-12-03,81.13,83.74,92.60,93.01,84.69,85.14,81.94,82.34
2009-12-04,81.19,83.76,92.62,93.02,84.70,85.14,81.96,82.35
2009-12-05,81.26,83.78,92.64,93.03,84.70,85.15,81.99,82.35
2009-12-06,81.32,83.79,92.67,93.04,84.70,85.15,82.01,82.35
2009-12-07,81.38,83.81,92.69,93.06,84.71,85.16,82.04,82.36
2009-12-08,81.45,83.83,92.71,93.07,84.71,85.16,82.06,82.36
2009-12-09,81.51,83.85,92.73,93.08,84.72,85.17,82.09,82.37
2009-12-10,81.57,83.87,92.75,93.10,84.72,85.17,82.11,82.37
2009-12-11,81.63,83.89,92.78,93.11,84.72,85.18,82.14,82.38
2009-12-12,81.70,83.91,92.80,93.12,84.73,85.18,82.16,82.38
2009-12-13,81.76,83.93,92.82,93.14,84.73,85.19,82.19,82.39
2009-12-14,81.82,83.95,92.84,93.15,84.74,85.19,82.21,82.39
2009-12-15,81.89,83.97,92.86,93.16,84.74,85.20,82.24,82.40
2009-12-16,81.95,83.99,92.89,93.17,84.74,85.20,82.26,82.40
2009-12-17,82.01,84.01,92.91,93.19,84.75,85.21,82.29,82.40
2009-12-18,82.08,84.03,92.93,93.20,84.75,85.21,82.31,82.41
2009-12-19,82.14,84.05,92.95,93.21,84.76,85.22,82.34,82.41
2009-12-20,82.20,84.07,92.98,93.23,84.76,85.22,82.36,82.42
2009-12-21,82.27,84.09,93.00,93.24,84.77,85.23,82.39,82.42
2009-12-22,82.33,84.11,93.02,93.25,84.77,85.23,82.41,82.43
2009-12-23,82.39,84.13,93.04,93.27,84.77,85.24,82.44,82.43
2009-12-24,82.46,84.15,93.06,93.28,84.78,85.24,82.46,82.44
2009-12-25,82.52,84.17,93.09,93.29,84.78,85.25,82.49,82.44
2009-12-26,82.58,84.20,93.11,93.30,84.79,85.25,82.51,82.45
2009-12-27,82.64,84.22,93.13,93.32,84.79,85.26,82.53,82.45
2009-12-28,82.71,84.24,93.15,93.33,84.79,85.26,82.56,82.46
2009-12-29,82.77,84.26,93.17,93.34,84.80,85.27,82.58,82.46
2009-12-30,82.83,84.28,93.20,93.36,84.80,85.27,82.61,82.47
2009-12-31,82.90,84.30,93.22,93.37,84.81,85.28,82.63,82.48
2010-01-01,82.96,84.33,93.24,93.38,84.81,85.28,82.66,82.48
2010-01-02,82.99,84.35,93.25,93.39,84.82,85.29,82.66,82.49
2010-01-03,83.02,84.37,93.25,93.41,84.82,85.29,82.66,82.49
2010-01-04,83.05,84.39,93.26,93.42,84.83,85.30,82.66,82.50
2010-01-05,83.08,84.42,93.27,93.43,84.83,85.30,82.66,82.50
2010-01-06,83.11,84.44,93.27,93.45,84.84,85.31,82.66,82.51
2010-01-07,83.14,84.46,93.28,93.46,84.84,85.31,82.66,82.51
2010-01-08,83.18,84.49,93.28,93.47,84.85,85.32,82.66,82.52
2010-01-09,83.21,84.51,93.29,93.49,84.85,85.32,82.66,82.52
2010-01-10,83.24,84.53,93.30,93.50,84.86,85.33,82.66,82.53
2010-01-11,83.27,84.55,93.30,93.51,84.87,85.33,82.66,82.54
2010-01-12,83.30,84.58,93.31,93.53,84.87,85.34,82.66,82.54
2010-01-13,83.33,84.60,93.31,93.54,84.88,85.34,82.66,82.55
2010-01-14,83.36,84.62,93.32,93.55,84.88,85.35,82.66,82.55
2010-01-15,83.39,84.65,93.33,93.56,84.89,85.35,82.66,82.56
2010-01-16,83.42,84.67,93.33,93.58,84.89,85.36,82.66,82.56
2010-01-17,83.45,84.69,93.34,93.59,84.90,85.36,82.66,82.57
2010-01-18,83.48,84.71,93.34,93.60,84.90,85.37,82.66,82.57
2010-01-19,83.51,84.74,93.35,93.61,84.91,85.37,82.66,82.58
2010-01-20,83.54,84.76,93.36,93.63,84.92,85.38,82.66,82.58
2010-01-21,83.58,84.78,93.36,93.64,84.92,85.38,82.66,82.59
2010-01-22,83.61,84.80,93.37,93.65,84.93,85.39,82.66,82.59
2010-01-23,83.64,84.83,93.37,93.66,84.93,85.39,82.66,82.60
2010-01-24,83.67,84.85,93.38,93.68,84.94,85.40,82.66,82.60
2010-01-25,83.70,84.87,93.39,93.69,84.94,85.40,82.66,82.61
2010-01-26,83.73,84.90,93.39,93.70,84.95,85.41,82.66,82.61
2010-01-27,83.76,84.92,93.40,93.71,84.95,85.41,82.66,82.62
2010-01-28,83.79,84.94,93.40,93.72,84.96,85.42,82.66,82.62
2010-01-29,83.82,84.96,93.41,93.73,84.96,85.42,82.66,82.63
2010-01-30,83.85,84.99,93.42,93.75,84.97,85.43,82.66,82.63
2010-01-31,83.88,85.01,93.42,93.76,84.98,85.43,82.66,82.64
2010-02-01,83.91,85.03,93.43,93.77,84.98,85.44,82.66,82.64
2010-02-02,83.93,85.05,93.44,93.78,84.98,85.44,82.66,82.65
2010-02-03,83.96,85.07,93.44,93.79,84.99,85.45,82.66,82.65
2010-02-04,83.98,85.10,93.45,93.80,84.99,85.45,82.66,82.66
2010-02-05,84.00,85.12,93.46,93.81,84.99,85.46,82.66,82.66
2010-02-06,84.02,85.14,93.46,93.82,85.00,85.46,82.66,82.67
2010-02-07,84.04,85.16,93.47,93.83,85.00,85.47,82.66,82.67
2010-02-08,84.06,85.19,93.48,93.84,85.00,85.47,82.66,82.68
2010-02-09,84.09,85.21,93.48,93.85,85.01,85.48,82.66,82.68
2010-02-10,84.11,85.23,93.49,93.86,85.01,85.48,82.66,82.69
2010-02-11,84.13,85.25,93.50,93.87,85.01,85.49,82.66,82.69
2010-02-12,84.15,85.27,93.50,93.88,85.01,85.49,82.66,82.70
2010-02-13,84.17,85.29,93.51,93.90,85.02,85.50,82.66,82.70
2010-02-14,84.19,85.32,93.52,93.91,85.02,85.50,82.66,82.71
2010-02-15,84.22,85.34,93.52,93.92,85.02,85.51,82.66,82.71
2010-02-16,84.24,85.36,93.53,93.93,85.03,85.51,82.66,82.72
2010-02-17,84.26,85.38,93.54,93.94,85.03,85.52,82.66,82.72
2010-02-18,84.28,85.40,93.54,93.94,85.03,85.52,82.66,82.73
2010-02-19,84.30,85.42,93.55,93.95,85.04,85.53,82.66,82.73
2010-02-20,84.32,85.44,93.56,93.96,85.04,85.53,82.66,82.73
2010-02-21,84.34,85.47,93.56,93.97,85.04,85.54,82.66,82.74
2010-02-22,84.37,85.49,93.57,93.98,85.05,85.54,82.66,82.74
2010-02-23,84.39,85.51,93.58,93.99,85.05,85.55,82.66,82.75
2010-02-24,84.41,85.53,93.58,94.00,85.05,85.55,82.66,82.75
2010-02-25,84.43,85.55,93.59,94.01,85.05,85.56,82.66,82.76
2010-02-26,84.45,85.57,93.60,94.02,85.06,85.56,82.66,82.76
2010-02-27,84.47,85.59,93.60,94.03,85.06,85.57,82.66,82.77
2010-02-28,84.50,85.61,93.61,94.04,85.06,85.57,82.66,82.77
2010-03-01,84.52,85.63,93.62,94.05,85.07,85.58,82.66,82.78
2010-03-02,84.56,85.65,93.61,94.06,85.07,85.58,82.66,82.78
2010-03-03,84.60,85.67,93.61,94.06,85.08,85.59,82.66,82.79
2010-03-04,84.64,85.69,93.60,94.07,85.08,85.59,82.67,82.79
2010-03-05,84.68,85.71,93.59,94.08,85.09,85.60,82.67,82.80
2010-03-06,84.73,85.73,93.59,94.09,85.09,85.60,82.67,82.80
2010-03-07,84.77,85.75,93.58,94.10,85.10,85.61,82.67,82.81
2010-03-08,84.81,85.77,93.58,94.11,85.11,85.61,82.68,82.81
2010-03-09,84.85,85.79,93.57,94.12,85.11,85.62,82.68,82.82
2010-03-10,84.89,85.81,93.56,94.13,85.12,85.63,82.68,82.82
2010-03-11,84.94,85.83,93.56,94.13,85.12,85.63,82.69,82.83
2010-03-12,84.98,85.85,93.55,94.14,85.13,85.64,82.69,82.83
2010-03-13,85.02,85.87,93.54,94.15,85.13,85.64,82.69,82.84
2010-03-14,85.06,85.89,93.54,94.16,85.14,85.65,82.69,82.84
2010-03-15,85.10,85.91,93.53,94.17,85.14,85.65,82.70,82.85
2010-03-16,85.15,85.93,93.53,94.18,85.15,85.66,82.70,82.85
2010-03-17,85.19,85.95,93.52,94.19,85.15,85.66,82.70,82.86
2010-03-18,85.23,85.97,93.51,94.20,85.16,85.67,82.70,82.86
2010-03-19,85.27,85.99,93.51,94.21,85.17,85.68,82.71,82.87
2010-03-20,85.31,86.01,93.50,94.21,85.17,85.68,82.71,82.87
2010-03-21,85.36,86.03,93.50,94.22,85.18,85.69,82.71,82.88
2010-03-22,85.40,86.05,93.49,94.23,85.18,85.69,82.71,82.88
2010-03-23,85.44,86.07,93.48,94.24,85.19,85.70,82.72,82.89
2010-03-24,85.48,86.09,93.48,94.25,85.19,85.70,82.72,82.89
2010-03-25,85.52,86.11,93.47,94.26,85.20,85.71,82.72,82.90
2010-03-26,85.56,86.13,93.47,94.27,85.20,85.72,82.73,82.90
2010-03-27,85.61,86.15,93.46,94.28,85.21,85.72,82.73,82.91
2010-03-28,85.65,86.17,93.45,94.29,85.22,85.73,82.73,82.92
2010-03-29,85.69,86.19,93.45,94.30,85.22,85.73,82.73,82.92
2010-03-30,85.73,86.21,93.44,94.31,85.23,85.74,82.74,82.93
2010-03-31,85.77,86.23,93.43,94.32,85.23,85.75,82.74,82.93
2010-04-01,85.82,86.25,93.43,94.32,85.24,85.75,82.74,82.94
2010-04-02,85.80,86.27,93.44,94.33,85.24,85.76,82.75,82.94
2010-04-03,85.79,86.29,93.45,94.34,85.25,85.76,82.75,82.95
2010-04-04,85.77,86.31,93.47,94.35,85.25,85.77,82.76,82.95
2010-04-05,85.76,86.33,93.48,94.36,85.26,85.78,82.76,82.96
2010-04-06,85.74,86.35,93.49,94.37,85.27,85.78,82.77,82.96
2010-04-07,85.73,86.37,93.50,94.38,85.27,85.79,82.77,82.97
2010-04-08,85.71,86.39,93.52,94.39,85.28,85.79,82.78,82.97
2010-04-09,85.70,86.41,93.53,94.40,85.28,85.80,82.79,82.98
2010-04-10,85.69,86.43,93.54,94.41,85.29,85.81,82.79,82.98
2010-04-11,85.67,86.45,93.55,94.42,85.29,85.81,82.80,82.99
2010-04-12,85.66,86.47,93.57,94.42,85.30,85.82,82.80,82.99
2010-04-13,85.64,86.49,93.58,94.43,85.31,85.82,82.81,83.00
2010-04-14,85.63,86.51,93.59,94.44,85.31,85.83,82.81,83.00
2010-04-15,85.61,86.52,93.60,94.45,85.32,85.84,82.82,83.01
2010-04-16,85.60,86.54,93.62,94.46,85.32,85.84,82.82,83.02
2010-04-17,85.58,86.56,93.63,94.47,85.33,85.85,82.83,83.02
2010-04-18,85.57,86.58,93.64,94.48,85.33,85.85,82.84,83.03
2010-04-19,85.56,86.60,93.66,94.49,85.34,85.86,82.84,83.03
2010-04-20,85.54,86.62,93.67,94.50,85.35,85.87,82.85,83.04
2010-04-21,85.53,86.64,93.68,94.51,85.35,85.87,82.85,83.04
2010-04-22,85.51,86.66,93.69,94.52,85.36,85.88,82.86,83.05
2010-04-23,85.50,86.67,93.71,94.53,85.36,85.89,82.86,83.05
2010-04-24,85.48,86.69,93.72,94.53,85.37,85.89,82.87,83.06
2010-04-25,85.47,86.71,93.73,94.54,85.37,85.90,82.87,83.06
2010-04-26,85.46,86.73,93.74,94.55,85.38,85.90,82.88,83.07
2010-04-27,85.44,86.75,93.76,94.56,85.39,85.91,82.89,83.07
2010-04-28,85.43,86.77,93.77,94.57,85.39,85.92,82.89,83.08
2010-04-29,85.41,86.78,93.78,94.58,85.40,85.92,82.90,83.09
2010-04-30,85.40,86.80,93.79,94.59,85.40,85.93,82.90,83.09
2010-05-01,85.38,86.82,93.81,94.60,85.41,85.94,82.91,83.10
2010-05-02,85.35,86.84,93.81,94.61,85.41,85.94,82.91,83.10
2010-05-03,85.31,86.86,93.82,94.62,85.42,85.95,82.92,83.11
2010-05-04,85.27,86.88,93.82,94.63,85.43,85.96,82.92,83.11
2010-05-05,85.24,86.89,93.83,94.64,85.43,85.96,82.93,83.12
2010-05-06,85.20,86.91,93.84,94.65,85.44,85.97,82.93,83.12
2010-05-07,85.17,86.93,93.84,94.65,85.44,85.97,82.94,83.13
2010-05-08,85.13,86.95,93.85,94.66,85.45,85.98,82.94,83.13
2010-05-09,85.09,86.97,93.85,94.67,85.45,85.99,82.95,83.14
2010-05-10,85.06,86.99,93.86,94.68,85.46,85.99,82.96,83.15
2010-05-11,85.02,87.00,93.87,94.69,85.46,86.00,82.96,83.15
2010-05-12,84.98,87.02,93.87,94.70,85.47,86.01,82.97,83.16
2010-05-13,84.95,87.04,93.88,94.71,85.48,86.01,82.97,83.16
2010-05-14,84.91,87.06,93.88,94.72,85.48,86.02,82.98,83.17
2010-05-15,84.88,87.08,93.89,94.73,85.49,86.03,82.98,83.18
2010-05-16,84.84,87.09,93.90,94.74,85.49,86.03,82.99,83.18
2010-05-17,84.80,87.11,93.90,94.75,85.50,86.04,82.99,83.19
2010-05-18,84.77,87.13,93.91,94.76,85.50,86.05,83.00,83.19
2010-05-19,84.73,87.15,93.91,94.77,85.51,86.05,83.00,83.20
2010-05-20,84.69,87.17,93.92,94.77,85.51,86.06,83.01,83.21
2010-05-21,84.66,87.18,93.93,94.78,85.52,86.06,83.01,83.21
2010-05-22,84.62,87.20,93.93,94.79,85.53,86.07,83.02,83.22
2010-05-23,84.58,87.22,93.94,94.80,85.53,86.08,83.03,83.22
2010-05-24,84.55,87.24,93.95,94.81,85.54,86.08,83.03,83.23
2010-05-25,84.51,87.25,93.95,94.82,85.54,86.09,83.04,83.24
2010-05-26,84.48,87.27,93.96,94.83,85.55,86.10,83.04,83.24
2010-05-27,84.44,87.29,93.96,94.84,85.55,86.10,83.05,83.25
2010-05-28,84.40,87.31,93.97,94.85,85.56,86.11,83.05,83.25
2010-05-29,84.37,87.33,93.98,94.86,85.56,86.12,83.06,83.26
2010-05-30,84.33,87.34,93.98,94.86,85.57,86.12,83.06,83.27
2010-05-31,84.29,87.36,93.99,94.87,85.58,86.13,83.07,83.27
2010-06-01,84.26,87.38,93.99,94.88,85.58,86.13,83.07,83.28
2010-06-02,84.27,87.40,94.01,94.89,85.59,86.14,83.08,83.29
2010-06-03,84.29,87.41,94.02,94.90,85.59,86.15,83.08,83.29
2010-06-04,84.30,87.43,94.03,94.91,85.60,86.15,83.08,83.30
2010-06-05,84.32,87.45,94.04,94.92,85.60,86.16,83.08,83.31
2010-06-06,84.33,87.47,94.06,94.93,85.61,86.17,83.09,83.31
2010-06-07,84.35,87.49,94.07,94.93,85.61,86.17,83.09,83.32
2010-06-08,84.36,87.50,94.08,94.94,85.62,86.18,83.09,83.32
2010-06-09,84.37,87.52,94.09,94.95,85.63,86.18,83.10,83.33
2010-06-10,84.39,87.54,94.11,94.96,85.63,86.19,83.10,83.34
2010-06-11,84.40,87.56,94.12,94.97,85.64,86.20,83.10,83.34
2010-06-12,84.42,87.58,94.13,94.98,85.64,86.20,83.10,83.35
2010-06-13,84.43,87.59,94.14,94.99,85.65,86.21,83.11,83.36
2010-06-14,84.45,87.61,94.16,94.99,85.65,86.21,83.11,83.36
2010-06-15,84.46,87.63,94.17,95.00,85.66,86.22,83.11,83.37
2010-06-16,84.47,87.65,94.18,95.01,85.67,86.23,83.12,83.38
2010-06-17,84.49,87.67,94.19,95.02,85.67,86.23,83.12,83.38
2010-06-18,84.50,87.69,94.21,95.03,85.68,86.24,83.12,83.39
2010-06-19,84.52,87.71,94.22,95.04,85.68,86.25,83.12,83.39
2010-06-20,84.53,87.73,94.23,95.04,85.69,86.25,83.13,83.40
2010-06-21,84.55,87.74,94.25,95.05,85.69,86.26,83.13,83.41
2010-06-22,84.56,87.76,94.26,95.06,85.70,86.26,83.13,83.41
2010-06-23,84.58,87.78,94.27,95.07,85.71,86.27,83.13,83.42
2010-06-24,84.59,87.80,94.28,95.08,85.71,86.28,83.14,83.43
2010-06-25,84.60,87.82,94.30,95.08,85.72,86.28,83.14,83.43
2010-06-26,84.62,87.84,94.31,95.09,85.72,86.29,83.14,83.44
2010-06-27,84.63,87.86,94.32,95.10,85.73,86.29,83.15,83.44
2010-06-28,84.65,87.88,94.33,95.11,85.73,86.30,83.15,83.45
2010-06-29,84.66,87.90,94.35,95.12,85.74,86.31,83.15,83.46
2010-06-30,84.68,87.92,94.36,95.12,85.75,86.31,83.15,83.46
2010-07-01,84.69,87.94,94.37,95.13,85.75,86.32,83.16,83.47
2010-07-02,84.76,87.96,94.37,95.14,85.75,86.33,83.16,83.48
2010-07-03,84.83,87.98,94.38,95.15,85.76,86.33,83.16,83.48
2010-07-04,84.90,88.00,94.38,95.16,85.76,86.34,83.17,83.49
2010-07-05,84.97,88.02,94.38,95.16,85.76,86.34,83.17,83.49
2010-07-06,85.04,88.04,94.39,95.17,85.77,86.35,83.17,83.50
2010-07-07,85.11,88.06,94.39,95.18,85.77,86.36,83.17,83.51
2010-07-08,85.18,88.08,94.39,95.19,85.77,86.36,83.18,83.51
2010-07-09,85.25,88.10,94.40,95.20,85.77,86.37,83.18,83.52
2010-07-10,85.32,88.12,94.40,95.20,85.78,86.37,83.18,83.52
2010-07-11,85.39,88.14,94.40,95.21,85.78,86.38,83.18,83.53
2010-07-12,85.46,88.17,94.40,95.22,85.78,86.39,83.19,83.54
2010-07-13,85.53,88.19,94.41,95.23,85.78,86.39,83.19,83.54
2010-07-14,85.60,88.21,94.41,95.23,85.79,86.40,83.19,83.55
2010-07-15,85.67,88.23,94.41,95.24,85.79,86.41,83.20,83.55
2010-07-16,85.74,88.25,94.42,95.25,85.79,86.41,83.20,83.56
2010-07-17,85.81,88.27,94.42,95.26,85.80,86.42,83.20,83.57
2010-07-18,85.88,88.29,94.42,95.27,85.80,86.42,83.20,83.57
2010-07-19,85.95,88.32,94.43,95.27,85.80,86.43,83.21,83.58
2010-07-20,86.02,88.34,94.43,95.28,85.80,86.44,83.21,83.58
2010-07-21,86.09,88.36,94.43,95.29,85.81,86.44,83.21,83.59
2010-07-22,86.16,88.38,94.44,95.29,85.81,86.45,83.21,83.60
2010-07-23,86.23,88.40,94.44,95.30,85.81,86.45,83.22,83.60
2010-07-24,86.30,88.43,94.44,95.31,85.82,86.46,83.22,83.61
2010-07-25,86.37,88.45,94.44,95.32,85.82,86.47,83.22,83.61
2010-07-26,86.44,88.47,94.45,95.32,85.82,86.47,83.22,83.62
2010-07-27,86.51,88.49,94.45,95.33,85.82,86.48,83.23,83.63
2010-07-28,86.57,88.52,94.45,95.34,85.83,86.48,83.23,83.63
2010-07-29,86.64,88.54,94.46,95.35,85.83,86.49,83.23,83.64
2010-07-30,86.71,88.56,94.46,95.35,85.83,86.50,83.24,83.64
2010-07-31,86.78,88.58,94.46,95.36,85.83,86.50,83.24,83.65
2010-08-01,86.85,88.61,94.47,95.37,85.84,86.51,83.24,83.66
2010-08-02,87.00,88.63,94.48,95.37,85.84,86.51,83.24,83.66
2010-08-03,87.14,88.65,94.50,95.38,85.85,86.52,83.24,83.67
2010-08-04,87.28,88.67,94.51,95.39,85.85,86.53,83.24,83.67
2010-08-05,87.42,88.70,94.53,95.40,85.86,86.53,83.24,83.68
2010-08-06,87.57,88.72,94.54,95.40,85.86,86.54,83.24,83.69
2010-08-07,87.71,88.74,94.56,95.41,85.87,86.54,83.24,83.69
2010-08-08,87.85,88.76,94.57,95.42,85.88,86.55,83.24,83.70
2010-08-09,87.99,88.79,94.59,95.43,85.88,86.56,83.24,83.71
2010-08-10,88.13,88.81,94.60,95.43,85.89,86.56,83.24,83.71
2010-08-11,88.28,88.83,94.62,95.44,85.89,86.57,83.24,83.72
2010-08-12,88.42,88.86,94.63,95.45,85.90,86.58,83.24,83.72
2010-08-13,88.56,88.88,94.65,95.46,85.90,86.58,83.24,83.73
2010-08-14,88.70,88.90,94.66,95.46,85.91,86.59,83.24,83.74
2010-08-15,88.85,88.93,94.68,95.47,85.91,86.59,83.24,83.74
2010-08-16,88.99,88.95,94.69,95.48,85.92,86.60,83.24,83.75
2010-08-17,89.13,88.98,94.71,95.49,85.93,86.61,83.24,83.76
2010-08-18,89.27,89.00,94.72,95.50,85.93,86.61,83.24,83.76
2010-08-19,89.42,89.02,94.74,95.50,85.94,86.62,83.24,83.77
2010-08-20,89.56,89.05,94.75,95.51,85.94,86.63,83.24,83.78
2010-08-21,89.70,89.07,94.77,95.52,85.95,86.63,83.24,83.78
2010-08-22,89.84,89.10,94.78,95.53,85.95,86.64,83.24,83.79
2010-08-23,89.98,89.12,94.80,95.54,85.96,86.65,83.24,83.80
2010-08-24,90.13,89.14,94.81,95.54,85.96,86.65,83.24,83.80
2010-08-25,90.27,89.17,94.83,95.55,85.97,86.66,83.24,83.81
2010-08-26,90.41,89.19,94.85,95.56,85.98,86.67,83.24,83.82
2010-08-27,90.55,89.22,94.86,95.57,85.98,86.67,83.24,83.83
2010-08-28,90.70,89.24,94.88,95.58,85.99,86.68,83.24,83.83
2010-08-29,90.84,89.26,94.89,95.58,85.99,86.69,83.24,83.84
2010-08-30,90.98,89.29,94.91,95.59,86.00,86.69,83.24,83.85
2010-08-31,91.12,89.31,94.92,95.60,86.00,86.70,83.24,83.85
2010-09-01,91.27,89.34,94.94,95.61,86.01,86.71,83.24,83.86
2010-09-02,91.27,89.36,94.93,95.62,86.01,86.72,83.25,83.87
2010-09-03,91.28,89.39,94.92,95.63,86.02,86.72,83.25,83.88
2010-09-04,91.28,89.41,94.92,95.64,86.03,86.73,83.26,83.88
2010-09-05,91.29,89.43,94.91,95.64,86.03,86.74,83.26,83.89
2010-09-06,91.29,89.46,94.90,95.65,86.04,86.74,83.27,83.90
2010-09-07,91.30,89.48,94.90,95.66,86.04,86.75,83.27,83.91
2010-09-08,91.31,89.50,94.89,95.67,86.05,86.76,83.28,83.92
2010-09-09,91.31,89.53,94.89,95.68,86.05,86.77,83.29,83.92
2010-09-10,91.32,89.55,94.88,95.69,86.06,86.77,83.29,83.93
2010-09-11,91.32,89.57,94.87,95.69,86.07,86.78,83.30,83.94
2010-09-12,91.33,89.59,94.87,95.70,86.07,86.79,83.30,83.95
2010-09-13,91.33,89.61,94.86,95.71,86.08,86.80,83.31,83.95
2010-09-14,91.34,89.64,94.85,95.72,86.08,86.80,83.31,83.96
2010-09-15,91.35,89.66,94.85,95.73,86.09,86.81,83.32,83.97
2010-09-16,91.35,89.68,94.84,95.74,86.09,86.82,83.32,83.98
2010-09-17,91.36,89.70,94.84,95.74,86.10,86.83,83.33,83.99
2010-09-18,91.36,89.72,94.83,95.75,86.11,86.83,83.34,83.99
2010-09-19,91.37,89.74,94.82,95.76,86.11,86.84,83.34,84.00
2010-09-20,91.38,89.76,94.82,95.77,86.12,86.85,83.35,84.01
2010-09-21,91.38,89.78,94.81,95.78,86.12,86.86,83.35,84.02
2010-09-22,91.39,89.80,94.80,95.78,86.13,86.86,83.36,84.03
2010-09-23,91.39,89.82,94.80,95.79,86.13,86.87,83.36,84.04
2010-09-24,91.40,89.84,94.79,95.80,86.14,86.88,83.37,84.04
2010-09-25,91.40,89.86,94.79,95.81,86.15,86.89,83.37,84.05
2010-09-26,91.41,89.88,94.78,95.82,86.15,86.89,83.38,84.06
2010-09-27,91.42,89.90,94.77,95.82,86.16,86.90,83.38,84.07
2010-09-28,91.42,89.91,94.77,95.83,86.16,86.91,83.39,84.08
2010-09-29,91.43,89.93,94.76,95.84,86.17,86.92,83.40,84.09
2010-09-30,91.43,89.95,94.75,95.85,86.17,86.93,83.40,84.10
2010-10-01,91.44,89.97,94.75,95.85,86.18,86.93,83.41,84.10
2010-10-02,91.34,89.99,94.76,95.86,86.19,86.94,83.41,84.11
2010-10-03,91.25,90.00,94.77,95.87,86.20,86.95,83.42,84.12
2010-10-04,91.15,90.02,94.78,95.88,86.20,86.96,83.42,84.13
2010-10-05,91.06,90.04,94.78,95.88,86.21,86.97,83.43,84.14
2010-10-06,90.96,90.06,94.79,95.89,86.22,86.97,83.43,84.15
2010-10-07,90.87,90.07,94.80,95.90,86.23,86.98,83.44,84.16
2010-10-08,90.77,90.09,94.81,95.91,86.24,86.99,83.44,84.17
2010-10-09,90.68,90.10,94.82,95.92,86.25,87.00,83.45,84.18
2010-10-10,90.59,90.12,94.83,95.92,86.25,87.01,83.46,84.19
2010-10-11,90.49,90.14,94.84,95.93,86.26,87.01,83.46,84.19
2010-10-12,90.40,90.15,94.85,95.94,86.27,87.02,83.47,84.20
2010-10-13,90.30,90.17,94.86,95.95,86.28,87.03,83.47,84.21
2010-10-14,90.21,90.18,94.87,95.96,86.29,87.04,83.48,84.22
2010-10-15,90.11,90.19,94.88,95.96,86.30,87.05,83.48,84.23
2010-10-16,90.02,90.21,94.88,95.97,86.30,87.05,83.49,84.24
2010-10-17,89.92,90.22,94.89,95.98,86.31,87.06,83.49,84.25
2010-10-18,89.83,90.24,94.90,95.99,86.32,87.07,83.50,84.26
2010-10-19,89.73,90.25,94.91,96.00,86.33,87.08,83.50,84.27
2010-10-20,89.64,90.26,94.92,96.00,86.34,87.09,83.51,84.28
2010-10-21,89.54,90.28,94.93,96.01,86.35,87.10,83.51,84.29
2010-10-22,89.45,90.29,94.94,96.02,86.35,87.10,83.52,84.30
2010-10-23,89.35,90.30,94.95,96.03,86.36,87.11,83.52,84.31
2010-10-24,89.26,90.31,94.96,96.04,86.37,87.12,83.53,84.32
2010-10-25,89.16,90.33,94.97,96.05,86.38,87.13,83.54,84.33
2010-10-26,89.07,90.34,94.98,96.06,86.39,87.14,83.54,84.33
2010-10-27,88.97,90.35,94.98,96.06,86.40,87.15,83.55,84.34
2010-10-28,88.88,90.36,94.99,96.07,86.40,87.15,83.55,84.35
2010-10-29,88.78,90.37,95.00,96.08,86.41,87.16,83.56,84.36
2010-10-30,88.69,90.38,95.01,96.09,86.42,87.17,83.56,84.37
2010-10-31,88.59,90.40,95.02,96.10,86.43,87.18,83.57,84.38
2010-11-01,88.50,90.41,95.03,96.11,86.44,87.19,83.57,84.39
2010-11-02,88.50,90.42,95.04,96.12,86.45,87.20,83.58,84.40
2010-11-03,88.50,90.43,95.04,96.12,86.45,87.20,83.58,84.41
2010-11-04,88.50,90.44,95.05,96.13,86.46,87.21,83.58,84.42
2010-11-05,88.50,90.45,95.06,96.14,86.47,87.22,83.58,84.43
2010-11-06,88.50,90.46,95.06,96.15,86.48,87.23,83.59,84.44
2010-11-07,88.50,90.48,95.07,96.16,86.49,87.24,83.59,84.45
2010-11-08,88.50,90.49,95.07,96.17,86.50,87.25,83.59,84.46
2010-11-09,88.50,90.50,95.08,96.18,86.51,87.25,83.60,84.47
2010-11-10,88.50,90.51,95.09,96.19,86.51,87.26,83.60,84.48
2010-11-11,88.50,90.52,95.09,96.19,86.52,87.27,83.60,84.49
2010-11-12,88.50,90.53,95.10,96.20,86.53,87.28,83.60,84.50
2010-11-13,88.50,90.55,95.11,96.21,86.54,87.29,83.61,84.51
2010-11-14,88.50,90.56,95.11,96.22,86.55,87.30,83.61,84.52
2010-11-15,88.50,90.57,95.12,96.23,86.56,87.31,83.61,84.53
2010-11-16,88.50,90.58,95.12,96.24,86.57,87.31,83.61,84.54
2010-11-17,88.50,90.59,95.13,96.24,86.57,87.32,83.62,84.55
2010-11-18,88.50,90.61,95.14,96.25,86.58,87.33,83.62,84.56
2010-11-19,88.50,90.62,95.14,96.26,86.59,87.34,83.62,84.57
2010-11-20,88.50,90.63,95.15,96.27,86.60,87.35,83.63,84.58
2010-11-21,88.50,90.64,95.16,96.28,86.61,87.36,83.63,84.59
2010-11-22,88.50,90.66,95.16,96.28,86.62,87.36,83.63,84.60
2010-11-23,88.50,90.67,95.17,96.29,86.62,87.37,83.63,84.61
2010-11-24,88.50,90.68,95.17,96.30,86.63,87.38,83.64,84.62
2010-11-25,88.50,90.70,95.18,96.31,86.64,87.39,83.64,84.63
2010-11-26,88.50,90.71,95.19,96.32,86.65,87.40,83.64,84.64
2010-11-27,88.50,90.72,95.19,96.32,86.66,87.41,83.64,84.65
2010-11-28,88.50,90.74,95.20,96.33,86.67,87.41,83.65,84.66
2010-11-29,88.50,90.75,95.21,96.34,86.68,87.42,83.65,84.67
2010-11-30,88.50,90.76,95.21,96.35,86.68,87.43,83.65,84.68
2010-12-01,88.50,90.78,95.22,96.35,86.69,87.44,83.66,84.69
2010-12-02,88.59,90.79,95.23,96.36,86.70,87.45,83.67,84.70
2010-12-03,88.69,90.81,95.25,96.37,86.71,87.46,83.68,84.71
2010-12-04,88.78,90.82,95.26,96.37,86.72,87.46,83.70,84.72
2010-12-05,88.88,90.84,95.28,96.38,86.73,87.47,83.71,84.73
2010-12-06,88.97,90.85,95.29,96.39,86.73,87.48,83.72,84.74
2010-12-07,89.07,90.87,95.31,96.40,86.74,87.49,83.74,84.75
2010-12-08,89.16,90.88,95.32,96.40,86.75,87.50,83.75,84.77
2010-12-09,89.26,90.90,95.34,96.41,86.76,87.50,83.76,84.78
2010-12-10,89.35,90.91,95.36,96.42,86.77,87.51,83.78,84.79
2010-12-11,89.45,90.93,95.37,96.43,86.78,87.52,83.79,84.80
2010-12-12,89.54,90.95,95.39,96.43,86.78,87.53,83.80,84.81
2010-12-13,89.64,90.97,95.40,96.44,86.79,87.54,83.82,84.82
2010-12-14,89.73,90.98,95.42,96.45,86.80,87.55,83.83,84.83
2010-12-15,89.83,91.00,95.43,96.45,86.81,87.55,83.84,84.84
2010-12-16,89.92,91.02,95.45,96.46,86.82,87.56,83.86,84.85
2010-12-17,90.02,91.04,95.46,96.47,86.83,87.57,83.87,84.86
2010-12-18,90.11,91.06,95.48,96.48,86.83,87.58,83.88,84.87
2010-12-19,90.21,91.08,95.49,96.48,86.84,87.59,83.90,84.88
2010-12-20,90.30,91.10,95.51,96.49,86.85,87.60,83.91,84.89
2010-12-21,90.40,91.12,95.52,96.50,86.86,87.61,83.92,84.90
2010-12-22,90.49,91.14,95.54,96.51,86.87,87.61,83.94,84.91
2010-12-23,90.59,91.16,95.55,96.51,86.88,87.62,83.95,84.92
2010-12-24,90.68,91.18,95.57,96.52,86.88,87.63,83.96,84.93
2010-12-25,90.77,91.20,95.58,96.53,86.89,87.64,83.98,84.95
2010-12-26,90.87,91.22,95.60,96.54,86.90,87.65,83.99,84.96
2010-12-27,90.96,91.24,95.61,96.54,86.91,87.66,84.00,84.97
2010-12-28,91.06,91.26,95.63,96.55,86.92,87.67,84.02,84.98
2010-12-29,91.15,91.29,95.64,96.56,86.93,87.68,84.03,84.99
2010-12-30,91.25,91.31,95.66,96.57,86.93,87.69,84.04,85.00
2010-12-31,91.34,91.33,95.67,96.57,86.94,87.70,84.06,85.01
2011-01-01,91.44,91.35,95.69,96.58,86.95,87.70,84.07,85.02
2011-01-02,91.50,91.38,95.70,96.59,86.96,87.71,84.08,85.03
2011-01-03,91.56,91.40,95.71,96.60,86.97,87.72,84.09,85.04
2011-01-04,91.61,91.42,95.73,96.60,86.98,87.73,84.09,85.06
2011-01-05,91.67,91.45,95.74,96.61,86.98,87.74,84.10,85.07
2011-01-06,91.73,91.47,95.75,96.62,86.99,87.75,84.11,85.08
2011-01-07,91.79,91.50,95.76,96.63,87.00,87.76,84.12,85.09
2011-01-08,91.85,91.52,95.77,96.63,87.01,87.77,84.13,85.10
2011-01-09,91.91,91.54,95.79,96.64,87.02,87.78,84.14,85.11
2011-01-10,91.97,91.57,95.80,96.65,87.03,87.79,84.14,85.12
2011-01-11,92.03,91.59,95.81,96.66,87.03,87.80,84.15,85.14
2011-01-12,92.08,91.62,95.82,96.66,87.04,87.81,84.16,85.15
2011-01-13,92.14,91.64,95.84,96.67,87.05,87.82,84.17,85.16
2011-01-14,92.20,91.66,95.85,96.68,87.06,87.83,84.18,85.17
2011-01-15,92.26,91.69,95.86,96.68,87.07,87.83,84.18,85.18
2011-01-16,92.32,91.71,95.87,96.69,87.07,87.84,84.19,85.19
2011-01-17,92.38,91.74,95.88,96.70,87.08,87.85,84.20,85.21
2011-01-18,92.44,91.76,95.90,96.71,87.09,87.86,84.21,85.22
2011-01-19,92.49,91.79,95.91,96.71,87.10,87.87,84.22,85.23
2011-01-20,92.55,91.81,95.92,96.72,87.11,87.88,84.22,85.24
2011-01-21,92.61,91.83,95.93,96.73,87.12,87.89,84.23,85.25
2011-01-22,92.67,91.86,95.94,96.73,87.12,87.90,84.24,85.26
2011-01-23,92.73,91.88,95.96,96.74,87.13,87.91,84.25,85.28
2011-01-24,92.79,91.91,95.97,96.75,87.14,87.92,84.26,85.29
2011-01-25,92.85,91.93,95.98,96.76,87.15,87.93,84.26,85.30
2011-01-26,92.90,91.96,95.99,96.76,87.16,87.94,84.27,85.31
2011-01-27,92.96,91.98,96.01,96.77,87.17,87.95,84.28,85.32
2011-01-28,93.02,92.00,96.02,96.78,87.17,87.96,84.29,85.34
2011-01-29,93.08,92.03,96.03,96.78,87.18,87.97,84.30,85.35
2011-01-30,93.14,92.05,96.04,96.79,87.19,87.98,84.31,85.36
2011-01-31,93.20,92.07,96.05,96.80,87.20,87.99,84.31,85.37
2011-02-01,93.26,92.10,96.07,96.80,87.21,88.00,84.32,85.38
2011-02-02,93.25,92.12,96.10,96.81,87.23,88.01,84.34,85.40
2011-02-03,93.24,92.14,96.14,96.82,87.24,88.02,84.36,85.41
2011-02-04,93.23,92.17,96.18,96.82,87.26,88.03,84.38,85.42
2011-02-05,93.22,92.19,96.21,96.83,87.28,88.04,84.40,85.43
2011-02-06,93.21,92.21,96.25,96.83,87.30,88.05,84.42,85.44
2011-02-07,93.20,92.24,96.29,96.84,87.32,88.06,84.45,85.46
2011-02-08,93.19,92.26,96.33,96.85,87.34,88.07,84.47,85.47
2011-02-09,93.18,92.28,96.36,96.85,87.35,88.08,84.49,85.48
2011-02-10,93.17,92.30,96.40,96.86,87.37,88.09,84.51,85.49
2011-02-11,93.16,92.32,96.44,96.87,87.39,88.10,84.53,85.51
2011-02-12,93.15,92.34,96.47,96.87,87.41,88.11,84.55,85.52
2011-02-13,93.14,92.37,96.51,96.88,87.43,88.12,84.57,85.53
2011-02-14,93.13,92.39,96.55,96.89,87.45,88.13,84.59,85.55
2011-02-15,93.13,92.41,96.58,96.89,87.46,88.14,84.61,85.56
2011-02-16,93.12,92.43,96.62,96.90,87.48,88.16,84.63,85.57
2011-02-17,93.11,92.45,96.66,96.91,87.50,88.17,84.65,85.58
2011-02-18,93.10,92.47,96.69,96.91,87.52,88.18,84.67,85.60
2011-02-19,93.09,92.49,96.73,96.92,87.54,88.19,84.69,85.61
2011-02-20,93.08,92.51,96.77,96.93,87.56,88.20,84.72,85.62
2011-02-21,93.07,92.52,96.81,96.93,87.57,88.21,84.74,85.64
2011-02-22,93.06,92.54,96.84,96.94,87.59,88.22,84.76,85.65
2011-02-23,93.05,92.56,96.88,96.95,87.61,88.23,84.78,85.66
2011-02-24,93.04,92.58,96.92,96.95,87.63,88.24,84.80,85.68
2011-02-25,93.03,92.60,96.95,96.96,87.65,88.25,84.82,85.69
2011-02-26,93.02,92.62,96.99,96.96,87.67,88.26,84.84,85.70
2011-02-27,93.01,92.63,97.03,96.97,87.68,88.27,84.86,85.72
2011-02-28,93.00,92.65,97.06,96.98,87.70,88.29,84.88,85.73
2011-03-01,93.00,92.67,97.10,96.98,87.72,88.30,84.90,85.74
2011-03-02,92.97,92.68,97.09,96.99,87.74,88.31,84.94,85.76
2011-03-03,92.95,92.70,97.08,97.00,87.75,88.32,84.98,85.77
2011-03-04,92.92,92.72,97.07,97.00,87.76,88.33,85.02,85.79
2011-03-05,92.89,92.73,97.07,97.01,87.78,88.34,85.06,85.80
2011-03-06,92.87,92.75,97.06,97.02,87.79,88.35,85.10,85.81
2011-03-07,92.84,92.76,97.05,97.02,87.80,88.36,85.14,85.83
2011-03-08,92.82,92.78,97.04,97.03,87.82,88.37,85.18,85.84
2011-03-09,92.79,92.79,97.03,97.04,87.83,88.39,85.22,85.86
2011-03-10,92.77,92.81,97.02,97.04,87.85,88.40,85.26,85.87
2011-03-11,92.74,92.82,97.01,97.05,87.86,88.41,85.30,85.88
2011-03-12,92.72,92.83,97.00,97.06,87.87,88.42,85.34,85.90
2011-03-13,92.69,92.85,96.99,97.06,87.89,88.43,85.38,85.91
2011-03-14,92.67,92.86,96.98,97.07,87.90,88.44,85.42,85.93
2011-03-15,92.64,92.87,96.97,97.07,87.92,88.45,85.46,85.94
2011-03-16,92.62,92.89,96.97,97.08,87.93,88.46,85.50,85.96
2011-03-17,92.59,92.90,96.96,97.09,87.94,88.47,85.54,85.97
2011-03-18,92.57,92.91,96.95,97.09,87.96,88.49,85.59,85.99
2011-03-19,92.54,92.92,96.94,97.10,87.97,88.50,85.63,86.00
2011-03-20,92.52,92.94,96.93,97.10,87.98,88.51,85.67,86.02
2011-03-21,92.49,92.95,96.92,97.11,88.00,88.52,85.71,86.03
2011-03-22,92.47,92.96,96.91,97.12,88.01,88.53,85.75,86.04
2011-03-23,92.44,92.97,96.90,97.12,88.03,88.54,85.79,86.06
2011-03-24,92.42,92.98,96.89,97.13,88.04,88.55,85.83,86.07
2011-03-25,92.39,92.99,96.88,97.13,88.05,88.56,85.87,86.09
2011-03-26,92.37,93.00,96.87,97.14,88.07,88.57,85.91,86.10
2011-03-27,92.34,93.01,96.86,97.14,88.08,88.59,85.95,86.12
2011-03-28,92.32,93.02,96.86,97.15,88.10,88.60,85.99,86.13
2011-03-29,92.29,93.03,96.85,97.16,88.11,88.61,86.03,86.15
2011-03-30,92.27,93.04,96.84,97.16,88.12,88.62,86.07,86.17
2011-03-31,92.24,93.05,96.83,97.17,88.14,88.63,86.11,86.18
2011-04-01,92.22,93.06,96.82,97.17,88.15,88.64,86.15,86.20
2011-04-02,92.19,93.07,96.84,97.18,88.17,88.65,86.18,86.21
2011-04-03,92.15,93.08,96.86,97.18,88.18,88.66,86.21,86.23
2011-04-04,92.12,93.09,96.89,97.19,88.19,88.67,86.24,86.24
2011-04-05,92.09,93.10,96.91,97.19,88.21,88.68,86.27,86.26
2011-04-06,92.06,93.11,96.93,97.20,88.22,88.69,86.30,86.27
2011-04-07,92.03,93.12,96.95,97.20,88.24,88.71,86.33,86.29
2011-04-08,92.00,93.13,96.97,97.21,88.25,88.72,86.36,86.30
2011-04-09,91.96,93.14,97.00,97.21,88.26,88.73,86.39,86.32
2011-04-10,91.93,93.15,97.02,97.22,88.28,88.74,86.42,86.33
2011-04-11,91.90,93.16,97.04,97.23,88.29,88.75,86.45,86.35
2011-04-12,91.87,93.16,97.06,97.23,88.31,88.76,86.48,86.36
2011-04-13,91.84,93.17,97.08,97.24,88.32,88.77,86.51,86.38
2011-04-14,91.80,93.18,97.11,97.24,88.34,88.78,86.54,86.40
2011-04-15,91.77,93.19,97.13,97.25,88.35,88.79,86.57,86.41
2011-04-16,91.74,93.20,97.15,97.25,88.36,88.80,86.60,86.43
2011-04-17,91.71,93.21,97.17,97.26,88.38,88.81,86.64,86.44
2011-04-18,91.68,93.22,97.19,97.27,88.39,88.83,86.67,86.46
2011-04-19,91.65,93.22,97.21,97.27,88.41,88.84,86.70,86.47
2011-04-20,91.61,93.23,97.24,97.28,88.42,88.85,86.73,86.49
2011-04-21,91.58,93.24,97.26,97.28,88.44,88.86,86.76,86.51
2011-04-22,91.55,93.25,97.28,97.29,88.45,88.87,86.79,86.52
2011-04-23,91.52,93.26,97.30,97.30,88.46,88.88,86.82,86.54
2011-04-24,91.49,93.27,97.32,97.30,88.48,88.89,86.85,86.55
2011-04-25,91.46,93.28,97.35,97.31,88.49,88.90,86.88,86.57
2011-04-26,91.42,93.28,97.37,97.31,88.51,88.91,86.91,86.58
2011-04-27,91.39,93.29,97.39,97.32,88.52,88.92,86.94,86.60
2011-04-28,91.36,93.30,97.41,97.33,88.54,88.93,86.97,86.62
2011-04-29,91.33,93.31,97.43,97.33,88.55,88.94,87.00,86.63
2011-04-30,91.30,93.32,97.46,97.34,88.56,88.95,87.03,86.65
2011-05-01,91.27,93.33,97.48,97.34,88.58,88.97,87.06,86.66
2011-05-02,91.29,93.34,97.48,97.35,88.59,88.98,87.09,86.68
2011-05-03,91.31,93.35,97.48,97.36,88.61,88.99,87.12,86.69
2011-05-04,91.33,93.36,97.48,97.36,88.62,89.00,87.14,86.71
2011-05-05,91.35,93.37,97.48,97.37,88.63,89.01,87.17,86.73
2011-05-06,91.38,93.38,97.48,97.38,88.65,89.02,87.20,86.74
2011-05-07,91.40,93.39,97.48,97.38,88.66,89.03,87.22,86.76
2011-05-08,91.42,93.40,97.48,97.39,88.68,89.04,87.25,86.77
2011-05-09,91.44,93.41,97.48,97.39,88.69,89.05,87.28,86.79
2011-05-10,91.47,93.42,97.48,97.40,88.70,89.06,87.30,86.81
2011-05-11,91.49,93.43,97.48,97.41,88.72,89.07,87.33,86.82
2011-05-12,91.51,93.44,97.48,97.41,88.73,89.08,87.36,86.84
2011-05-13,91.53,93.45,97.48,97.42,88.74,89.10,87.38,86.85
2011-05-14,91.56,93.46,97.48,97.43,88.76,89.11,87.41,86.87
2011-05-15,91.58,93.48,97.48,97.43,88.77,89.12,87.44,86.89
2011-05-16,91.60,93.49,97.48,97.44,88.79,89.13,87.46,86.90
2011-05-17,91.62,93.50,97.48,97.44,88.80,89.14,87.49,86.92
2011-05-18,91.65,93.51,97.48,97.45,88.81,89.15,87.52,86.93
2011-05-19,91.67,93.53,97.48,97.46,88.83,89.16,87.54,86.95
2011-05-20,91.69,93.54,97.48,97.46,88.84,89.17,87.57,86.97
2011-05-21,91.71,93.55,97.48,97.47,88.85,89.18,87.60,86.98
2011-05-22,91.73,93.57,97.48,97.47,88.87,89.19,87.62,87.00
2011-05-23,91.76,93.58,97.48,97.48,88.88,89.21,87.65,87.01
2011-05-24,91.78,93.60,97.48,97.49,88.90,89.22,87.68,87.03
2011-05-25,91.80,93.61,97.48,97.49,88.91,89.23,87.70,87.05
2011-05-26,91.82,93.63,97.48,97.50,88.92,89.24,87.73,87.06
2011-05-27,91.85,93.64,97.48,97.50,88.94,89.25,87.76,87.08
2011-05-28,91.87,93.66,97.48,97.51,88.95,89.26,87.79,87.09
2011-05-29,91.89,93.67,97.48,97.51,88.97,89.27,87.81,87.11
2011-05-30,91.91,93.69,97.48,97.52,88.98,89.28,87.84,87.13
2011-05-31,91.94,93.70,97.48,97.53,88.99,89.29,87.87,87.14
2011-06-01,91.96,93.72,97.48,97.53,89.01,89.31,87.89,87.16
2011-06-02,92.02,93.74,97.48,97.54,89.02,89.32,87.90,87.17
2011-06-03,92.07,93.75,97.48,97.54,89.02,89.33,87.91,87.19
2011-06-04,92.13,93.77,97.48,97.55,89.03,89.34,87.93,87.21
2011-06-05,92.19,93.79,97.48,97.55,89.04,89.35,87.94,87.22
2011-06-06,92.25,93.81,97.48,97.56,89.05,89.36,87.95,87.24
2011-06-07,92.30,93.82,97.48,97.56,89.06,89.37,87.96,87.25
2011-06-08,92.36,93.84,97.48,97.57,89.07,89.38,87.97,87.27
2011-06-09,92.42,93.86,97.48,97.57,89.08,89.39,87.98,87.29
2011-06-10,92.48,93.88,97.48,97.58,89.08,89.41,87.99,87.30
2011-06-11,92.53,93.90,97.48,97.58,89.09,89.42,88.00,87.32
2011-06-12,92.59,93.92,97.48,97.59,89.10,89.43,88.01,87.34
2011-06-13,92.65,93.94,97.48,97.59,89.11,89.44,88.03,87.35
2011-06-14,92.71,93.96,97.48,97.60,89.12,89.45,88.04,87.37
2011-06-15,92.77,93.98,97.48,97.60,89.13,89.46,88.05,87.38
2011-06-16,92.82,94.00,97.48,97.61,89.14,89.47,88.06,87.40
2011-06-17,92.88,94.02,97.48,97.61,89.14,89.49,88.07,87.41
2011-06-18,92.94,94.04,97.48,97.62,89.15,89.50,88.08,87.43
2011-06-19,93.00,94.06,97.48,97.62,89.16,89.51,88.09,87.45
2011-06-20,93.05,94.08,97.48,97.62,89.17,89.52,88.10,87.46
2011-06-21,93.11,94.10,97.48,97.63,89.18,89.53,88.11,87.48
2011-06-22,93.17,94.12,97.48,97.63,89.19,89.54,88.12,87.49
2011-06-23,93.23,94.14,97.48,97.64,89.20,89.55,88.14,87.51
2011-06-24,93.28,94.16,97.48,97.64,89.20,89.56,88.15,87.52
2011-06-25,93.34,94.18,97.48,97.65,89.21,89.58,88.16,87.54
2011-06-26,93.40,94.21,97.48,97.65,89.22,89.59,88.17,87.55
2011-06-27,93.46,94.23,97.48,97.65,89.23,89.60,88.18,87.57
2011-06-28,93.52,94.25,97.48,97.66,89.24,89.61,88.19,87.58
2011-06-29,93.57,94.27,97.48,97.66,89.25,89.62,88.20,87.60
2011-06-30,93.63,94.29,97.48,97.66,89.25,89.63,88.21,87.62
2011-07-01,93.69,94.32,97.48,97.67,89.26,89.64,88.22,87.63
2011-07-02,93.78,94.34,97.48,97.67,89.27,89.66,88.23,87.65
2011-07-03,93.87,94.36,97.48,97.67,89.29,89.67,88.23,87.66
2011-07-04,93.96,94.38,97.49,97.68,89.30,89.68,88.23,87.68
2011-07-05,94.06,94.40,97.49,97.68,89.31,89.69,88.24,87.69
2011-07-06,94.15,94.43,97.49,97.68,89.32,89.70,88.24,87.71
2011-07-07,94.24,94.45,97.50,97.68,89.33,89.71,88.24,87.72
2011-07-08,94.33,94.47,97.50,97.69,89.34,89.72,88.24,87.74
2011-07-09,94.42,94.50,97.50,97.69,89.35,89.74,88.25,87.75
2011-07-10,94.52,94.52,97.51,97.69,89.36,89.75,88.25,87.77
2011-07-11,94.61,94.54,97.51,97.69,89.37,89.76,88.25,87.78
2011-07-12,94.70,94.56,97.51,97.70,89.39,89.77,88.25,87.79
2011-07-13,94.79,94.59,97.51,97.70,89.40,89.78,88.26,87.81
2011-07-14,94.89,94.61,97.52,97.70,89.41,89.79,88.26,87.82
2011-07-15,94.98,94.63,97.52,97.70,89.42,89.80,88.26,87.84
2011-07-16,95.07,94.65,97.52,97.70,89.43,89.82,88.27,87.85
2011-07-17,95.16,94.68,97.53,97.70,89.44,89.83,88.27,87.87
2011-07-18,95.25,94.70,97.53,97.71,89.45,89.84,88.27,87.88
2011-07-19,95.35,94.72,97.53,97.71,89.46,89.85,88.27,87.89
2011-07-20,95.44,94.75,97.54,97.71,89.47,89.86,88.28,87.91
2011-07-21,95.53,94.77,97.54,97.71,89.48,89.87,88.28,87.92
2011-07-22,95.62,94.79,97.54,97.71,89.50,89.88,88.28,87.94
2011-07-23,95.71,94.81,97.55,97.71,89.51,89.90,88.28,87.95
2011-07-24,95.81,94.84,97.55,97.71,89.52,89.91,88.29,87.96
2011-07-25,95.90,94.86,97.55,97.71,89.53,89.92,88.29,87.98
2011-07-26,95.99,94.88,97.55,97.71,89.54,89.93,88.29,87.99
2011-07-27,96.08,94.90,97.56,97.71,89.55,89.94,88.29,88.01
2011-07-28,96.17,94.92,97.56,97.71,89.56,89.95,88.30,88.02
2011-07-29,96.27,94.95,97.56,97.71,89.57,89.96,88.30,88.03
2011-07-30,96.36,94.97,97.57,97.71,89.58,89.97,88.30,88.05
2011-07-31,96.45,94.99,97.57,97.71,89.60,89.98,88.31,88.06
2011-08-01,96.54,95.01,97.57,97.71,89.61,90.00,88.31,88.07
2011-08-02,96.53,95.03,97.58,97.71,89.62,90.01,88.32,88.08
2011-08-03,96.53,95.05,97.58,97.71,89.63,90.02,88.33,88.10
2011-08-04,96.52,95.07,97.58,97.71,89.64,90.03,88.34,88.11
2011-08-05,96.51,95.09,97.58,97.70,89.65,90.04,88.35,88.12
2011-08-06,96.50,95.11,97.59,97.70,89.66,90.05,88.36,88.14
2011-08-07,96.49,95.13,97.59,97.70,89.67,90.06,88.37,88.15
2011-08-08,96.48,95.15,97.59,97.70,89.68,90.07,88.38,88.16
2011-08-09,96.48,95.17,97.60,97.70,89.70,90.08,88.39,88.17
2011-08-10,96.47,95.19,97.60,97.69,89.71,90.09,88.40,88.19
2011-08-11,96.46,95.21,97.60,97.69,89.72,90.11,88.42,88.20
2011-08-12,96.45,95.23,97.61,97.69,89.73,90.12,88.43,88.21
2011-08-13,96.44,95.24,97.61,97.69,89.74,90.13,88.44,88.22
2011-08-14,96.43,95.26,97.61,97.68,89.75,90.14,88.45,88.24
2011-08-15,96.43,95.28,97.62,97.68,89.76,90.15,88.46,88.25
2011-08-16,96.42,95.29,97.62,97.68,89.77,90.16,88.47,88.26
2011-08-17,96.41,95.31,97.62,97.67,89.78,90.17,88.48,88.27
2011-08-18,96.40,95.32,97.62,97.67,89.79,90.18,88.49,88.28
2011-08-19,96.39,95.34,97.63,97.67,89.81,90.19,88.50,88.30
2011-08-20,96.38,95.35,97.63,97.66,89.82,90.20,88.51,88.31
2011-08-21,96.37,95.37,97.63,97.66,89.83,90.21,88.52,88.32
2011-08-22,96.37,95.38,97.64,97.66,89.84,90.22,88.53,88.33
2011-08-23,96.36,95.39,97.64,97.65,89.85,90.23,88.54,88.34
2011-08-24,96.35,95.41,97.64,97.65,89.86,90.24,88.55,88.36
2011-08-25,96.34,95.42,97.65,97.64,89.87,90.25,88.57,88.37
2011-08-26,96.33,95.43,97.65,97.64,89.88,90.26,88.58,88.38
2011-08-27,96.32,95.44,97.65,97.64,89.89,90.27,88.59,88.39
2011-08-28,96.32,95.45,97.65,97.63,89.91,90.28,88.60,88.40
2011-08-29,96.31,95.46,97.66,97.63,89.92,90.29,88.61,88.41
2011-08-30,96.30,95.47,97.66,97.62,89.93,90.30,88.62,88.42
2011-08-31,96.29,95.48,97.66,97.62,89.94,90.31,88.63,88.44
2011-09-01,96.28,95.49,97.67,97.61,89.95,90.32,88.64,88.45
2011-09-02,96.21,95.50,97.66,97.61,89.96,90.33,88.65,88.46
2011-09-03,96.13,95.51,97.66,97.60,89.98,90.34,88.65,88.47
2011-09-04,96.06,95.52,97.66,97.60,89.99,90.35,88.66,88.48
2011-09-05,95.98,95.53,97.65,97.59,90.01,90.36,88.66,88.49
2011-09-06,95.91,95.54,97.65,97.59,90.02,90.37,88.67,88.50
2011-09-07,95.83,95.54,97.65,97.58,90.04,90.39,88.67,88.51
2011-09-08,95.76,95.55,97.64,97.58,90.05,90.40,88.68,88.53
2011-09-09,95.68,95.56,97.64,97.57,90.06,90.41,88.68,88.54
2011-09-10,95.61,95.56,97.64,97.56,90.08,90.42,88.69,88.55
2011-09-11,95.53,95.57,97.64,97.56,90.09,90.43,88.70,88.56
2011-09-12,95.46,95.58,97.63,97.55,90.11,90.44,88.70,88.57
2011-09-13,95.38,95.58,97.63,97.55,90.12,90.45,88.71,88.58
2011-09-14,95.31,95.59,97.63,97.54,90.14,90.46,88.71,88.59
2011-09-15,95.23,95.59,97.62,97.54,90.15,90.47,88.72,88.60
2011-09-16,95.16,95.60,97.62,97.53,90.16,90.48,88.72,88.61
2011-09-17,95.08,95.60,97.62,97.52,90.18,90.49,88.73,88.62
2011-09-18,95.01,95.61,97.61,97.52,90.19,90.50,88.73,88.64
2011-09-19,94.93,95.61,97.61,97.51,90.21,90.51,88.74,88.65
2011-09-20,94.86,95.61,97.61,97.50,90.22,90.52,88.75,88.66
2011-09-21,94.78,95.62,97.60,97.50,90.24,90.53,88.75,88.67
2011-09-22,94.71,95.62,97.60,97.49,90.25,90.54,88.76,88.68
2011-09-23,94.63,95.62,97.60,97.48,90.26,90.55,88.76,88.69
2011-09-24,94.56,95.63,97.59,97.48,90.28,90.56,88.77,88.70
2011-09-25,94.48,95.63,97.59,97.47,90.29,90.57,88.77,88.71
2011-09-26,94.41,95.63,97.59,97.46,90.31,90.58,88.78,88.72
2011-09-27,94.33,95.63,97.59,97.46,90.32,90.59,88.78,88.73
2011-09-28,94.26,95.64,97.58,97.45,90.34,90.60,88.79,88.75
2011-09-29,94.18,95.64,97.58,97.44,90.35,90.61,88.80,88.76
2011-09-30,94.11,95.64,97.58,97.43,90.36,90.62,88.80,88.77
2011-10-01,94.03,95.64,97.57,97.43,90.38,90.64,88.81,88.78
2011-10-02,94.03,95.64,97.58,97.42,90.39,90.65,88.81,88.79
2011-10-03,94.02,95.64,97.58,97.41,90.41,90.66,88.82,88.80
2011-10-04,94.01,95.65,97.59,97.40,90.42,90.67,88.83,88.81
2011-10-05,94.00,95.65,97.60,97.40,90.43,90.68,88.84,88.82
2011-10-06,93.99,95.65,97.60,97.39,90.45,90.69,88.85,88.83
2011-10-07,93.98,95.65,97.61,97.38,90.46,90.70,88.85,88.84
2011-10-08,93.97,95.65,97.62,97.37,90.47,90.71,88.86,88.86
2011-10-09,93.97,95.65,97.62,97.36,90.49,90.72,88.87,88.87
2011-10-10,93.96,95.66,97.63,97.35,90.50,90.73,88.88,88.88
2011-10-11,93.95,95.66,97.63,97.35,90.52,90.74,88.89,88.89
2011-10-12,93.94,95.66,97.64,97.34,90.53,90.75,88.89,88.90
2011-10-13,93.93,95.66,97.65,97.33,90.54,90.77,88.90,88.91
2011-10-14,93.92,95.67,97.65,97.32,90.56,90.78,88.91,88.92
2011-10-15,93.92,95.67,97.66,97.31,90.57,90.79,88.92,88.93
2011-10-16,93.91,95.67,97.66,97.30,90.58,90.80,88.93,88.94
2011-10-17,93.90,95.67,97.67,97.29,90.60,90.81,88.93,88.96
2011-10-18,93.89,95.68,97.68,97.29,90.61,90.82,88.94,88.97
2011-10-19,93.88,95.68,97.68,97.28,90.63,90.83,88.95,88.98
2011-10-20,93.87,95.68,97.69,97.27,90.64,90.84,88.96,88.99
2011-10-21,93.87,95.69,97.69,97.26,90.65,90.85,88.97,89.00
2011-10-22,93.86,95.69,97.70,97.25,90.67,90.86,88.97,89.01
2011-10-23,93.85,95.70,97.71,97.24,90.68,90.87,88.98,89.02
2011-10-24,93.84,95.70,97.71,97.23,90.70,90.89,88.99,89.04
2011-10-25,93.83,95.70,97.72,97.22,90.71,90.90,89.00,89.05
2011-10-26,93.82,95.71,97.73,97.21,90.72,90.91,89.01,89.06
2011-10-27,93.82,95.71,97.73,97.21,90.74,90.92,89.02,89.07
2011-10-28,93.81,95.72,97.74,97.20,90.75,90.93,89.02,89.08
2011-10-29,93.80,95.72,97.74,97.19,90.76,90.94,89.03,89.09
2011-10-30,93.79,95.73,97.75,97.18,90.78,90.95,89.04,89.11
2011-10-31,93.78,95.73,97.76,97.17,90.79,90.96,89.05,89.12
2011-11-01,93.77,95.74,97.76,97.16,90.81,90.97,89.06,89.13
2011-11-02,93.82,95.75,97.77,97.15,90.81,90.98,89.06,89.14
2011-11-03,93.87,95.75,97.79,97.14,90.82,91.00,89.07,89.15
2011-11-04,93.91,95.76,97.80,97.13,90.83,91.01,89.07,89.16
2011-11-05,93.96,95.77,97.81,97.12,90.84,91.02,89.08,89.18
2011-11-06,94.01,95.77,97.82,97.11,90.85,91.03,89.08,89.19
2011-11-07,94.05,95.78,97.84,97.10,90.86,91.04,89.09,89.20
2011-11-08,94.10,95.79,97.85,97.09,90.87,91.05,89.09,89.21
2011-11-09,94.14,95.80,97.86,97.08,90.87,91.06,89.10,89.22
2011-11-10,94.19,95.80,97.87,97.07,90.88,91.07,89.10,89.23
2011-11-11,94.24,95.81,97.89,97.06,90.89,91.08,89.11,89.25
2011-11-12,94.28,95.82,97.90,97.05,90.90,91.09,89.12,89.26
2011-11-13,94.33,95.83,97.91,97.04,90.91,91.10,89.12,89.27
2011-11-14,94.37,95.84,97.92,97.03,90.92,91.11,89.13,89.28
2011-11-15,94.42,95.85,97.94,97.02,90.93,91.12,89.13,89.29
2011-11-16,94.47,95.86,97.95,97.01,90.93,91.14,89.14,89.30
2011-11-17,94.51,95.87,97.96,97.00,90.94,91.15,89.14,89.31
2011-11-18,94.56,95.88,97.97,96.99,90.95,91.16,89.15,89.32
2011-11-19,94.61,95.89,97.99,96.98,90.96,91.17,89.15,89.34
2011-11-20,94.65,95.90,98.00,96.97,90.97,91.18,89.16,89.35
2011-11-21,94.70,95.91,98.01,96.96,90.98,91.19,89.17,89.36
2011-11-22,94.74,95.92,98.02,96.95,90.99,91.20,89.17,89.37
2011-11-23,94.79,95.93,98.04,96.94,90.99,91.21,89.18,89.38
2011-11-24,94.84,95.94,98.05,96.93,91.00,91.22,89.18,89.39
2011-11-25,94.88,95.95,98.06,96.92,91.01,91.23,89.19,89.40
2011-11-26,94.93,95.96,98.08,96.91,91.02,91.24,89.19,89.41
2011-11-27,94.97,95.98,98.09,96.90,91.03,91.25,89.20,89.42
2011-11-28,95.02,95.99,98.10,96.89,91.04,91.26,89.20,89.43
2011-11-29,95.07,96.00,98.11,96.88,91.05,91.27,89.21,89.45
2011-11-30,95.11,96.01,98.13,96.87,91.05,91.28,89.22,89.46
2011-12-01,95.16,96.03,98.14,96.86,91.06,91.29,89.22,89.47
2011-12-02,95.21,96.04,98.07,96.85,91.07,91.30,89.23,89.48
2011-12-03,95.27,96.05,97.99,96.84,91.08,91.31,89.25,89.49
2011-12-04,95.32,96.06,97.92,96.83,91.09,91.32,89.26,89.50
2011-12-05,95.38,96.08,97.85,96.81,91.10,91.33,89.27,89.51
2011-12-06,95.44,96.09,97.78,96.80,91.11,91.34,89.29,89.52
2011-12-07,95.49,96.10,97.71,96.79,91.12,91.35,89.30,89.53
2011-12-08,95.55,96.12,97.64,96.78,91.13,91.36,89.32,89.54
2011-12-09,95.60,96.13,97.56,96.77,91.14,91.37,89.33,89.55
2011-12-10,95.66,96.15,97.49,96.76,91.15,91.38,89.34,89.56
2011-12-11,95.71,96.16,97.42,96.75,91.15,91.39,89.36,89.57
2011-12-12,95.77,96.17,97.35,96.73,91.16,91.40,89.37,89.58
2011-12-13,95.82,96.19,97.28,96.72,91.17,91.40,89.38,89.59
2011-12-14,95.88,96.20,97.21,96.71,91.18,91.41,89.40,89.60
2011-12-15,95.93,96.22,97.13,96.70,91.19,91.42,89.41,89.61
2011-12-16,95.99,96.23,97.06,96.68,91.20,91.43,89.42,89.62
2011-12-17,96.04,96.24,96.99,96.67,91.21,91.44,89.44,89.64
2011-12-18,96.10,96.26,96.92,96.66,91.22,91.45,89.45,89.65
2011-12-19,96.15,96.27,96.85,96.64,91.23,91.46,89.46,89.66
2011-12-20,96.21,96.29,96.78,96.63,91.24,91.47,89.48,89.67
2011-12-21,96.26,96.30,96.70,96.61,91.25,91.48,89.49,89.68
2011-12-22,96.32,96.32,96.63,96.60,91.25,91.49,89.50,89.69
2011-12-23,96.37,96.33,96.56,96.59,91.26,91.50,89.52,89.70
2011-12-24,96.43,96.34,96.49,96.57,91.27,91.51,89.53,89.71
2011-12-25,96.49,96.36,96.42,96.56,91.28,91.52,89.54,89.72
2011-12-26,96.54,96.37,96.35,96.54,91.29,91.53,89.56,89.73
2011-12-27,96.60,96.39,96.27,96.53,91.30,91.54,89.57,89.74
2011-12-28,96.65,96.40,96.20,96.51,91.31,91.55,89.58,89.75
2011-12-29,96.71,96.41,96.13,96.50,91.32,91.56,89.60,89.76
2011-12-30,96.76,96.43,96.06,96.48,91.33,91.57,89.61,89.77
2011-12-31,96.82,96.44,95.99,96.47,91.34,91.58,89.62,89.78
2012-01-01,96.87,96.46,95.92,96.45,91.35,91.59,89.64,89.79
2012-01-02,96.86,96.47,95.93,96.44,91.35,91.60,89.64,89.80
2012-01-03,96.85,96.48,95.95,96.42,91.36,91.61,89.65,89.81
2012-01-04,96.84,96.50,95.96,96.40,91.37,91.62,89.65,89.82
2012-01-05,96.83,96.51,95.98,96.39,91.38,91.63,89.66,89.83
2012-01-06,96.82,96.52,95.99,96.37,91.39,91.64,89.67,89.84
2012-01-07,96.81,96.54,96.01,96.36,91.39,91.65,89.67,89.85
2012-01-08,96.80,96.55,96.02,96.34,91.40,91.66,89.68,89.86
2012-01-09,96.78,96.56,96.04,96.33,91.41,91.67,89.68,89.87
2012-01-10,96.77,96.57,96.05,96.31,91.42,91.68,89.69,89.89
2012-01-11,96.76,96.59,96.07,96.29,91.43,91.69,89.70,89.90
2012-01-12,96.75,96.60,96.08,96.28,91.43,91.70,89.70,89.91
2012-01-13,96.74,96.61,96.10,96.26,91.44,91.71,89.71,89.92
2012-01-14,96.73,96.62,96.11,96.25,91.45,91.72,89.71,89.93
2012-01-15,96.72,96.63,96.13,96.23,91.46,91.72,89.72,89.94
2012-01-16,96.71,96.64,96.14,96.21,91.47,91.73,89.73,89.95
2012-01-17,96.70,96.65,96.16,96.20,91.47,91.74,89.73,89.96
2012-01-18,96.69,96.66,96.17,96.18,91.48,91.75,89.74,89.97
2012-01-19,96.68,96.67,96.19,96.17,91.49,91.76,89.74,89.98
2012-01-20,96.66,96.68,96.20,96.15,91.50,91.77,89.75,89.99
2012-01-21,96.65,96.69,96.22,96.14,91.51,91.78,89.75,90.00
2012-01-22,96.64,96.70,96.24,96.12,91.51,91.79,89.76,90.01
2012-01-23,96.63,96.71,96.25,96.11,91.52,91.80,89.77,90.02
2012-01-24,96.62,96.72,96.27,96.09,91.53,91.81,89.77,90.03
2012-01-25,96.61,96.73,96.28,96.08,91.54,91.82,89.78,90.04
2012-01-26,96.60,96.73,96.30,96.06,91.55,91.83,89.78,90.05
2012-01-27,96.59,96.74,96.31,96.04,91.55,91.84,89.79,90.06
2012-01-28,96.58,96.75,96.33,96.03,91.56,91.85,89.80,90.07
2012-01-29,96.57,96.76,96.34,96.01,91.57,91.86,89.80,90.08
2012-01-30,96.56,96.76,96.36,96.00,91.58,91.87,89.81,90.09
2012-01-31,96.54,96.77,96.37,95.98,91.59,91.88,89.81,90.10
2012-02-01,96.53,96.78,96.39,95.97,91.59,91.89,89.82,90.12
2012-02-02,96.57,96.78,96.27,95.95,91.61,91.90,89.84,90.13
2012-02-03,96.60,96.79,96.16,95.94,91.62,91.90,89.85,90.14
2012-02-04,96.63,96.79,96.04,95.92,91.64,91.91,89.87,90.15
2012-02-05,96.66,96.80,95.92,95.91,91.65,91.92,89.88,90.16
2012-02-06,96.70,96.80,95.81,95.89,91.66,91.93,89.90,90.17
2012-02-07,96.73,96.81,95.69,95.88,91.68,91.94,89.91,90.18
2012-02-08,96.76,96.81,95.58,95.86,91.69,91.95,89.93,90.19
2012-02-09,96.80,96.82,95.46,95.85,91.71,91.96,89.95,90.20
2012-02-10,96.83,96.82,95.35,95.83,91.72,91.97,89.96,90.21
2012-02-11,96.86,96.83,95.23,95.81,91.74,91.98,89.98,90.22
2012-02-12,96.89,96.83,95.12,95.80,91.75,91.99,89.99,90.23
2012-02-13,96.93,96.83,95.00,95.78,91.76,92.00,90.01,90.24
2012-02-14,96.96,96.84,94.88,95.77,91.78,92.01,90.02,90.25
2012-02-15,96.99,96.84,94.77,95.75,91.79,92.02,90.04,90.27
2012-02-16,97.03,96.84,94.65,95.73,91.81,92.03,90.06,90.28
2012-02-17,97.06,96.85,94.54,95.72,91.82,92.04,90.07,90.29
2012-02-18,97.09,96.85,94.42,95.70,91.84,92.05,90.09,90.30
2012-02-19,97.12,96.85,94.31,95.68,91.85,92.06,90.10,90.31
2012-02-20,97.16,96.86,94.19,95.66,91.86,92.07,90.12,90.32
2012-02-21,97.19,96.86,94.07,95.65,91.88,92.07,90.14,90.33
2012-02-22,97.22,96.86,93.96,95.63,91.89,92.08,90.15,90.34
2012-02-23,97.26,96.86,93.84,95.61,91.91,92.09,90.17,90.35
2012-02-24,97.29,96.87,93.73,95.59,91.92,92.10,90.18,90.36
2012-02-25,97.32,96.87,93.61,95.58,91.93,92.11,90.20,90.38
2012-02-26,97.35,96.87,93.50,95.56,91.95,92.12,90.21,90.39
2012-02-27,97.39,96.87,93.38,95.54,91.96,92.13,90.23,90.40
2012-02-28,97.42,96.88,93.27,95.52,91.98,92.14,90.25,90.41
2012-02-29,97.45,96.88,93.15,95.51,91.99,92.15,90.26,90.42
2012-03-01,97.49,96.88,93.03,95.49,92.01,92.16,90.28,90.43
2012-03-02,97.47,96.88,93.05,95.47,92.02,92.17,90.29,90.44
2012-03-03,97.46,96.88,93.06,95.45,92.03,92.18,90.30,90.45
2012-03-04,97.45,96.88,93.07,95.43,92.04,92.19,90.31,90.47
2012-03-05,97.44,96.88,93.09,95.42,92.05,92.20,90.32,90.48
2012-03-06,97.43,96.89,93.10,95.40,92.06,92.21,90.33,90.49
2012-03-07,97.41,96.89,93.11,95.38,92.08,92.22,90.34,90.50
2012-03-08,97.40,96.89,93.13,95.36,92.09,92.22,90.35,90.51
2012-03-09,97.39,96.89,93.14,95.35,92.10,92.23,90.36,90.52
2012-03-10,97.38,96.89,93.15,95.33,92.11,92.24,90.37,90.53
2012-03-11,97.37,96.89,93.16,95.31,92.12,92.25,90.38,90.54
2012-03-12,97.35,96.89,93.18,95.30,92.13,92.26,90.39,90.56
2012-03-13,97.34,96.89,93.19,95.28,92.14,92.27,90.40,90.57
2012-03-14,97.33,96.89,93.20,95.26,92.16,92.28,90.41,90.58
2012-03-15,97.32,96.89,93.22,95.25,92.17,92.29,90.42,90.59
2012-03-16,97.31,96.89,93.23,95.23,92.18,92.30,90.43,90.60
2012-03-17,97.29,96.89,93.24,95.22,92.19,92.31,90.44,90.61
2012-03-18,97.28,96.89,93.26,95.20,92.20,92.32,90.44,90.62
2012-03-19,97.27,96.89,93.27,95.19,92.21,92.33,90.45,90.64
2012-03-20,97.26,96.89,93.28,95.17,92.23,92.34,90.46,90.65
2012-03-21,97.25,96.89,93.30,95.15,92.24,92.35,90.47,90.66
2012-03-22,97.23,96.89,93.31,95.14,92.25,92.35,90.48,90.67
2012-03-23,97.22,96.89,93.32,95.13,92.26,92.36,90.49,90.68
2012-03-24,97.21,96.89,93.33,95.11,92.27,92.37,90.50,90.69
2012-03-25,97.20,96.89,93.35,95.10,92.28,92.38,90.51,90.70
2012-03-26,97.19,96.89,93.36,95.08,92.29,92.39,90.52,90.71
2012-03-27,97.17,96.89,93.37,95.07,92.31,92.40,90.53,90.73
2012-03-28,97.16,96.89,93.39,95.05,92.32,92.41,90.54,90.74
2012-03-29,97.15,96.89,93.40,95.04,92.33,92.42,90.55,90.75
2012-03-30,97.14,96.89,93.41,95.03,92.34,92.43,90.56,90.76
2012-03-31,97.13,96.89,93.43,95.01,92.35,92.44,90.57,90.77
2012-04-01,97.11,96.89,93.44,95.00,92.36,92.45,90.58,90.78
2012-04-02,97.11,96.89,93.44,94.99,92.37,92.46,90.61,90.79
2012-04-03,97.10,96.89,93.44,94.97,92.38,92.46,90.63,90.81
2012-04-04,97.10,96.89,93.44,94.96,92.39,92.47,90.65,90.82
2012-04-05,97.09,96.89,93.45,94.95,92.40,92.48,90.67,90.83
2012-04-06,97.09,96.89,93.45,94.94,92.41,92.49,90.70,90.84
2012-04-07,97.08,96.89,93.45,94.92,92.42,92.50,90.72,90.85
2012-04-08,97.08,96.89,93.45,94.91,92.43,92.51,90.74,90.86
2012-04-09,97.07,96.89,93.45,94.90,92.44,92.52,90.77,90.87
2012-04-10,97.06,96.89,93.46,94.89,92.45,92.53,90.79,90.88
2012-04-11,97.06,96.89,93.46,94.87,92.46,92.54,90.81,90.90
2012-04-12,97.05,96.89,93.46,94.86,92.47,92.55,90.83,90.91
2012-04-13,97.05,96.89,93.46,94.85,92.48,92.55,90.86,90.92
2012-04-14,97.04,96.89,93.46,94.84,92.49,92.56,90.88,90.93
2012-04-15,97.04,96.89,93.46,94.83,92.50,92.57,90.90,90.94
2012-04-16,97.03,96.89,93.47,94.82,92.51,92.58,90.92,90.95
2012-04-17,97.03,96.89,93.47,94.81,92.52,92.59,90.95,90.97
2012-04-18,97.02,96.89,93.47,94.80,92.53,92.60,90.97,90.98
2012-04-19,97.02,96.89,93.47,94.78,92.53,92.61,90.99,90.99
2012-04-20,97.01,96.89,93.47,94.77,92.54,92.62,91.02,91.00
2012-04-21,97.00,96.89,93.48,94.76,92.55,92.63,91.04,91.01
2012-04-22,97.00,96.89,93.48,94.75,92.56,92.64,91.06,91.02
2012-04-23,96.99,96.89,93.48,94.74,92.57,92.64,91.08,91.03
2012-04-24,96.99,96.89,93.48,94.73,92.58,92.65,91.11,91.05
2012-04-25,96.98,96.90,93.48,94.72,92.59,92.66,91.13,91.06
2012-04-26,96.98,96.90,93.49,94.71,92.60,92.67,91.15,91.07
2012-04-27,96.97,96.90,93.49,94.70,92.61,92.68,91.17,91.08
2012-04-28,96.97,96.90,93.49,94.69,92.62,92.69,91.20,91.09
2012-04-29,96.96,96.90,93.49,94.68,92.63,92.70,91.22,91.10
2012-04-30,96.95,96.90,93.49,94.67,92.64,92.71,91.24,91.12
2012-05-01,96.95,96.91,93.49,94.67,92.65,92.72,91.27,91.13
2012-05-02,96.93,96.91,93.50,94.66,92.65,92.72,91.27,91.14
2012-05-03,96.91,96.91,93.50,94.65,92.66,92.73,91.28,91.15
2012-05-04,96.90,96.91,93.50,94.64,92.67,92.74,91.29,91.16
2012-05-05,96.88,96.92,93.50,94.63,92.68,92.75,91.30,91.18
2012-05-06,96.86,96.92,93.50,94.62,92.68,92.76,91.31,91.19
2012-05-07,96.85,96.92,93.50,94.61,92.69,92.77,91.32,91.20
2012-05-08,96.83,96.93,93.50,94.61,92.70,92.78,91.32,91.21
2012-05-09,96.81,96.93,93.50,94.60,92.70,92.79,91.33,91.22
2012-05-10,96.79,96.93,93.50,94.59,92.71,92.79,91.34,91.23
2012-05-11,96.78,96.94,93.50,94.58,92.72,92.80,91.35,91.25
2012-05-12,96.76,96.94,93.50,94.57,92.72,92.81,91.36,91.26
2012-05-13,96.74,96.95,93.50,94.56,92.73,92.82,91.36,91.27
2012-05-14,96.72,96.95,93.50,94.56,92.74,92.83,91.37,91.28
2012-05-15,96.71,96.95,93.50,94.55,92.74,92.84,91.38,91.29
2012-05-16,96.69,96.96,93.50,94.54,92.75,92.85,91.39,91.30
2012-05-17,96.67,96.96,93.50,94.53,92.76,92.86,91.40,91.31
2012-05-18,96.66,96.97,93.51,94.53,92.77,92.86,91.41,91.33
2012-05-19,96.64,96.97,93.51,94.52,92.77,92.87,91.41,91.34
2012-05-20,96.62,96.98,93.51,94.51,92.78,92.88,91.42,91.35
2012-05-21,96.60,96.98,93.51,94.50,92.79,92.89,91.43,91.36
2012-05-22,96.59,96.99,93.51,94.50,92.79,92.90,91.44,91.37
2012-05-23,96.57,96.99,93.51,94.49,92.80,92.91,91.45,91.38
2012-05-24,96.55,97.00,93.51,94.48,92.81,92.91,91.46,91.39
2012-05-25,96.53,97.00,93.51,94.48,92.81,92.92,91.46,91.41
2012-05-26,96.52,97.01,93.51,94.47,92.82,92.93,91.47,91.42
2012-05-27,96.50,97.02,93.51,94.46,92.83,92.94,91.48,91.43
2012-05-28,96.48,97.02,93.51,94.45,92.83,92.95,91.49,91.44
2012-05-29,96.46,97.03,93.51,94.45,92.84,92.96,91.50,91.45
2012-05-30,96.45,97.03,93.51,94.44,92.85,92.97,91.51,91.46
2012-05-31,96.43,97.04,93.51,94.43,92.85,92.97,91.51,91.47
2012-06-01,96.41,97.05,93.51,94.43,92.86,92.98,91.52,91.48
2012-06-02,96.39,97.05,93.47,94.42,92.87,92.99,91.53,91.49
2012-06-03,96.37,97.06,93.43,94.42,92.87,93.00,91.54,91.51
2012-06-04,96.35,97.07,93.40,94.41,92.88,93.01,91.54,91.52
2012-06-05,96.33,97.08,93.36,94.40,92.88,93.02,91.55,91.53
2012-06-06,96.30,97.08,93.32,94.40,92.89,93.02,91.56,91.54
2012-06-07,96.28,97.09,93.28,94.39,92.89,93.03,91.57,91.55
2012-06-08,96.26,97.10,93.24,94.38,92.90,93.04,91.57,91.56
2012-06-09,96.24,97.10,93.20,94.38,92.91,93.05,91.58,91.57
2012-06-10,96.22,97.11,93.16,94.37,92.91,93.06,91.59,91.58
2012-06-11,96.19,97.12,93.12,94.37,92.92,93.06,91.59,91.59
2012-06-12,96.17,97.13,93.08,94.36,92.92,93.07,91.60,91.60
2012-06-13,96.15,97.13,93.04,94.35,92.93,93.08,91.61,91.61
2012-06-14,96.13,97.14,93.00,94.35,92.93,93.09,91.62,91.62
2012-06-15,96.11,97.15,92.96,94.34,92.94,93.10,91.62,91.64
2012-06-16,96.08,97.16,92.92,94.34,92.94,93.11,91.63,91.65
2012-06-17,96.06,97.17,92.88,94.33,92.95,93.11,91.64,91.66
2012-06-18,96.04,97.17,92.84,94.32,92.95,93.12,91.65,91.67
2012-06-19,96.02,97.18,92.80,94.32,92.96,93.13,91.65,91.68
2012-06-20,96.00,97.19,92.76,94.31,92.96,93.14,91.66,91.69
2012-06-21,95.97,97.20,92.72,94.31,92.97,93.15,91.67,91.70
2012-06-22,95.95,97.21,92.68,94.30,92.98,93.15,91.67,91.71
2012-06-23,95.93,97.21,92.64,94.29,92.98,93.16,91.68,91.72
2012-06-24,95.91,97.22,92.60,94.29,92.99,93.17,91.69,91.73
2012-06-25,95.89,97.23,92.56,94.28,92.99,93.18,91.70,91.74
2012-06-26,95.86,97.24,92.53,94.28,93.00,93.19,91.70,91.75
2012-06-27,95.84,97.25,92.49,94.27,93.00,93.19,91.71,91.76
2012-06-28,95.82,97.26,92.45,94.27,93.01,93.20,91.72,91.77
2012-06-29,95.80,97.27,92.41,94.26,93.01,93.21,91.72,91.79
2012-06-30,95.78,97.27,92.37,94.26,93.02,93.22,91.73,91.80
2012-07-01,95.76,97.28,92.33,94.25,93.02,93.22,91.74,91.81
2012-07-02,95.79,97.29,92.35,94.25,93.03,93.23,91.74,91.82
2012-07-03,95.83,97.30,92.37,94.24,93.04,93.24,91.75,91.83
2012-07-04,95.87,97.31,92.39,94.24,93.04,93.25,91.75,91.84
2012-07-05,95.91,97.32,92.41,94.23,93.05,93.26,91.76,91.85
2012-07-06,95.95,97.33,92.42,94.23,93.05,93.26,91.76,91.86
2012-07-07,95.99,97.33,92.44,94.22,93.06,93.27,91.76,91.87
2012-07-08,96.03,97.34,92.46,94.22,93.06,93.28,91.77,91.88
2012-07-09,96.07,97.35,92.48,94.21,93.07,93.29,91.77,91.89
2012-07-10,96.10,97.36,92.50,94.21,93.07,93.30,91.78,91.90
2012-07-11,96.14,97.37,92.52,94.20,93.08,93.30,91.78,91.91
2012-07-12,96.18,97.38,92.54,94.20,93.09,93.31,91.79,91.92
2012-07-13,96.22,97.39,92.56,94.20,93.09,93.32,91.79,91.93
2012-07-14,96.26,97.40,92.58,94.19,93.10,93.33,91.79,91.95
2012-07-15,96.30,97.41,92.60,94.19,93.10,93.33,91.80,91.96
2012-07-16,96.34,97.42,92.62,94.19,93.11,93.34,91.80,91.97
2012-07-17,96.38,97.43,92.64,94.18,93.11,93.35,91.81,91.98
2012-07-18,96.42,97.43,92.66,94.18,93.12,93.36,91.81,91.99
2012-07-19,96.45,97.44,92.68,94.18,93.12,93.36,91.82,92.00
2012-07-20,96.49,97.45,92.70,94.18,93.13,93.37,91.82,92.01
2012-07-21,96.53,97.46,92.72,94.17,93.13,93.38,91.82,92.02
2012-07-22,96.57,97.47,92.74,94.17,93.14,93.39,91.83,92.03
2012-07-23,96.61,97.48,92.76,94.17,93.15,93.39,91.83,92.04
2012-07-24,96.65,97.49,92.77,94.17,93.15,93.40,91.84,92.05
2012-07-25,96.69,97.50,92.79,94.17,93.16,93.41,91.84,92.06
2012-07-26,96.73,97.51,92.81,94.17,93.16,93.42,91.85,92.07
2012-07-27,96.76,97.51,92.83,94.17,93.17,93.43,91.85,92.08
2012-07-28,96.80,97.52,92.85,94.16,93.17,93.43,91.85,92.09
2012-07-29,96.84,97.53,92.87,94.16,93.18,93.44,91.86,92.10
2012-07-30,96.88,97.54,92.89,94.16,93.18,93.45,91.86,92.11
2012-07-31,96.92,97.55,92.91,94.16,93.19,93.46,91.87,92.12
2012-08-01,96.96,97.56,92.93,94.16,93.20,93.46,91.87,92.13
2012-08-02,97.07,97.56,92.98,94.16,93.20,93.47,91.88,92.14
2012-08-03,97.19,97.57,93.02,94.16,93.21,93.48,91.89,92.15
2012-08-04,97.30,97.58,93.07,94.16,93.21,93.49,91.90,92.16
2012-08-05,97.41,97.59,93.11,94.16,93.22,93.49,91.90,92.18
2012-08-06,97.53,97.60,93.16,94.16,93.22,93.50,91.91,92.19
2012-08-07,97.64,97.60,93.21,94.17,93.23,93.51,91.92,92.20
2012-08-08,97.76,97.61,93.25,94.17,93.23,93.52,91.93,92.21
2012-08-09,97.87,97.62,93.30,94.17,93.24,93.52,91.93,92.22
2012-08-10,97.99,97.63,93.35,94.17,93.24,93.53,91.94,92.23
2012-08-11,98.10,97.64,93.39,94.17,93.25,93.54,91.95,92.24
2012-08-12,98.21,97.65,93.44,94.17,93.25,93.55,91.96,92.25
2012-08-13,98.33,97.65,93.48,94.17,93.26,93.55,91.97,92.26
2012-08-14,98.44,97.66,93.53,94.18,93.26,93.56,91.97,92.27
2012-08-15,98.56,97.67,93.58,94.18,93.27,93.57,91.98,92.28
2012-08-16,98.67,97.68,93.62,94.18,93.27,93.58,91.99,92.29
2012-08-17,98.78,97.69,93.67,94.18,93.28,93.58,92.00,92.30
2012-08-18,98.90,97.69,93.72,94.18,93.29,93.59,92.00,92.31
2012-08-19,99.01,97.70,93.76,94.19,93.29,93.60,92.01,92.32
2012-08-20,99.13,97.71,93.81,94.19,93.30,93.60,92.02,92.33
2012-08-21,99.24,97.72,93.85,94.19,93.30,93.61,92.03,92.34
2012-08-22,99.36,97.73,93.90,94.19,93.31,93.62,92.03,92.35
2012-08-23,99.47,97.74,93.95,94.20,93.31,93.63,92.04,92.36
2012-08-24,99.58,97.74,93.99,94.20,93.32,93.63,92.05,92.37
2012-08-25,99.70,97.75,94.04,94.20,93.32,93.64,92.06,92.38
2012-08-26,99.81,97.76,94.09,94.21,93.33,93.65,92.07,92.39
2012-08-27,99.93,97.77,94.13,94.21,93.33,93.65,92.07,92.40
2012-08-28,100.04,97.78,94.18,94.21,93.34,93.66,92.08,92.40
2012-08-29,100.15,97.78,94.22,94.21,93.34,93.67,92.09,92.41
2012-08-30,100.27,97.79,94.27,94.22,93.35,93.67,92.10,92.42
2012-08-31,100.38,97.80,94.32,94.22,93.35,93.68,92.10,92.43
2012-09-01,100.50,97.81,94.36,94.22,93.36,93.69,92.11,92.44
2012-09-02,100.44,97.81,94.37,94.23,93.37,93.70,92.15,92.45
2012-09-03,100.39,97.82,94.37,94.23,93.37,93.70,92.18,92.46
2012-09-04,100.34,97.83,94.38,94.23,93.38,93.71,92.22,92.47
2012-09-05,100.28,97.84,94.38,94.24,93.39,93.72,92.25,92.48
2012-09-06,100.23,97.84,94.38,94.24,93.39,93.72,92.29,92.49
2012-09-07,100.17,97.85,94.39,94.24,93.40,93.73,92.33,92.50
2012-09-08,100.12,97.86,94.39,94.25,93.41,93.74,92.36,92.51
2012-09-09,100.07,97.86,94.40,94.25,93.41,93.74,92.40,92.52
2012-09-10,100.01,97.87,94.40,94.25,93.42,93.75,92.43,92.53
2012-09-11,99.96,97.87,94.41,94.26,93.42,93.76,92.47,92.54
2012-09-12,99.91,97.88,94.41,94.26,93.43,93.76,92.50,92.55
2012-09-13,99.85,97.88,94.41,94.26,93.44,93.77,92.54,92.56
2012-09-14,99.80,97.89,94.42,94.27,93.44,93.78,92.57,92.56
2012-09-15,99.75,97.89,94.42,94.27,93.45,93.78,92.61,92.57
2012-09-16,99.69,97.90,94.43,94.27,93.46,93.79,92.64,92.58
2012-09-17,99.64,97.90,94.43,94.28,93.46,93.80,92.68,92.59
2012-09-18,99.58,97.91,94.44,94.28,93.47,93.80,92.71,92.60
2012-09-19,99.53,97.91,94.44,94.28,93.48,93.81,92.75,92.61
2012-09-20,99.48,97.92,94.45,94.29,93.48,93.82,92.79,92.62
2012-09-21,99.42,97.92,94.45,94.29,93.49,93.82,92.82,92.63
2012-09-22,99.37,97.92,94.45,94.30,93.50,93.83,92.86,92.64
2012-09-23,99.32,97.93,94.46,94.30,93.50,93.84,92.89,92.65
2012-09-24,99.26,97.93,94.46,94.30,93.51,93.84,92.93,92.66
2012-09-25,99.21,97.93,94.47,94.31,93.52,93.85,92.96,92.67
2012-09-26,99.16,97.94,94.47,94.31,93.52,93.86,93.00,92.68
2012-09-27,99.10,97.94,94.48,94.32,93.53,93.86,93.03,92.69
2012-09-28,99.05,97.94,94.48,94.32,93.54,93.87,93.07,92.70
2012-09-29,98.99,97.94,94.48,94.32,93.54,93.88,93.10,92.72
2012-09-30,98.94,97.95,94.49,94.33,93.55,93.88,93.14,92.73
2012-10-01,98.89,97.95,94.49,94.33,93.56,93.89,93.18,92.74
2012-10-02,98.81,97.95,94.48,94.34,93.56,93.90,93.18,92.75
2012-10-03,98.73,97.95,94.47,94.34,93.57,93.90,93.19,92.76
2012-10-04,98.65,97.95,94.46,94.35,93.58,93.91,93.19,92.77
2012-10-05,98.57,97.95,94.45,94.35,93.59,93.92,93.20,92.78
2012-10-06,98.49,97.96,94.44,94.36,93.59,93.92,93.21,92.79
2012-10-07,98.42,97.96,94.43,94.36,93.60,93.93,93.21,92.80
2012-10-08,98.34,97.96,94.43,94.36,93.61,93.94,93.22,92.81
2012-10-09,98.26,97.96,94.42,94.37,93.62,93.94,93.22,92.82
2012-10-10,98.18,97.96,94.41,94.37,93.63,93.95,93.23,92.83
2012-10-11,98.10,97.96,94.40,94.38,93.63,93.96,93.24,92.84
2012-10-12,98.02,97.96,94.39,94.38,93.64,93.97,93.24,92.85
2012-10-13,97.95,97.96,94.38,94.39,93.65,93.97,93.25,92.86
2012-10-14,97.87,97.96,94.37,94.39,93.66,93.98,93.26,92.87
2012-10-15,97.79,97.96,94.36,94.39,93.66,93.99,93.26,92.88
2012-10-16,97.71,97.96,94.35,94.40,93.67,93.99,93.27,92.89
2012-10-17,97.63,97.96,94.34,94.40,93.68,94.00,93.27,92.90
2012-10-18,97.55,97.96,94.33,94.41,93.69,94.01,93.28,92.91
2012-10-19,97.48,97.96,94.32,94.41,93.70,94.01,93.29,92.92
2012-10-20,97.40,97.96,94.31,94.41,93.70,94.02,93.29,92.93
2012-10-21,97.32,97.96,94.30,94.42,93.71,94.03,93.30,92.95
2012-10-22,97.24,97.96,94.29,94.42,93.72,94.03,93.31,92.96
2012-10-23,97.16,97.96,94.28,94.42,93.73,94.04,93.31,92.97
2012-10-24,97.08,97.96,94.27,94.43,93.73,94.05,93.32,92.98
2012-10-25,97.01,97.96,94.26,94.43,93.74,94.05,93.32,92.99
2012-10-26,96.93,97.95,94.25,94.44,93.75,94.06,93.33,93.00
2012-10-27,96.85,97.95,94.24,94.44,93.76,94.07,93.34,93.01
2012-10-28,96.77,97.95,94.23,94.44,93.77,94.07,93.34,93.01
2012-10-29,96.69,97.95,94.22,94.45,93.77,94.08,93.35,93.02
2012-10-30,96.61,97.95,94.21,94.45,93.78,94.09,93.35,93.03
2012-10-31,96.53,97.95,94.20,94.45,93.79,94.09,93.36,93.04
2012-11-01,96.46,97.95,94.19,94.46,93.80,94.10,93.37,93.05
2012-11-02,96.48,97.95,94.21,94.46,93.80,94.11,93.37,93.06
2012-11-03,96.50,97.95,94.22,94.46,93.81,94.11,93.37,93.07
2012-11-04,96.53,97.95,94.23,94.47,93.82,94.12,93.37,93.08
2012-11-05,96.55,97.95,94.25,94.47,93.82,94.13,93.37,93.09
2012-11-06,96.57,97.94,94.26,94.47,93.83,94.14,93.37,93.10
2012-11-07,96.60,97.94,94.28,94.48,93.84,94.14,93.37,93.11
2012-11-08,96.62,97.94,94.29,94.48,93.84,94.15,93.37,93.12
2012-11-09,96.64,97.94,94.30,94.48,93.85,94.16,93.37,93.13
2012-11-10,96.67,97.94,94.32,94.49,93.86,94.16,93.37,93.14
2012-11-11,96.69,97.94,94.33,94.49,93.86,94.17,93.37,93.15
2012-11-12,96.71,97.94,94.35,94.49,93.87,94.18,93.37,93.16
2012-11-13,96.74,97.94,94.36,94.50,93.88,94.18,93.37,93.17
2012-11-14,96.76,97.94,94.38,94.50,93.89,94.19,93.37,93.18
2012-11-15,96.78,97.94,94.39,94.50,93.89,94.20,93.37,93.18
2012-11-16,96.81,97.94,94.40,94.51,93.90,94.20,93.37,93.19
2012-11-17,96.83,97.94,94.42,94.51,93.91,94.21,93.37,93.20
2012-11-18,96.85,97.95,94.43,94.52,93.91,94.22,93.37,93.21
2012-11-19,96.88,97.95,94.45,94.52,93.92,94.22,93.37,93.22
2012-11-20,96.90,97.95,94.46,94.52,93.93,94.23,93.37,93.23
2012-11-21,96.92,97.95,94.47,94.53,93.93,94.24,93.37,93.24
2012-11-22,96.95,97.95,94.49,94.53,93.94,94.24,93.37,93.25
2012-11-23,96.97,97.95,94.50,94.53,93.95,94.25,93.37,93.25
2012-11-24,96.99,97.95,94.52,94.54,93.95,94.26,93.37,93.26
2012-11-25,97.02,97.96,94.53,94.54,93.96,94.26,93.37,93.27
2012-11-26,97.04,97.96,94.55,94.55,93.97,94.27,93.37,93.28
2012-11-27,97.06,97.96,94.56,94.55,93.97,94.28,93.37,93.29
2012-11-28,97.09,97.96,94.57,94.55,93.98,94.28,93.37,93.30
2012-11-29,97.11,97.96,94.59,94.56,93.99,94.29,93.37,93.31
2012-11-30,97.13,97.97,94.60,94.56,93.99,94.30,93.38,93.31
2012-12-01,97.16,97.97,94.62,94.57,94.00,94.30,93.38,93.32
2012-12-02,97.22,97.97,94.61,94.57,94.01,94.31,93.38,93.33
2012-12-03,97.29,97.98,94.61,94.58,94.01,94.32,93.39,93.34
2012-12-04,97.35,97.98,94.61,94.58,94.02,94.33,93.40,93.35
2012-12-05,97.41,97.98,94.61,94.58,94.03,94.33,93.40,93.35
2012-12-06,97.48,97.98,94.61,94.59,94.03,94.34,93.41,93.36
2012-12-07,97.54,97.99,94.61,94.59,94.04,94.35,93.42,93.37
2012-12-08,97.61,97.99,94.61,94.60,94.05,94.35,93.42,93.38
2012-12-09,97.67,98.00,94.61,94.60,94.05,94.36,93.43,93.39
2012-12-10,97.73,98.00,94.61,94.61,94.06,94.37,93.44,93.39
2012-12-11,97.80,98.00,94.60,94.61,94.06,94.37,93.45,93.40
2012-12-12,97.86,98.01,94.60,94.61,94.07,94.38,93.45,93.41
2012-12-13,97.93,98.01,94.60,94.62,94.08,94.39,93.46,93.42
2012-12-14,97.99,98.02,94.60,94.62,94.08,94.39,93.47,93.43
2012-12-15,98.06,98.02,94.60,94.63,94.09,94.40,93.47,93.43
2012-12-16,98.12,98.03,94.60,94.63,94.10,94.40,93.48,93.44
2012-12-17,98.18,98.03,94.60,94.64,94.10,94.41,93.49,93.45
2012-12-18,98.25,98.04,94.60,94.64,94.11,94.42,93.49,93.46
2012-12-19,98.31,98.04,94.59,94.64,94.12,94.42,93.50,93.46
2012-12-20,98.38,98.05,94.59,94.65,94.12,94.43,93.51,93.47
2012-12-21,98.44,98.05,94.59,94.65,94.13,94.44,93.51,93.48
2012-12-22,98.51,98.06,94.59,94.66,94.13,94.44,93.52,93.49
2012-12-23,98.57,98.06,94.59,94.66,94.14,94.45,93.53,93.50
2012-12-24,98.63,98.07,94.59,94.66,94.15,94.46,93.54,93.50
2012-12-25,98.70,98.07,94.59,94.67,94.15,94.46,93.54,93.51
2012-12-26,98.76,98.08,94.59,94.67,94.16,94.47,93.55,93.52
2012-12-27,98.83,98.09,94.58,94.67,94.17,94.48,93.56,93.53
2012-12-28,98.89,98.09,94.58,94.68,94.17,94.48,93.56,93.53
2012-12-29,98.95,98.10,94.58,94.68,94.18,94.49,93.57,93.54
2012-12-30,99.02,98.10,94.58,94.69,94.19,94.49,93.58,93.55
2012-12-31,99.08,98.11,94.58,94.69,94.19,94.50,93.58,93.55
2013-01-01,99.15,98.12,94.58,94.69,94.20,94.51,93.59,93.56
2013-01-02,99.16,98.12,94.59,94.70,94.20,94.51,93.59,93.57
2013-01-03,99.18,98.13,94.59,94.70,94.21,94.52,93.60,93.58
2013-01-04,99.20,98.13,94.60,94.70,94.21,94.53,93.60,93.58
2013-01-05,99.21,98.14,94.61,94.70,94.22,94.53,93.60,93.59
2013-01-06,99.23,98.15,94.61,94.71,94.22,94.54,93.60,93.60
2013-01-07,99.25,98.15,94.62,94.71,94.23,94.55,93.61,93.61
2013-01-08,99.27,98.16,94.63,94.71,94.24,94.55,93.61,93.61
2013-01-09,99.28,98.16,94.64,94.72,94.24,94.56,93.61,93.62
2013-01-10,99.30,98.17,94.64,94.72,94.25,94.56,93.62,93.63
2013-01-11,99.32,98.18,94.65,94.72,94.25,94.57,93.62,93.63
2013-01-12,99.33,98.18,94.66,94.73,94.26,94.58,93.62,93.64
2013-01-13,99.35,98.19,94.67,94.73,94.26,94.58,93.62,93.65
2013-01-14,99.37,98.19,94.67,94.73,94.27,94.59,93.63,93.66
2013-01-15,99.39,98.20,94.68,94.73,94.27,94.60,93.63,93.66
2013-01-16,99.40,98.20,94.69,94.74,94.28,94.60,93.63,93.67
2013-01-17,99.42,98.21,94.70,94.74,94.28,94.61,93.63,93.68
2013-01-18,99.44,98.21,94.70,94.74,94.29,94.61,93.64,93.68
2013-01-19,99.45,98.22,94.71,94.74,94.29,94.62,93.64,93.69
2013-01-20,99.47,98.22,94.72,94.75,94.30,94.63,93.64,93.70
2013-01-21,99.49,98.23,94.72,94.75,94.30,94.63,93.65,93.70
2013-01-22,99.50,98.23,94.73,94.75,94.31,94.64,93.65,93.71
2013-01-23,99.52,98.24,94.74,94.75,94.31,94.65,93.65,93.72
2013-01-24,99.54,98.24,94.75,94.76,94.32,94.65,93.65,93.72
2013-01-25,99.56,98.24,94.75,94.76,94.32,94.66,93.66,93.73
2013-01-26,99.57,98.25,94.76,94.76,94.33,94.66,93.66,93.74
2013-01-27,99.59,98.25,94.77,94.76,94.33,94.67,93.66,93.74
2013-01-28,99.61,98.26,94.78,94.77,94.34,94.68,93.66,93.75
2013-01-29,99.62,98.26,94.78,94.77,94.35,94.68,93.67,93.76
2013-01-30,99.64,98.26,94.79,94.77,94.35,94.69,93.67,93.77
2013-01-31,99.66,98.27,94.80,94.77,94.36,94.70,93.67,93.77
2013-02-01,99.67,98.27,94.80,94.78,94.36,94.70,93.67,93.78
2013-02-02,99.64,98.27,94.76,94.78,94.37,94.71,93.68,93.79
2013-02-03,99.60,98.28,94.71,94.78,94.38,94.71,93.68,93.79
2013-02-04,99.57,98.28,94.66,94.78,94.39,94.72,93.69,93.80
2013-02-05,99.54,98.28,94.61,94.78,94.40,94.73,93.69,93.81
2013-02-06,99.50,98.29,94.57,94.79,94.41,94.73,93.70,93.81
2013-02-07,99.47,98.29,94.52,94.79,94.41,94.74,93.70,93.82
2013-02-08,99.43,98.29,94.47,94.79,94.42,94.75,93.71,93.83
2013-02-09,99.40,98.29,94.42,94.79,94.43,94.75,93.71,93.83
2013-02-10,99.36,98.30,94.38,94.79,94.44,94.76,93.72,93.84
2013-02-11,99.33,98.30,94.33,94.80,94.45,94.77,93.72,93.85
2013-02-12,99.29,98.30,94.28,94.80,94.46,94.77,93.73,93.85
2013-02-13,99.26,98.30,94.24,94.80,94.47,94.78,93.73,93.86
2013-02-14,99.22,98.30,94.19,94.80,94.48,94.78,93.74,93.87
2013-02-15,99.19,98.30,94.14,94.80,94.49,94.79,93.74,93.88
2013-02-16,99.16,98.31,94.09,94.80,94.49,94.80,93.75,93.88
2013-02-17,99.12,98.31,94.05,94.80,94.50,94.80,93.75,93.89
2013-02-18,99.09,98.31,94.00,94.81,94.51,94.81,93.76,93.90
2013-02-19,99.05,98.31,93.95,94.81,94.52,94.82,93.76,93.90
2013-02-20,99.02,98.31,93.90,94.81,94.53,94.82,93.77,93.91
2013-02-21,98.98,98.31,93.86,94.81,94.54,94.83,93.77,93.92
2013-02-22,98.95,98.31,93.81,94.81,94.55,94.84,93.77,93.93
2013-02-23,98.91,98.31,93.76,94.81,94.56,94.84,93.78,93.93
2013-02-24,98.88,98.31,93.71,94.81,94.57,94.85,93.78,93.94
2013-02-25,98.84,98.31,93.67,94.81,94.57,94.86,93.79,93.95
2013-02-26,98.81,98.31,93.62,94.81,94.58,94.86,93.79,93.96
2013-02-27,98.78,98.31,93.57,94.81,94.59,94.87,93.80,93.96
2013-02-28,98.74,98.31,93.52,94.81,94.60,94.87,93.80,93.97
2013-03-01,98.71,98.31,93.48,94.81,94.61,94.88,93.81,93.98
2013-03-02,98.71,98.31,93.47,94.81,94.62,94.89,93.82,93.98
2013-03-03,98.71,98.31,93.46,94.81,94.63,94.89,93.83,93.99
2013-03-04,98.72,98.30,93.45,94.81,94.63,94.90,93.84,94.00
2013-03-05,98.72,98.30,93.44,94.81,94.64,94.91,93.85,94.01
2013-03-06,98.72,98.30,93.43,94.81,94.65,94.91,93.86,94.02
2013-03-07,98.73,98.30,93.42,94.81,94.65,94.92,93.87,94.02
2013-03-08,98.73,98.30,93.41,94.81,94.66,94.93,93.88,94.03
2013-03-09,98.73,98.30,93.40,94.81,94.67,94.93,93.89,94.04
2013-03-10,98.74,98.30,93.39,94.81,94.68,94.94,93.90,94.05
2013-03-11,98.74,98.29,93.39,94.81,94.68,94.95,93.91,94.05
2013-03-12,98.74,98.29,93.38,94.81,94.69,94.95,93.92,94.06
2013-03-13,98.75,98.29,93.37,94.81,94.70,94.96,93.93,94.07
2013-03-14,98.75,98.29,93.36,94.81,94.71,94.96,93.94,94.08
2013-03-15,98.75,98.29,93.35,94.81,94.71,94.97,93.95,94.08
2013-03-16,98.76,98.28,93.34,94.81,94.72,94.98,93.96,94.09
2013-03-17,98.76,98.28,93.33,94.81,94.73,94.98,93.97,94.10
2013-03-18,98.76,98.28,93.32,94.81,94.74,94.99,93.98,94.11
2013-03-19,98.77,98.28,93.31,94.81,94.74,95.00,93.99,94.11
2013-03-20,98.77,98.27,93.30,94.81,94.75,95.00,94.00,94.12
2013-03-21,98.77,98.27,93.29,94.81,94.76,95.01,94.01,94.13
2013-03-22,98.78,98.27,93.28,94.82,94.77,95.02,94.02,94.14
2013-03-23,98.78,98.26,93.28,94.82,94.77,95.02,94.03,94.14
2013-03-24,98.78,98.26,93.27,94.82,94.78,95.03,94.04,94.15
2013-03-25,98.79,98.26,93.26,94.82,94.79,95.03,94.05,94.16
2013-03-26,98.79,98.26,93.25,94.82,94.80,95.04,94.06,94.17
2013-03-27,98.79,98.25,93.24,94.82,94.80,95.05,94.07,94.17
2013-03-28,98.80,98.25,93.23,94.82,94.81,95.05,94.08,94.18
2013-03-29,98.80,98.25,93.22,94.82,94.82,95.06,94.09,94.19
2013-03-30,98.80,98.24,93.21,94.82,94.83,95.07,94.10,94.20
2013-03-31,98.81,98.24,93.20,94.82,94.83,95.07,94.11,94.20
2013-04-01,98.81,98.24,93.19,94.83,94.84,95.08,94.12,94.21
2013-04-02,98.77,98.24,93.24,94.83,94.85,95.09,94.13,94.22
2013-04-03,98.74,98.23,93.28,94.83,94.85,95.09,94.14,94.23
2013-04-04,98.71,98.23,93.32,94.83,94.86,95.10,94.14,94.24
2013-04-05,98.67,98.23,93.37,94.83,94.87,95.10,94.15,94.24
2013-04-06,98.64,98.22,93.41,94.83,94.88,95.11,94.16,94.25
2013-04-07,98.60,98.22,93.45,94.84,94.88,95.12,94.17,94.26
2013-04-08,98.57,98.22,93.49,94.84,94.89,95.12,94.17,94.27
2013-04-09,98.54,98.21,93.54,94.84,94.90,95.13,94.18,94.27
2013-04-10,98.50,98.21,93.58,94.84,94.90,95.14,94.19,94.28
2013-04-11,98.47,98.20,93.62,94.85,94.91,95.14,94.20,94.29
2013-04-12,98.43,98.20,93.67,94.85,94.92,95.15,94.20,94.30
2013-04-13,98.40,98.20,93.71,94.85,94.92,95.15,94.21,94.30
2013-04-14,98.37,98.19,93.75,94.86,94.93,95.16,94.22,94.31
2013-04-15,98.33,98.19,93.80,94.86,94.94,95.17,94.23,94.32
2013-04-16,98.30,98.19,93.84,94.86,94.94,95.17,94.23,94.33
2013-04-17,98.26,98.18,93.88,94.87,94.95,95.18,94.24,94.33
2013-04-18,98.23,98.18,93.92,94.87,94.96,95.19,94.25,94.34
2013-04-19,98.20,98.17,93.97,94.87,94.96,95.19,94.26,94.35
2013-04-20,98.16,98.17,94.01,94.88,94.97,95.20,94.26,94.35
2013-04-21,98.13,98.17,94.05,94.88,94.98,95.20,94.27,94.36
2013-04-22,98.09,98.16,94.10,94.88,94.99,95.21,94.28,94.37
2013-04-23,98.06,98.16,94.14,94.89,94.99,95.22,94.29,94.38
2013-04-24,98.03,98.15,94.18,94.89,95.00,95.22,94.29,94.38
2013-04-25,97.99,98.15,94.23,94.90,95.01,95.23,94.30,94.39
2013-04-26,97.96,98.15,94.27,94.90,95.01,95.24,94.31,94.40
2013-04-27,97.92,98.14,94.31,94.91,95.02,95.24,94.32,94.41
2013-04-28,97.89,98.14,94.36,94.91,95.03,95.25,94.32,94.41
2013-04-29,97.86,98.13,94.40,94.92,95.03,95.26,94.33,94.42
2013-04-30,97.82,98.13,94.44,94.92,95.04,95.26,94.34,94.43
2013-05-01,97.79,98.12,94.48,94.93,95.05,95.27,94.35,94.43
2013-05-02,97.75,98.12,94.49,94.93,95.05,95.27,94.35,94.44
2013-05-03,97.72,98.12,94.50,94.94,95.06,95.28,94.35,94.45
2013-05-04,97.68,98.11,94.51,94.94,95.06,95.29,94.36,94.46
2013-05-05,97.64,98.11,94.52,94.95,95.07,95.29,94.36,94.46
2013-05-06,97.61,98.10,94.53,94.95,95.08,95.30,94.36,94.47
2013-05-07,97.57,98.10,94.54,94.96,95.08,95.30,94.37,94.48
2013-05-08,97.54,98.10,94.55,94.96,95.09,95.31,94.37,94.48
2013-05-09,97.50,98.09,94.56,94.97,95.09,95.32,94.37,94.49
2013-05-10,97.46,98.09,94.57,94.97,95.10,95.32,94.38,94.50
2013-05-11,97.43,98.08,94.58,94.98,95.11,95.33,94.38,94.50
2013-05-12,97.39,98.08,94.58,94.98,95.11,95.34,94.38,94.51
2013-05-13,97.36,98.08,94.59,94.99,95.12,95.34,94.39,94.52
2013-05-14,97.32,98.07,94.60,95.00,95.12,95.35,94.39,94.52
2013-05-15,97.28,98.07,94.61,95.00,95.13,95.35,94.39,94.53
2013-05-16,97.25,98.06,94.62,95.01,95.13,95.36,94.40,94.54
2013-05-17,97.21,98.06,94.63,95.01,95.14,95.37,94.40,94.54
2013-05-18,97.18,98.06,94.64,95.02,95.15,95.37,94.40,94.55
2013-05-19,97.14,98.05,94.65,95.02,95.15,95.38,94.40,94.56
2013-05-20,97.10,98.05,94.66,95.03,95.16,95.38,94.41,94.56
2013-05-21,97.07,98.05,94.67,95.03,95.16,95.39,94.41,94.57
2013-05-22,97.03,98.04,94.68,95.04,95.17,95.40,94.41,94.58
2013-05-23,97.00,98.04,94.68,95.04,95.17,95.40,94.42,94.58
2013-05-24,96.96,98.04,94.69,95.05,95.18,95.41,94.42,94.59
2013-05-25,96.93,98.04,94.70,95.06,95.19,95.42,94.42,94.60
2013-05-26,96.89,98.03,94.71,95.06,95.19,95.42,94.43,94.60
2013-05-27,96.85,98.03,94.72,95.07,95.20,95.43,94.43,94.61
2013-05-28,96.82,98.03,94.73,95.07,95.20,95.43,94.43,94.62
2013-05-29,96.78,98.03,94.74,95.08,95.21,95.44,94.44,94.62
2013-05-30,96.75,98.02,94.75,95.08,95.21,95.45,94.44,94.63
2013-05-31,96.71,98.02,94.76,95.09,95.22,95.45,94.44,94.64
2013-06-01,96.67,98.02,94.77,95.09,95.23,95.46,94.45,94.64
2013-06-02,96.70,98.02,94.77,95.10,95.23,95.46,94.45,94.65
2013-06-03,96.72,98.02,94.77,95.10,95.24,95.47,94.45,94.66
2013-06-04,96.74,98.01,94.76,95.11,95.24,95.48,94.45,94.66
2013-06-05,96.77,98.01,94.76,95.11,95.25,95.48,94.45,94.67
2013-06-06,96.79,98.01,94.76,95.12,95.25,95.49,94.45,94.68
2013-06-07,96.81,98.01,94.76,95.12,95.26,95.50,94.45,94.68
2013-06-08,96.84,98.01,94.76,95.13,95.26,95.50,94.45,94.69
2013-06-09,96.86,98.01,94.76,95.13,95.27,95.51,94.45,94.69
2013-06-10,96.88,98.01,94.76,95.14,95.27,95.51,94.45,94.70
2013-06-11,96.91,98.01,94.76,95.14,95.27,95.52,94.45,94.71
2013-06-12,96.93,98.01,94.76,95.15,95.28,95.53,94.45,94.71
2013-06-13,96.95,98.01,94.76,95.15,95.28,95.53,94.45,94.72
2013-06-14,96.98,98.01,94.76,95.16,95.29,95.54,94.45,94.73
2013-06-15,97.00,98.01,94.76,95.16,95.29,95.54,94.45,94.73
2013-06-16,97.02,98.01,94.76,95.17,95.30,95.55,94.45,94.74
2013-06-17,97.05,98.01,94.76,95.17,95.30,95.56,94.45,94.75
2013-06-18,97.07,98.01,94.76,95.18,95.31,95.56,94.45,94.75
2013-06-19,97.09,98.01,94.76,95.18,95.31,95.57,94.45,94.76
2013-06-20,97.12,98.01,94.75,95.19,95.32,95.57,94.45,94.77
2013-06-21,97.14,98.02,94.75,95.20,95.32,95.58,94.45,94.77
2013-06-22,97.16,98.02,94.75,95.20,95.33,95.59,94.45,94.78
2013-06-23,97.19,98.02,94.75,95.21,95.33,95.59,94.45,94.79
2013-06-24,97.21,98.02,94.75,95.21,95.34,95.60,94.45,94.79
2013-06-25,97.23,98.02,94.75,95.22,95.34,95.60,94.45,94.80
2013-06-26,97.26,98.03,94.75,95.22,95.35,95.61,94.45,94.80
2013-06-27,97.28,98.03,94.75,95.23,95.35,95.62,94.45,94.81
2013-06-28,97.30,98.03,94.75,95.23,95.36,95.62,94.45,94.82
2013-06-29,97.33,98.03,94.75,95.24,95.36,95.63,94.45,94.82
2013-06-30,97.35,98.04,94.75,95.24,95.37,95.63,94.45,94.83
2013-07-01,97.37,98.04,94.75,95.25,95.37,95.64,94.45,94.84
2013-07-02,97.45,98.04,94.63,95.25,95.38,95.64,94.45,94.84
2013-07-03,97.52,98.05,94.50,95.26,95.38,95.65,94.46,94.85
2013-07-04,97.59,98.05,94.38,95.26,95.39,95.66,94.46,94.86
2013-07-05,97.67,98.06,94.26,95.27,95.40,95.66,94.47,94.86
2013-07-06,97.74,98.06,94.14,95.27,95.40,95.67,94.48,94.87
2013-07-07,97.81,98.06,94.02,95.27,95.41,95.67,94.48,94.88
2013-07-08,97.89,98.07,93.90,95.28,95.42,95.68,94.49,94.88
2013-07-09,97.96,98.07,93.78,95.28,95.42,95.68,94.49,94.89
2013-07-10,98.03,98.07,93.65,95.29,95.43,95.69,94.50,94.89
2013-07-11,98.11,98.08,93.53,95.29,95.44,95.70,94.51,94.90
2013-07-12,98.18,98.08,93.41,95.30,95.44,95.70,94.51,94.91
2013-07-13,98.25,98.09,93.29,95.30,95.45,95.71,94.52,94.91
2013-07-14,98.33,98.09,93.17,95.30,95.45,95.71,94.52,94.92
2013-07-15,98.40,98.10,93.05,95.31,95.46,95.72,94.53,94.93
2013-07-16,98.47,98.10,92.92,95.31,95.47,95.72,94.53,94.93
2013-07-17,98.55,98.11,92.80,95.31,95.47,95.73,94.54,94.94
2013-07-18,98.62,98.11,92.68,95.32,95.48,95.74,94.55,94.95
2013-07-19,98.69,98.11,92.56,95.32,95.49,95.74,94.55,94.95
2013-07-20,98.77,98.12,92.44,95.32,95.49,95.75,94.56,94.96
2013-07-21,98.84,98.12,92.32,95.33,95.50,95.75,94.56,94.97
2013-07-22,98.91,98.13,92.20,95.33,95.50,95.76,94.57,94.97
2013-07-23,98.99,98.13,92.07,95.33,95.51,95.76,94.58,94.98
2013-07-24,99.06,98.14,91.95,95.33,95.52,95.77,94.58,94.99
2013-07-25,99.13,98.14,91.83,95.34,95.52,95.78,94.59,94.99
2013-07-26,99.21,98.15,91.71,95.34,95.53,95.78,94.59,95.00
2013-07-27,99.28,98.15,91.59,95.34,95.54,95.79,94.60,95.01
2013-07-28,99.35,98.16,91.47,95.35,95.54,95.79,94.61,95.01
2013-07-29,99.43,98.16,91.34,95.35,95.55,95.80,94.61,95.02
2013-07-30,99.50,98.17,91.22,95.35,95.56,95.81,94.62,95.03
2013-07-31,99.57,98.17,91.10,95.35,95.56,95.81,94.62,95.03
2013-08-01,99.65,98.18,90.98,95.35,95.57,95.82,94.63,95.04
2013-08-02,99.65,98.18,91.12,95.36,95.57,95.82,94.64,95.05
2013-08-03,99.65,98.19,91.25,95.36,95.58,95.83,94.64,95.05
2013-08-04,99.65,98.19,91.39,95.36,95.59,95.83,94.65,95.06
2013-08-05,99.65,98.20,91.53,95.36,95.59,95.84,94.66,95.07
2013-08-06,99.65,98.20,91.67,95.37,95.60,95.85,94.67,95.07
2013-08-07,99.65,98.21,91.80,95.37,95.60,95.85,94.68,95.08
2013-08-08,99.65,98.21,91.94,95.37,95.61,95.86,94.68,95.09
2013-08-09,99.65,98.22,92.08,95.37,95.62,95.86,94.69,95.09
2013-08-10,99.66,98.22,92.21,95.38,95.62,95.87,94.70,95.10
2013-08-11,99.66,98.22,92.35,95.38,95.63,95.88,94.71,95.11
2013-08-12,99.66,98.23,92.49,95.39,95.63,95.88,94.71,95.11
2013-08-13,99.66,98.23,92.62,95.39,95.64,95.89,94.72,95.12
2013-08-14,99.66,98.23,92.76,95.39,95.64,95.89,94.73,95.13
2013-08-15,99.66,98.23,92.90,95.40,95.65,95.90,94.74,95.13
2013-08-16,99.66,98.24,93.04,95.40,95.66,95.91,94.75,95.14
2013-08-17,99.66,98.24,93.17,95.41,95.66,95.91,94.75,95.15
2013-08-18,99.66,98.24,93.31,95.41,95.67,95.92,94.76,95.15
2013-08-19,99.66,98.24,93.45,95.42,95.67,95.92,94.77,95.16
2013-08-20,99.66,98.24,93.58,95.43,95.68,95.93,94.78,95.17
2013-08-21,99.66,98.24,93.72,95.43,95.68,95.94,94.78,95.17
2013-08-22,99.67,98.24,93.86,95.44,95.69,95.94,94.79,95.18
2013-08-23,99.67,98.24,93.99,95.44,95.70,95.95,94.80,95.19
2013-08-24,99.67,98.24,94.13,95.45,95.70,95.95,94.81,95.19
2013-08-25,99.67,98.24,94.27,95.46,95.71,95.96,94.82,95.20
2013-08-26,99.67,98.24,94.41,95.46,95.71,95.97,94.82,95.21
2013-08-27,99.67,98.24,94.54,95.47,95.72,95.97,94.83,95.21
2013-08-28,99.67,98.24,94.68,95.48,95.73,95.98,94.84,95.22
2013-08-29,99.67,98.24,94.82,95.48,95.73,95.98,94.85,95.23
2013-08-30,99.67,98.24,94.95,95.49,95.74,95.99,94.85,95.23
2013-08-31,99.67,98.24,95.09,95.50,95.74,96.00,94.86,95.24
2013-09-01,99.67,98.23,95.23,95.51,95.75,96.00,94.87,95.25
2013-09-02,99.60,98.23,95.24,95.52,95.76,96.01,94.89,95.25
2013-09-03,99.53,98.23,95.26,95.52,95.76,96.01,94.90,95.26
2013-09-04,99.45,98.23,95.28,95.53,95.77,96.02,94.92,95.27
2013-09-05,99.38,98.22,95.30,95.54,95.77,96.03,94.93,95.27
2013-09-06,99.30,98.22,95.31,95.55,95.78,96.03,94.95,95.28
2013-09-07,99.23,98.22,95.33,95.56,95.79,96.04,94.96,95.29
2013-09-08,99.15,98.21,95.35,95.57,95.79,96.04,94.98,95.29
2013-09-09,99.08,98.21,95.37,95.58,95.80,96.05,94.99,95.30
2013-09-10,99.00,98.20,95.38,95.58,95.81,96.06,95.01,95.31
2013-09-11,98.93,98.20,95.40,95.59,95.81,96.06,95.03,95.31
2013-09-12,98.86,98.19,95.42,95.60,95.82,96.07,95.04,95.32
2013-09-13,98.78,98.19,95.43,95.61,95.82,96.07,95.06,95.33
2013-09-14,98.71,98.19,95.45,95.62,95.83,96.08,95.07,95.33
2013-09-15,98.63,98.18,95.47,95.63,95.84,96.09,95.09,95.34
2013-09-16,98.56,98.18,95.49,95.64,95.84,96.09,95.10,95.35
2013-09-17,98.48,98.17,95.50,95.65,95.85,96.10,95.12,95.35
2013-09-18,98.41,98.16,95.52,95.65,95.86,96.10,95.13,95.36
2013-09-19,98.34,98.16,95.54,95.66,95.86,96.11,95.15,95.37
2013-09-20,98.26,98.15,95.56,95.67,95.87,96.12,95.17,95.37
2013-09-21,98.19,98.15,95.57,95.68,95.87,96.12,95.18,95.38
2013-09-22,98.11,98.14,95.59,95.69,95.88,96.13,95.20,95.39
2013-09-23,98.04,98.14,95.61,95.70,95.89,96.13,95.21,95.40
2013-09-24,97.96,98.13,95.62,95.71,95.89,96.14,95.23,95.40
2013-09-25,97.89,98.12,95.64,95.72,95.90,96.15,95.24,95.41
2013-09-26,97.82,98.12,95.66,95.73,95.91,96.15,95.26,95.42
2013-09-27,97.74,98.11,95.68,95.74,95.91,96.16,95.27,95.42
2013-09-28,97.67,98.11,95.69,95.75,95.92,96.16,95.29,95.43
2013-09-29,97.59,98.10,95.71,95.76,95.93,96.17,95.30,95.44
2013-09-30,97.52,98.09,95.73,95.76,95.93,96.18,95.32,95.44
2013-10-01,97.44,98.09,95.75,95.77,95.94,96.18,95.34,95.45
2013-10-02,97.39,98.08,95.75,95.78,95.94,96.19,95.34,95.46
2013-10-03,97.34,98.07,95.76,95.79,95.95,96.19,95.35,95.46
2013-10-04,97.29,98.07,95.76,95.80,95.96,96.20,95.36,95.47
2013-10-05,97.24,98.06,95.77,95.81,95.96,96.21,95.36,95.48
2013-10-06,97.19,98.06,95.78,95.82,95.97,96.21,95.37,95.49
2013-10-07,97.15,98.05,95.78,95.83,95.98,96.22,95.38,95.49
2013-10-08,97.10,98.04,95.79,95.84,95.98,96.23,95.39,95.50
2013-10-09,97.05,98.04,95.79,95.85,95.99,96.23,95.39,95.51
2013-10-10,97.00,98.03,95.80,95.86,96.00,96.24,95.40,95.51
2013-10-11,96.95,98.02,95.81,95.87,96.00,96.24,95.41,95.52
2013-10-12,96.90,98.02,95.81,95.88,96.01,96.25,95.42,95.53
2013-10-13,96.85,98.01,95.82,95.89,96.02,96.26,95.42,95.53
2013-10-14,96.80,98.01,95.82,95.90,96.02,96.26,95.43,95.54
2013-10-15,96.75,98.00,95.83,95.91,96.03,96.27,95.44,95.55
2013-10-16,96.70,98.00,95.84,95.91,96.04,96.27,95.44,95.55
2013-10-17,96.65,97.99,95.84,95.92,96.04,96.28,95.45,95.56
2013-10-18,96.60,97.98,95.85,95.93,96.05,96.29,95.46,95.57
2013-10-19,96.55,97.98,95.86,95.94,96.06,96.29,95.47,95.57
2013-10-20,96.50,97.97,95.86,95.95,96.06,96.30,95.47,95.58
2013-10-21,96.45,97.97,95.87,95.96,96.07,96.30,95.48,95.59
2013-10-22,96.40,97.97,95.87,95.97,96.08,96.31,95.49,95.59
2013-10-23,96.35,97.96,95.88,95.98,96.08,96.32,95.50,95.60
2013-10-24,96.30,97.96,95.89,95.99,96.09,96.32,95.50,95.61
2013-10-25,96.25,97.95,95.89,96.00,96.10,96.33,95.51,95.61
2013-10-26,96.20,97.95,95.90,96.00,96.10,96.34,95.52,95.62
2013-10-27,96.15,97.94,95.90,96.01,96.11,96.34,95.52,95.63
2013-10-28,96.10,97.94,95.91,96.02,96.12,96.35,95.53,95.63
2013-10-29,96.05,97.94,95.92,96.03,96.12,96.35,95.54,95.64
2013-10-30,96.00,97.93,95.92,96.04,96.13,96.36,95.55,95.65
2013-10-31,95.95,97.93,95.93,96.05,96.14,96.37,95.55,95.65
2013-11-01,95.90,97.93,95.93,96.06,96.14,96.37,95.56,95.66
2013-11-02,95.91,97.93,95.94,96.07,96.15,96.38,95.56,95.67
2013-11-03,95.93,97.92,95.94,96.08,96.16,96.38,95.57,95.67
2013-11-04,95.94,97.92,95.94,96.09,96.16,96.39,95.57,95.68
2013-11-05,95.95,97.92,95.94,96.09,96.17,96.40,95.57,95.69
2013-11-06,95.96,97.92,95.95,96.10,96.18,96.40,95.58,95.69
2013-11-07,95.97,97.92,95.95,96.11,96.18,96.41,95.58,95.70
2013-11-08,95.98,97.92,95.95,96.12,96.19,96.42,95.58,95.70
2013-11-09,96.00,97.91,95.95,96.13,96.20,96.42,95.59,95.71
2013-11-10,96.01,97.91,95.95,96.14,96.20,96.43,95.59,95.72
2013-11-11,96.02,97.91,95.96,96.15,96.21,96.43,95.59,95.72
2013-11-12,96.03,97.91,95.96,96.16,96.22,96.44,95.59,95.73
2013-11-13,96.04,97.91,95.96,96.16,96.22,96.45,95.60,95.74
2013-11-14,96.05,97.91,95.96,96.17,96.23,96.45,95.60,95.74
2013-11-15,96.06,97.91,95.96,96.18,96.24,96.46,95.60,95.75
2013-11-16,96.08,97.91,95.97,96.19,96.24,96.46,95.61,95.75
2013-11-17,96.09,97.91,95.97,96.20,96.25,96.47,95.61,95.76
2013-11-18,96.10,97.92,95.97,96.21,96.25,96.48,95.61,95.77
2013-11-19,96.11,97.92,95.97,96.22,96.26,96.48,95.62,95.77
2013-11-20,96.12,97.92,95.98,96.22,96.27,96.49,95.62,95.78
2013-11-21,96.13,97.92,95.98,96.23,96.27,96.50,95.62,95.79
2013-11-22,96.14,97.92,95.98,96.24,96.28,96.50,95.62,95.79
2013-11-23,96.16,97.92,95.98,96.25,96.29,96.51,95.63,95.80
2013-11-24,96.17,97.93,95.98,96.26,96.29,96.51,95.63,95.80
2013-11-25,96.18,97.93,95.99,96.27,96.30,96.52,95.63,95.81
2013-11-26,96.19,97.93,95.99,96.28,96.31,96.53,95.64,95.82
2013-11-27,96.20,97.93,95.99,96.29,96.31,96.53,95.64,95.82
2013-11-28,96.21,97.94,95.99,96.29,96.32,96.54,95.64,95.83
2013-11-29,96.23,97.94,96.00,96.30,96.33,96.55,95.65,95.83
2013-11-30,96.24,97.94,96.00,96.31,96.33,96.55,95.65,95.84
2013-12-01,96.25,97.94,96.00,96.32,96.34,96.56,95.65,95.84
2013-12-02,96.28,97.95,95.99,96.33,96.34,96.56,95.66,95.85
2013-12-03,96.32,97.95,95.97,96.34,96.35,96.57,95.67,95.86
2013-12-04,96.35,97.96,95.96,96.35,96.35,96.58,95.67,95.86
2013-12-05,96.39,97.96,95.95,96.35,96.36,96.58,95.68,95.87
2013-12-06,96.43,97.96,95.94,96.36,96.36,96.59,95.69,95.87
2013-12-07,96.46,97.97,95.93,96.37,96.37,96.60,95.69,95.88
2013-12-08,96.50,97.97,95.91,96.38,96.37,96.60,95.70,95.89
2013-12-09,96.53,97.98,95.90,96.39,96.38,96.61,95.71,95.89
2013-12-10,96.57,97.98,95.89,96.40,96.38,96.61,95.71,95.90
2013-12-11,96.60,97.99,95.88,96.41,96.39,96.62,95.72,95.90
2013-12-12,96.64,97.99,95.86,96.41,96.39,96.63,95.73,95.91
2013-12-13,96.67,97.99,95.85,96.42,96.40,96.63,95.73,95.91
2013-12-14,96.71,98.00,95.84,96.43,96.40,96.64,95.74,95.92
2013-12-15,96.74,98.00,95.83,96.44,96.41,96.64,95.75,95.93
2013-12-16,96.78,98.01,95.81,96.45,96.41,96.65,95.75,95.93
2013-12-17,96.82,98.01,95.80,96.46,96.42,96.66,95.76,95.94
2013-12-18,96.85,98.02,95.79,96.46,96.42,96.66,95.77,95.94
2013-12-19,96.89,98.03,95.78,96.47,96.42,96.67,95.77,95.95
2013-12-20,96.92,98.03,95.76,96.48,96.43,96.68,95.78,95.96
2013-12-21,96.96,98.04,95.75,96.49,96.43,96.68,95.79,95.96
2013-12-22,96.99,98.04,95.74,96.50,96.44,96.69,95.79,95.97
2013-12-23,97.03,98.05,95.73,96.51,96.44,96.69,95.80,95.97
2013-12-24,97.06,98.05,95.71,96.51,96.45,96.70,95.81,95.98
2013-12-25,97.10,98.06,95.70,96.52,96.45,96.71,95.81,95.98
2013-12-26,97.13,98.06,95.69,96.53,96.46,96.71,95.82,95.99
2013-12-27,97.17,98.07,95.68,96.54,96.46,96.72,95.83,96.00
2013-12-28,97.20,98.08,95.66,96.55,96.47,96.72,95.83,96.00
2013-12-29,97.24,98.08,95.65,96.56,96.47,96.73,95.84,96.01
2013-12-30,97.28,98.09,95.64,96.56,96.48,96.74,95.85,96.02
2013-12-31,97.31,98.09,95.63,96.57,96.48,96.74,95.85,96.02
2014-01-01,97.35,98.10,95.61,96.58,96.49,96.75,95.86,96.03
2014-01-02,97.38,98.11,95.64,96.59,96.49,96.76,95.86,96.03
2014-01-03,97.41,98.11,95.66,96.60,96.50,96.76,95.87,96.04
2014-01-04,97.44,98.12,95.68,96.60,96.51,96.77,95.88,96.05
2014-01-05,97.48,98.12,95.70,96.61,96.51,96.77,95.88,96.05
2014-01-06,97.51,98.13,95.73,96.62,96.52,96.78,95.89,96.06
2014-01-07,97.54,98.13,95.75,96.63,96.53,96.79,95.89,96.07
2014-01-08,97.57,98.14,95.77,96.64,96.53,96.79,95.90,96.07
2014-01-09,97.60,98.15,95.79,96.64,96.54,96.80,95.90,96.08
2014-01-10,97.64,98.15,95.82,96.65,96.55,96.81,95.91,96.08
2014-01-11,97.67,98.16,95.84,96.66,96.55,96.81,95.92,96.09
2014-01-12,97.70,98.16,95.86,96.67,96.56,96.82,95.92,96.10
2014-01-13,97.73,98.17,95.88,96.68,96.57,96.82,95.93,96.10
2014-01-14,97.76,98.17,95.91,96.69,96.57,96.83,95.93,96.11
2014-01-15,97.80,98.18,95.93,96.69,96.58,96.84,95.94,96.12
2014-01-16,97.83,98.19,95.95,96.70,96.58,96.84,95.94,96.12
2014-01-17,97.86,98.19,95.97,96.71,96.59,96.85,95.95,96.13
2014-01-18,97.89,98.20,96.00,96.72,96.60,96.85,95.95,96.14
2014-01-19,97.92,98.20,96.02,96.73,96.60,96.86,95.96,96.14
2014-01-20,97.96,98.21,96.04,96.74,96.61,96.87,95.97,96.15
2014-01-21,97.99,98.21,96.06,96.75,96.62,96.87,95.97,96.16
2014-01-22,98.02,98.22,96.09,96.76,96.62,96.88,95.98,96.16
2014-01-23,98.05,98.22,96.11,96.76,96.63,96.89,95.98,96.17
2014-01-24,98.08,98.23,96.13,96.77,96.64,96.89,95.99,96.18
2014-01-25,98.12,98.23,96.15,96.78,96.64,96.90,95.99,96.18
2014-01-26,98.15,98.24,96.18,96.79,96.65,96.90,96.00,96.19
2014-01-27,98.18,98.24,96.20,96.80,96.66,96.91,96.01,96.20
2014-01-28,98.21,98.25,96.22,96.81,96.66,96.92,96.01,96.20
2014-01-29,98.25,98.25,96.24,96.82,96.67,96.92,96.02,96.21
2014-01-30,98.28,98.26,96.27,96.83,96.68,96.93,96.02,96.22
2014-01-31,98.31,98.26,96.29,96.83,96.68,96.94,96.03,96.22
2014-02-01,98.34,98.26,96.31,96.84,96.69,96.94,96.03,96.23
2014-02-02,98.35,98.27,96.34,96.85,96.70,96.95,96.04,96.24
2014-02-03,98.36,98.27,96.37,96.86,96.71,96.95,96.04,96.24
2014-02-04,98.37,98.28,96.40,96.87,96.72,96.96,96.04,96.25
2014-02-05,98.38,98.28,96.43,96.88,96.72,96.97,96.05,96.26
2014-02-06,98.39,98.29,96.47,96.89,96.73,96.97,96.05,96.26
2014-02-07,98.40,98.29,96.50,96.90,96.74,96.98,96.05,96.27
2014-02-08,98.41,98.29,96.53,96.91,96.75,96.99,96.06,96.28
2014-02-09,98.42,98.30,96.56,96.92,96.76,96.99,96.06,96.28
2014-02-10,98.43,98.30,96.59,96.93,96.77,97.00,96.06,96.29
2014-02-11,98.43,98.30,96.62,96.94,96.78,97.00,96.07,96.30
2014-02-12,98.44,98.31,96.65,96.94,96.79,97.01,96.07,96.30
2014-02-13,98.45,98.31,96.68,96.95,96.79,97.02,96.07,96.31
2014-02-14,98.46,98.32,96.71,96.96,96.80,97.02,96.08,96.32
2014-02-15,98.47,98.32,96.74,96.97,96.81,97.03,96.08,96.32
2014-02-16,98.48,98.32,96.78,96.98,96.82,97.04,96.08,96.33
2014-02-17,98.49,98.33,96.81,96.99,96.83,97.04,96.09,96.34
2014-02-18,98.50,98.33,96.84,97.00,96.84,97.05,96.09,96.34
2014-02-19,98.51,98.33,96.87,97.01,96.85,97.05,96.09,96.35
2014-02-20,98.52,98.34,96.90,97.02,96.85,97.06,96.10,96.36
2014-02-21,98.53,98.34,96.93,97.03,96.86,97.07,96.10,96.37
2014-02-22,98.54,98.34,96.96,97.04,96.87,97.07,96.10,96.37
2014-02-23,98.55,98.35,96.99,97.05,96.88,97.08,96.11,96.38
2014-02-24,98.56,98.35,97.02,97.06,96.89,97.09,96.11,96.39
2014-02-25,98.56,98.35,97.05,97.07,96.90,97.09,96.11,96.39
2014-02-26,98.57,98.36,97.09,97.08,96.91,97.10,96.12,96.40
2014-02-27,98.58,98.36,97.12,97.09,96.91,97.10,96.12,96.41
2014-02-28,98.59,98.36,97.15,97.09,96.92,97.11,96.12,96.41
2014-03-01,98.60,98.37,97.18,97.10,96.93,97.12,96.13,96.42
2014-03-02,98.60,98.37,97.18,97.11,96.94,97.12,96.13,96.43
2014-03-03,98.60,98.37,97.18,97.12,96.95,97.13,96.14,96.43
2014-03-04,98.59,98.38,97.18,97.13,96.96,97.14,96.15,96.44
2014-03-05,98.59,98.38,97.19,97.14,96.97,97.14,96.16,96.45
2014-03-06,98.59,98.38,97.19,97.15,96.98,97.15,96.16,96.46
2014-03-07,98.58,98.39,97.19,97.16,96.99,97.15,96.17,96.46
2014-03-08,98.58,98.39,97.19,97.17,97.00,97.16,96.18,96.47
2014-03-09,98.58,98.39,97.20,97.18,97.00,97.17,96.19,96.48
2014-03-10,98.58,98.40,97.20,97.19,97.01,97.17,96.20,96.48
2014-03-11,98.57,98.40,97.20,97.20,97.02,97.18,96.20,96.49
2014-03-12,98.57,98.40,97.20,97.21,97.03,97.19,96.21,96.50
2014-03-13,98.57,98.40,97.20,97.22,97.04,97.19,96.22,96.51
2014-03-14,98.57,98.41,97.21,97.23,97.05,97.20,96.23,96.51
2014-03-15,98.56,98.41,97.21,97.24,97.06,97.20,96.23,96.52
2014-03-16,98.56,98.41,97.21,97.25,97.07,97.21,96.24,96.53
2014-03-17,98.56,98.41,97.21,97.26,97.08,97.22,96.25,96.53
2014-03-18,98.55,98.42,97.21,97.26,97.09,97.22,96.26,96.54
2014-03-19,98.55,98.42,97.22,97.27,97.10,97.23,96.27,96.55
2014-03-20,98.55,98.42,97.22,97.28,97.10,97.24,96.27,96.56
2014-03-21,98.55,98.42,97.22,97.29,97.11,97.24,96.28,96.56
2014-03-22,98.54,98.43,97.22,97.30,97.12,97.25,96.29,96.57
2014-03-23,98.54,98.43,97.22,97.31,97.13,97.25,96.30,96.58
2014-03-24,98.54,98.43,97.23,97.32,97.14,97.26,96.30,96.59
2014-03-25,98.53,98.43,97.23,97.33,97.15,97.27,96.31,96.59
2014-03-26,98.53,98.43,97.23,97.34,97.16,97.27,96.32,96.60
2014-03-27,98.53,98.43,97.23,97.35,97.17,97.28,96.33,96.61
2014-03-28,98.53,98.44,97.24,97.36,97.18,97.29,96.34,96.62
2014-03-29,98.52,98.44,97.24,97.37,97.19,97.29,96.34,96.62
2014-03-30,98.52,98.44,97.24,97.38,97.20,97.30,96.35,96.63
2014-03-31,98.52,98.44,97.24,97.39,97.20,97.30,96.36,96.64
2014-04-01,98.51,98.44,97.24,97.39,97.21,97.31,96.37,96.64
2014-04-02,98.51,98.44,97.26,97.40,97.22,97.32,96.38,96.65
2014-04-03,98.51,98.45,97.27,97.41,97.22,97.32,96.39,96.66
2014-04-04,98.52,98.45,97.29,97.42,97.23,97.33,96.40,96.67
2014-04-05,98.52,98.45,97.30,97.43,97.23,97.34,96.42,96.67
2014-04-06,98.52,98.45,97.32,97.44,97.24,97.34,96.43,96.68
2014-04-07,98.52,98.45,97.33,97.45,97.24,97.35,96.44,96.69
2014-04-08,98.52,98.45,97.34,97.46,97.25,97.36,96.45,96.70
2014-04-09,98.52,98.45,97.36,97.47,97.25,97.36,96.47,96.70
2014-04-10,98.52,98.45,97.37,97.48,97.25,97.37,96.48,96.71
2014-04-11,98.52,98.46,97.39,97.49,97.26,97.37,96.49,96.72
2014-04-12,98.52,98.46,97.40,97.49,97.26,97.38,96.50,96.72
2014-04-13,98.52,98.46,97.42,97.50,97.27,97.39,96.52,96.73
2014-04-14,98.52,98.46,97.43,97.51,97.27,97.39,96.53,96.74
2014-04-15,98.52,98.46,97.45,97.52,97.28,97.40,96.54,96.74
2014-04-16,98.52,98.46,97.46,97.53,97.28,97.40,96.55,96.75
2014-04-17,98.52,98.46,97.47,97.54,97.29,97.41,96.57,96.76
2014-04-18,98.52,98.46,97.49,97.55,97.29,97.42,96.58,96.77
2014-04-19,98.52,98.46,97.50,97.56,97.30,97.42,96.59,96.77
2014-04-20,98.52,98.47,97.52,97.57,97.30,97.43,96.60,96.78
2014-04-21,98.52,98.47,97.53,97.58,97.30,97.44,96.62,96.79
2014-04-22,98.52,98.47,97.55,97.58,97.31,97.44,96.63,96.79
2014-04-23,98.52,98.47,97.56,97.59,97.31,97.45,96.64,96.80
2014-04-24,98.52,98.47,97.58,97.60,97.32,97.45,96.65,96.81
2014-04-25,98.52,98.47,97.59,97.61,97.32,97.46,96.66,96.81
2014-04-26,98.52,98.47,97.60,97.62,97.33,97.47,96.68,96.82
2014-04-27,98.52,98.47,97.62,97.63,97.33,97.47,96.69,96.83
2014-04-28,98.52,98.48,97.63,97.64,97.34,97.48,96.70,96.83
2014-04-29,98.52,98.48,97.65,97.65,97.34,97.48,96.71,96.84
2014-04-30,98.52,98.48,97.66,97.66,97.35,97.49,96.73,96.85
2014-05-01,98.52,98.48,97.68,97.67,97.35,97.50,96.74,96.85
2014-05-02,98.51,98.48,97.68,97.67,97.35,97.50,96.74,96.86
2014-05-03,98.50,98.48,97.69,97.68,97.36,97.51,96.74,96.87
2014-05-04,98.48,98.49,97.69,97.69,97.36,97.51,96.75,96.87
2014-05-05,98.47,98.49,97.69,97.70,97.37,97.52,96.75,96.88
2014-05-06,98.45,98.49,97.70,97.71,97.37,97.53,96.75,96.89
2014-05-07,98.44,98.49,97.70,97.72,97.38,97.53,96.75,96.89
2014-05-08,98.43,98.49,97.71,97.73,97.38,97.54,96.75,96.90
2014-05-09,98.41,98.50,97.71,97.74,97.38,97.54,96.76,96.91
2014-05-10,98.40,98.50,97.72,97.75,97.39,97.55,96.76,96.91
2014-05-11,98.38,98.50,97.72,97.76,97.39,97.56,96.76,96.92
2014-05-12,98.37,98.50,97.72,97.76,97.40,97.56,96.76,96.93
2014-05-13,98.36,98.51,97.73,97.77,97.40,97.57,96.77,96.93
2014-05-14,98.34,98.51,97.73,97.78,97.40,97.58,96.77,96.94
2014-05-15,98.33,98.51,97.74,97.79,97.41,97.58,96.77,96.95
2014-05-16,98.31,98.51,97.74,97.80,97.41,97.59,96.77,96.95
2014-05-17,98.30,98.52,97.74,97.81,97.42,97.59,96.77,96.96
2014-05-18,98.29,98.52,97.75,97.82,97.42,97.60,96.78,96.96
2014-05-19,98.27,98.52,97.75,97.83,97.43,97.61,96.78,96.97
2014-05-20,98.26,98.53,97.76,97.83,97.43,97.61,96.78,96.98
2014-05-21,98.24,98.53,97.76,97.84,97.43,97.62,96.78,96.98
2014-05-22,98.23,98.53,97.77,97.85,97.44,97.62,96.78,96.99
2014-05-23,98.22,98.54,97.77,97.86,97.44,97.63,96.79,97.00
2014-05-24,98.20,98.54,97.77,97.87,97.45,97.63,96.79,97.00
2014-05-25,98.19,98.55,97.78,97.88,97.45,97.64,96.79,97.01
2014-05-26,98.17,98.55,97.78,97.88,97.45,97.65,96.79,97.01
2014-05-27,98.16,98.55,97.79,97.89,97.46,97.65,96.80,97.02
2014-05-28,98.15,98.56,97.79,97.90,97.46,97.66,96.80,97.03
2014-05-29,98.13,98.56,97.80,97.91,97.47,97.66,96.80,97.03
2014-05-30,98.12,98.57,97.80,97.92,97.47,97.67,96.80,97.04
2014-05-31,98.10,98.57,97.80,97.92,97.48,97.68,96.80,97.04
2014-06-01,98.09,98.58,97.81,97.93,97.48,97.68,96.81,97.05
2014-06-02,98.10,98.58,97.81,97.94,97.48,97.69,96.81,97.05
2014-06-03,98.11,98.58,97.81,97.95,97.49,97.69,96.82,97.06
2014-06-04,98.12,98.59,97.81,97.95,97.49,97.70,96.83,97.07
2014-06-05,98.13,98.59,97.81,97.96,97.50,97.71,96.84,97.07
2014-06-06,98.14,98.60,97.81,97.97,97.50,97.71,96.84,97.08
2014-06-07,98.15,98.61,97.81,97.98,97.50,97.72,96.85,97.08
2014-06-08,98.16,98.61,97.81,97.98,97.51,97.72,96.86,97.09
2014-06-09,98.17,98.62,97.81,97.99,97.51,97.73,96.86,97.09
2014-06-10,98.18,98.62,97.81,98.00,97.52,97.73,96.87,97.10
2014-06-11,98.19,98.63,97.81,98.01,97.52,97.74,96.88,97.11
2014-06-12,98.21,98.63,97.81,98.01,97.52,97.75,96.89,97.11
2014-06-13,98.22,98.64,97.81,98.02,97.53,97.75,96.89,97.12
2014-06-14,98.23,98.65,97.81,98.03,97.53,97.76,96.90,97.12
2014-06-15,98.24,98.65,97.81,98.03,97.54,97.76,96.91,97.13
2014-06-16,98.25,98.66,97.81,98.04,97.54,97.77,96.91,97.13
2014-06-17,98.26,98.67,97.81,98.05,97.54,97.78,96.92,97.14
2014-06-18,98.27,98.67,97.81,98.06,97.55,97.78,96.93,97.15
2014-06-19,98.28,98.68,97.81,98.06,97.55,97.79,96.94,97.15
2014-06-20,98.29,98.69,97.81,98.07,97.56,97.79,96.94,97.16
2014-06-21,98.30,98.69,97.81,98.08,97.56,97.80,96.95,97.16
2014-06-22,98.31,98.70,97.81,98.08,97.56,97.80,96.96,97.17
2014-06-23,98.32,98.71,97.81,98.09,97.57,97.81,96.97,97.17
2014-06-24,98.33,98.71,97.81,98.10,97.57,97.82,96.97,97.18
2014-06-25,98.34,98.72,97.81,98.10,97.58,97.82,96.98,97.19
2014-06-26,98.35,98.73,97.81,98.11,97.58,97.83,96.99,97.19
2014-06-27,98.36,98.74,97.81,98.11,97.58,97.83,96.99,97.20
2014-06-28,98.37,98.74,97.81,98.12,97.59,97.84,97.00,97.20
2014-06-29,98.38,98.75,97.81,98.13,97.59,97.84,97.01,97.21
2014-06-30,98.39,98.76,97.81,98.13,97.60,97.85,97.02,97.22
2014-07-01,98.40,98.77,97.81,98.14,97.60,97.86,97.02,97.22
2014-07-02,98.43,98.78,97.81,98.15,97.60,97.86,97.03,97.23
2014-07-03,98.45,98.78,97.81,98.15,97.61,97.87,97.03,97.24
2014-07-04,98.48,98.79,97.82,98.16,97.61,97.87,97.03,97.24
2014-07-05,98.51,98.80,97.82,98.17,97.62,97.88,97.03,97.25
2014-07-06,98.53,98.81,97.82,98.17,97.62,97.88,97.04,97.25
2014-07-07,98.56,98.82,97.83,98.18,97.62,97.89,97.04,97.26
2014-07-08,98.58,98.82,97.83,98.18,97.63,97.90,97.04,97.27
2014-07-09,98.61,98.83,97.83,98.19,97.63,97.90,97.05,97.27
2014-07-10,98.63,98.84,97.84,98.20,97.63,97.91,97.05,97.28
2014-07-11,98.66,98.85,97.84,98.20,97.64,97.91,97.05,97.29
2014-07-12,98.69,98.86,97.84,98.21,97.64,97.92,97.06,97.29
2014-07-13,98.71,98.87,97.85,98.22,97.65,97.92,97.06,97.30
2014-07-14,98.74,98.88,97.85,98.22,97.65,97.93,97.06,97.31
2014-07-15,98.76,98.88,97.85,98.23,97.65,97.94,97.06,97.31
2014-07-16,98.79,98.89,97.85,98.24,97.66,97.94,97.07,97.32
2014-07-17,98.81,98.90,97.86,98.24,97.66,97.95,97.07,97.33
2014-07-18,98.84,98.91,97.86,98.25,97.66,97.95,97.07,97.33
2014-07-19,98.87,98.92,97.86,98.26,97.67,97.96,97.08,97.34
2014-07-20,98.89,98.93,97.87,98.26,97.67,97.96,97.08,97.35
2014-07-21,98.92,98.94,97.87,98.27,97.68,97.97,97.08,97.35
2014-07-22,98.94,98.95,97.87,98.28,97.68,97.97,97.08,97.36
2014-07-23,98.97,98.95,97.88,98.28,97.68,97.98,97.09,97.37
2014-07-24,98.99,98.96,97.88,98.29,97.69,97.99,97.09,97.38
2014-07-25,99.02,98.97,97.88,98.30,97.69,97.99,97.09,97.38
2014-07-26,99.05,98.98,97.88,98.30,97.70,98.00,97.10,97.39
2014-07-27,99.07,98.99,97.89,98.31,97.70,98.00,97.10,97.40
2014-07-28,99.10,99.00,97.89,98.32,97.70,98.01,97.10,97.41
2014-07-29,99.12,99.01,97.89,98.33,97.71,98.01,97.11,97.41
2014-07-30,99.15,99.02,97.90,98.33,97.71,98.02,97.11,97.42
2014-07-31,99.17,99.02,97.90,98.34,97.71,98.03,97.11,97.43
2014-08-01,99.20,99.03,97.90,98.35,97.72,98.03,97.11,97.44
2014-08-02,99.22,99.04,97.90,98.36,97.72,98.04,97.12,97.45
2014-08-03,99.24,99.05,97.90,98.37,97.73,98.04,97.13,97.45
2014-08-04,99.26,99.06,97.90,98.37,97.74,98.05,97.14,97.46
2014-08-05,99.28,99.07,97.90,98.38,97.74,98.05,97.15,97.47
2014-08-06,99.31,99.07,97.90,98.39,97.75,98.06,97.16,97.48
2014-08-07,99.33,99.08,97.90,98.40,97.75,98.06,97.17,97.49
2014-08-08,99.35,99.09,97.90,98.40,97.76,98.07,97.18,97.49
2014-08-09,99.37,99.10,97.90,98.41,97.77,98.08,97.19,97.50
2014-08-10,99.39,99.10,97.90,98.42,97.77,98.08,97.20,97.51
2014-08-11,99.41,99.11,97.90,98.43,97.78,98.09,97.21,97.52
2014-08-12,99.43,99.12,97.90,98.44,97.78,98.09,97.21,97.53
2014-08-13,99.45,99.13,97.90,98.44,97.79,98.10,97.22,97.53
2014-08-14,99.47,99.13,97.90,98.45,97.79,98.10,97.23,97.54
2014-08-15,99.50,99.14,97.90,98.46,97.80,98.11,97.24,97.55
2014-08-16,99.52,99.15,97.90,98.47,97.81,98.12,97.25,97.56
2014-08-17,99.54,99.15,97.90,98.47,97.81,98.12,97.26,97.57
2014-08-18,99.56,99.16,97.90,98.48,97.82,98.13,97.27,97.57
2014-08-19,99.58,99.17,97.90,98.49,97.82,98.13,97.28,97.58
2014-08-20,99.60,99.17,97.90,98.49,97.83,98.14,97.29,97.59
2014-08-21,99.62,99.18,97.90,98.50,97.83,98.14,97.30,97.60
2014-08-22,99.64,99.18,97.90,98.51,97.84,98.15,97.31,97.61
2014-08-23,99.67,99.19,97.90,98.52,97.85,98.16,97.31,97.61
2014-08-24,99.69,99.20,97.90,98.52,97.85,98.16,97.32,97.62
2014-08-25,99.71,99.20,97.90,98.53,97.86,98.17,97.33,97.63
2014-08-26,99.73,99.21,97.90,98.54,97.86,98.17,97.34,97.64
2014-08-27,99.75,99.21,97.90,98.54,97.87,98.18,97.35,97.65
2014-08-28,99.77,99.22,97.90,98.55,97.88,98.18,97.36,97.65
2014-08-29,99.79,99.22,97.90,98.56,97.88,98.19,97.37,97.66
2014-08-30,99.81,99.23,97.90,98.57,97.89,98.20,97.38,97.67
2014-08-31,99.83,99.23,97.90,98.57,97.89,98.20,97.39,97.68
2014-09-01,99.86,99.24,97.90,98.58,97.90,98.21,97.40,97.68
2014-09-02,99.79,99.24,97.90,98.59,97.90,98.21,97.40,97.69
2014-09-03,99.73,99.25,97.90,98.59,97.91,98.22,97.40,97.70
2014-09-04,99.66,99.25,97.90,98.60,97.92,98.23,97.41,97.71
2014-09-05,99.60,99.25,97.90,98.61,97.92,98.23,97.41,97.72
2014-09-06,99.53,99.26,97.90,98.61,97.93,98.24,97.42,97.72
2014-09-07,99.47,99.26,97.90,98.62,97.93,98.24,97.42,97.73
2014-09-08,99.40,99.27,97.90,98.62,97.94,98.25,97.43,97.74
2014-09-09,99.34,99.27,97.91,98.63,97.94,98.25,97.43,97.75
2014-09-10,99.27,99.27,97.91,98.64,97.95,98.26,97.43,97.76
2014-09-11,99.21,99.28,97.91,98.64,97.95,98.27,97.44,97.76
2014-09-12,99.14,99.28,97.91,98.65,97.96,98.27,97.44,97.77
2014-09-13,99.08,99.28,97.91,98.66,97.96,98.28,97.45,97.78
2014-09-14,99.01,99.29,97.91,98.66,97.97,98.28,97.45,97.79
2014-09-15,98.95,99.29,97.91,98.67,97.97,98.29,97.45,97.80
2014-09-16,98.88,99.29,97.91,98.68,97.98,98.30,97.46,97.81
2014-09-17,98.82,99.30,97.91,98.68,97.99,98.30,97.46,97.81
2014-09-18,98.75,99.30,97.91,98.69,97.99,98.31,97.47,97.82
2014-09-19,98.69,99.30,97.91,98.70,98.00,98.31,97.47,97.83
2014-09-20,98.62,99.31,97.91,98.70,98.00,98.32,97.47,97.84
2014-09-21,98.56,99.31,97.91,98.71,98.01,98.33,97.48,97.85
2014-09-22,98.49,99.31,97.91,98.71,98.01,98.33,97.48,97.85
2014-09-23,98.43,99.31,97.91,98.72,98.02,98.34,97.49,97.86
2014-09-24,98.36,99.32,97.91,98.73,98.02,98.34,97.49,97.87
2014-09-25,98.30,99.32,97.91,98.73,98.03,98.35,97.50,97.88
2014-09-26,98.23,99.32,97.91,98.74,98.03,98.35,97.50,97.89
2014-09-27,98.17,99.32,97.91,98.75,98.04,98.36,97.50,97.89
2014-09-28,98.10,99.32,97.91,98.75,98.05,98.37,97.51,97.90
2014-09-29,98.04,99.33,97.91,98.76,98.05,98.37,97.51,97.91
2014-09-30,97.97,99.33,97.91,98.76,98.06,98.38,97.52,97.92
2014-10-01,97.91,99.33,97.91,98.77,98.06,98.38,97.52,97.92
2014-10-02,97.90,99.33,97.90,98.78,98.07,98.39,97.53,97.93
2014-10-03,97.89,99.33,97.89,98.78,98.08,98.40,97.53,97.94
2014-10-04,97.88,99.34,97.88,98.79,98.08,98.40,97.54,97.95
2014-10-05,97.87,99.34,97.87,98.79,98.09,98.41,97.55,97.96
2014-10-06,97.86,99.34,97.86,98.80,98.10,98.41,97.55,97.96
2014-10-07,97.85,99.34,97.84,98.81,98.11,98.42,97.56,97.97
2014-10-08,97.84,99.34,97.83,98.81,98.11,98.43,97.57,97.98
2014-10-09,97.83,99.35,97.82,98.82,98.12,98.43,97.57,97.99
2014-10-10,97.81,99.35,97.81,98.82,98.13,98.44,97.58,97.99
2014-10-11,97.80,99.35,97.80,98.83,98.14,98.44,97.58,98.00
2014-10-12,97.79,99.35,97.79,98.84,98.14,98.45,97.59,98.01
2014-10-13,97.78,99.35,97.78,98.84,98.15,98.45,97.60,98.02
2014-10-14,97.77,99.36,97.77,98.85,98.16,98.46,97.60,98.03
2014-10-15,97.76,99.36,97.75,98.85,98.17,98.47,97.61,98.03
2014-10-16,97.75,99.36,97.74,98.86,98.17,98.47,97.62,98.04
2014-10-17,97.74,99.36,97.73,98.87,98.18,98.48,97.62,98.05
2014-10-18,97.73,99.37,97.72,98.87,98.19,98.48,97.63,98.06
2014-10-19,97.72,99.37,97.71,98.88,98.20,98.49,97.64,98.06
2014-10-20,97.71,99.37,97.70,98.88,98.20,98.50,97.64,98.07
2014-10-21,97.70,99.37,97.69,98.89,98.21,98.50,97.65,98.08
2014-10-22,97.69,99.37,97.68,98.90,98.22,98.51,97.66,98.09
2014-10-23,97.68,99.38,97.66,98.90,98.23,98.51,97.66,98.09
2014-10-24,97.67,99.38,97.65,98.91,98.23,98.52,97.67,98.10
2014-10-25,97.66,99.38,97.64,98.91,98.24,98.53,97.68,98.11
2014-10-26,97.64,99.39,97.63,98.92,98.25,98.53,97.68,98.12
2014-10-27,97.63,99.39,97.62,98.93,98.26,98.54,97.69,98.12
2014-10-28,97.62,99.39,97.61,98.93,98.26,98.54,97.69,98.13
2014-10-29,97.61,99.39,97.60,98.94,98.27,98.55,97.70,98.14
2014-10-30,97.60,99.40,97.59,98.94,98.28,98.56,97.71,98.15
2014-10-31,97.59,99.40,97.58,98.95,98.29,98.56,97.71,98.15
2014-11-01,97.58,99.40,97.56,98.96,98.29,98.57,97.72,98.16
2014-11-02,97.60,99.41,97.58,98.96,98.30,98.57,97.73,98.17
2014-11-03,97.62,99.41,97.59,98.97,98.31,98.58,97.74,98.17
2014-11-04,97.64,99.41,97.61,98.97,98.31,98.59,97.74,98.18
2014-11-05,97.66,99.42,97.62,98.98,98.32,98.59,97.75,98.19
2014-11-06,97.68,99.42,97.63,98.99,98.33,98.60,97.76,98.20
2014-11-07,97.70,99.42,97.65,98.99,98.33,98.60,97.77,98.20
2014-11-08,97.72,99.43,97.66,99.00,98.34,98.61,97.77,98.21
2014-11-09,97.74,99.43,97.67,99.00,98.35,98.62,97.78,98.22
2014-11-10,97.75,99.43,97.69,99.01,98.35,98.62,97.79,98.22
2014-11-11,97.77,99.44,97.70,99.02,98.36,98.63,97.80,98.23
2014-11-12,97.79,99.44,97.72,99.02,98.37,98.63,97.80,98.24
2014-11-13,97.81,99.45,97.73,99.03,98.38,98.64,97.81,98.24
2014-11-14,97.83,99.45,97.74,99.04,98.38,98.65,97.82,98.25
2014-11-15,97.85,99.45,97.76,99.04,98.39,98.65,97.83,98.26
2014-11-16,97.87,99.46,97.77,99.05,98.40,98.66,97.83,98.26
2014-11-17,97.89,99.46,97.78,99.06,98.40,98.66,97.84,98.27
2014-11-18,97.91,99.47,97.80,99.06,98.41,98.67,97.85,98.28
2014-11-19,97.93,99.47,97.81,99.07,98.42,98.67,97.85,98.29
2014-11-20,97.95,99.48,97.83,99.08,98.42,98.68,97.86,98.29
2014-11-21,97.97,99.48,97.84,99.08,98.43,98.69,97.87,98.30
2014-11-22,97.99,99.49,97.85,99.09,98.44,98.69,97.88,98.31
2014-11-23,98.01,99.49,97.87,99.10,98.44,98.70,97.88,98.31
2014-11-24,98.03,99.50,97.88,99.10,98.45,98.70,97.89,98.32
2014-11-25,98.05,99.50,97.90,99.11,98.46,98.71,97.90,98.33
2014-11-26,98.06,99.51,97.91,99.12,98.46,98.72,97.91,98.33
2014-11-27,98.08,99.51,97.92,99.12,98.47,98.72,97.91,98.34
2014-11-28,98.10,99.52,97.94,99.13,98.48,98.73,97.92,98.35
2014-11-29,98.12,99.53,97.95,99.14,98.48,98.73,97.93,98.36
2014-11-30,98.14,99.53,97.96,99.15,98.49,98.74,97.94,98.36
2014-12-01,98.16,99.54,97.98,99.15,98.50,98.75,97.94,98.37
2014-12-02,98.21,99.55,98.03,99.16,98.52,98.75,97.95,98.38
2014-12-03,98.26,99.55,98.09,99.17,98.54,98.76,97.96,98.38
2014-12-04,98.31,99.56,98.14,99.17,98.56,98.76,97.97,98.39
2014-12-05,98.36,99.56,98.20,99.18,98.58,98.77,97.98,98.40
2014-12-06,98.41,99.57,98.25,99.19,98.60,98.78,97.99,98.41
2014-12-07,98.46,99.58,98.31,99.20,98.62,98.78,98.00,98.41
2014-12-08,98.51,99.59,98.36,99.21,98.63,98.79,98.00,98.42
2014-12-09,98.56,99.59,98.42,99.21,98.65,98.80,98.01,98.43
2014-12-10,98.61,99.60,98.48,99.22,98.67,98.80,98.02,98.44
2014-12-11,98.66,99.61,98.53,99.23,98.69,98.81,98.03,98.44
2014-12-12,98.71,99.62,98.59,99.24,98.71,98.81,98.04,98.45
2014-12-13,98.76,99.62,98.64,99.25,98.73,98.82,98.05,98.46
2014-12-14,98.82,99.63,98.70,99.25,98.75,98.83,98.06,98.46
2014-12-15,98.87,99.64,98.75,99.26,98.77,98.83,98.06,98.47
2014-12-16,98.92,99.65,98.81,99.27,98.79,98.84,98.07,98.48
2014-12-17,98.97,99.66,98.86,99.28,98.81,98.85,98.08,98.49
2014-12-18,99.02,99.67,98.92,99.29,98.83,98.85,98.09,98.49
2014-12-19,99.07,99.68,98.97,99.30,98.85,98.86,98.10,98.50
2014-12-20,99.12,99.68,99.03,99.31,98.87,98.87,98.11,98.51
2014-12-21,99.17,99.69,99.08,99.32,98.89,98.87,98.11,98.52
2014-12-22,99.22,99.70,99.14,99.33,98.91,98.88,98.12,98.52
2014-12-23,99.27,99.71,99.19,99.34,98.93,98.88,98.13,98.53
2014-12-24,99.32,99.72,99.25,99.35,98.95,98.89,98.14,98.54
2014-12-25,99.37,99.73,99.30,99.36,98.97,98.90,98.15,98.55
2014-12-26,99.42,99.74,99.36,99.37,98.98,98.90,98.16,98.55
2014-12-27,99.47,99.75,99.41,99.38,99.00,98.91,98.17,98.56
2014-12-28,99.52,99.76,99.47,99.39,99.02,98.92,98.17,98.57
2014-12-29,99.57,99.77,99.52,99.40,99.04,98.92,98.18,98.58
2014-12-30,99.62,99.78,99.58,99.41,99.06,98.93,98.19,98.58
2014-12-31,99.67,99.79,99.63,99.42,99.08,98.94,98.20,98.59
2015-01-01,99.72,99.80,99.69,99.43,99.10,98.94,98.21,98.60
2015-01-02,99.74,99.81,99.69,99.44,99.10,98.95,98.22,98.61
2015-01-03,99.76,99.82,99.70,99.45,99.11,98.96,98.22,98.61
2015-01-04,99.79,99.83,99.70,99.46,99.11,98.97,98.23,98.62
2015-01-05,99.81,99.84,99.71,99.47,99.12,98.97,98.24,98.63
2015-01-06,99.83,99.85,99.71,99.48,99.12,98.98,98.25,98.63
2015-01-07,99.85,99.86,99.72,99.49,99.12,98.99,98.25,98.64
2015-01-08,99.87,99.87,99.72,99.50,99.13,98.99,98.26,98.65
2015-01-09,99.89,99.87,99.73,99.51,99.13,99.00,98.27,98.66
2015-01-10,99.92,99.88,99.73,99.52,99.13,99.01,98.28,98.66
2015-01-11,99.94,99.89,99.74,99.53,99.14,99.01,98.29,98.67
2015-01-12,99.96,99.90,99.74,99.54,99.14,99.02,98.29,98.68
2015-01-13,99.98,99.91,99.74,99.55,99.14,99.03,98.30,98.69
2015-01-14,100.00,99.92,99.75,99.56,99.15,99.03,98.31,98.69
2015-01-15,100.02,99.93,99.75,99.57,99.15,99.04,98.32,98.70
2015-01-16,100.04,99.94,99.76,99.58,99.15,99.05,98.32,98.71
2015-01-17,100.07,99.95,99.76,99.59,99.16,99.05,98.33,98.71
2015-01-18,100.09,99.96,99.77,99.60,99.16,99.06,98.34,98.72
2015-01-19,100.11,99.97,99.77,99.61,99.16,99.07,98.35,98.73
2015-01-20,100.13,99.98,99.78,99.62,99.17,99.07,98.36,98.74
2015-01-21,100.15,99.99,99.78,99.63,99.17,99.08,98.36,98.74
2015-01-22,100.17,100.00,99.78,99.64,99.18,99.08,98.37,98.75
2015-01-23,100.20,100.01,99.79,99.65,99.18,99.09,98.38,98.76
2015-01-24,100.22,100.01,99.79,99.66,99.18,99.10,98.39,98.76
2015-01-25,100.24,100.02,99.80,99.67,99.19,99.10,98.39,98.77
2015-01-26,100.26,100.03,99.80,99.68,99.19,99.11,98.40,98.78
2015-01-27,100.28,100.04,99.81,99.69,99.19,99.12,98.41,98.79
2015-01-28,100.30,100.05,99.81,99.70,99.20,99.12,98.42,98.79
2015-01-29,100.33,100.06,99.82,99.71,99.20,99.13,98.43,98.80
2015-01-30,100.35,100.07,99.82,99.72,99.20,99.14,98.43,98.81
2015-01-31,100.37,100.07,99.83,99.74,99.21,99.14,98.44,98.81
2015-02-01,100.39,100.08,99.83,99.75,99.21,99.15,98.45,98.82
2015-02-02,100.36,100.09,99.85,99.76,99.22,99.16,98.47,98.83
2015-02-03,100.32,100.10,99.86,99.77,99.22,99.16,98.50,98.84
2015-02-04,100.29,100.11,99.88,99.78,99.23,99.17,98.52,98.84
2015-02-05,100.26,100.12,99.89,99.79,99.23,99.18,98.54,98.85
2015-02-06,100.22,100.12,99.91,99.80,99.24,99.18,98.57,98.86
2015-02-07,100.19,100.13,99.92,99.81,99.25,99.19,98.59,98.86
2015-02-08,100.15,100.14,99.94,99.81,99.25,99.19,98.61,98.87
2015-02-09,100.12,100.15,99.96,99.82,99.26,99.20,98.64,98.88
2015-02-10,100.09,100.15,99.97,99.83,99.26,99.21,98.66,98.89
2015-02-11,100.05,100.16,99.99,99.84,99.27,99.21,98.68,98.89
2015-02-12,100.02,100.17,100.00,99.85,99.27,99.22,98.71,98.90
2015-02-13,99.98,100.17,100.02,99.86,99.28,99.23,98.73,98.91
2015-02-14,99.95,100.18,100.03,99.87,99.29,99.23,98.75,98.92
2015-02-15,99.92,100.19,100.05,99.88,99.29,99.24,98.78,98.92
2015-02-16,99.88,100.19,100.07,99.89,99.30,99.25,98.80,98.93
2015-02-17,99.85,100.20,100.08,99.90,99.30,99.25,98.83,98.94
2015-02-18,99.81,100.21,100.10,99.91,99.31,99.26,98.85,98.94
2015-02-19,99.78,100.21,100.11,99.92,99.31,99.27,98.87,98.95
2015-02-20,99.75,100.22,100.13,99.93,99.32,99.27,98.90,98.96
2015-02-21,99.71,100.22,100.14,99.94,99.33,99.28,98.92,98.97
2015-02-22,99.68,100.23,100.16,99.95,99.33,99.28,98.94,98.97
2015-02-23,99.64,100.23,100.18,99.96,99.34,99.29,98.97,98.98
2015-02-24,99.61,100.24,100.19,99.97,99.34,99.30,98.99,98.99
2015-02-25,99.58,100.24,100.21,99.98,99.35,99.30,99.01,99.00
2015-02-26,99.54,100.25,100.22,99.99,99.35,99.31,99.04,99.00
2015-02-27,99.51,100.25,100.24,100.00,99.36,99.32,99.06,99.01
2015-02-28,99.48,100.26,100.25,100.01,99.37,99.32,99.08,99.02
2015-03-01,99.44,100.26,100.27,100.02,99.37,99.33,99.11,99.03
2015-03-02,99.44,100.27,100.26,100.03,99.38,99.34,99.13,99.03
2015-03-03,99.43,100.27,100.24,100.04,99.38,99.34,99.15,99.04
2015-03-04,99.43,100.28,100.23,100.05,99.39,99.35,99.17,99.05
2015-03-05,99.43,100.28,100.22,100.06,99.40,99.36,99.19,99.06
2015-03-06,99.43,100.28,100.21,100.07,99.40,99.36,99.21,99.07
2015-03-07,99.42,100.29,100.19,100.08,99.41,99.37,99.23,99.07
2015-03-08,99.42,100.29,100.18,100.08,99.42,99.37,99.25,99.08
2015-03-09,99.42,100.30,100.17,100.09,99.42,99.38,99.27,99.09
2015-03-10,99.41,100.30,100.16,100.10,99.43,99.39,99.29,99.10
2015-03-11,99.41,100.30,100.14,100.11,99.44,99.39,99.31,99.10
2015-03-12,99.41,100.31,100.13,100.12,99.44,99.40,99.34,99.11
2015-03-13,99.40,100.31,100.12,100.13,99.45,99.41,99.36,99.12
2015-03-14,99.40,100.32,100.11,100.14,99.46,99.41,99.38,99.13
2015-03-15,99.40,100.32,100.09,100.15,99.46,99.42,99.40,99.14
2015-03-16,99.39,100.32,100.08,100.15,99.47,99.43,99.42,99.14
2015-03-17,99.39,100.33,100.07,100.16,99.47,99.43,99.44,99.15
2015-03-18,99.39,100.33,100.06,100.17,99.48,99.44,99.46,99.16
2015-03-19,99.38,100.34,100.04,100.18,99.49,99.45,99.48,99.17
2015-03-20,99.38,100.34,100.03,100.19,99.49,99.45,99.50,99.18
2015-03-21,99.38,100.34,100.02,100.20,99.50,99.46,99.52,99.18
2015-03-22,99.37,100.35,100.01,100.20,99.51,99.46,99.54,99.19
2015-03-23,99.37,100.35,99.99,100.21,99.51,99.47,99.56,99.20
2015-03-24,99.37,100.35,99.98,100.22,99.52,99.48,99.58,99.21
2015-03-25,99.36,100.36,99.97,100.23,99.53,99.48,99.60,99.22
2015-03-26,99.36,100.36,99.96,100.24,99.53,99.49,99.62,99.22
2015-03-27,99.36,100.37,99.94,100.24,99.54,99.50,99.64,99.23
2015-03-28,99.35,100.37,99.93,100.25,99.55,99.50,99.67,99.24
2015-03-29,99.35,100.37,99.92,100.26,99.55,99.51,99.69,99.25
2015-03-30,99.35,100.38,99.91,100.27,99.56,99.51,99.71,99.26
2015-03-31,99.34,100.38,99.89,100.27,99.56,99.52,99.73,99.27
2015-04-01,99.34,100.39,99.88,100.28,99.57,99.53,99.75,99.28
2015-04-02,99.39,100.39,99.89,100.29,99.58,99.53,99.76,99.28
2015-04-03,99.44,100.39,99.89,100.30,99.58,99.54,99.77,99.29
2015-04-04,99.49,100.40,99.90,100.30,99.59,99.55,99.78,99.30
2015-04-05,99.53,100.40,99.91,100.31,99.60,99.55,99.79,99.31
2015-04-06,99.58,100.41,99.91,100.32,99.60,99.56,99.80,99.32
2015-04-07,99.63,100.41,99.92,100.33,99.61,99.57,99.81,99.33
2015-04-08,99.68,100.42,99.93,100.33,99.62,99.57,99.82,99.34
2015-04-09,99.73,100.42,99.93,100.34,99.62,99.58,99.83,99.35
2015-04-10,99.78,100.42,99.94,100.35,99.63,99.58,99.84,99.35
2015-04-11,99.82,100.43,99.95,100.35,99.63,99.59,99.85,99.36
2015-04-12,99.87,100.43,99.95,100.36,99.64,99.60,99.86,99.37
2015-04-13,99.92,100.44,99.96,100.37,99.65,99.60,99.87,99.38
2015-04-14,99.97,100.44,99.97,100.38,99.65,99.61,99.88,99.39
2015-04-15,100.02,100.45,99.97,100.38,99.66,99.62,99.89,99.40
2015-04-16,100.07,100.45,99.98,100.39,99.67,99.62,99.90,99.41
2015-04-17,100.11,100.46,99.99,100.40,99.67,99.63,99.91,99.42
2015-04-18,100.16,100.47,99.99,100.40,99.68,99.64,99.92,99.42
2015-04-19,100.21,100.47,100.00,100.41,99.69,99.64,99.93,99.43
2015-04-20,100.26,100.48,100.01,100.42,99.69,99.65,99.94,99.44
2015-04-21,100.31,100.48,100.01,100.43,99.70,99.65,99.95,99.45
2015-04-22,100.36,100.49,100.02,100.43,99.70,99.66,99.97,99.46
2015-04-23,100.40,100.49,100.03,100.44,99.71,99.67,99.98,99.47
2015-04-24,100.45,100.50,100.03,100.45,99.72,99.67,99.99,99.47
2015-04-25,100.50,100.51,100.04,100.45,99.72,99.68,100.00,99.48
2015-04-26,100.55,100.51,100.05,100.46,99.73,99.69,100.01,99.49
2015-04-27,100.60,100.52,100.05,100.47,99.74,99.69,100.02,99.50
2015-04-28,100.65,100.52,100.06,100.48,99.74,99.70,100.03,99.51
2015-04-29,100.69,100.53,100.07,100.48,99.75,99.70,100.04,99.52
2015-04-30,100.74,100.54,100.07,100.49,99.75,99.71,100.05,99.52
2015-05-01,100.79,100.54,100.08,100.50,99.76,99.72,100.06,99.53
2015-05-02,100.78,100.55,100.07,100.50,99.77,99.72,100.06,99.54
2015-05-03,100.77,100.56,100.06,100.51,99.77,99.73,100.07,99.55
2015-05-04,100.76,100.56,100.06,100.52,99.78,99.74,100.07,99.56
2015-05-05,100.75,100.57,100.05,100.53,99.78,99.74,100.08,99.57
2015-05-06,100.74,100.58,100.04,100.53,99.79,99.75,100.08,99.57
2015-05-07,100.73,100.58,100.03,100.54,99.80,99.76,100.09,99.58
2015-05-08,100.72,100.59,100.02,100.55,99.80,99.76,100.09,99.59
2015-05-09,100.71,100.59,100.02,100.55,99.81,99.77,100.10,99.60
2015-05-10,100.70,100.60,100.01,100.56,99.81,99.77,100.10,99.60
2015-05-11,100.69,100.61,100.00,100.57,99.82,99.78,100.11,99.61
2015-05-12,100.68,100.61,99.99,100.57,99.82,99.79,100.11,99.62
2015-05-13,100.67,100.62,99.98,100.58,99.83,99.79,100.12,99.63
2015-05-14,100.66,100.63,99.98,100.59,99.84,99.80,100.13,99.64
2015-05-15,100.66,100.63,99.97,100.59,99.84,99.81,100.13,99.64
2015-05-16,100.65,100.64,99.96,100.60,99.85,99.81,100.14,99.65
2015-05-17,100.64,100.64,99.95,100.61,99.85,99.82,100.14,99.66
2015-05-18,100.63,100.65,99.94,100.61,99.86,99.82,100.15,99.67
2015-05-19,100.62,100.66,99.93,100.62,99.87,99.83,100.15,99.68
2015-05-20,100.61,100.66,99.93,100.63,99.87,99.84,100.16,99.68
2015-05-21,100.60,100.67,99.92,100.63,99.88,99.84,100.16,99.69
2015-05-22,100.59,100.67,99.91,100.64,99.88,99.85,100.17,99.70
2015-05-23,100.58,100.68,99.90,100.65,99.89,99.86,100.17,99.71
2015-05-24,100.57,100.68,99.89,100.65,99.89,99.86,100.18,99.72
2015-05-25,100.56,100.69,99.89,100.66,99.90,99.87,100.18,99.72
2015-05-26,100.55,100.70,99.88,100.66,99.91,99.87,100.19,99.73
2015-05-27,100.54,100.70,99.87,100.67,99.91,99.88,100.19,99.74
2015-05-28,100.53,100.71,99.86,100.68,99.92,99.89,100.20,99.75
2015-05-29,100.52,100.71,99.85,100.68,99.92,99.89,100.20,99.76
2015-05-30,100.51,100.72,99.85,100.69,99.93,99.90,100.21,99.76
2015-05-31,100.50,100.72,99.84,100.70,99.93,99.91,100.21,99.77
2015-06-01,100.49,100.73,99.83,100.70,99.94,99.91,100.22,99.78
2015-06-02,100.48,100.73,99.83,100.71,99.95,99.92,100.22,99.79
2015-06-03,100.47,100.74,99.82,100.71,99.95,99.92,100.23,99.80
2015-06-04,100.46,100.75,99.82,100.72,99.96,99.93,100.23,99.80
2015-06-05,100.46,100.75,99.82,100.73,99.96,99.94,100.24,99.81
2015-06-06,100.45,100.76,99.82,100.73,99.97,99.94,100.24,99.82
2015-06-07,100.44,100.76,99.81,100.74,99.97,99.95,100.24,99.83
2015-06-08,100.43,100.77,99.81,100.74,99.98,99.96,100.25,99.84
2015-06-09,100.42,100.77,99.81,100.75,99.99,99.96,100.25,99.85
2015-06-10,100.41,100.78,99.81,100.76,99.99,99.97,100.26,99.85
2015-06-11,100.40,100.78,99.80,100.76,100.00,99.98,100.26,99.86
2015-06-12,100.40,100.79,99.80,100.77,100.00,99.98,100.27,99.87
2015-06-13,100.39,100.80,99.80,100.77,100.01,99.99,100.27,99.88
2015-06-14,100.38,100.80,99.80,100.78,100.01,99.99,100.27,99.89
2015-06-15,100.37,100.81,99.79,100.79,100.02,100.00,100.28,99.90
2015-06-16,100.36,100.81,99.79,100.79,100.03,100.01,100.28,99.91
2015-06-17,100.35,100.82,99.79,100.80,100.03,100.01,100.29,99.91
2015-06-18,100.34,100.82,99.78,100.80,100.04,100.02,100.29,99.92
2015-06-19,100.33,100.83,99.78,100.81,100.04,100.03,100.30,99.93
2015-06-20,100.33,100.84,99.78,100.82,100.05,100.03,100.30,99.94
2015-06-21,100.32,100.84,99.78,100.82,100.05,100.04,100.31,99.95
2015-06-22,100.31,100.85,99.77,100.83,100.06,100.05,100.31,99.96
2015-06-23,100.30,100.86,99.77,100.84,100.07,100.05,100.31,99.97
2015-06-24,100.29,100.86,99.77,100.84,100.07,100.06,100.32,99.98
2015-06-25,100.28,100.87,99.77,100.85,100.08,100.07,100.32,99.98
2015-06-26,100.27,100.87,99.76,100.86,100.08,100.07,100.33,99.99
2015-06-27,100.27,100.88,99.76,100.86,100.09,100.08,100.33,100.00
2015-06-28,100.26,100.89,99.76,100.87,100.09,100.09,100.34,100.01
2015-06-29,100.25,100.89,99.75,100.88,100.10,100.09,100.34,100.02
2015-06-30,100.24,100.90,99.75,100.88,100.10,100.10,100.34,100.03
2015-07-01,100.23,100.91,99.75,100.89,100.11,100.11,100.35,100.04
2015-07-02,100.25,100.91,99.77,100.90,100.12,100.11,100.35,100.05
2015-07-03,100.27,100.92,99.78,100.90,100.12,100.12,100.36,100.06
2015-07-04,100.29,100.93,99.80,100.91,100.13,100.13,100.36,100.07
2015-07-05,100.32,100.93,99.81,100.92,100.13,100.13,100.36,100.08
2015-07-06,100.34,100.94,99.83,100.92,100.14,100.14,100.36,100.08
2015-07-07,100.36,100.95,99.84,100.93,100.14,100.15,100.37,100.09
2015-07-08,100.38,100.95,99.86,100.94,100.15,100.15,100.37,100.10
2015-07-09,100.40,100.96,99.88,100.94,100.15,100.16,100.37,100.11
2015-07-10,100.42,100.97,99.89,100.95,100.16,100.17,100.38,100.12
2015-07-11,100.44,100.97,99.91,100.96,100.17,100.17,100.38,100.13
2015-07-12,100.46,100.98,99.92,100.97,100.17,100.18,100.38,100.14
2015-07-13,100.49,100.99,99.94,100.97,100.18,100.19,100.39,100.15
2015-07-14,100.51,100.99,99.96,100.98,100.18,100.19,100.39,100.16
2015-07-15,100.53,101.00,99.97,100.99,100.19,100.20,100.39,100.17
2015-07-16,100.55,101.00,99.99,100.99,100.19,100.21,100.40,100.18
2015-07-17,100.57,101.01,100.00,101.00,100.20,100.21,100.40,100.19
2015-07-18,100.59,101.02,100.02,101.01,100.20,100.22,100.40,100.19
2015-07-19,100.61,101.02,100.03,101.01,100.21,100.23,100.41,100.20
2015-07-20,100.64,101.03,100.05,101.02,100.21,100.23,100.41,100.21
2015-07-21,100.66,101.04,100.07,101.03,100.22,100.24,100.41,100.22
2015-07-22,100.68,101.04,100.08,101.04,100.23,100.25,100.42,100.23
2015-07-23,100.70,101.05,100.10,101.04,100.23,100.25,100.42,100.24
2015-07-24,100.72,101.05,100.11,101.05,100.24,100.26,100.42,100.25
2015-07-25,100.74,101.06,100.13,101.06,100.24,100.26,100.43,100.26
2015-07-26,100.76,101.06,100.15,101.07,100.25,100.27,100.43,100.26
2015-07-27,100.78,101.07,100.16,101.07,100.25,100.28,100.43,100.27
2015-07-28,100.81,101.08,100.18,101.08,100.26,100.28,100.44,100.28
2015-07-29,100.83,101.08,100.19,101.09,100.26,100.29,100.44,100.29
2015-07-30,100.85,101.09,100.21,101.09,100.27,100.30,100.44,100.30
2015-07-31,100.87,101.09,100.22,101.10,100.27,100.30,100.44,100.31
2015-08-01,100.89,101.10,100.24,101.11,100.28,100.31,100.45,100.31
2015-08-02,100.88,101.10,100.23,101.12,100.28,100.32,100.45,100.32
2015-08-03,100.88,101.11,100.21,101.12,100.29,100.32,100.45,100.33
2015-08-04,100.87,101.11,100.20,101.13,100.29,100.33,100.46,100.34
2015-08-05,100.86,101.12,100.18,101.14,100.30,100.34,100.46,100.35
2015-08-06,100.86,101.12,100.17,101.15,100.30,100.34,100.46,100.35
2015-08-07,100.85,101.13,100.16,101.16,100.31,100.35,100.46,100.36
2015-08-08,100.85,101.13,100.14,101.16,100.31,100.36,100.47,100.37
2015-08-09,100.84,101.13,100.13,101.17,100.32,100.36,100.47,100.38
2015-08-10,100.83,101.14,100.12,101.18,100.32,100.37,100.47,100.39
2015-08-11,100.83,101.14,100.10,101.19,100.33,100.37,100.47,100.39
2015-08-12,100.82,101.15,100.09,101.20,100.33,100.38,100.48,100.40
2015-08-13,100.81,101.15,100.07,101.20,100.33,100.39,100.48,100.41
2015-08-14,100.81,101.16,100.06,101.21,100.34,100.39,100.48,100.42
2015-08-15,100.80,101.16,100.05,101.22,100.34,100.40,100.48,100.43
2015-08-16,100.79,101.17,100.03,101.23,100.35,100.41,100.49,100.43
2015-08-17,100.79,101.17,100.02,101.24,100.35,100.41,100.49,100.44
2015-08-18,100.78,101.17,100.00,101.24,100.36,100.42,100.49,100.45
2015-08-19,100.77,101.18,99.99,101.25,100.36,100.43,100.49,100.46
2015-08-20,100.77,101.18,99.98,101.26,100.37,100.43,100.50,100.47
2015-08-21,100.76,101.19,99.96,101.27,100.37,100.44,100.50,100.47
2015-08-22,100.76,101.19,99.95,101.28,100.38,100.45,100.50,100.48
2015-08-23,100.75,101.19,99.94,101.29,100.38,100.45,100.50,100.49
2015-08-24,100.74,101.20,99.92,101.29,100.38,100.46,100.51,100.50
2015-08-25,100.74,101.20,99.91,101.30,100.39,100.47,100.51,100.51
2015-08-26,100.73,101.21,99.89,101.31,100.39,100.47,100.51,100.51
2015-08-27,100.72,101.21,99.88,101.32,100.40,100.48,100.52,100.52
2015-08-28,100.72,101.21,99.87,101.33,100.40,100.49,100.52,100.53
2015-08-29,100.71,101.22,99.85,101.34,100.41,100.49,100.52,100.54
2015-08-30,100.70,101.22,99.84,101.35,100.41,100.50,100.52,100.55
2015-08-31,100.70,101.23,99.82,101.35,100.42,100.51,100.53,100.56
2015-09-01,100.69,101.23,99.81,101.36,100.42,100.51,100.53,100.56
2015-09-02,100.66,101.23,99.82,101.37,100.43,100.52,100.53,100.57
2015-09-03,100.62,101.24,99.82,101.38,100.43,100.53,100.54,100.58
2015-09-04,100.59,101.24,99.83,101.39,100.44,100.53,100.55,100.59
2015-09-05,100.56,101.25,99.83,101.40,100.44,100.54,100.55,100.60
2015-09-06,100.52,101.25,99.84,101.41,100.44,100.55,100.56,100.61
2015-09-07,100.49,101.25,99.85,101.42,100.45,100.55,100.57,100.61
2015-09-08,100.46,101.26,99.85,101.42,100.45,100.56,100.57,100.62
2015-09-09,100.42,101.26,99.86,101.43,100.46,100.57,100.58,100.63
2015-09-10,100.39,101.26,99.86,101.44,100.46,100.57,100.59,100.64
2015-09-11,100.36,101.27,99.87,101.45,100.47,100.58,100.59,100.65
2015-09-12,100.32,101.27,99.88,101.46,100.47,100.59,100.60,100.66
2015-09-13,100.29,101.28,99.88,101.47,100.48,100.59,100.60,100.67
2015-09-14,100.26,101.28,99.89,101.48,100.48,100.60,100.61,100.67
2015-09-15,100.22,101.28,99.89,101.49,100.49,100.61,100.62,100.68
2015-09-16,100.19,101.29,99.90,101.50,100.49,100.61,100.62,100.69
2015-09-17,100.16,101.29,99.91,101.51,100.50,100.62,100.63,100.70
2015-09-18,100.12,101.29,99.91,101.52,100.50,100.63,100.64,100.71
2015-09-19,100.09,101.30,99.92,101.52,100.51,100.63,100.64,100.71
2015-09-20,100.06,101.30,99.92,101.53,100.51,100.64,100.65,100.72
2015-09-21,100.02,101.31,99.93,101.54,100.51,100.65,100.66,100.73
2015-09-22,99.99,101.31,99.94,101.55,100.52,100.65,100.66,100.74
2015-09-23,99.96,101.31,99.94,101.56,100.52,100.66,100.67,100.75
2015-09-24,99.92,101.32,99.95,101.57,100.53,100.67,100.67,100.75
2015-09-25,99.89,101.32,99.95,101.58,100.53,100.67,100.68,100.76
2015-09-26,99.86,101.32,99.96,101.59,100.54,100.68,100.69,100.77
2015-09-27,99.82,101.33,99.97,101.60,100.54,100.69,100.69,100.78
2015-09-28,99.79,101.33,99.97,101.60,100.55,100.69,100.70,100.79
2015-09-29,99.76,101.34,99.98,101.61,100.55,100.70,100.71,100.79
2015-09-30,99.72,101.34,99.98,101.62,100.56,100.71,100.71,100.80
2015-10-01,99.69,101.34,99.99,101.63,100.56,100.71,100.72,100.81
2015-10-02,99.65,101.35,100.00,101.64,100.57,100.72,100.73,100.82
2015-10-03,99.61,101.35,100.02,101.65,100.57,100.73,100.74,100.82
2015-10-04,99.56,101.36,100.03,101.66,100.58,100.73,100.75,100.83
2015-10-05,99.52,101.36,100.04,101.67,100.58,100.74,100.76,100.84
2015-10-06,99.48,101.36,100.05,101.68,100.59,100.75,100.76,100.85
2015-10-07,99.44,101.37,100.07,101.68,100.59,100.75,100.77,100.85
2015-10-08,99.39,101.37,100.08,101.69,100.60,100.76,100.78,100.86
2015-10-09,99.35,101.38,100.09,101.70,100.60,100.76,100.79,100.87
2015-10-10,99.31,101.38,100.10,101.71,100.61,100.77,100.80,100.88
2015-10-11,99.27,101.38,100.12,101.72,100.62,100.78,100.81,100.88
2015-10-12,99.22,101.39,100.13,101.73,100.62,100.78,100.82,100.89
2015-10-13,99.18,101.39,100.14,101.74,100.63,100.79,100.83,100.90
2015-10-14,99.14,101.40,100.15,101.75,100.63,100.80,100.84,100.91
2015-10-15,99.10,101.40,100.17,101.76,100.64,100.80,100.85,100.91
2015-10-16,99.05,101.41,100.18,101.77,100.64,100.81,100.85,100.92
2015-10-17,99.01,101.41,100.19,101.77,100.65,100.82,100.86,100.93
2015-10-18,98.97,101.42,100.20,101.78,100.65,100.82,100.87,100.94
2015-10-19,98.92,101.42,100.22,101.79,100.66,100.83,100.88,100.94
2015-10-20,98.88,101.42,100.23,101.80,100.67,100.83,100.89,100.95
2015-10-21,98.84,101.43,100.24,101.81,100.67,100.84,100.90,100.96
2015-10-22,98.80,101.43,100.25,101.82,100.68,100.85,100.91,100.97
2015-10-23,98.75,101.44,100.27,101.83,100.68,100.85,100.92,100.97
2015-10-24,98.71,101.44,100.28,101.84,100.69,100.86,100.93,100.98
2015-10-25,98.67,101.45,100.29,101.85,100.69,100.87,100.94,100.99
2015-10-26,98.63,101.45,100.30,101.86,100.70,100.87,100.94,101.00
2015-10-27,98.58,101.46,100.32,101.87,100.70,100.88,100.95,101.00
2015-10-28,98.54,101.46,100.33,101.88,100.71,100.88,100.96,101.01
2015-10-29,98.50,101.47,100.34,101.89,100.71,100.89,100.97,101.02
2015-10-30,98.46,101.48,100.35,101.89,100.72,100.90,100.98,101.03
2015-10-31,98.41,101.48,100.37,101.90,100.73,100.90,100.99,101.03
2015-11-01,98.37,101.49,100.38,101.91,100.73,100.91,101.00,101.04
2015-11-02,98.42,101.49,100.38,101.92,100.74,100.92,101.00,101.05
2015-11-03,98.48,101.50,100.37,101.93,100.74,100.92,101.01,101.06
2015-11-04,98.53,101.50,100.37,101.94,100.75,100.93,101.02,101.06
2015-11-05,98.58,101.51,100.36,101.95,100.76,100.93,101.02,101.07
2015-11-06,98.63,101.52,100.36,101.96,100.77,100.94,101.03,101.08
2015-11-07,98.69,101.52,100.35,101.97,100.77,100.95,101.03,101.09
2015-11-08,98.74,101.53,100.35,101.98,100.78,100.95,101.04,101.09
2015-11-09,98.79,101.54,100.35,101.99,100.79,100.96,101.04,101.10
2015-11-10,98.85,101.54,100.34,102.00,100.79,100.97,101.05,101.11
2015-11-11,98.90,101.55,100.34,102.01,100.80,100.97,101.05,101.12
2015-11-12,98.95,101.56,100.33,102.02,100.81,100.98,101.06,101.12
2015-11-13,99.00,101.56,100.33,102.03,100.81,100.98,101.07,101.13
2015-11-14,99.06,101.57,100.32,102.04,100.82,100.99,101.07,101.14
2015-11-15,99.11,101.58,100.32,102.05,100.83,101.00,101.08,101.15
2015-11-16,99.16,101.58,100.31,102.06,100.84,101.00,101.08,101.15
2015-11-17,99.21,101.59,100.31,102.07,100.84,101.01,101.09,101.16
2015-11-18,99.27,101.60,100.31,102.07,100.85,101.01,101.09,101.17
2015-11-19,99.32,101.61,100.30,102.08,100.86,101.02,101.10,101.17
2015-11-20,99.37,101.62,100.30,102.09,100.86,101.03,101.11,101.18
2015-11-21,99.42,101.62,100.29,102.10,100.87,101.03,101.11,101.19
2015-11-22,99.48,101.63,100.29,102.11,100.88,101.04,101.12,101.20
2015-11-23,99.53,101.64,100.28,102.12,100.88,101.04,101.12,101.20
2015-11-24,99.58,101.65,100.28,102.13,100.89,101.05,101.13,101.21
2015-11-25,99.64,101.66,100.28,102.14,100.90,101.06,101.13,101.22
2015-11-26,99.69,101.67,100.27,102.15,100.91,101.06,101.14,101.22
2015-11-27,99.74,101.68,100.27,102.16,100.91,101.07,101.15,101.23
2015-11-28,99.79,101.68,100.26,102.17,100.92,101.07,101.15,101.24
2015-11-29,99.85,101.69,100.26,102.17,100.93,101.08,101.16,101.24
2015-11-30,99.90,101.70,100.25,102.18,100.93,101.09,101.16,101.25
2015-12-01,99.95,101.71,100.25,102.19,100.94,101.09,101.17,101.26
2015-12-02,99.98,101.72,100.34,102.20,100.95,101.10,101.15,101.26
2015-12-03,100.00,101.73,100.42,102.21,100.95,101.10,101.14,101.27
2015-12-04,100.03,101.74,100.51,102.22,100.96,101.11,101.12,101.28
2015-12-05,100.06,101.75,100.59,102.23,100.96,101.12,101.10,101.28
2015-12-06,100.08,101.76,100.68,102.24,100.97,101.12,101.09,101.29
2015-12-07,100.11,101.77,100.76,102.25,100.97,101.13,101.07,101.30
2015-12-08,100.13,101.77,100.85,102.26,100.98,101.13,101.06,101.30
2015-12-09,100.16,101.78,100.93,102.26,100.98,101.14,101.04,101.31
2015-12-10,100.19,101.79,101.02,102.27,100.99,101.14,101.02,101.31
2015-12-11,100.21,101.80,101.10,102.28,101.00,101.15,101.01,101.32
2015-12-12,100.24,101.81,101.19,102.29,101.00,101.16,100.99,101.33
2015-12-13,100.26,101.82,101.27,102.30,101.01,101.16,100.97,101.33
2015-12-14,100.29,101.82,101.36,102.31,101.01,101.17,100.96,101.34
2015-12-15,100.32,101.83,101.44,102.32,101.02,101.17,100.94,101.34
2015-12-16,100.34,101.84,101.53,102.33,101.02,101.18,100.93,101.35
2015-12-17,100.37,101.85,101.61,102.34,101.03,101.18,100.91,101.35
2015-12-18,100.40,101.86,101.70,102.35,101.03,101.19,100.89,101.36
2015-12-19,100.42,101.86,101.78,102.36,101.04,101.19,100.88,101.36
2015-12-20,100.45,101.87,101.87,102.37,101.05,101.20,100.86,101.37
2015-12-21,100.47,101.88,101.95,102.38,101.05,101.20,100.85,101.37
2015-12-22,100.50,101.89,102.04,102.39,101.06,101.21,100.83,101.38
2015-12-23,100.53,101.89,102.12,102.40,101.06,101.21,100.81,101.38
2015-12-24,100.55,101.90,102.21,102.41,101.07,101.22,100.80,101.39
2015-12-25,100.58,101.91,102.29,102.42,101.07,101.22,100.78,101.39
2015-12-26,100.60,101.92,102.38,102.43,101.08,101.23,100.76,101.40
2015-12-27,100.63,101.92,102.46,102.44,101.08,101.23,100.75,101.40
2015-12-28,100.66,101.93,102.55,102.45,101.09,101.24,100.73,101.41
2015-12-29,100.68,101.94,102.63,102.46,101.09,101.24,100.72,101.41
2015-12-30,100.71,101.94,102.72,102.47,101.10,101.25,100.70,101.42
2015-12-31,100.73,101.95,102.80,102.48,101.11,101.25,100.68,101.42
2016-01-01,100.76,101.96,102.89,102.49,101.11,101.26,100.67,101.43
2016-01-02,100.85,101.96,102.90,102.50,101.11,101.26,100.68,101.43
2016-01-03,100.93,101.97,102.91,102.51,101.12,101.27,100.69,101.43
2016-01-04,101.02,101.98,102.92,102.52,101.12,101.27,100.70,101.44
2016-01-05,101.11,101.98,102.94,102.54,101.13,101.28,100.71,101.44
2016-01-06,101.19,101.99,102.95,102.55,101.13,101.28,100.72,101.45
2016-01-07,101.28,102.00,102.96,102.56,101.13,101.28,100.72,101.45
2016-01-08,101.36,102.00,102.97,102.57,101.14,101.29,100.73,101.46
2016-01-09,101.45,102.01,102.98,102.58,101.14,101.29,100.74,101.46
2016-01-10,101.54,102.02,102.99,102.59,101.14,101.30,100.75,101.47
2016-01-11,101.62,102.03,103.01,102.61,101.15,101.30,100.76,101.47
2016-01-12,101.71,102.03,103.02,102.62,101.15,101.31,100.77,101.48
2016-01-13,101.79,102.04,103.03,102.63,101.15,101.31,100.78,101.48
2016-01-14,101.88,102.05,103.04,102.64,101.16,101.32,100.79,101.49
2016-01-15,101.97,102.06,103.05,102.65,101.16,101.32,100.80,101.49
2016-01-16,102.05,102.07,103.06,102.66,101.16,101.33,100.81,101.50
2016-01-17,102.14,102.07,103.08,102.68,101.17,101.33,100.82,101.50
2016-01-18,102.23,102.08,103.09,102.69,101.17,101.34,100.83,101.51
2016-01-19,102.31,102.09,103.10,102.70,101.17,101.34,100.84,101.52
2016-01-20,102.40,102.10,103.11,102.71,101.18,101.35,100.85,101.52
2016-01-21,102.48,102.11,103.12,102.72,101.18,101.35,100.86,101.53
2016-01-22,102.57,102.11,103.13,102.73,101.19,101.35,100.86,101.53
2016-01-23,102.66,102.12,103.15,102.74,101.19,101.36,100.87,101.54
2016-01-24,102.74,102.13,103.16,102.76,101.19,101.36,100.88,101.54
2016-01-25,102.83,102.14,103.17,102.77,101.20,101.37,100.89,101.55
2016-01-26,102.91,102.15,103.18,102.78,101.20,101.37,100.90,101.55
2016-01-27,103.00,102.15,103.19,102.79,101.20,101.38,100.91,101.56
2016-01-28,103.09,102.16,103.20,102.80,101.21,101.38,100.92,101.56
2016-01-29,103.17,102.17,103.22,102.81,101.21,101.39,100.93,101.57
2016-01-30,103.26,102.18,103.23,102.82,101.21,101.39,100.94,101.58
2016-01-31,103.35,102.19,103.24,102.83,101.22,101.40,100.95,101.58
2016-02-01,103.43,102.20,103.25,102.84,101.22,101.40,100.96,101.59
2016-02-02,103.39,102.20,103.26,102.85,101.23,101.40,100.97,101.59
2016-02-03,103.35,102.21,103.27,102.87,101.23,101.41,100.98,101.60
2016-02-04,103.31,102.22,103.28,102.88,101.24,101.41,100.99,101.60
2016-02-05,103.27,102.23,103.29,102.89,101.24,101.42,101.00,101.61
2016-02-06,103.23,102.24,103.30,102.90,101.25,101.42,101.01,101.61
2016-02-07,103.19,102.24,103.31,102.91,101.26,101.43,101.02,101.62
2016-02-08,103.15,102.25,103.32,102.92,101.26,101.43,101.04,101.63
2016-02-09,103.11,102.26,103.33,102.93,101.27,101.44,101.05,101.63
2016-02-10,103.07,102.27,103.34,102.94,101.27,101.44,101.06,101.64
2016-02-11,103.02,102.27,103.35,102.95,101.28,101.45,101.07,101.64
2016-02-12,102.98,102.28,103.36,102.96,101.29,101.45,101.08,101.65
2016-02-13,102.94,102.29,103.37,102.97,101.29,101.45,101.09,101.65
2016-02-14,102.90,102.29,103.38,102.98,101.30,101.46,101.10,101.66
2016-02-15,102.86,102.30,103.39,102.99,101.30,101.46,101.11,101.66
2016-02-16,102.82,102.31,103.40,103.00,101.31,101.47,101.12,101.67
2016-02-17,102.78,102.31,103.41,103.01,101.31,101.47,101.13,101.67
2016-02-18,102.74,102.32,103.42,103.02,101.32,101.48,101.15,101.68
2016-02-19,102.70,102.32,103.43,103.03,101.33,101.48,101.16,101.69
2016-02-20,102.66,102.33,103.44,103.04,101.33,101.49,101.17,101.69
2016-02-21,102.62,102.34,103.45,103.05,101.34,101.49,101.18,101.70
2016-02-22,102.58,102.34,103.46,103.06,101.34,101.50,101.19,101.70
2016-02-23,102.54,102.35,103.47,103.07,101.35,101.50,101.20,101.71
2016-02-24,102.50,102.35,103.48,103.08,101.36,101.50,101.21,101.71
2016-02-25,102.45,102.36,103.49,103.09,101.36,101.51,101.22,101.72
2016-02-26,102.41,102.36,103.50,103.10,101.37,101.51,101.23,101.72
2016-02-27,102.37,102.37,103.51,103.10,101.37,101.52,101.25,101.73
2016-02-28,102.33,102.37,103.52,103.11,101.38,101.52,101.26,101.73
2016-02-29,102.29,102.38,103.53,103.12,101.38,101.53,101.27,101.74
2016-03-01,102.25,102.38,103.54,103.13,101.39,101.53,101.28,101.75
2016-03-02,102.25,102.39,103.54,103.14,101.39,101.54,101.29,101.75
2016-03-03,102.25,102.39,103.54,103.15,101.40,101.54,101.29,101.76
2016-03-04,102.26,102.40,103.54,103.16,101.40,101.55,101.30,101.76
2016-03-05,102.26,102.40,103.54,103.17,101.41,101.55,101.31,101.77
2016-03-06,102.26,102.41,103.54,103.18,101.41,101.56,101.31,101.77
2016-03-07,102.26,102.41,103.54,103.19,101.41,101.56,101.32,101.78
2016-03-08,102.26,102.42,103.54,103.20,101.42,101.56,101.33,101.78
2016-03-09,102.26,102.42,103.54,103.21,101.42,101.57,101.34,101.79
2016-03-10,102.27,102.43,103.54,103.21,101.42,101.57,101.34,101.80
2016-03-11,102.27,102.43,103.54,103.22,101.43,101.58,101.35,101.80
2016-03-12,102.27,102.44,103.54,103.23,101.43,101.58,101.36,101.81
2016-03-13,102.27,102.44,103.54,103.24,101.43,101.59,101.36,101.81
2016-03-14,102.27,102.45,103.54,103.25,101.44,101.59,101.37,101.82
2016-03-15,102.27,102.45,103.54,103.26,101.44,101.60,101.38,101.82
2016-03-16,102.28,102.46,103.55,103.27,101.44,101.60,101.39,101.83
2016-03-17,102.28,102.46,103.55,103.28,101.45,101.61,101.39,101.84
2016-03-18,102.28,102.47,103.55,103.28,101.45,101.61,101.40,101.84
2016-03-19,102.28,102.47,103.55,103.29,101.46,101.62,101.41,101.85
2016-03-20,102.28,102.48,103.55,103.30,101.46,101.62,101.41,101.85
2016-03-21,102.28,102.48,103.55,103.31,101.46,101.63,101.42,101.86
2016-03-22,102.29,102.49,103.55,103.32,101.47,101.63,101.43,101.86
2016-03-23,102.29,102.49,103.55,103.33,101.47,101.63,101.43,101.87
2016-03-24,102.29,102.50,103.55,103.33,101.47,101.64,101.44,101.88
2016-03-25,102.29,102.50,103.55,103.34,101.48,101.64,101.45,101.88
2016-03-26,102.29,102.51,103.55,103.35,101.48,101.65,101.46,101.89
2016-03-27,102.29,102.51,103.55,103.36,101.48,101.65,101.46,101.89
2016-03-28,102.29,102.52,103.55,103.37,101.49,101.66,101.47,101.90
2016-03-29,102.30,102.52,103.55,103.38,101.49,101.66,101.48,101.90
2016-03-30,102.30,102.53,103.55,103.38,101.49,101.67,101.48,101.91
2016-03-31,102.30,102.53,103.55,103.39,101.50,101.67,101.49,101.91
2016-04-01,102.30,102.54,103.55,103.40,101.50,101.68,101.50,101.92
2016-04-02,102.27,102.54,103.56,103.41,101.51,101.68,101.51,101.93
2016-04-03,102.23,102.55,103.57,103.42,101.51,101.69,101.52,101.93
2016-04-04,102.20,102.55,103.58,103.43,101.52,101.69,101.53,101.94
2016-04-05,102.16,102.56,103.58,103.43,101.52,101.69,101.54,101.94
2016-04-06,102.12,102.56,103.59,103.44,101.52,101.70,101.55,101.95
2016-04-07,102.09,102.57,103.60,103.45,101.53,101.70,101.56,101.95
2016-04-08,102.05,102.57,103.61,103.46,101.53,101.71,101.57,101.96
2016-04-09,102.02,102.58,103.62,103.47,101.54,101.71,101.58,101.97
2016-04-10,101.98,102.58,103.63,103.47,101.54,101.72,101.59,101.97
2016-04-11,101.95,102.59,103.64,103.48,101.55,101.72,101.60,101.98
2016-04-12,101.91,102.59,103.65,103.49,101.55,101.73,101.61,101.98
2016-04-13,101.88,102.60,103.65,103.50,101.56,101.73,101.62,101.99
2016-04-14,101.84,102.60,103.66,103.51,101.56,101.74,101.63,101.99
2016-04-15,101.81,102.60,103.67,103.51,101.57,101.74,101.64,102.00
2016-04-16,101.77,102.61,103.68,103.52,101.57,101.75,101.65,102.01
2016-04-17,101.74,102.61,103.69,103.53,101.58,101.75,101.66,102.01
2016-04-18,101.70,102.62,103.70,103.54,101.58,101.76,101.67,102.02
2016-04-19,101.66,102.62,103.71,103.55,101.59,101.76,101.68,102.02
2016-04-20,101.63,102.63,103.71,103.55,101.59,101.76,101.70,102.03
2016-04-21,101.59,102.63,103.72,103.56,101.59,101.77,101.71,102.03
2016-04-22,101.56,102.63,103.73,103.57,101.60,101.77,101.72,102.04
2016-04-23,101.52,102.64,103.74,103.58,101.60,101.78,101.73,102.05
2016-04-24,101.49,102.64,103.75,103.59,101.61,101.78,101.74,102.05
2016-04-25,101.45,102.65,103.76,103.60,101.61,101.79,101.75,102.06
2016-04-26,101.42,102.65,103.77,103.60,101.62,101.79,101.76,102.06
2016-04-27,101.38,102.66,103.77,103.61,101.62,101.80,101.77,102.07
2016-04-28,101.35,102.66,103.78,103.62,101.63,101.80,101.78,102.08
2016-04-29,101.31,102.66,103.79,103.63,101.63,101.81,101.79,102.08
2016-04-30,101.28,102.67,103.80,103.64,101.64,101.81,101.80,102.09
2016-05-01,101.24,102.67,103.81,103.64,101.64,101.82,101.81,102.09
2016-05-02,101.19,102.67,103.81,103.65,101.65,101.82,101.81,102.10
2016-05-03,101.14,102.68,103.81,103.66,101.65,101.83,101.81,102.11
2016-05-04,101.09,102.68,103.81,103.67,101.66,101.83,101.81,102.11
2016-05-05,101.04,102.69,103.80,103.68,101.66,101.84,101.81,102.12
2016-05-06,100.99,102.69,103.80,103.69,101.67,101.84,101.81,102.12
2016-05-07,100.93,102.69,103.80,103.69,101.67,101.85,101.81,102.13
2016-05-08,100.88,102.70,103.80,103.70,101.67,101.85,101.81,102.13
2016-05-09,100.83,102.70,103.80,103.71,101.68,101.85,101.81,102.14
2016-05-10,100.78,102.71,103.80,103.72,101.68,101.86,101.81,102.15
2016-05-11,100.73,102.71,103.80,103.72,101.69,101.86,101.81,102.15
2016-05-12,100.68,102.71,103.80,103.73,101.69,101.87,101.81,102.16
2016-05-13,100.63,102.72,103.79,103.74,101.70,101.87,101.81,102.16
2016-05-14,100.58,102.72,103.79,103.75,101.70,101.88,101.81,102.17
2016-05-15,100.53,102.73,103.79,103.75,101.71,101.88,101.81,102.18
2016-05-16,100.48,102.73,103.79,103.76,101.71,101.89,101.81,102.18
2016-05-17,100.42,102.73,103.79,103.77,101.72,101.89,101.81,102.19
2016-05-18,100.37,102.74,103.79,103.78,101.72,101.90,101.81,102.19
2016-05-19,100.32,102.74,103.79,103.78,101.73,101.90,101.81,102.20
2016-05-20,100.27,102.75,103.79,103.79,101.73,101.91,101.81,102.21
2016-05-21,100.22,102.75,103.78,103.80,101.74,101.91,101.81,102.21
2016-05-22,100.17,102.76,103.78,103.81,101.74,101.92,101.82,102.22
2016-05-23,100.12,102.76,103.78,103.81,101.75,101.92,101.82,102.22
2016-05-24,100.07,102.77,103.78,103.82,101.75,101.93,101.82,102.23
2016-05-25,100.02,102.77,103.78,103.83,101.76,101.93,101.82,102.24
2016-05-26,99.97,102.78,103.78,103.83,101.76,101.94,101.82,102.24
2016-05-27,99.92,102.78,103.78,103.84,101.77,101.94,101.82,102.25
2016-05-28,99.86,102.79,103.77,103.85,101.77,101.94,101.82,102.25
2016-05-29,99.81,102.79,103.77,103.86,101.78,101.95,101.82,102.26
2016-05-30,99.76,102.80,103.77,103.87,101.78,101.95,101.82,102.27
2016-05-31,99.71,102.80,103.77,103.87,101.79,101.96,101.82,102.27
2016-06-01,99.66,102.81,103.77,103.88,101.79,101.96,101.82,102.28
2016-06-02,99.66,102.82,103.76,103.89,101.80,101.97,101.82,102.29
2016-06-03,99.66,102.82,103.75,103.90,101.80,101.97,101.82,102.29
2016-06-04,99.66,102.83,103.74,103.91,101.81,101.98,101.82,102.30
2016-06-05,99.66,102.84,103.73,103.91,101.81,101.98,101.82,102.31
2016-06-06,99.66,102.85,103.71,103.92,101.82,101.99,101.82,102.31
2016-06-07,99.66,102.85,103.70,103.93,101.82,102.00,101.82,102.32
2016-06-08,99.66,102.86,103.69,103.94,101.83,102.00,101.82,102.33
2016-06-09,99.66,102.87,103.68,103.95,101.83,102.01,101.82,102.34
2016-06-10,99.66,102.88,103.67,103.95,101.84,102.01,101.82,102.34
2016-06-11,99.66,102.88,103.66,103.96,101.84,102.02,101.82,102.35
2016-06-12,99.66,102.89,103.65,103.97,101.85,102.02,101.83,102.36
2016-06-13,99.66,102.90,103.64,103.98,101.86,102.03,101.83,102.36
2016-06-14,99.66,102.91,103.63,103.99,101.86,102.03,101.83,102.37
2016-06-15,99.66,102.92,103.62,104.00,101.87,102.04,101.83,102.38
2016-06-16,99.66,102.93,103.60,104.00,101.87,102.04,101.83,102.38
2016-06-17,99.66,102.94,103.59,104.01,101.88,102.05,101.83,102.39
2016-06-18,99.66,102.95,103.58,104.02,101.88,102.05,101.83,102.40
2016-06-19,99.65,102.95,103.57,104.03,101.89,102.06,101.83,102.40
2016-06-20,99.65,102.96,103.56,104.04,101.89,102.06,101.83,102.41
2016-06-21,99.65,102.97,103.55,104.05,101.90,102.07,101.83,102.42
2016-06-22,99.65,102.98,103.54,104.06,101.90,102.07,101.83,102.43
2016-06-23,99.65,102.99,103.53,104.06,101.91,102.08,101.83,102.43
2016-06-24,99.65,103.00,103.52,104.07,101.91,102.08,101.83,102.44
2016-06-25,99.65,103.01,103.51,104.08,101.92,102.09,101.83,102.45
2016-06-26,99.65,103.03,103.49,104.09,101.92,102.09,101.83,102.45
2016-06-27,99.65,103.04,103.48,104.10,101.93,102.10,101.84,102.46
2016-06-28,99.65,103.05,103.47,104.11,101.93,102.10,101.84,102.47
2016-06-29,99.65,103.06,103.46,104.11,101.94,102.11,101.84,102.47
2016-06-30,99.65,103.07,103.45,104.12,101.95,102.11,101.84,102.48
2016-07-01,99.65,103.08,103.44,104.13,101.95,102.12,101.84,102.49
2016-07-02,99.70,103.09,103.44,104.14,101.96,102.12,101.84,102.49
2016-07-03,99.74,103.10,103.44,104.15,101.96,102.13,101.85,102.50
2016-07-04,99.78,103.11,103.44,104.16,101.96,102.13,101.85,102.51
2016-07-05,99.83,103.13,103.44,104.17,101.97,102.14,101.86,102.51
2016-07-06,99.87,103.14,103.44,104.17,101.97,102.14,101.86,102.52
2016-07-07,99.92,103.15,103.44,104.18,101.98,102.15,101.87,102.53
2016-07-08,99.96,103.16,103.43,104.19,101.98,102.15,101.87,102.54
2016-07-09,100.00,103.17,103.43,104.20,101.99,102.16,101.87,102.54
2016-07-10,100.05,103.19,103.43,104.21,101.99,102.16,101.88,102.55
2016-07-11,100.09,103.20,103.43,104.22,102.00,102.17,101.88,102.56
2016-07-12,100.14,103.21,103.43,104.23,102.00,102.17,101.89,102.56
2016-07-13,100.18,103.23,103.43,104.23,102.00,102.18,101.89,102.57
2016-07-14,100.23,103.24,103.43,104.24,102.01,102.19,101.90,102.58
2016-07-15,100.27,103.25,103.43,104.25,102.01,102.19,101.90,102.59
2016-07-16,100.31,103.27,103.43,104.26,102.02,102.20,101.91,102.59
2016-07-17,100.36,103.28,103.43,104.27,102.02,102.20,101.91,102.60
2016-07-18,100.40,103.29,103.43,104.28,102.03,102.21,101.92,102.61
2016-07-19,100.45,103.31,103.43,104.28,102.03,102.21,101.92,102.62
2016-07-20,100.49,103.32,103.43,104.29,102.04,102.22,101.92,102.62
2016-07-21,100.54,103.33,103.43,104.30,102.04,102.22,101.93,102.63
2016-07-22,100.58,103.35,103.43,104.31,102.05,102.23,101.93,102.64
2016-07-23,100.62,103.36,103.43,104.32,102.05,102.23,101.94,102.65
2016-07-24,100.67,103.38,103.42,104.33,102.05,102.24,101.94,102.66
2016-07-25,100.71,103.39,103.42,104.33,102.06,102.24,101.95,102.66
2016-07-26,100.76,103.41,103.42,104.34,102.06,102.25,101.95,102.67
2016-07-27,100.80,103.42,103.42,104.35,102.07,102.25,101.96,102.68
2016-07-28,100.84,103.43,103.42,104.36,102.07,102.26,101.96,102.69
2016-07-29,100.89,103.45,103.42,104.37,102.08,102.26,101.96,102.70
2016-07-30,100.93,103.46,103.42,104.37,102.08,102.27,101.97,102.70
2016-07-31,100.98,103.48,103.42,104.38,102.09,102.27,101.97,102.71
2016-08-01,101.02,103.49,103.42,104.39,102.09,102.28,101.98,102.72
2016-08-02,101.18,103.51,103.42,104.40,102.09,102.28,101.98,102.73
2016-08-03,101.34,103.52,103.43,104.40,102.10,102.29,101.98,102.74
2016-08-04,101.50,103.54,103.43,104.41,102.10,102.29,101.99,102.74
2016-08-05,101.66,103.55,103.44,104.42,102.11,102.30,101.99,102.75
2016-08-06,101.81,103.56,103.44,104.43,102.11,102.30,101.99,102.76
2016-08-07,101.97,103.58,103.44,104.43,102.11,102.31,101.99,102.77
2016-08-08,102.13,103.59,103.45,104.44,102.12,102.31,101.99,102.78
2016-08-09,102.29,103.61,103.45,104.45,102.12,102.31,102.00,102.78
2016-08-10,102.45,103.62,103.45,104.46,102.13,102.32,102.00,102.79
2016-08-11,102.61,103.64,103.46,104.46,102.13,102.32,102.00,102.80
2016-08-12,102.77,103.65,103.46,104.47,102.13,102.33,102.00,102.81
2016-08-13,102.93,103.67,103.47,104.48,102.14,102.33,102.01,102.82
2016-08-14,103.08,103.68,103.47,104.48,102.14,102.34,102.01,102.82
2016-08-15,103.24,103.70,103.47,104.49,102.14,102.34,102.01,102.83
2016-08-16,103.40,103.71,103.48,104.50,102.15,102.35,102.01,102.84
2016-08-17,103.56,103.73,103.48,104.50,102.15,102.35,102.01,102.84
2016-08-18,103.72,103.74,103.49,104.51,102.16,102.36,102.02,102.85
2016-08-19,103.88,103.76,103.49,104.52,102.16,102.36,102.02,102.86
2016-08-20,104.04,103.77,103.49,104.52,102.16,102.37,102.02,102.87
2016-08-21,104.19,103.79,103.50,104.53,102.17,102.37,102.02,102.87
2016-08-22,104.35,103.80,103.50,104.54,102.17,102.37,102.03,102.88
2016-08-23,104.51,103.82,103.51,104.54,102.18,102.38,102.03,102.89
2016-08-24,104.67,103.83,103.51,104.55,102.18,102.38,102.03,102.89
2016-08-25,104.83,103.85,103.51,104.56,102.18,102.39,102.03,102.90
2016-08-26,104.99,103.86,103.52,104.56,102.19,102.39,102.03,102.91
2016-08-27,105.15,103.88,103.52,104.57,102.19,102.40,102.04,102.91
2016-08-28,105.31,103.89,103.52,104.58,102.19,102.40,102.04,102.92
2016-08-29,105.46,103.91,103.53,104.58,102.20,102.40,102.04,102.93
2016-08-30,105.62,103.92,103.53,104.59,102.20,102.41,102.04,102.94
2016-08-31,105.78,103.94,103.54,104.60,102.21,102.41,102.05,102.94
2016-09-01,105.94,103.95,103.54,104.60,102.21,102.42,102.05,102.95
2016-09-02,105.89,103.97,103.54,104.61,102.21,102.42,102.06,102.96
2016-09-03,105.84,103.99,103.53,104.62,102.22,102.43,102.08,102.96
2016-09-04,105.79,104.00,103.53,104.62,102.22,102.43,102.09,102.97
2016-09-05,105.75,104.02,103.52,104.63,102.22,102.43,102.11,102.98
2016-09-06,105.70,104.03,103.52,104.64,102.23,102.44,102.12,102.98
2016-09-07,105.65,104.05,103.51,104.65,102.23,102.44,102.14,102.99
2016-09-08,105.60,104.06,103.51,104.65,102.23,102.45,102.16,103.00
2016-09-09,105.55,104.07,103.50,104.66,102.24,102.45,102.17,103.00
2016-09-10,105.50,104.09,103.50,104.67,102.24,102.46,102.19,103.01
2016-09-11,105.45,104.10,103.49,104.67,102.24,102.46,102.20,103.02
2016-09-12,105.41,104.11,103.49,104.68,102.25,102.46,102.22,103.02
2016-09-13,105.36,104.12,103.48,104.69,102.25,102.47,102.23,103.03
2016-09-14,105.31,104.13,103.48,104.69,102.25,102.47,102.25,103.04
2016-09-15,105.26,104.14,103.47,104.70,102.26,102.48,102.26,103.05
2016-09-16,105.21,104.16,103.47,104.71,102.26,102.48,102.28,103.05
2016-09-17,105.16,104.17,103.47,104.71,102.26,102.48,102.29,103.06
2016-09-18,105.11,104.18,103.46,104.72,102.27,102.49,102.31,103.07
2016-09-19,105.06,104.19,103.46,104.72,102.27,102.49,102.32,103.08
2016-09-20,105.02,104.19,103.45,104.73,102.27,102.50,102.34,103.08
2016-09-21,104.97,104.20,103.45,104.74,102.28,102.50,102.36,103.09
2016-09-22,104.92,104.21,103.44,104.74,102.28,102.51,102.37,103.10
2016-09-23,104.87,104.22,103.44,104.75,102.28,102.51,102.39,103.11
2016-09-24,104.82,104.23,103.43,104.76,102.29,102.51,102.40,103.11
2016-09-25,104.77,104.23,103.43,104.76,102.29,102.52,102.42,103.12
2016-09-26,104.72,104.24,103.42,104.77,102.29,102.52,102.43,103.13
2016-09-27,104.68,104.25,103.42,104.78,102.30,102.53,102.45,103.14
2016-09-28,104.63,104.26,103.41,104.78,102.30,102.53,102.46,103.15
2016-09-29,104.58,104.26,103.41,104.79,102.30,102.54,102.48,103.15
2016-09-30,104.53,104.27,103.40,104.79,102.31,102.54,102.49,103.16
2016-10-01,104.48,104.27,103.40,104.80,102.31,102.55,102.51,103.17
2016-10-02,104.43,104.28,103.41,104.81,102.32,102.55,102.52,103.18
2016-10-03,104.38,104.28,103.41,104.81,102.32,102.55,102.52,103.19
2016-10-04,104.33,104.29,103.42,104.82,102.33,102.56,102.53,103.19
2016-10-05,104.28,104.29,103.42,104.82,102.33,102.56,102.54,103.20
2016-10-06,104.23,104.30,103.43,104.83,102.34,102.57,102.55,103.21
2016-10-07,104.18,104.30,103.44,104.84,102.34,102.57,102.55,103.22
2016-10-08,104.13,104.30,103.44,104.84,102.35,102.58,102.56,103.23
2016-10-09,104.08,104.31,103.45,104.85,102.35,102.58,102.57,103.24
2016-10-10,104.03,104.31,103.45,104.85,102.36,102.58,102.58,103.25
2016-10-11,103.98,104.31,103.46,104.86,102.36,102.59,102.58,103.25
2016-10-12,103.93,104.32,103.47,104.87,102.37,102.59,102.59,103.26
2016-10-13,103.88,104.32,103.47,104.87,102.37,102.60,102.60,103.27
2016-10-14,103.83,104.32,103.48,104.88,102.38,102.60,102.60,103.28
2016-10-15,103.78,104.33,103.49,104.88,102.38,102.61,102.61,103.29
2016-10-16,103.73,104.33,103.49,104.89,102.39,102.61,102.62,103.30
2016-10-17,103.68,104.33,103.50,104.90,102.39,102.62,102.63,103.31
2016-10-18,103.63,104.33,103.50,104.90,102.40,102.62,102.63,103.32
2016-10-19,103.58,104.34,103.51,104.91,102.40,102.63,102.64,103.32
2016-10-20,103.53,104.34,103.52,104.91,102.41,102.63,102.65,103.33
2016-10-21,103.48,104.34,103.52,104.92,102.41,102.63,102.66,103.34
2016-10-22,103.43,104.34,103.53,104.93,102.42,102.64,102.66,103.35
2016-10-23,103.38,104.34,103.53,104.93,102.42,102.64,102.67,103.36
2016-10-24,103.33,104.34,103.54,104.94,102.43,102.65,102.68,103.37
2016-10-25,103.28,104.35,103.55,104.94,102.43,102.65,102.69,103.38
2016-10-26,103.23,104.35,103.55,104.95,102.44,102.66,102.69,103.38
2016-10-27,103.18,104.35,103.56,104.96,102.45,102.66,102.70,103.39
2016-10-28,103.13,104.35,103.57,104.96,102.45,102.67,102.71,103.40
2016-10-29,103.08,104.35,103.57,104.97,102.46,102.67,102.72,103.41
2016-10-30,103.03,104.35,103.58,104.97,102.46,102.68,102.72,103.42
2016-10-31,102.98,104.36,103.58,104.98,102.47,102.68,102.73,103.43
2016-11-01,102.93,104.36,103.59,104.99,102.47,102.69,102.74,103.44
2016-11-02,102.97,104.36,103.57,104.99,102.48,102.69,102.75,103.44
2016-11-03,103.00,104.36,103.56,105.00,102.48,102.69,102.76,103.45
2016-11-04,103.04,104.36,103.54,105.00,102.49,102.70,102.77,103.46
2016-11-05,103.08,104.37,103.52,105.01,102.50,102.70,102.78,103.47
2016-11-06,103.11,104.37,103.51,105.02,102.50,102.71,102.79,103.48
2016-11-07,103.15,104.37,103.49,105.02,102.51,102.71,102.80,103.49
2016-11-08,103.18,104.37,103.48,105.03,102.52,102.72,102.81,103.49
2016-11-09,103.22,104.37,103.46,105.03,102.52,102.72,102.82,103.50
2016-11-10,103.26,104.38,103.44,105.04,102.53,102.73,102.83,103.51
2016-11-11,103.29,104.38,103.43,105.05,102.54,102.73,102.84,103.52
2016-11-12,103.33,104.38,103.41,105.05,102.54,102.74,102.85,103.53
2016-11-13,103.37,104.39,103.39,105.06,102.55,102.74,102.86,103.54
2016-11-14,103.40,104.39,103.38,105.07,102.56,102.74,102.87,103.55
2016-11-15,103.44,104.40,103.36,105.07,102.56,102.75,102.88,103.55
2016-11-16,103.48,104.40,103.34,105.08,102.57,102.75,102.89,103.56
2016-11-17,103.51,104.41,103.33,105.08,102.58,102.76,102.90,103.57
2016-11-18,103.55,104.41,103.31,105.09,102.58,102.76,102.91,103.58
2016-11-19,103.58,104.42,103.30,105.10,102.59,102.77,102.92,103.59
2016-11-20,103.62,104.42,103.28,105.10,102.60,102.77,102.93,103.60
2016-11-21,103.66,104.43,103.26,105.11,102.60,102.78,102.94,103.61
2016-11-22,103.69,104.43,103.25,105.12,102.61,102.78,102.96,103.62
2016-11-23,103.73,104.44,103.23,105.12,102.62,102.79,102.97,103.62
2016-11-24,103.77,104.45,103.21,105.13,102.62,102.79,102.98,103.63
2016-11-25,103.80,104.45,103.20,105.13,102.63,102.79,102.99,103.64
2016-11-26,103.84,104.46,103.18,105.14,102.64,102.80,103.00,103.65
2016-11-27,103.88,104.47,103.16,105.15,102.64,102.80,103.01,103.66
2016-11-28,103.91,104.48,103.15,105.15,102.65,102.81,103.02,103.67
2016-11-29,103.95,104.49,103.13,105.16,102.66,102.81,103.03,103.68
2016-11-30,103.98,104.49,103.12,105.17,102.66,102.82,103.04,103.69
2016-12-01,104.02,104.50,103.10,105.17,102.67,102.82,103.05,103.70
2016-12-02,104.12,104.51,103.21,105.18,102.68,102.83,103.07,103.71
2016-12-03,104.22,104.52,103.31,105.19,102.68,102.83,103.09,103.72
2016-12-04,104.32,104.53,103.42,105.19,102.69,102.83,103.12,103.72
2016-12-05,104.43,104.54,103.53,105.20,102.69,102.84,103.14,103.73
2016-12-06,104.53,104.55,103.64,105.20,102.70,102.84,103.16,103.74
2016-12-07,104.63,104.56,103.74,105.21,102.70,102.85,103.18,103.75
2016-12-08,104.73,104.57,103.85,105.22,102.71,102.85,103.20,103.76
2016-12-09,104.83,104.58,103.96,105.23,102.71,102.86,103.23,103.77
2016-12-10,104.93,104.60,104.07,105.23,102.71,102.86,103.25,103.78
2016-12-11,105.03,104.61,104.17,105.24,102.72,102.87,103.27,103.79
2016-12-12,105.14,104.62,104.28,105.25,102.72,102.87,103.29,103.80
2016-12-13,105.24,104.63,104.39,105.25,102.73,102.88,103.32,103.81
2016-12-14,105.34,104.65,104.50,105.26,102.73,102.88,103.34,103.82
2016-12-15,105.44,104.66,104.60,105.27,102.74,102.88,103.36,103.83
2016-12-16,105.54,104.67,104.71,105.28,102.74,102.89,103.38,103.84
2016-12-17,105.64,104.69,104.82,105.29,102.75,102.89,103.40,103.85
2016-12-18,105.74,104.70,104.93,105.29,102.75,102.90,103.43,103.86
2016-12-19,105.84,104.71,105.03,105.30,102.76,102.90,103.45,103.87
2016-12-20,105.95,104.73,105.14,105.31,102.76,102.91,103.47,103.88
2016-12-21,106.05,104.74,105.25,105.32,102.77,102.91,103.49,103.89
2016-12-22,106.15,104.76,105.36,105.33,102.77,102.91,103.52,103.90
2016-12-23,106.25,104.77,105.46,105.34,102.78,102.92,103.54,103.91
2016-12-24,106.35,104.79,105.57,105.35,102.78,102.92,103.56,103.92
2016-12-25,106.45,104.80,105.68,105.36,102.79,102.93,103.58,103.93
2016-12-26,106.55,104.82,105.78,105.36,102.79,102.93,103.60,103.94
2016-12-27,106.65,104.84,105.89,105.37,102.80,102.93,103.63,103.95
2016-12-28,106.76,104.85,106.00,105.38,102.80,102.94,103.65,103.96
2016-12-29,106.86,104.87,106.11,105.39,102.81,102.94,103.67,103.97
2016-12-30,106.96,104.88,106.21,105.40,102.81,102.95,103.69,103.98
2016-12-31,107.06,104.90,106.32,105.41,102.82,102.95,103.72,103.99
2017-01-01,107.16,104.92,106.43,105.42,102.82,102.95,103.74,104.00
2017-01-02,107.16,104.93,106.43,105.43,102.83,102.96,103.75,104.01
2017-01-03,107.17,104.95,106.44,105.44,102.83,102.96,103.76,104.02
2017-01-04,107.17,104.96,106.44,105.45,102.84,102.97,103.77,104.02
2017-01-05,107.17,104.98,106.44,105.46,102.84,102.97,103.78,104.03
2017-01-06,107.18,105.00,106.45,105.47,102.85,102.97,103.79,104.04
2017-01-07,107.18,105.01,106.45,105.48,102.86,102.98,103.80,104.05
2017-01-08,107.18,105.03,106.45,105.49,102.86,102.98,103.81,104.06
2017-01-09,107.19,105.04,106.46,105.50,102.87,102.98,103.82,104.07
2017-01-10,107.19,105.06,106.46,105.51,102.87,102.99,103.83,104.08
2017-01-11,107.19,105.07,106.47,105.52,102.88,102.99,103.84,104.08
2017-01-12,107.20,105.09,106.47,105.53,102.89,103.00,103.85,104.09
2017-01-13,107.20,105.11,106.47,105.54,102.89,103.00,103.86,104.10
2017-01-14,107.20,105.12,106.48,105.55,102.90,103.00,103.87,104.11
2017-01-15,107.21,105.14,106.48,105.56,102.90,103.01,103.88,104.12
2017-01-16,107.21,105.15,106.48,105.57,102.91,103.01,103.89,104.13
2017-01-17,107.21,105.16,106.49,105.58,102.91,103.02,103.90,104.14
2017-01-18,107.22,105.18,106.49,105.59,102.92,103.02,103.91,104.14
2017-01-19,107.22,105.19,106.49,105.60,102.93,103.02,103.92,104.15
2017-01-20,107.22,105.21,106.50,105.61,102.93,103.03,103.93,104.16
2017-01-21,107.23,105.22,106.50,105.62,102.94,103.03,103.94,104.17
2017-01-22,107.23,105.24,106.50,105.63,102.94,103.04,103.95,104.18
2017-01-23,107.23,105.25,106.51,105.64,102.95,103.04,103.96,104.19
2017-01-24,107.24,105.26,106.51,105.65,102.95,103.04,103.97,104.20
2017-01-25,107.24,105.28,106.52,105.66,102.96,103.05,103.98,104.21
2017-01-26,107.24,105.29,106.52,105.66,102.97,103.05,103.99,104.22
2017-01-27,107.25,105.30,106.52,105.67,102.97,103.06,104.00,104.23
2017-01-28,107.25,105.31,106.53,105.68,102.98,103.06,104.01,104.24
2017-01-29,107.25,105.33,106.53,105.69,102.98,103.06,104.02,104.25
2017-01-30,107.25,105.34,106.53,105.70,102.99,103.07,104.03,104.25
2017-01-31,107.26,105.35,106.54,105.71,102.99,103.07,104.04,104.26
2017-02-01,107.26,105.36,106.54,105.72,103.00,103.08,104.05,104.27
2017-02-02,107.23,105.38,106.54,105.73,103.01,103.08,104.06,104.28
2017-02-03,107.19,105.39,106.54,105.74,103.01,103.08,104.07,104.29
2017-02-04,107.16,105.40,106.54,105.75,103.02,103.09,104.09,104.30
2017-02-05,107.13,105.41,106.55,105.76,103.02,103.09,104.10,104.31
2017-02-06,107.09,105.42,106.55,105.76,103.03,103.10,104.11,104.32
2017-02-07,107.06,105.43,106.55,105.77,103.04,103.10,104.13,104.33
2017-02-08,107.03,105.44,106.55,105.78,103.04,103.11,104.14,104.34
2017-02-09,106.99,105.46,106.55,105.79,103.05,103.11,104.15,104.36
2017-02-10,106.96,105.47,106.55,105.80,103.06,103.11,104.17,104.37
2017-02-11,106.93,105.48,106.55,105.81,103.06,103.12,104.18,104.38
2017-02-12,106.89,105.49,106.56,105.82,103.07,103.12,104.19,104.39
2017-02-13,106.86,105.50,106.56,105.82,103.07,103.13,104.21,104.40
2017-02-14,106.82,105.51,106.56,105.83,103.08,103.13,104.22,104.41
2017-02-15,106.79,105.52,106.56,105.84,103.09,103.14,104.23,104.42
2017-02-16,106.76,105.52,106.56,105.85,103.09,103.14,104.25,104.43
2017-02-17,106.72,105.53,106.56,105.86,103.10,103.15,104.26,104.44
2017-02-18,106.69,105.54,106.56,105.86,103.10,103.15,104.27,104.45
2017-02-19,106.66,105.55,106.57,105.87,103.11,103.15,104.29,104.46
2017-02-20,106.62,105.56,106.57,105.88,103.12,103.16,104.30,104.47
2017-02-21,106.59,105.57,106.57,105.89,103.12,103.16,104.31,104.49
2017-02-22,106.56,105.58,106.57,105.90,103.13,103.17,104.33,104.50
2017-02-23,106.52,105.58,106.57,105.90,103.13,103.17,104.34,104.51
2017-02-24,106.49,105.59,106.57,105.91,103.14,103.18,104.35,104.52
2017-02-25,106.46,105.60,106.57,105.92,103.15,103.18,104.37,104.53
2017-02-26,106.42,105.61,106.58,105.93,103.15,103.19,104.38,104.54
2017-02-27,106.39,105.61,106.58,105.93,103.16,103.19,104.39,104.56
2017-02-28,106.35,105.62,106.58,105.94,103.16,103.19,104.41,104.57
2017-03-01,106.32,105.63,106.58,105.95,103.17,103.20,104.42,104.58
2017-03-02,106.28,105.63,106.57,105.95,103.18,103.20,104.44,104.59
2017-03-03,106.25,105.64,106.55,105.96,103.18,103.21,104.47,104.60
2017-03-04,106.21,105.65,106.54,105.97,103.19,103.21,104.49,104.61
2017-03-05,106.18,105.65,106.52,105.98,103.19,103.22,104.52,104.63
2017-03-06,106.14,105.66,106.51,105.98,103.19,103.22,104.55,104.64
2017-03-07,106.10,105.66,106.49,105.99,103.20,103.23,104.57,104.65
2017-03-08,106.07,105.67,106.48,106.00,103.20,103.23,104.60,104.66
2017-03-09,106.03,105.68,106.46,106.00,103.21,103.23,104.62,104.68
2017-03-10,105.99,105.68,106.45,106.01,103.21,103.24,104.65,104.69
2017-03-11,105.96,105.69,106.43,106.02,103.22,103.24,104.67,104.70
2017-03-12,105.92,105.69,106.42,106.02,103.22,103.25,104.70,104.71
2017-03-13,105.88,105.69,106.40,106.03,103.23,103.25,104.72,104.72
2017-03-14,105.85,105.70,106.39,106.04,103.23,103.26,104.75,104.74
2017-03-15,105.81,105.70,106.37,106.04,103.24,103.26,104.77,104.75
2017-03-16,105.77,105.71,106.36,106.05,103.24,103.27,104.80,104.76
2017-03-17,105.74,105.71,106.34,106.05,103.25,103.27,104.83,104.78
2017-03-18,105.70,105.71,106.33,106.06,103.25,103.28,104.85,104.79
2017-03-19,105.66,105.72,106.31,106.07,103.26,103.28,104.88,104.80
2017-03-20,105.63,105.72,106.30,106.07,103.26,103.28,104.90,104.81
2017-03-21,105.59,105.72,106.28,106.08,103.27,103.29,104.93,104.83
2017-03-22,105.56,105.73,106.27,106.09,103.27,103.29,104.95,104.84
2017-03-23,105.52,105.73,106.25,106.09,103.28,103.30,104.98,104.85
2017-03-24,105.48,105.73,106.24,106.10,103.28,103.30,105.00,104.86
2017-03-25,105.45,105.73,106.22,106.10,103.29,103.31,105.03,104.88
2017-03-26,105.41,105.73,106.21,106.11,103.29,103.31,105.06,104.89
2017-03-27,105.37,105.74,106.19,106.12,103.30,103.32,105.08,104.90
2017-03-28,105.34,105.74,106.18,106.12,103.30,103.32,105.11,104.92
2017-03-29,105.30,105.74,106.16,106.13,103.31,103.32,105.13,104.93
2017-03-30,105.26,105.74,106.15,106.13,103.31,103.33,105.16,104.94
2017-03-31,105.23,105.74,106.14,106.14,103.32,103.33,105.18,104.95
2017-04-01,105.19,105.75,106.12,106.15,103.32,103.34,105.21,104.97
2017-04-02,105.18,105.75,106.14,106.15,103.33,103.34,105.22,104.98
2017-04-03,105.17,105.75,106.15,106.16,103.33,103.35,105.24,104.99
2017-04-04,105.16,105.75,106.17,106.16,103.34,103.35,105.25,105.01
2017-04-05,105.15,105.75,106.18,106.17,103.34,103.36,105.27,105.02
2017-04-06,105.13,105.75,106.20,106.18,103.35,103.36,105.28,105.03
2017-04-07,105.12,105.75,106.21,106.18,103.36,103.37,105.29,105.04
2017-04-08,105.11,105.75,106.23,106.19,103.36,103.37,105.31,105.06
2017-04-09,105.10,105.75,106.24,106.19,103.37,103.38,105.32,105.07
2017-04-10,105.09,105.75,106.26,106.20,103.37,103.38,105.34,105.08
2017-04-11,105.08,105.76,106.27,106.21,103.38,103.38,105.35,105.10
2017-04-12,105.07,105.76,106.29,106.21,103.39,103.39,105.37,105.11
2017-04-13,105.05,105.76,106.30,106.22,103.39,103.39,105.38,105.12
2017-04-14,105.04,105.76,106.32,106.22,103.40,103.40,105.39,105.14
2017-04-15,105.03,105.76,106.33,106.23,103.40,103.40,105.41,105.15
2017-04-16,105.02,105.76,106.35,106.24,103.41,103.41,105.42,105.16
2017-04-17,105.01,105.76,106.36,106.24,103.42,103.41,105.44,105.18
2017-04-18,105.00,105.77,106.38,106.25,103.42,103.42,105.45,105.19
2017-04-19,104.99,105.77,106.39,106.26,103.43,103.42,105.47,105.20
2017-04-20,104.98,105.77,106.41,106.26,103.44,103.43,105.48,105.22
2017-04-21,104.96,105.77,106.42,106.27,103.44,103.43,105.49,105.23
2017-04-22,104.95,105.77,106.44,106.28,103.45,103.43,105.51,105.24
2017-04-23,104.94,105.78,106.45,106.28,103.45,103.44,105.52,105.26
2017-04-24,104.93,105.78,106.47,106.29,103.46,103.44,105.54,105.27
2017-04-25,104.92,105.78,106.48,106.30,103.47,103.45,105.55,105.28
2017-04-26,104.91,105.78,106.50,106.30,103.47,103.45,105.57,105.30
2017-04-27,104.90,105.78,106.51,106.31,103.48,103.46,105.58,105.31
2017-04-28,104.89,105.79,106.53,106.32,103.48,103.46,105.59,105.32
2017-04-29,104.87,105.79,106.54,106.32,103.49,103.47,105.61,105.34
2017-04-30,104.86,105.79,106.56,106.33,103.50,103.47,105.62,105.35
2017-05-01,104.85,105.80,106.57,106.34,103.50,103.48,105.64,105.36
2017-05-02,104.83,105.80,106.55,106.34,103.50,103.48,105.65,105.38
2017-05-03,104.80,105.80,106.53,106.35,103.51,103.49,105.67,105.39
2017-05-04,104.78,105.80,106.52,106.36,103.51,103.49,105.68,105.41
2017-05-05,104.75,105.81,106.50,106.36,103.51,103.49,105.70,105.42
2017-05-06,104.73,105.81,106.48,106.37,103.51,103.50,105.71,105.43
2017-05-07,104.70,105.82,106.46,106.38,103.52,103.50,105.72,105.45
2017-05-08,104.68,105.82,106.44,106.38,103.52,103.51,105.74,105.46
2017-05-09,104.66,105.82,106.43,106.39,103.52,103.51,105.75,105.47
2017-05-10,104.63,105.83,106.41,106.40,103.52,103.52,105.77,105.49
2017-05-11,104.61,105.83,106.39,106.40,103.53,103.52,105.78,105.50
2017-05-12,104.58,105.84,106.37,106.41,103.53,103.53,105.80,105.51
2017-05-13,104.56,105.84,106.35,106.42,103.53,103.53,105.81,105.53
2017-05-14,104.53,105.85,106.33,106.42,103.53,103.53,105.83,105.54
2017-05-15,104.51,105.85,106.32,106.43,103.54,103.54,105.84,105.56
2017-05-16,104.48,105.85,106.30,106.44,103.54,103.54,105.86,105.57
2017-05-17,104.46,105.86,106.28,106.44,103.54,103.55,105.87,105.58
2017-05-18,104.43,105.87,106.26,106.45,103.54,103.55,105.88,105.60
2017-05-19,104.41,105.87,106.24,106.45,103.55,103.56,105.90,105.61
2017-05-20,104.39,105.88,106.23,106.46,103.55,103.56,105.91,105.63
2017-05-21,104.36,105.88,106.21,106.46,103.55,103.56,105.93,105.64
2017-05-22,104.34,105.89,106.19,106.47,103.55,103.57,105.94,105.65
2017-05-23,104.31,105.89,106.17,106.48,103.56,103.57,105.96,105.67
2017-05-24,104.29,105.90,106.15,106.48,103.56,103.58,105.97,105.68
2017-05-25,104.26,105.90,106.14,106.49,103.56,103.58,105.99,105.70
2017-05-26,104.24,105.91,106.12,106.49,103.57,103.59,106.00,105.71
2017-05-27,104.21,105.92,106.10,106.50,103.57,103.59,106.02,105.72
2017-05-28,104.19,105.92,106.08,106.50,103.57,103.59,106.03,105.73
2017-05-29,104.16,105.93,106.06,106.51,103.57,103.60,106.04,105.75
2017-05-30,104.14,105.93,106.05,106.51,103.58,103.60,106.06,105.76
2017-05-31,104.12,105.94,106.03,106.52,103.58,103.61,106.07,105.77
2017-06-01,104.09,105.95,106.01,106.52,103.58,103.61,106.09,105.78
2017-06-02,104.10,105.95,106.02,106.53,103.58,103.61,106.10,105.80
2017-06-03,104.11,105.96,106.03,106.53,103.58,103.62,106.12,105.81
2017-06-04,104.12,105.97,106.04,106.54,103.59,103.62,106.13,105.82
2017-06-05,104.13,105.97,106.04,106.54,103.59,103.63,106.15,105.83
2017-06-06,104.14,105.98,106.05,106.55,103.59,103.63,106.16,105.84
2017-06-07,104.15,105.99,106.06,106.55,103.59,103.63,106.18,105.85
2017-06-08,104.16,105.99,106.07,106.55,103.59,103.64,106.20,105.87
2017-06-09,104.17,106.00,106.08,106.56,103.60,103.64,106.21,105.88
2017-06-10,104.18,106.01,106.09,106.56,103.60,103.64,106.23,105.89
2017-06-11,104.19,106.01,106.10,106.57,103.60,103.65,106.24,105.90
2017-06-12,104.20,106.02,106.10,106.57,103.60,103.65,106.26,105.91
2017-06-13,104.21,106.03,106.11,106.58,103.60,103.66,106.27,105.92
2017-06-14,104.22,106.04,106.12,106.58,103.61,103.66,106.29,105.94
2017-06-15,104.23,106.05,106.13,106.58,103.61,103.66,106.30,105.95
2017-06-16,104.24,106.05,106.14,106.59,103.61,103.67,106.32,105.96
2017-06-17,104.25,106.06,106.15,106.59,103.61,103.67,106.33,105.97
2017-06-18,104.26,106.07,106.16,106.60,103.61,103.67,106.35,105.98
2017-06-19,104.27,106.08,106.17,106.60,103.62,103.68,106.36,105.99
2017-06-20,104.28,106.09,106.17,106.60,103.62,103.68,106.38,106.01
2017-06-21,104.29,106.10,106.18,106.61,103.62,103.68,106.39,106.02
2017-06-22,104.30,106.11,106.19,106.61,103.62,103.69,106.41,106.03
2017-06-23,104.31,106.12,106.20,106.61,103.62,103.69,106.43,106.04
2017-06-24,104.32,106.13,106.21,106.62,103.63,103.69,106.44,106.05
2017-06-25,104.33,106.14,106.22,106.62,103.63,103.70,106.46,106.06
2017-06-26,104.34,106.15,106.23,106.63,103.63,103.70,106.47,106.08
2017-06-27,104.35,106.16,106.24,106.63,103.63,103.70,106.49,106.09
2017-06-28,104.36,106.17,106.24,106.63,103.63,103.71,106.50,106.10
2017-06-29,104.37,106.18,106.25,106.64,103.64,103.71,106.52,106.11
2017-06-30,104.38,106.19,106.26,106.64,103.64,103.71,106.53,106.12
2017-07-01,104.39,106.21,106.27,106.64,103.64,103.72,106.55,106.14
2017-07-02,104.49,106.22,106.27,106.65,103.64,103.72,106.55,106.15
2017-07-03,104.59,106.23,106.26,106.65,103.65,103.72,106.56,106.16
2017-07-04,104.69,106.24,106.26,106.65,103.65,103.73,106.56,106.17
2017-07-05,104.79,106.25,106.26,106.66,103.65,103.73,106.57,106.18
2017-07-06,104.89,106.26,106.26,106.66,103.65,103.73,106.57,106.20
2017-07-07,104.99,106.28,106.25,106.66,103.65,103.74,106.58,106.21
2017-07-08,105.09,106.29,106.25,106.67,103.66,103.74,106.58,106.22
2017-07-09,105.19,106.30,106.25,106.67,103.66,103.74,106.59,106.23
2017-07-10,105.29,106.32,106.24,106.67,103.66,103.75,106.59,106.24
2017-07-11,105.39,106.33,106.24,106.68,103.66,103.75,106.60,106.26
2017-07-12,105.49,106.34,106.24,106.68,103.67,103.75,106.60,106.27
2017-07-13,105.59,106.36,106.24,106.68,103.67,103.76,106.61,106.28
2017-07-14,105.70,106.37,106.23,106.68,103.67,103.76,106.61,106.29
2017-07-15,105.80,106.38,106.23,106.69,103.67,103.76,106.62,106.30
2017-07-16,105.90,106.40,106.23,106.69,103.67,103.76,106.62,106.32
2017-07-17,106.00,106.41,106.22,106.69,103.68,103.77,106.63,106.33
2017-07-18,106.10,106.43,106.22,106.70,103.68,103.77,106.63,106.34
2017-07-19,106.20,106.44,106.22,106.70,103.68,103.77,106.64,106.35
2017-07-20,106.30,106.46,106.21,106.70,103.68,103.78,106.64,106.36
2017-07-21,106.40,106.47,106.21,106.71,103.69,103.78,106.65,106.38
2017-07-22,106.50,106.49,106.21,106.71,103.69,103.78,106.65,106.39
2017-07-23,106.60,106.50,106.21,106.71,103.69,103.78,106.65,106.40
2017-07-24,106.70,106.52,106.20,106.71,103.69,103.79,106.66,106.41
2017-07-25,106.80,106.53,106.20,106.72,103.70,103.79,106.66,106.43
2017-07-26,106.90,106.55,106.20,106.72,103.70,103.79,106.67,106.44
2017-07-27,107.00,106.57,106.19,106.72,103.70,103.80,106.67,106.45
2017-07-28,107.10,106.58,106.19,106.72,103.70,103.80,106.68,106.46
2017-07-29,107.20,106.60,106.19,106.73,103.70,103.80,106.68,106.47
2017-07-30,107.30,106.61,106.19,106.73,103.71,103.80,106.69,106.49
2017-07-31,107.40,106.63,106.18,106.73,103.71,103.81,106.69,106.50
2017-08-01,107.50,106.64,106.18,106.73,103.71,103.81,106.70,106.51
2017-08-02,107.54,106.66,106.18,106.74,103.71,103.81,106.71,106.52
2017-08-03,107.59,106.68,106.18,106.74,103.71,103.81,106.73,106.54
2017-08-04,107.63,106.69,106.18,106.74,103.72,103.82,106.75,106.55
2017-08-05,107.67,106.71,106.18,106.74,103.72,103.82,106.76,106.56
2017-08-06,107.72,106.72,106.18,106.75,103.72,103.82,106.78,106.57
2017-08-07,107.76,106.74,106.18,106.75,103.72,103.83,106.79,106.59
2017-08-08,107.80,106.75,106.18,106.75,103.72,103.83,106.81,106.60
2017-08-09,107.85,106.77,106.19,106.76,103.72,103.83,106.82,106.61
2017-08-10,107.89,106.78,106.19,106.76,103.73,103.83,106.84,106.63
2017-08-11,107.93,106.80,106.19,106.76,103.73,103.84,106.86,106.64
2017-08-12,107.98,106.81,106.19,106.76,103.73,103.84,106.87,106.65
2017-08-13,108.02,106.83,106.19,106.77,103.73,103.84,106.89,106.67
2017-08-14,108.06,106.84,106.19,106.77,103.73,103.84,106.90,106.68
2017-08-15,108.11,106.86,106.19,106.77,103.73,103.85,106.92,106.69
2017-08-16,108.15,106.87,106.19,106.77,103.73,103.85,106.94,106.71
2017-08-17,108.19,106.88,106.19,106.78,103.74,103.85,106.95,106.72
2017-08-18,108.24,106.90,106.19,106.78,103.74,103.85,106.97,106.74
2017-08-19,108.28,106.91,106.19,106.78,103.74,103.86,106.98,106.75
2017-08-20,108.32,106.92,106.19,106.78,103.74,103.86,107.00,106.77
2017-08-21,108.37,106.94,106.19,106.79,103.74,103.86,107.01,106.78
2017-08-22,108.41,106.95,106.19,106.79,103.74,103.87,107.03,106.79
2017-08-23,108.45,106.96,106.19,106.79,103.75,103.87,107.05,106.81
2017-08-24,108.50,106.97,106.19,106.80,103.75,103.87,107.06,106.82
2017-08-25,108.54,106.98,106.20,106.80,103.75,103.87,107.08,106.84
2017-08-26,108.58,106.99,106.20,106.80,103.75,103.88,107.09,106.85
2017-08-27,108.63,107.00,106.20,106.80,103.75,103.88,107.11,106.87
2017-08-28,108.67,107.01,106.20,106.81,103.75,103.88,107.13,106.88
2017-08-29,108.71,107.02,106.20,106.81,103.76,103.88,107.14,106.90
2017-08-30,108.75,107.03,106.20,106.81,103.76,103.89,107.16,106.91
2017-08-31,108.80,107.04,106.20,106.82,103.76,103.89,107.17,106.92
2017-09-01,108.84,107.05,106.20,106.82,103.76,103.89,107.19,106.94
2017-09-02,108.75,107.05,106.21,106.82,103.76,103.90,107.20,106.95
2017-09-03,108.66,107.06,106.22,106.83,103.76,103.90,107.21,106.97
2017-09-04,108.57,107.07,106.23,106.83,103.76,103.90,107.22,106.98
2017-09-05,108.48,107.08,106.24,106.83,103.76,103.90,107.23,107.00
2017-09-06,108.39,107.08,106.25,106.84,103.77,103.91,107.24,107.01
2017-09-07,108.31,107.09,106.26,106.84,103.77,103.91,107.25,107.02
2017-09-08,108.22,107.09,106.27,106.84,103.77,103.91,107.26,107.04
2017-09-09,108.13,107.10,106.28,106.85,103.77,103.91,107.27,107.05
2017-09-10,108.04,107.10,106.29,106.85,103.77,103.92,107.28,107.07
2017-09-11,107.95,107.11,106.30,106.85,103.77,103.92,107.30,107.08
2017-09-12,107.86,107.11,106.31,106.86,103.77,103.92,107.31,107.10
2017-09-13,107.77,107.12,106.32,106.86,103.77,103.92,107.32,107.11
2017-09-14,107.68,107.12,106.33,106.86,103.77,103.93,107.33,107.13
2017-09-15,107.59,107.12,106.34,106.87,103.77,103.93,107.34,107.14
2017-09-16,107.50,107.12,106.35,106.87,103.78,103.93,107.35,107.15
2017-09-17,107.41,107.13,106.36,106.87,103.78,103.93,107.36,107.17
2017-09-18,107.32,107.13,106.37,106.88,103.78,103.94,107.37,107.18
2017-09-19,107.23,107.13,106.38,106.88,103.78,103.94,107.38,107.20
2017-09-20,107.14,107.13,106.39,106.88,103.78,103.94,107.39,107.21
2017-09-21,107.05,107.13,106.40,106.89,103.78,103.95,107.40,107.23
2017-09-22,106.96,107.14,106.41,106.89,103.78,103.95,107.41,107.24
2017-09-23,106.88,107.14,106.42,106.89,103.78,103.95,107.42,107.26
2017-09-24,106.79,107.14,106.43,106.90,103.78,103.95,107.43,107.27
2017-09-25,106.70,107.14,106.44,106.90,103.79,103.96,107.44,107.29
2017-09-26,106.61,107.14,106.45,106.90,103.79,103.96,107.46,107.30
2017-09-27,106.52,107.14,106.46,106.91,103.79,103.96,107.47,107.32
2017-09-28,106.43,107.14,106.47,106.91,103.79,103.96,107.48,107.33
2017-09-29,106.34,107.14,106.48,106.91,103.79,103.97,107.49,107.35
2017-09-30,106.25,107.13,106.49,106.92,103.79,103.97,107.50,107.36
2017-10-01,106.16,107.13,106.50,106.92,103.79,103.97,107.51,107.38
2017-10-02,106.07,107.13,106.49,106.92,103.79,103.97,107.51,107.39
2017-10-03,105.97,107.13,106.47,106.93,103.80,103.98,107.52,107.40
2017-10-04,105.87,107.13,106.46,106.93,103.80,103.98,107.52,107.42
2017-10-05,105.78,107.13,106.45,106.93,103.80,103.98,107.53,107.43
2017-10-06,105.68,107.13,106.44,106.94,103.81,103.99,107.53,107.45
2017-10-07,105.59,107.13,106.42,106.94,103.81,103.99,107.54,107.46
2017-10-08,105.49,107.12,106.41,106.94,103.81,103.99,107.54,107.48
2017-10-09,105.40,107.12,106.40,106.95,103.82,103.99,107.54,107.49
2017-10-10,105.30,107.12,106.38,106.95,103.82,104.00,107.55,107.51
2017-10-11,105.21,107.12,106.37,106.95,103.82,104.00,107.55,107.52
2017-10-12,105.11,107.12,106.36,106.96,103.83,104.00,107.56,107.54
2017-10-13,105.01,107.12,106.35,106.96,103.83,104.00,107.56,107.55
2017-10-14,104.92,107.11,106.33,106.96,103.83,104.01,107.57,107.57
2017-10-15,104.82,107.11,106.32,106.97,103.84,104.01,107.57,107.58
2017-10-16,104.73,107.11,106.31,106.97,103.84,104.01,107.58,107.60
2017-10-17,104.63,107.11,106.29,106.97,103.84,104.01,107.58,107.61
2017-10-18,104.54,107.11,106.28,106.97,103.85,104.02,107.58,107.63
2017-10-19,104.44,107.10,106.27,106.98,103.85,104.02,107.59,107.64
2017-10-20,104.35,107.10,106.26,106.98,103.85,104.02,107.59,107.66
2017-10-21,104.25,107.10,106.24,106.98,103.86,104.03,107.60,107.67
2017-10-22,104.16,107.10,106.23,106.99,103.86,104.03,107.60,107.69
2017-10-23,104.06,107.10,106.22,106.99,103.86,104.03,107.61,107.70
2017-10-24,103.96,107.10,106.20,106.99,103.87,104.03,107.61,107.72
2017-10-25,103.87,107.10,106.19,106.99,103.87,104.04,107.62,107.73
2017-10-26,103.77,107.10,106.18,107.00,103.87,104.04,107.62,107.75
2017-10-27,103.68,107.09,106.16,107.00,103.88,104.04,107.63,107.76
2017-10-28,103.58,107.09,106.15,107.00,103.88,104.04,107.63,107.78
2017-10-29,103.49,107.09,106.14,107.00,103.88,104.05,107.63,107.79
2017-10-30,103.39,107.09,106.13,107.01,103.88,104.05,107.64,107.80
2017-10-31,103.30,107.09,106.11,107.01,103.89,104.05,107.64,107.82
2017-11-01,103.20,107.09,106.10,107.01,103.89,104.05,107.65,107.83
2017-11-02,103.24,107.09,106.10,107.01,103.89,104.06,107.65,107.85
2017-11-03,103.28,107.09,106.11,107.01,103.89,104.06,107.65,107.86
2017-11-04,103.32,107.09,106.11,107.02,103.89,104.06,107.66,107.88
2017-11-05,103.37,107.09,106.11,107.02,103.89,104.06,107.66,107.89
2017-11-06,103.41,107.10,106.12,107.02,103.89,104.07,107.66,107.91
2017-11-07,103.45,107.10,106.12,107.02,103.89,104.07,107.67,107.92
2017-11-08,103.49,107.10,106.13,107.03,103.89,104.07,107.67,107.94
2017-11-09,103.53,107.10,106.13,107.03,103.89,104.07,107.67,107.95
2017-11-10,103.57,107.11,106.13,107.03,103.89,104.08,107.68,107.97
2017-11-11,103.61,107.11,106.14,107.03,103.89,104.08,107.68,107.98
2017-11-12,103.66,107.11,106.14,107.04,103.89,104.08,107.68,107.99
2017-11-13,103.70,107.12,106.14,107.04,103.89,104.08,107.68,108.01
2017-11-14,103.74,107.12,106.15,107.04,103.90,104.08,107.69,108.02
2017-11-15,103.78,107.13,106.15,107.04,103.90,104.09,107.69,108.04
2017-11-16,103.82,107.13,106.16,107.04,103.90,104.09,107.69,108.05
2017-11-17,103.86,107.14,106.16,107.05,103.90,104.09,107.70,108.07
2017-11-18,103.90,107.15,106.16,107.05,103.90,104.09,107.70,108.08
2017-11-19,103.94,107.15,106.17,107.05,103.90,104.10,107.70,108.09
2017-11-20,103.99,107.16,106.17,107.05,103.90,104.10,107.71,108.11
2017-11-21,104.03,107.17,106.17,107.06,103.90,104.10,107.71,108.12
2017-11-22,104.07,107.18,106.18,107.06,103.90,104.10,107.71,108.14
2017-11-23,104.11,107.18,106.18,107.06,103.90,104.10,107.71,108.15
2017-11-24,104.15,107.19,106.18,107.06,103.90,104.10,107.72,108.16
2017-11-25,104.19,107.20,106.19,107.06,103.90,104.11,107.72,108.18
2017-11-26,104.23,107.21,106.19,107.07,103.90,104.11,107.72,108.19
2017-11-27,104.28,107.22,106.20,107.07,103.90,104.11,107.73,108.21
2017-11-28,104.32,107.23,106.20,107.07,103.90,104.11,107.73,108.22
2017-11-29,104.36,107.24,106.20,107.07,103.90,104.11,107.73,108.23
2017-11-30,104.40,107.25,106.21,107.08,103.90,104.12,107.74,108.25
2017-12-01,104.44,107.27,106.21,107.08,103.90,104.12,107.74,108.26
2017-12-02,104.49,107.28,106.21,107.08,103.90,104.12,107.75,108.28
2017-12-03,104.54,107.29,106.20,107.08,103.91,104.12,107.75,108.29
2017-12-04,104.59,107.30,106.20,107.08,103.91,104.12,107.76,108.30
2017-12-05,104.64,107.32,106.20,107.09,103.91,104.12,107.77,108.32
2017-12-06,104.69,107.33,106.19,107.09,103.91,104.13,107.78,108.33
2017-12-07,104.74,107.34,106.19,107.09,103.92,104.13,107.78,108.34
2017-12-08,104.79,107.35,106.19,107.09,103.92,104.13,107.79,108.36
2017-12-09,104.84,107.37,106.18,107.10,103.92,104.13,107.80,108.37
2017-12-10,104.89,107.38,106.18,107.10,103.92,104.13,107.81,108.38
2017-12-11,104.94,107.39,106.18,107.10,103.93,104.13,107.81,108.40
2017-12-12,104.99,107.41,106.17,107.10,103.93,104.14,107.82,108.41
2017-12-13,105.04,107.42,106.17,107.11,103.93,104.14,107.83,108.42
2017-12-14,105.10,107.44,106.17,107.11,103.93,104.14,107.83,108.44
2017-12-15,105.15,107.45,106.16,107.11,103.94,104.14,107.84,108.45
2017-12-16,105.20,107.47,106.16,107.11,103.94,104.14,107.85,108.46
2017-12-17,105.25,107.48,106.16,107.12,103.94,104.15,107.86,108.48
2017-12-18,105.30,107.49,106.16,107.12,103.94,104.15,107.86,108.49
2017-12-19,105.35,107.51,106.15,107.12,103.95,104.15,107.87,108.50
2017-12-20,105.40,107.52,106.15,107.12,103.95,104.15,107.88,108.51
2017-12-21,105.45,107.54,106.15,107.13,103.95,104.15,107.89,108.52
2017-12-22,105.50,107.55,106.14,107.13,103.95,104.16,107.89,108.54
2017-12-23,105.55,107.57,106.14,107.13,103.96,104.16,107.90,108.55
2017-12-24,105.60,107.58,106.14,107.13,103.96,104.16,107.91,108.56
2017-12-25,105.65,107.60,106.13,107.14,103.96,104.16,107.92,108.57
2017-12-26,105.70,107.61,106.13,107.14,103.97,104.17,107.92,108.59
2017-12-27,105.75,107.63,106.13,107.14,103.97,104.17,107.93,108.60
2017-12-28,105.80,107.64,106.12,107.15,103.97,104.17,107.94,108.61
2017-12-29,105.85,107.66,106.12,107.15,103.97,104.17,107.95,108.62
2017-12-30,105.90,107.67,106.12,107.15,103.98,104.17,107.95,108.63
2017-12-31,105.95,107.69,106.11,107.16,103.98,104.18,107.96,108.64
2018-01-01,106.00,107.70,106.11,107.16,103.98,104.18,107.97,108.65
2018-01-02,106.10,107.72,106.12,107.16,103.98,104.18,107.98,108.67
2018-01-03,106.20,107.73,106.14,107.17,103.99,104.18,107.99,108.68
2018-01-04,106.30,107.75,106.15,107.17,103.99,104.19,108.00,108.69
2018-01-05,106.40,107.76,106.16,107.18,103.99,104.19,108.01,108.70
2018-01-06,106.50,107.78,106.18,107.18,103.99,104.19,108.02,108.71
2018-01-07,106.59,107.79,106.19,107.18,103.99,104.20,108.03,108.72
2018-01-08,106.69,107.81,106.20,107.19,104.00,104.20,108.04,108.73
2018-01-09,106.79,107.82,106.22,107.19,104.00,104.20,108.05,108.74
2018-01-10,106.89,107.83,106.23,107.20,104.00,104.20,108.06,108.75
2018-01-11,106.99,107.85,106.24,107.20,104.00,104.21,108.07,108.77
2018-01-12,107.09,107.86,106.26,107.20,104.01,104.21,108.08,108.78
2018-01-13,107.19,107.88,106.27,107.21,104.01,104.21,108.09,108.79
2018-01-14,107.29,107.89,106.28,107.21,104.01,104.21,108.10,108.80
2018-01-15,107.39,107.91,106.30,107.21,104.01,104.22,108.11,108.81
2018-01-16,107.49,107.92,106.31,107.22,104.01,104.22,108.12,108.82
2018-01-17,107.59,107.94,106.32,107.22,104.02,104.22,108.13,108.83
2018-01-18,107.68,107.95,106.34,107.23,104.02,104.22,108.14,108.84
2018-01-19,107.78,107.97,106.35,107.23,104.02,104.23,108.15,108.85
2018-01-20,107.88,107.98,106.36,107.23,104.02,104.23,108.16,108.86
2018-01-21,107.98,108.00,106.37,107.24,104.03,104.23,108.17,108.87
2018-01-22,108.08,108.01,106.39,107.24,104.03,104.23,108.18,108.88
2018-01-23,108.18,108.02,106.40,107.24,104.03,104.23,108.19,108.89
2018-01-24,108.28,108.04,106.41,107.25,104.03,104.24,108.20,108.90
2018-01-25,108.38,108.05,106.43,107.25,104.03,104.24,108.21,108.91
2018-01-26,108.48,108.06,106.44,107.26,104.04,104.24,108.22,108.93
2018-01-27,108.58,108.08,106.45,107.26,104.04,104.24,108.23,108.94
2018-01-28,108.67,108.09,106.47,107.26,104.04,104.25,108.24,108.95
2018-01-29,108.77,108.11,106.48,107.27,104.04,104.25,108.25,108.96
2018-01-30,108.87,108.12,106.49,107.27,104.05,104.25,108.26,108.97
2018-01-31,108.97,108.13,106.51,107.27,104.05,104.25,108.27,108.98
2018-02-01,109.07,108.14,106.52,107.28,104.05,104.25,108.28,108.99
2018-02-02,109.01,108.16,106.53,107.28,104.05,104.26,108.29,109.00
2018-02-03,108.95,108.17,106.54,107.28,104.05,104.26,108.31,109.01
2018-02-04,108.88,108.18,106.55,107.29,104.05,104.26,108.33,109.02
2018-02-05,108.82,108.19,106.56,107.29,104.06,104.26,108.34,109.03
2018-02-06,108.76,108.20,106.56,107.29,104.06,104.26,108.36,109.04
2018-02-07,108.70,108.22,106.57,107.30,104.06,104.27,108.37,109.05
2018-02-08,108.63,108.23,106.58,107.30,104.06,104.27,108.39,109.06
2018-02-09,108.57,108.24,106.59,107.30,104.06,104.27,108.40,109.07
2018-02-10,108.51,108.25,106.60,107.31,104.06,104.27,108.42,109.08
2018-02-11,108.45,108.25,106.61,107.31,104.06,104.27,108.44,109.09
2018-02-12,108.38,108.26,106.62,107.31,104.06,104.28,108.45,109.10
2018-02-13,108.32,108.27,106.63,107.31,104.06,104.28,108.47,109.11
2018-02-14,108.26,108.28,106.64,107.32,104.06,104.28,108.48,109.12
2018-02-15,108.20,108.29,106.64,107.32,104.07,104.28,108.50,109.13
2018-02-16,108.13,108.29,106.65,107.32,104.07,104.28,108.51,109.14
2018-02-17,108.07,108.30,106.66,107.33,104.07,104.29,108.53,109.15
2018-02-18,108.01,108.31,106.67,107.33,104.07,104.29,108.55,109.16
2018-02-19,107.95,108.31,106.68,107.33,104.07,104.29,108.56,109.17
2018-02-20,107.88,108.32,106.69,107.33,104.07,104.29,108.58,109.18
2018-02-21,107.82,108.32,106.70,107.34,104.07,104.29,108.59,109.19
2018-02-22,107.76,108.33,106.71,107.34,104.07,104.29,108.61,109.20
2018-02-23,107.70,108.33,106.72,107.34,104.07,104.30,108.62,109.22
2018-02-24,107.63,108.33,106.72,107.34,104.08,104.30,108.64,109.23
2018-02-25,107.57,108.34,106.73,107.35,104.08,104.30,108.66,109.24
2018-02-26,107.51,108.34,106.74,107.35,104.08,104.30,108.67,109.25
2018-02-27,107.45,108.34,106.75,107.35,104.08,104.30,108.69,109.26
2018-02-28,107.38,108.34,106.76,107.35,104.08,104.30,108.70,109.27
2018-03-01,107.32,108.35,106.77,107.35,104.08,104.31,108.72,109.28
2018-03-02,107.34,108.35,106.78,107.36,104.08,104.31,108.77,109.29
2018-03-03,107.36,108.35,106.79,107.36,104.08,104.31,108.82,109.30
2018-03-04,107.37,108.35,106.79,107.36,104.08,104.31,108.87,109.31
2018-03-05,107.39,108.35,106.80,107.36,104.09,104.31,108.92,109.32
2018-03-06,107.41,108.35,106.81,107.37,104.09,104.31,108.97,109.33
2018-03-07,107.43,108.35,106.82,107.37,104.09,104.32,109.02,109.34
2018-03-08,107.44,108.35,106.83,107.37,104.09,104.32,109.07,109.35
2018-03-09,107.46,108.35,106.84,107.37,104.09,104.32,109.12,109.37
2018-03-10,107.48,108.35,106.84,107.38,104.09,104.32,109.17,109.38
2018-03-11,107.49,108.35,106.85,107.38,104.09,104.32,109.22,109.39
2018-03-12,107.51,108.35,106.86,107.38,104.09,104.32,109.27,109.40
2018-03-13,107.53,108.35,106.87,107.38,104.10,104.33,109.32,109.41
2018-03-14,107.55,108.35,106.88,107.38,104.10,104.33,109.37,109.43
2018-03-15,107.56,108.35,106.89,107.39,104.10,104.33,109.42,109.44
2018-03-16,107.58,108.35,106.90,107.39,104.10,104.33,109.47,109.45
2018-03-17,107.60,108.34,106.90,107.39,104.10,104.33,109.52,109.46
2018-03-18,107.62,108.34,106.91,107.39,104.10,104.34,109.57,109.48
2018-03-19,107.63,108.34,106.92,107.40,104.10,104.34,109.62,109.49
2018-03-20,107.65,108.34,106.93,107.40,104.11,104.34,109.67,109.51
2018-03-21,107.67,108.34,106.94,107.40,104.11,104.34,109.72,109.52
2018-03-22,107.69,108.34,106.95,107.40,104.11,104.34,109.77,109.53
2018-03-23,107.70,108.34,106.95,107.41,104.11,104.34,109.82,109.55
2018-03-24,107.72,108.34,106.96,107.41,104.11,104.35,109.87,109.56
2018-03-25,107.74,108.34,106.97,107.41,104.11,104.35,109.92,109.58
2018-03-26,107.76,108.34,106.98,107.42,104.11,104.35,109.97,109.59
2018-03-27,107.77,108.34,106.99,107.42,104.11,104.35,110.02,109.61
2018-03-28,107.79,108.34,107.00,107.42,104.12,104.35,110.07,109.62
2018-03-29,107.81,108.34,107.00,107.42,104.12,104.36,110.12,109.64
2018-03-30,107.83,108.34,107.01,107.43,104.12,104.36,110.17,109.65
2018-03-31,107.84,108.34,107.02,107.43,104.12,104.36,110.22,109.67
2018-04-01,107.86,108.34,107.03,107.43,104.12,104.36,110.27,109.68
2018-04-02,107.83,108.34,107.03,107.44,104.12,104.36,110.29,109.70
2018-04-03,107.79,108.34,107.03,107.44,104.12,104.36,110.30,109.72
2018-04-04,107.76,108.34,107.02,107.44,104.12,104.37,110.32,109.73
2018-04-05,107.73,108.34,107.02,107.44,104.13,104.37,110.34,109.75
2018-04-06,107.69,108.34,107.02,107.45,104.13,104.37,110.35,109.76
2018-04-07,107.66,108.34,107.02,107.45,104.13,104.37,110.37,109.78
2018-04-08,107.63,108.34,107.02,107.45,104.13,104.37,110.39,109.80
2018-04-09,107.59,108.34,107.02,107.45,104.13,104.38,110.41,109.81
2018-04-10,107.56,108.34,107.01,107.46,104.13,104.38,110.42,109.83
2018-04-11,107.52,108.34,107.01,107.46,104.13,104.38,110.44,109.84
2018-04-12,107.49,108.34,107.01,107.46,104.14,104.38,110.46,109.86
2018-04-13,107.46,108.34,107.01,107.46,104.14,104.38,110.48,109.88
2018-04-14,107.42,108.34,107.01,107.47,104.14,104.38,110.49,109.89
2018-04-15,107.39,108.34,107.01,107.47,104.14,104.39,110.51,109.91
2018-04-16,107.36,108.34,107.00,107.47,104.14,104.39,110.53,109.92
2018-04-17,107.32,108.34,107.00,107.47,104.14,104.39,110.55,109.94
2018-04-18,107.29,108.34,107.00,107.48,104.14,104.39,110.56,109.95
2018-04-19,107.26,108.34,107.00,107.48,104.14,104.39,110.58,109.97
2018-04-20,107.22,108.34,107.00,107.48,104.15,104.39,110.60,109.98
2018-04-21,107.19,108.34,107.00,107.48,104.15,104.39,110.62,110.00
2018-04-22,107.15,108.34,106.99,107.48,104.15,104.40,110.63,110.01
2018-04-23,107.12,108.33,106.99,107.49,104.15,104.40,110.65,110.03
2018-04-24,107.09,108.33,106.99,107.49,104.15,104.40,110.67,110.04
2018-04-25,107.05,108.33,106.99,107.49,104.15,104.40,110.68,110.06
2018-04-26,107.02,108.33,106.99,107.49,104.15,104.40,110.70,110.07
2018-04-27,106.99,108.33,106.99,107.49,104.16,104.40,110.72,110.09
2018-04-28,106.95,108.33,106.98,107.50,104.16,104.40,110.74,110.10
2018-04-29,106.92,108.33,106.98,107.50,104.16,104.41,110.75,110.11
2018-04-30,106.89,108.33,106.98,107.50,104.16,104.41,110.77,110.13
2018-05-01,106.85,108.33,106.98,107.50,104.16,104.41,110.79,110.14
2018-05-02,106.81,108.33,106.98,107.50,104.16,104.41,110.81,110.16
2018-05-03,106.76,108.32,106.99,107.51,104.16,104.41,110.83,110.17
2018-05-04,106.72,108.32,106.99,107.51,104.16,104.41,110.84,110.18
2018-05-05,106.67,108.32,107.00,107.51,104.16,104.41,110.86,110.20
2018-05-06,106.63,108.32,107.00,107.51,104.16,104.41,110.88,110.21
2018-05-07,106.59,108.32,107.01,107.51,104.16,104.42,110.90,110.22
2018-05-08,106.54,108.32,107.01,107.52,104.16,104.42,110.92,110.24
2018-05-09,106.50,108.32,107.02,107.52,104.16,104.42,110.94,110.25
2018-05-10,106.45,108.32,107.02,107.52,104.16,104.42,110.95,110.27
2018-05-11,106.41,108.32,107.03,107.52,104.16,104.42,110.97,110.28
2018-05-12,106.36,108.32,107.03,107.52,104.16,104.42,110.99,110.29
2018-05-13,106.32,108.33,107.04,107.52,104.16,104.42,111.01,110.31
2018-05-14,106.28,108.33,107.04,107.53,104.16,104.42,111.03,110.32
2018-05-15,106.23,108.33,107.05,107.53,104.16,104.43,111.05,110.34
2018-05-16,106.19,108.33,107.05,107.53,104.16,104.43,111.06,110.35
2018-05-17,106.14,108.33,107.06,107.53,104.16,104.43,111.08,110.37
2018-05-18,106.10,108.33,107.06,107.53,104.16,104.43,111.10,110.38
2018-05-19,106.06,108.34,107.07,107.54,104.16,104.43,111.12,110.39
2018-05-20,106.01,108.34,107.07,107.54,104.16,104.43,111.14,110.41
2018-05-21,105.97,108.34,107.08,107.54,104.16,104.43,111.16,110.42
2018-05-22,105.92,108.35,107.08,107.54,104.16,104.43,111.17,110.44
2018-05-23,105.88,108.35,107.09,107.54,104.16,104.44,111.19,110.45
2018-05-24,105.83,108.35,107.09,107.55,104.16,104.44,111.21,110.47
2018-05-25,105.79,108.36,107.10,107.55,104.16,104.44,111.23,110.48
2018-05-26,105.75,108.36,107.10,107.55,104.16,104.44,111.25,110.50
2018-05-27,105.70,108.37,107.11,107.55,104.16,104.44,111.27,110.51
2018-05-28,105.66,108.37,107.11,107.55,104.16,104.44,111.28,110.53
2018-05-29,105.61,108.38,107.11,107.56,104.16,104.44,111.30,110.54
2018-05-30,105.57,108.38,107.12,107.56,104.16,104.44,111.32,110.56
2018-05-31,105.52,108.39,107.12,107.56,104.16,104.44,111.34,110.57
2018-06-01,105.48,108.40,107.13,107.56,104.16,104.45,111.36,110.59
2018-06-02,105.49,108.40,107.12,107.56,104.16,104.45,111.37,110.60
2018-06-03,105.50,108.41,107.11,107.57,104.16,104.45,111.39,110.62
2018-06-04,105.51,108.42,107.10,107.57,104.16,104.45,111.41,110.63
2018-06-05,105.52,108.43,107.09,107.57,104.16,104.45,111.43,110.65
2018-06-06,105.53,108.43,107.08,107.57,104.16,104.45,111.44,110.66
2018-06-07,105.54,108.44,107.07,107.57,104.17,104.45,111.46,110.68
2018-06-08,105.56,108.45,107.06,107.58,104.17,104.45,111.48,110.69
2018-06-09,105.57,108.46,107.05,107.58,104.17,104.46,111.49,110.71
2018-06-10,105.58,108.47,107.05,107.58,104.17,104.46,111.51,110.73
2018-06-11,105.59,108.48,107.04,107.58,104.17,104.46,111.53,110.74
2018-06-12,105.60,108.49,107.03,107.58,104.17,104.46,111.54,110.76
2018-06-13,105.61,108.50,107.02,107.59,104.17,104.46,111.56,110.77
2018-06-14,105.62,108.51,107.01,107.59,104.17,104.46,111.58,110.79
2018-06-15,105.63,108.52,107.00,107.59,104.17,104.46,111.60,110.80
2018-06-16,105.64,108.53,106.99,107.59,104.17,104.46,111.61,110.82
2018-06-17,105.65,108.54,106.98,107.59,104.17,104.46,111.63,110.83
2018-06-18,105.66,108.55,106.97,107.60,104.17,104.47,111.65,110.85
2018-06-19,105.67,108.57,106.96,107.60,104.17,104.47,111.66,110.86
2018-06-20,105.68,108.58,106.95,107.60,104.17,104.47,111.68,110.88
2018-06-21,105.69,108.59,106.94,107.60,104.17,104.47,111.70,110.89
2018-06-22,105.70,108.60,106.93,107.60,104.18,104.47,111.71,110.90
2018-06-23,105.72,108.62,106.92,107.61,104.18,104.47,111.73,110.92
2018-06-24,105.73,108.63,106.92,107.61,104.18,104.47,111.75,110.93
2018-06-25,105.74,108.64,106.91,107.61,104.18,104.47,111.77,110.95
2018-06-26,105.75,108.66,106.90,107.61,104.18,104.48,111.78,110.96
2018-06-27,105.76,108.67,106.89,107.61,104.18,104.48,111.80,110.98
2018-06-28,105.77,108.69,106.88,107.62,104.18,104.48,111.82,110.99
2018-06-29,105.78,108.70,106.87,107.62,104.18,104.48,111.83,111.01
2018-06-30,105.79,108.72,106.86,107.62,104.18,104.48,111.85,111.02
2018-07-01,105.80,108.73,106.85,107.62,104.18,104.48,111.87,111.04
2018-07-02,105.98,108.75,106.86,107.63,104.18,104.48,111.87,111.05
2018-07-03,106.16,108.76,106.87,107.63,104.18,104.48,111.87,111.06
2018-07-04,106.34,108.78,106.88,107.63,104.18,104.48,111.87,111.08
2018-07-05,106.52,108.79,106.89,107.63,104.18,104.49,111.88,111.09
2018-07-06,106.69,108.81,106.89,107.63,104.18,104.49,111.88,111.11
2018-07-07,106.87,108.83,106.90,107.64,104.18,104.49,111.88,111.12
2018-07-08,107.05,108.85,106.91,107.64,104.19,104.49,111.88,111.14
2018-07-09,107.23,108.86,106.92,107.64,104.19,104.49,111.88,111.15
2018-07-10,107.41,108.88,106.93,107.64,104.19,104.49,111.89,111.16
2018-07-11,107.59,108.90,106.94,107.65,104.19,104.49,111.89,111.18
2018-07-12,107.77,108.92,106.95,107.65,104.19,104.49,111.89,111.19
2018-07-13,107.95,108.94,106.95,107.65,104.19,104.49,111.89,111.21
2018-07-14,108.12,108.96,106.96,107.65,104.19,104.49,111.89,111.22
2018-07-15,108.30,108.98,106.97,107.66,104.19,104.50,111.90,111.23
2018-07-16,108.48,109.00,106.98,107.66,104.19,104.50,111.90,111.25
2018-07-17,108.66,109.02,106.99,107.66,104.19,104.50,111.90,111.26
2018-07-18,108.84,109.04,107.00,107.66,104.19,104.50,111.90,111.28
2018-07-19,109.02,109.06,107.01,107.67,104.19,104.50,111.90,111.29
2018-07-20,109.20,109.08,107.02,107.67,104.19,104.50,111.90,111.30
2018-07-21,109.38,109.10,107.02,107.67,104.19,104.50,111.91,111.32
2018-07-22,109.55,109.12,107.03,107.67,104.19,104.50,111.91,111.33
2018-07-23,109.73,109.14,107.04,107.68,104.20,104.50,111.91,111.34
2018-07-24,109.91,109.16,107.05,107.68,104.20,104.50,111.91,111.36
2018-07-25,110.09,109.18,107.06,107.68,104.20,104.50,111.91,111.37
2018-07-26,110.27,109.20,107.07,107.68,104.20,104.50,111.92,111.39
2018-07-27,110.45,109.23,107.08,107.69,104.20,104.50,111.92,111.40
2018-07-28,110.63,109.25,107.08,107.69,104.20,104.50,111.92,111.41
2018-07-29,110.81,109.27,107.09,107.69,104.20,104.50,111.92,111.43
2018-07-30,110.98,109.29,107.10,107.69,104.20,104.50,111.92,111.44
2018-07-31,111.16,109.31,107.11,107.70,104.20,104.50,111.93,111.46
2018-08-01,111.34,109.33,107.12,107.70,104.20,104.50,111.93,111.47
2018-08-02,111.47,109.35,107.12,107.70,104.20,104.50,111.94,111.48
2018-08-03,111.59,109.38,107.13,107.71,104.20,104.50,111.95,111.50
2018-08-04,111.71,109.40,107.13,107.71,104.20,104.50,111.96,111.51
2018-08-05,111.84,109.42,107.14,107.71,104.20,104.50,111.97,111.53
2018-08-06,111.96,109.44,107.14,107.71,104.20,104.50,111.98,111.54
2018-08-07,112.09,109.46,107.14,107.72,104.20,104.50,111.99,111.55
2018-08-08,112.21,109.48,107.15,107.72,104.20,104.51,112.00,111.57
2018-08-09,112.34,109.50,107.15,107.72,104.20,104.51,112.01,111.58
2018-08-10,112.46,109.52,107.15,107.73,104.20,104.51,112.02,111.60
2018-08-11,112.59,109.54,107.16,107.73,104.20,104.51,112.03,111.61
2018-08-12,112.71,109.56,107.16,107.73,104.20,104.51,112.04,111.62
2018-08-13,112.84,109.58,107.17,107.74,104.20,104.51,112.05,111.64
2018-08-14,112.96,109.60,107.17,107.74,104.20,104.51,112.06,111.65
2018-08-15,113.08,109.62,107.17,107.74,104.20,104.51,112.07,111.66
2018-08-16,113.21,109.64,107.18,107.75,104.20,104.51,112.08,111.68
2018-08-17,113.33,109.66,107.18,107.75,104.20,104.51,112.09,111.69
2018-08-18,113.46,109.68,107.19,107.75,104.20,104.51,112.10,111.71
2018-08-19,113.58,109.69,107.19,107.76,104.20,104.51,112.11,111.72
2018-08-20,113.71,109.71,107.19,107.76,104.20,104.51,112.12,111.73
2018-08-21,113.83,109.73,107.20,107.76,104.20,104.51,112.13,111.75
2018-08-22,113.96,109.74,107.20,107.77,104.20,104.51,112.14,111.76
2018-08-23,114.08,109.76,107.21,107.77,104.20,104.51,112.15,111.77
2018-08-24,114.20,109.78,107.21,107.77,104.20,104.51,112.16,111.79
2018-08-25,114.33,109.79,107.21,107.78,104.20,104.51,112.17,111.80
2018-08-26,114.45,109.81,107.22,107.78,104.20,104.51,112.18,111.82
2018-08-27,114.58,109.82,107.22,107.78,104.20,104.51,112.19,111.83
2018-08-28,114.70,109.84,107.22,107.79,104.20,104.51,112.20,111.84
2018-08-29,114.83,109.85,107.23,107.79,104.20,104.51,112.21,111.86
2018-08-30,114.95,109.87,107.23,107.80,104.20,104.51,112.22,111.87
2018-08-31,115.08,109.88,107.24,107.80,104.20,104.51,112.23,111.88
2018-09-01,115.20,109.89,107.24,107.80,104.20,104.51,112.24,111.90
2018-09-02,115.10,109.91,107.23,107.81,104.20,104.51,112.25,111.91
2018-09-03,115.00,109.92,107.23,107.81,104.20,104.51,112.26,111.93
2018-09-04,114.90,109.93,107.22,107.81,104.20,104.51,112.27,111.94
2018-09-05,114.80,109.94,107.21,107.82,104.20,104.51,112.28,111.95
2018-09-06,114.69,109.95,107.21,107.82,104.20,104.51,112.30,111.97
2018-09-07,114.59,109.96,107.20,107.83,104.20,104.51,112.31,111.98
2018-09-08,114.49,109.97,107.19,107.83,104.20,104.51,112.32,111.99
2018-09-09,114.39,109.98,107.19,107.83,104.20,104.51,112.33,112.01
2018-09-10,114.29,109.99,107.18,107.84,104.20,104.51,112.34,112.02
2018-09-11,114.19,109.99,107.17,107.84,104.20,104.51,112.35,112.03
2018-09-12,114.09,110.00,107.17,107.84,104.20,104.51,112.37,112.05
2018-09-13,113.99,110.01,107.16,107.85,104.21,104.51,112.38,112.06
2018-09-14,113.88,110.01,107.15,107.85,104.21,104.51,112.39,112.07
2018-09-15,113.78,110.01,107.15,107.85,104.21,104.51,112.40,112.09
2018-09-16,113.68,110.02,107.14,107.86,104.21,104.51,112.41,112.10
2018-09-17,113.58,110.02,107.13,107.86,104.21,104.51,112.42,112.11
2018-09-18,113.48,110.02,107.13,107.86,104.21,104.51,112.44,112.13
2018-09-19,113.38,110.03,107.12,107.87,104.21,104.51,112.45,112.14
2018-09-20,113.28,110.03,107.11,107.87,104.21,104.51,112.46,112.15
2018-09-21,113.17,110.03,107.11,107.87,104.21,104.51,112.47,112.17
2018-09-22,113.07,110.03,107.10,107.88,104.21,104.51,112.48,112.18
2018-09-23,112.97,110.03,107.09,107.88,104.21,104.51,112.49,112.19
2018-09-24,112.87,110.03,107.09,107.88,104.21,104.51,112.51,112.20
2018-09-25,112.77,110.02,107.08,107.89,104.21,104.51,112.52,112.22
2018-09-26,112.67,110.02,107.07,107.89,104.21,104.51,112.53,112.23
2018-09-27,112.57,110.02,107.07,107.89,104.21,104.51,112.54,112.24
2018-09-28,112.47,110.02,107.06,107.89,104.21,104.51,112.55,112.26
2018-09-29,112.36,110.01,107.05,107.90,104.21,104.51,112.56,112.27
2018-09-30,112.26,110.01,107.05,107.90,104.21,104.51,112.58,112.28
2018-10-01,112.16,110.01,107.04,107.90,104.21,104.51,112.59,112.29
2018-10-02,112.05,110.00,107.05,107.91,104.21,104.51,112.59,112.31
2018-10-03,111.94,110.00,107.06,107.91,104.21,104.51,112.60,112.32
2018-10-04,111.82,109.99,107.07,107.91,104.21,104.51,112.61,112.33
2018-10-05,111.71,109.98,107.08,107.91,104.21,104.51,112.62,112.34
2018-10-06,111.60,109.98,107.08,107.92,104.21,104.51,112.62,112.36
2018-10-07,111.49,109.97,107.09,107.92,104.21,104.51,112.63,112.37
2018-10-08,111.37,109.97,107.10,107.92,104.21,104.51,112.64,112.38
2018-10-09,111.26,109.96,107.11,107.92,104.21,104.51,112.64,112.39
2018-10-10,111.15,109.95,107.12,107.93,104.21,104.51,112.65,112.41
2018-10-11,111.04,109.94,107.13,107.93,104.21,104.51,112.66,112.42
2018-10-12,110.92,109.94,107.14,107.93,104.21,104.51,112.67,112.43
2018-10-13,110.81,109.93,107.15,107.93,104.21,104.51,112.67,112.44
2018-10-14,110.70,109.92,107.16,107.93,104.22,104.51,112.68,112.45
2018-10-15,110.59,109.91,107.17,107.94,104.22,104.51,112.69,112.47
2018-10-16,110.47,109.90,107.18,107.94,104.22,104.51,112.69,112.48
2018-10-17,110.36,109.89,107.18,107.94,104.22,104.51,112.70,112.49
2018-10-18,110.25,109.88,107.19,107.94,104.22,104.51,112.71,112.50
2018-10-19,110.13,109.88,107.20,107.95,104.22,104.51,112.72,112.51
2018-10-20,110.02,109.87,107.21,107.95,104.22,104.51,112.72,112.52
2018-10-21,109.91,109.86,107.22,107.95,104.22,104.51,112.73,112.54
2018-10-22,109.80,109.85,107.23,107.95,104.22,104.51,112.74,112.55
2018-10-23,109.68,109.84,107.24,107.95,104.22,104.51,112.74,112.56
2018-10-24,109.57,109.83,107.25,107.96,104.22,104.51,112.75,112.57
2018-10-25,109.46,109.82,107.26,107.96,104.22,104.51,112.76,112.58
2018-10-26,109.35,109.81,107.27,107.96,104.22,104.51,112.77,112.59
2018-10-27,109.23,109.80,107.27,107.96,104.22,104.51,112.77,112.61
2018-10-28,109.12,109.79,107.28,107.96,104.22,104.51,112.78,112.62
2018-10-29,109.01,109.79,107.29,107.97,104.22,104.51,112.79,112.63
2018-10-30,108.90,109.78,107.30,107.97,104.22,104.51,112.79,112.64
2018-10-31,108.78,109.77,107.31,107.97,104.22,104.51,112.80,112.65
2018-11-01,108.67,109.76,107.32,107.97,104.22,104.51,112.81,112.66
2018-11-02,108.68,109.75,107.31,107.97,104.22,104.51,112.82,112.67
2018-11-03,108.68,109.74,107.31,107.98,104.22,104.51,112.83,112.68
2018-11-04,108.69,109.73,107.30,107.98,104.22,104.51,112.84,112.69
2018-11-05,108.70,109.73,107.29,107.98,104.22,104.51,112.85,112.70
2018-11-06,108.70,109.72,107.29,107.98,104.22,104.51,112.86,112.72
2018-11-07,108.71,109.71,107.28,107.98,104.22,104.51,112.87,112.73
2018-11-08,108.72,109.70,107.28,107.99,104.22,104.51,112.88,112.74
2018-11-09,108.72,109.70,107.27,107.99,104.22,104.51,112.89,112.75
2018-11-10,108.73,109.69,107.26,107.99,104.21,104.51,112.90,112.76
2018-11-11,108.73,109.68,107.26,107.99,104.21,104.51,112.91,112.77
2018-11-12,108.74,109.68,107.25,107.99,104.21,104.51,112.93,112.78
2018-11-13,108.75,109.67,107.24,108.00,104.21,104.51,112.94,112.79
2018-11-14,108.75,109.67,107.24,108.00,104.21,104.51,112.95,112.80
2018-11-15,108.76,109.66,107.23,108.00,104.21,104.50,112.96,112.81
2018-11-16,108.77,109.66,107.22,108.00,104.21,104.50,112.97,112.82
2018-11-17,108.77,109.66,107.22,108.00,104.21,104.50,112.98,112.83
2018-11-18,108.78,109.65,107.21,108.01,104.21,104.50,112.99,112.84
2018-11-19,108.78,109.65,107.21,108.01,104.21,104.50,113.00,112.85
2018-11-20,108.79,109.65,107.20,108.01,104.21,104.50,113.01,112.86
2018-11-21,108.80,109.64,107.19,108.01,104.21,104.50,113.02,112.87
2018-11-22,108.80,109.64,107.19,108.02,104.21,104.50,113.03,112.88
2018-11-23,108.81,109.64,107.18,108.02,104.21,104.50,113.04,112.89
2018-11-24,108.82,109.64,107.17,108.02,104.21,104.50,113.05,112.90
2018-11-25,108.82,109.64,107.17,108.02,104.20,104.50,113.06,112.91
2018-11-26,108.83,109.64,107.16,108.02,104.20,104.50,113.08,112.92
2018-11-27,108.84,109.64,107.15,108.03,104.20,104.50,113.09,112.93
2018-11-28,108.84,109.64,107.15,108.03,104.20,104.50,113.10,112.94
2018-11-29,108.85,109.64,107.14,108.03,104.20,104.50,113.11,112.95
2018-11-30,108.85,109.64,107.14,108.03,104.20,104.49,113.12,112.96
2018-12-01,108.86,109.64,107.13,108.04,104.20,104.49,113.13,112.97
2018-12-02,108.86,109.65,107.15,108.04,104.20,104.49,113.14,112.98
2018-12-03,108.86,109.65,107.18,108.04,104.20,104.49,113.15,112.99
2018-12-04,108.85,109.65,107.20,108.04,104.20,104.49,113.16,113.00
2018-12-05,108.85,109.65,107.22,108.05,104.20,104.49,113.17,113.01
2018-12-06,108.85,109.66,107.25,108.05,104.20,104.49,113.19,113.02
2018-12-07,108.85,109.66,107.27,108.05,104.20,104.49,113.20,113.03
2018-12-08,108.85,109.67,107.29,108.06,104.20,104.49,113.21,113.04
2018-12-09,108.85,109.67,107.32,108.06,104.20,104.49,113.22,113.05
2018-12-10,108.84,109.68,107.34,108.06,104.20,104.49,113.23,113.06
2018-12-11,108.84,109.68,107.36,108.06,104.20,104.48,113.24,113.07
2018-12-12,108.84,109.69,107.38,108.07,104.20,104.48,113.25,113.08
2018-12-13,108.84,109.70,107.41,108.07,104.20,104.48,113.26,113.09
2018-12-14,108.84,109.70,107.43,108.07,104.20,104.48,113.28,113.10
2018-12-15,108.83,109.71,107.45,108.08,104.20,104.48,113.29,113.11
2018-12-16,108.83,109.72,107.48,108.08,104.20,104.48,113.30,113.12
2018-12-17,108.83,109.72,107.50,108.09,104.20,104.48,113.31,113.12
2018-12-18,108.83,109.73,107.52,108.09,104.20,104.48,113.32,113.13
2018-12-19,108.83,109.74,107.55,108.09,104.19,104.48,113.33,113.14
2018-12-20,108.82,109.75,107.57,108.10,104.19,104.48,113.34,113.15
2018-12-21,108.82,109.76,107.59,108.10,104.19,104.48,113.35,113.16
2018-12-22,108.82,109.77,107.62,108.11,104.19,104.48,113.37,113.17
2018-12-23,108.82,109.78,107.64,108.11,104.19,104.47,113.38,113.18
2018-12-24,108.82,109.79,107.66,108.12,104.19,104.47,113.39,113.19
2018-12-25,108.81,109.80,107.69,108.12,104.19,104.47,113.40,113.20
2018-12-26,108.81,109.81,107.71,108.13,104.19,104.47,113.41,113.21
2018-12-27,108.81,109.82,107.73,108.13,104.19,104.47,113.42,113.22
2018-12-28,108.81,109.83,107.76,108.14,104.19,104.47,113.43,113.23
2018-12-29,108.81,109.84,107.78,108.14,104.19,104.47,113.44,113.23
2018-12-30,108.80,109.85,107.80,108.15,104.19,104.47,113.46,113.24
2018-12-31,108.80,109.86,107.83,108.15,104.19,104.47,113.47,113.25
2019-01-01,108.80,109.87,107.85,108.16,104.19,104.47,113.48,113.26
2019-01-02,108.82,109.88,107.86,108.16,104.19,104.47,113.49,113.27
2019-01-03,108.85,109.89,107.87,108.17,104.19,104.47,113.49,113.28
2019-01-04,108.87,109.90,107.88,108.18,104.19,104.47,113.50,113.29
2019-01-05,108.90,109.92,107.89,108.18,104.19,104.47,113.51,113.30
2019-01-06,108.92,109.93,107.90,108.19,104.19,104.46,113.51,113.31
2019-01-07,108.94,109.94,107.92,108.19,104.19,104.46,113.52,113.32
2019-01-08,108.97,109.95,107.93,108.20,104.19,104.46,113.53,113.33
2019-01-09,108.99,109.96,107.94,108.21,104.19,104.46,113.54,113.33
2019-01-10,109.02,109.98,107.95,108.21,104.19,104.46,113.54,113.34
2019-01-11,109.04,109.99,107.96,108.22,104.19,104.46,113.55,113.35
2019-01-12,109.06,110.00,107.97,108.22,104.19,104.46,113.56,113.36
2019-01-13,109.09,110.01,107.98,108.23,104.19,104.46,113.56,113.37
2019-01-14,109.11,110.02,107.99,108.24,104.19,104.46,113.57,113.38
2019-01-15,109.13,110.04,108.00,108.24,104.19,104.46,113.58,113.39
2019-01-16,109.16,110.05,108.01,108.25,104.19,104.46,113.59,113.40
2019-01-17,109.18,110.06,108.03,108.25,104.19,104.46,113.59,113.41
2019-01-18,109.21,110.07,108.04,108.26,104.19,104.46,113.60,113.42
2019-01-19,109.23,110.08,108.05,108.27,104.18,104.46,113.61,113.43
2019-01-20,109.25,110.10,108.06,108.27,104.18,104.45,113.61,113.44
2019-01-21,109.28,110.11,108.07,108.28,104.18,104.45,113.62,113.44
2019-01-22,109.30,110.12,108.08,108.28,104.18,104.45,113.63,113.45
2019-01-23,109.33,110.13,108.09,108.29,104.18,104.45,113.63,113.46
2019-01-24,109.35,110.14,108.10,108.30,104.18,104.45,113.64,113.47
2019-01-25,109.37,110.15,108.11,108.30,104.18,104.45,113.65,113.48
2019-01-26,109.40,110.17,108.12,108.31,104.18,104.45,113.66,113.49
2019-01-27,109.42,110.18,108.13,108.31,104.18,104.45,113.66,113.50
2019-01-28,109.45,110.19,108.15,108.32,104.18,104.45,113.67,113.51
2019-01-29,109.47,110.20,108.16,108.33,104.18,104.45,113.68,113.52
2019-01-30,109.49,110.21,108.17,108.33,104.18,104.45,113.68,113.53
2019-01-31,109.52,110.22,108.18,108.34,104.18,104.44,113.69,113.54
2019-02-01,109.54,110.23,108.19,108.34,104.18,104.44,113.70,113.55
2019-02-02,109.50,110.24,108.20,108.35,104.18,104.44,113.71,113.56
2019-02-03,109.47,110.25,108.20,108.35,104.18,104.44,113.73,113.57
2019-02-04,109.43,110.26,108.21,108.36,104.18,104.44,113.75,113.58
2019-02-05,109.39,110.27,108.22,108.37,104.18,104.44,113.76,113.59
2019-02-06,109.35,110.28,108.22,108.37,104.17,104.44,113.78,113.60
2019-02-07,109.31,110.29,108.23,108.38,104.17,104.44,113.79,113.61
2019-02-08,109.28,110.30,108.24,108.38,104.17,104.44,113.81,113.62
2019-02-09,109.24,110.31,108.24,108.39,104.17,104.44,113.83,113.63
2019-02-10,109.20,110.32,108.25,108.39,104.17,104.43,113.84,113.64
2019-02-11,109.16,110.33,108.26,108.40,104.17,104.43,113.86,113.65
2019-02-12,109.12,110.33,108.26,108.40,104.17,104.43,113.88,113.66
2019-02-13,109.09,110.34,108.27,108.41,104.16,104.43,113.89,113.67
2019-02-14,109.05,110.35,108.28,108.41,104.16,104.43,113.91,113.68
2019-02-15,109.01,110.36,108.28,108.42,104.16,104.43,113.92,113.69
2019-02-16,108.97,110.36,108.29,108.43,104.16,104.43,113.94,113.70
2019-02-17,108.94,110.37,108.30,108.43,104.16,104.43,113.96,113.71
2019-02-18,108.90,110.38,108.31,108.44,104.16,104.42,113.97,113.72
2019-02-19,108.86,110.38,108.31,108.44,104.16,104.42,113.99,113.73
2019-02-20,108.82,110.39,108.32,108.45,104.15,104.42,114.00,113.74
2019-02-21,108.78,110.40,108.33,108.45,104.15,104.42,114.02,113.75
2019-02-22,108.75,110.40,108.33,108.46,104.15,104.42,114.04,113.76
2019-02-23,108.71,110.41,108.34,108.46,104.15,104.42,114.05,113.77
2019-02-24,108.67,110.41,108.35,108.46,104.15,104.42,114.07,113.78
2019-02-25,108.63,110.42,108.35,108.47,104.15,104.41,114.08,113.79
2019-02-26,108.59,110.42,108.36,108.47,104.15,104.41,114.10,113.80
2019-02-27,108.56,110.43,108.37,108.48,104.14,104.41,114.12,113.81
2019-02-28,108.52,110.43,108.37,108.48,104.14,104.41,114.13,113.82
2019-03-01,108.48,110.43,108.38,108.49,104.14,104.41,114.15,113.83
2019-03-02,108.51,110.44,108.39,108.49,104.14,104.40,114.17,113.84
2019-03-03,108.54,110.44,108.40,108.50,104.14,104.40,114.18,113.85
2019-03-04,108.57,110.44,108.40,108.50,104.14,104.40,114.20,113.86
2019-03-05,108.60,110.45,108.41,108.51,104.14,104.40,114.22,113.87
2019-03-06,108.63,110.45,108.42,108.51,104.13,104.40,114.23,113.88
2019-03-07,108.66,110.45,108.43,108.52,104.13,104.40,114.25,113.89
2019-03-08,108.69,110.45,108.43,108.52,104.13,104.39,114.27,113.90
2019-03-09,108.72,110.46,108.44,108.52,104.13,104.39,114.29,113.91
2019-03-10,108.75,110.46,108.45,108.53,104.13,104.39,114.30,113.92
2019-03-11,108.78,110.46,108.46,108.53,104.13,104.39,114.32,113.93
2019-03-12,108.81,110.46,108.47,108.54,104.13,104.39,114.34,113.94
2019-03-13,108.84,110.47,108.47,108.54,104.13,104.39,114.36,113.95
2019-03-14,108.87,110.47,108.48,108.55,104.12,104.38,114.37,113.96
2019-03-15,108.90,110.47,108.49,108.55,104.12,104.38,114.39,113.97
2019-03-16,108.93,110.47,108.50,108.56,104.12,104.38,114.41,113.98
2019-03-17,108.96,110.47,108.50,108.56,104.12,104.38,114.43,113.99
2019-03-18,108.99,110.47,108.51,108.57,104.12,104.38,114.44,114.00
2019-03-19,109.02,110.48,108.52,108.58,104.12,104.38,114.46,114.01
2019-03-20,109.05,110.48,108.53,108.58,104.12,104.38,114.48,114.02
2019-03-21,109.07,110.48,108.53,108.59,104.12,104.38,114.50,114.03
2019-03-22,109.10,110.48,108.54,108.59,104.11,104.37,114.51,114.04
2019-03-23,109.13,110.48,108.55,108.60,104.11,104.37,114.53,114.05
2019-03-24,109.16,110.48,108.56,108.60,104.11,104.37,114.55,114.06
2019-03-25,109.19,110.48,108.57,108.61,104.11,104.37,114.57,114.07
2019-03-26,109.22,110.49,108.57,108.61,104.11,104.37,114.58,114.08
2019-03-27,109.25,110.49,108.58,108.62,104.11,104.37,114.60,114.09
2019-03-28,109.28,110.49,108.59,108.63,104.11,104.37,114.62,114.10
2019-03-29,109.31,110.49,108.60,108.63,104.10,104.37,114.64,114.11
2019-03-30,109.34,110.49,108.60,108.64,104.10,104.37,114.65,114.12
2019-03-31,109.37,110.49,108.61,108.65,104.10,104.37,114.67,114.13
2019-04-01,109.40,110.49,108.62,108.65,104.10,104.37,114.69,114.14
2019-04-02,109.38,110.49,108.63,108.66,104.10,104.37,114.70,114.15
2019-04-03,109.36,110.49,108.64,108.66,104.10,104.37,114.72,114.16
2019-04-04,109.34,110.49,108.66,108.67,104.10,104.37,114.74,114.17
2019-04-05,109.33,110.49,108.67,108.68,104.10,104.37,114.75,114.17
2019-04-06,109.31,110.49,108.68,108.68,104.10,104.36,114.77,114.18
2019-04-07,109.29,110.49,108.70,108.69,104.09,104.36,114.79,114.19
2019-04-08,109.27,110.49,108.71,108.70,104.09,104.36,114.80,114.20
2019-04-09,109.25,110.49,108.72,108.70,104.09,104.36,114.82,114.21
2019-04-10,109.23,110.49,108.73,108.71,104.09,104.36,114.84,114.22
2019-04-11,109.21,110.49,108.75,108.71,104.09,104.36,114.85,114.23
2019-04-12,109.19,110.49,108.76,108.72,104.09,104.36,114.87,114.24
2019-04-13,109.17,110.49,108.77,108.73,104.09,104.36,114.88,114.25
2019-04-14,109.15,110.49,108.78,108.73,104.09,104.36,114.90,114.26
2019-04-15,109.14,110.48,108.80,108.74,104.09,104.36,114.92,114.27
2019-04-16,109.12,110.48,108.81,108.74,104.09,104.36,114.93,114.28
2019-04-17,109.10,110.48,108.82,108.75,104.08,104.36,114.95,114.29
2019-04-18,109.08,110.48,108.83,108.76,104.08,104.36,114.97,114.30
2019-04-19,109.06,110.47,108.85,108.76,104.08,104.36,114.98,114.31
2019-04-20,109.04,110.47,108.86,108.77,104.08,104.36,115.00,114.32
2019-04-21,109.02,110.47,108.87,108.77,104.08,104.36,115.02,114.33
2019-04-22,109.00,110.47,108.89,108.78,104.08,104.35,115.03,114.34
2019-04-23,108.98,110.46,108.90,108.78,104.08,104.35,115.05,114.35
2019-04-24,108.96,110.46,108.91,108.79,104.08,104.35,115.06,114.36
2019-04-25,108.95,110.45,108.92,108.80,104.08,104.35,115.08,114.37
2019-04-26,108.93,110.45,108.94,108.80,104.08,104.35,115.10,114.37
2019-04-27,108.91,110.45,108.95,108.81,104.07,104.35,115.11,114.38
2019-04-28,108.89,110.44,108.96,108.81,104.07,104.35,115.13,114.39
2019-04-29,108.87,110.44,108.97,108.82,104.07,104.35,115.15,114.40
2019-04-30,108.85,110.43,108.99,108.82,104.07,104.34,115.16,114.41
2019-05-01,108.83,110.43,109.00,108.83,104.07,104.34,115.18,114.42
2019-05-02,108.79,110.43,108.99,108.83,104.07,104.34,115.19,114.43
2019-05-03,108.75,110.42,108.98,108.84,104.07,104.34,115.20,114.44
2019-05-04,108.72,110.42,108.97,108.84,104.06,104.34,115.21,114.45
2019-05-05,108.68,110.41,108.96,108.85,104.06,104.34,115.22,114.46
2019-05-06,108.64,110.41,108.96,108.85,104.06,104.34,115.23,114.47
2019-05-07,108.60,110.40,108.95,108.86,104.06,104.34,115.24,114.48
2019-05-08,108.56,110.40,108.94,108.86,104.05,104.33,115.25,114.49
2019-05-09,108.52,110.39,108.93,108.87,104.05,104.33,115.26,114.50
2019-05-10,108.49,110.39,108.92,108.87,104.05,104.33,115.27,114.51
2019-05-11,108.45,110.38,108.91,108.88,104.05,104.33,115.28,114.52
2019-05-12,108.41,110.38,108.90,108.88,104.05,104.33,115.29,114.52
2019-05-13,108.37,110.37,108.90,108.88,104.04,104.33,115.30,114.53
2019-05-14,108.33,110.37,108.89,108.89,104.04,104.32,115.31,114.54
2019-05-15,108.29,110.36,108.88,108.89,104.04,104.32,115.32,114.55
2019-05-16,108.26,110.36,108.87,108.90,104.04,104.32,115.33,114.56
2019-05-17,108.22,110.35,108.86,108.90,104.03,104.32,115.34,114.57
2019-05-18,108.18,110.35,108.85,108.91,104.03,104.32,115.35,114.57
2019-05-19,108.14,110.34,108.84,108.91,104.03,104.32,115.36,114.58
2019-05-20,108.10,110.34,108.83,108.91,104.03,104.31,115.37,114.59
2019-05-21,108.06,110.33,108.83,108.92,104.03,104.31,115.38,114.60
2019-05-22,108.02,110.33,108.82,108.92,104.02,104.31,115.39,114.61
2019-05-23,107.99,110.33,108.81,108.92,104.02,104.31,115.41,114.61
2019-05-24,107.95,110.32,108.80,108.93,104.02,104.31,115.42,114.62
2019-05-25,107.91,110.32,108.79,108.93,104.02,104.31,115.43,114.63
2019-05-26,107.87,110.31,108.78,108.94,104.01,104.30,115.44,114.64
2019-05-27,107.83,110.31,108.77,108.94,104.01,104.30,115.45,114.64
2019-05-28,107.79,110.31,108.76,108.94,104.01,104.30,115.46,114.65
2019-05-29,107.76,110.30,108.76,108.95,104.01,104.30,115.47,114.66
2019-05-30,107.72,110.30,108.75,108.95,104.01,104.30,115.48,114.67
2019-05-31,107.68,110.30,108.74,108.95,104.00,104.29,115.49,114.67
2019-06-01,107.64,110.29,108.73,108.96,104.00,104.29,115.50,114.68
2019-06-02,107.61,110.29,108.73,108.96,104.00,104.29,115.51,114.69
2019-06-03,107.58,110.29,108.74,108.96,104.00,104.29,115.51,114.69
2019-06-04,107.54,110.29,108.74,108.97,104.00,104.29,115.52,114.70
2019-06-05,107.51,110.29,108.74,108.97,104.00,104.29,115.53,114.71
2019-06-06,107.48,110.28,108.74,108.97,104.00,104.28,115.54,114.71
2019-06-07,107.45,110.28,108.75,108.98,104.00,104.28,115.54,114.72
2019-06-08,107.42,110.28,108.75,108.98,104.00,104.28,115.55,114.72
2019-06-09,107.38,110.28,108.75,108.98,104.00,104.28,115.56,114.73
2019-06-10,107.35,110.28,108.75,108.99,103.99,104.28,115.57,114.74
2019-06-11,107.32,110.28,108.76,108.99,103.99,104.28,115.57,114.74
2019-06-12,107.29,110.28,108.76,108.99,103.99,104.27,115.58,114.75
2019-06-13,107.26,110.28,108.76,109.00,103.99,104.27,115.59,114.76
2019-06-14,107.22,110.28,108.76,109.00,103.99,104.27,115.60,114.76
2019-06-15,107.19,110.28,108.77,109.00,103.99,104.27,115.61,114.77
2019-06-16,107.16,110.28,108.77,109.01,103.99,104.27,115.61,114.77
2019-06-17,107.13,110.29,108.77,109.01,103.99,104.26,115.62,114.78
2019-06-18,107.10,110.29,108.78,109.01,103.99,104.26,115.63,114.79
2019-06-19,107.06,110.29,108.78,109.02,103.99,104.26,115.64,114.79
2019-06-20,107.03,110.29,108.78,109.02,103.99,104.26,115.64,114.80
2019-06-21,107.00,110.30,108.78,109.03,103.99,104.26,115.65,114.80
2019-06-22,106.97,110.30,108.79,109.03,103.99,104.26,115.66,114.81
2019-06-23,106.94,110.30,108.79,109.03,103.99,104.25,115.67,114.82
2019-06-24,106.90,110.31,108.79,109.04,103.99,104.25,115.67,114.82
2019-06-25,106.87,110.31,108.79,109.04,103.98,104.25,115.68,114.83
2019-06-26,106.84,110.32,108.80,109.04,103.98,104.25,115.69,114.83
2019-06-27,106.81,110.32,108.80,109.05,103.98,104.25,115.70,114.84
2019-06-28,106.78,110.33,108.80,109.05,103.98,104.25,115.70,114.84
2019-06-29,106.74,110.33,108.80,109.06,103.98,104.25,115.71,114.85
2019-06-30,106.71,110.34,108.81,109.06,103.98,104.24,115.72,114.85
2019-07-01,106.68,110.34,108.81,109.06,103.98,104.24,115.73,114.86
2019-07-02,106.71,110.35,108.81,109.07,103.98,104.24,115.73,114.87
2019-07-03,106.75,110.36,108.81,109.07,103.98,104.24,115.74,114.87
2019-07-04,106.78,110.36,108.81,109.08,103.98,104.24,115.74,114.88
2019-07-05,106.81,110.37,108.80,109.08,103.98,104.24,115.75,114.88
2019-07-06,106.85,110.38,108.80,109.08,103.98,104.23,115.75,114.89
2019-07-07,106.88,110.39,108.80,109.09,103.98,104.23,115.76,114.89
2019-07-08,106.91,110.39,108.80,109.09,103.97,104.23,115.76,114.90
2019-07-09,106.94,110.40,108.80,109.10,103.97,104.23,115.77,114.90
2019-07-10,106.98,110.41,108.80,109.10,103.97,104.23,115.77,114.91
2019-07-11,107.01,110.42,108.80,109.10,103.97,104.23,115.78,114.91
2019-07-12,107.04,110.43,108.80,109.11,103.97,104.22,115.78,114.92
2019-07-13,107.08,110.44,108.79,109.11,103.97,104.22,115.79,114.92
2019-07-14,107.11,110.44,108.79,109.11,103.97,104.22,115.79,114.93
2019-07-15,107.14,110.45,108.79,109.12,103.97,104.22,115.80,114.93
2019-07-16,107.17,110.46,108.79,109.12,103.97,104.22,115.81,114.94
2019-07-17,107.21,110.47,108.79,109.13,103.97,104.21,115.81,114.94
2019-07-18,107.24,110.48,108.79,109.13,103.96,104.21,115.82,114.95
2019-07-19,107.27,110.49,108.79,109.13,103.96,104.21,115.82,114.95
2019-07-20,107.31,110.50,108.79,109.14,103.96,104.21,115.83,114.96
2019-07-21,107.34,110.51,108.78,109.14,103.96,104.21,115.83,114.96
2019-07-22,107.37,110.52,108.78,109.15,103.96,104.20,115.84,114.96
2019-07-23,107.40,110.53,108.78,109.15,103.96,104.20,115.84,114.97
2019-07-24,107.44,110.54,108.78,109.15,103.96,104.20,115.85,114.97
2019-07-25,107.47,110.55,108.78,109.16,103.96,104.20,115.85,114.98
2019-07-26,107.50,110.56,108.78,109.16,103.96,104.20,115.86,114.98
2019-07-27,107.54,110.57,108.78,109.16,103.96,104.19,115.86,114.99
2019-07-28,107.57,110.58,108.78,109.17,103.95,104.19,115.87,114.99
2019-07-29,107.60,110.59,108.77,109.17,103.95,104.19,115.87,115.00
2019-07-30,107.64,110.60,108.77,109.18,103.95,104.19,115.88,115.00
2019-07-31,107.67,110.61,108.77,109.18,103.95,104.18,115.88,115.01
2019-08-01,107.70,110.62,108.77,109.18,103.95,104.18,115.89,115.01
2019-08-02,107.79,110.63,108.77,109.19,103.95,104.18,115.89,115.02
2019-08-03,107.88,110.63,108.77,109.19,103.95,104.18,115.89,115.02
2019-08-04,107.97,110.64,108.77,109.19,103.95,104.17,115.89,115.03
2019-08-05,108.06,110.65,108.77,109.20,103.95,104.17,115.89,115.03
2019-08-06,108.16,110.66,108.77,109.20,103.95,104.17,115.89,115.03
2019-08-07,108.25,110.67,108.77,109.21,103.95,104.17,115.89,115.04
2019-08-08,108.34,110.68,108.77,109.21,103.95,104.16,115.89,115.04
2019-08-09,108.43,110.69,108.77,109.21,103.95,104.16,115.89,115.05
2019-08-10,108.52,110.70,108.77,109.22,103.95,104.16,115.89,115.05
2019-08-11,108.61,110.71,108.77,109.22,103.95,104.16,115.89,115.06
2019-08-12,108.70,110.72,108.77,109.23,103.95,104.15,115.89,115.06
2019-08-13,108.79,110.73,108.77,109.23,103.95,104.15,115.89,115.07
2019-08-14,108.88,110.74,108.77,109.23,103.95,104.15,115.89,115.07
2019-08-15,108.97,110.75,108.77,109.24,103.95,104.15,115.89,115.07
2019-08-16,109.07,110.76,108.77,109.24,103.95,104.14,115.89,115.08
2019-08-17,109.16,110.77,108.77,109.25,103.95,104.14,115.89,115.08
2019-08-18,109.25,110.78,108.77,109.25,103.95,104.14,115.89,115.09
2019-08-19,109.34,110.78,108.77,109.25,103.95,104.13,115.89,115.09
2019-08-20,109.43,110.79,108.77,109.26,103.95,104.13,115.89,115.10
2019-08-21,109.52,110.80,108.77,109.26,103.95,104.13,115.89,115.10
2019-08-22,109.61,110.81,108.77,109.27,103.95,104.13,115.90,115.10
2019-08-23,109.70,110.82,108.77,109.27,103.95,104.12,115.90,115.11
2019-08-24,109.79,110.83,108.77,109.27,103.95,104.12,115.90,115.11
2019-08-25,109.88,110.84,108.77,109.28,103.95,104.12,115.90,115.12
2019-08-26,109.98,110.85,108.77,109.28,103.95,104.12,115.90,115.12
2019-08-27,110.07,110.85,108.77,109.29,103.95,104.11,115.90,115.12
2019-08-28,110.16,110.86,108.77,109.29,103.95,104.11,115.90,115.13
2019-08-29,110.25,110.87,108.77,109.29,103.95,104.11,115.90,115.13
2019-08-30,110.34,110.88,108.77,109.30,103.95,104.11,115.90,115.13
2019-08-31,110.43,110.89,108.77,109.30,103.95,104.10,115.90,115.14
2019-09-01,110.52,110.89,108.77,109.31,103.95,104.10,115.90,115.14
2019-09-02,110.53,110.90,108.77,109.31,103.95,104.10,115.91,115.15
2019-09-03,110.54,110.91,108.78,109.32,103.95,104.10,115.92,115.15
2019-09-04,110.54,110.92,108.78,109.32,103.95,104.09,115.94,115.15
2019-09-05,110.55,110.92,108.78,109.33,103.95,104.09,115.95,115.16
2019-09-06,110.56,110.93,108.78,109.33,103.95,104.09,115.96,115.16
2019-09-07,110.57,110.94,108.79,109.33,103.95,104.09,115.98,115.17
2019-09-08,110.57,110.94,108.79,109.34,103.95,104.08,115.99,115.17
2019-09-09,110.58,110.95,108.79,109.34,103.95,104.08,116.00,115.17
2019-09-10,110.59,110.96,108.79,109.35,103.95,104.08,116.02,115.18
2019-09-11,110.59,110.96,108.80,109.35,103.95,104.08,116.03,115.18
2019-09-12,110.60,110.97,108.80,109.36,103.95,104.08,116.04,115.19
2019-09-13,110.61,110.97,108.80,109.36,103.95,104.07,116.05,115.19
2019-09-14,110.62,110.98,108.80,109.37,103.96,104.07,116.07,115.20
2019-09-15,110.62,110.99,108.81,109.37,103.96,104.07,116.08,115.20
2019-09-16,110.63,110.99,108.81,109.38,103.96,104.07,116.09,115.21
2019-09-17,110.64,111.00,108.81,109.38,103.96,104.07,116.11,115.21
2019-09-18,110.65,111.00,108.82,109.39,103.96,104.06,116.12,115.22
2019-09-19,110.65,111.01,108.82,109.40,103.96,104.06,116.13,115.22
2019-09-20,110.66,111.02,108.82,109.40,103.96,104.06,116.15,115.23
2019-09-21,110.67,111.02,108.82,109.41,103.96,104.06,116.16,115.23
2019-09-22,110.67,111.03,108.83,109.41,103.96,104.06,116.17,115.24
2019-09-23,110.68,111.03,108.83,109.42,103.96,104.05,116.18,115.25
2019-09-24,110.69,111.04,108.83,109.42,103.96,104.05,116.20,115.25
2019-09-25,110.70,111.04,108.83,109.43,103.96,104.05,116.21,115.26
2019-09-26,110.70,111.05,108.84,109.43,103.96,104.05,116.22,115.26
2019-09-27,110.71,111.05,108.84,109.44,103.96,104.05,116.24,115.27
2019-09-28,110.72,111.06,108.84,109.44,103.96,104.05,116.25,115.28
2019-09-29,110.73,111.06,108.84,109.45,103.96,104.04,116.26,115.28
2019-09-30,110.73,111.07,108.85,109.46,103.96,104.04,116.28,115.29
2019-10-01,110.74,111.07,108.85,109.46,103.96,104.04,116.29,115.30
2019-10-02,110.65,111.08,108.85,109.47,103.96,104.04,116.29,115.30
2019-10-03,110.56,111.08,108.85,109.47,103.96,104.04,116.30,115.31
2019-10-04,110.46,111.08,108.86,109.48,103.96,104.04,116.30,115.32
2019-10-05,110.37,111.09,108.86,109.48,103.96,104.04,116.31,115.32
2019-10-06,110.28,111.09,108.86,109.49,103.96,104.04,116.31,115.33
2019-10-07,110.19,111.10,108.86,109.50,103.96,104.03,116.32,115.34
2019-10-08,110.10,111.10,108.87,109.50,103.96,104.03,116.32,115.34
2019-10-09,110.00,111.10,108.87,109.51,103.96,104.03,116.33,115.35
2019-10-10,109.91,111.11,108.87,109.51,103.96,104.03,116.33,115.36
2019-10-11,109.82,111.11,108.87,109.52,103.96,104.03,116.34,115.37
2019-10-12,109.73,111.11,108.87,109.52,103.96,104.03,116.34,115.37
2019-10-13,109.64,111.11,108.88,109.53,103.96,104.03,116.35,115.38
2019-10-14,109.55,111.12,108.88,109.54,103.96,104.03,116.35,115.39
2019-10-15,109.45,111.12,108.88,109.54,103.97,104.02,116.36,115.40
2019-10-16,109.36,111.12,108.88,109.55,103.97,104.02,116.36,115.40
2019-10-17,109.27,111.12,108.89,109.55,103.97,104.02,116.37,115.41
2019-10-18,109.18,111.12,108.89,109.56,103.97,104.02,116.37,115.42
2019-10-19,109.09,111.12,108.89,109.56,103.97,104.02,116.38,115.43
2019-10-20,108.99,111.12,108.89,109.57,103.97,104.02,116.38,115.43
2019-10-21,108.90,111.13,108.89,109.57,103.97,104.02,116.38,115.44
2019-10-22,108.81,111.13,108.90,109.58,103.97,104.02,116.39,115.45
2019-10-23,108.72,111.13,108.90,109.59,103.97,104.02,116.39,115.46
2019-10-24,108.63,111.13,108.90,109.59,103.97,104.01,116.40,115.47
2019-10-25,108.53,111.13,108.90,109.60,103.97,104.01,116.40,115.48
2019-10-26,108.44,111.13,108.91,109.60,103.97,104.01,116.41,115.48
2019-10-27,108.35,111.13,108.91,109.61,103.97,104.01,116.41,115.49
2019-10-28,108.26,111.13,108.91,109.61,103.97,104.01,116.42,115.50
2019-10-29,108.17,111.13,108.91,109.62,103.97,104.01,116.42,115.51
2019-10-30,108.07,111.13,108.92,109.62,103.97,104.01,116.43,115.52
2019-10-31,107.98,111.12,108.92,109.63,103.97,104.01,116.43,115.53
2019-11-01,107.89,111.12,108.92,109.64,103.97,104.01,116.44,115.53
2019-11-02,107.93,111.12,108.92,109.64,103.97,104.00,116.45,115.54
2019-11-03,107.97,111.12,108.92,109.65,103.97,104.00,116.45,115.55
2019-11-04,108.00,111.12,108.92,109.65,103.97,104.00,116.46,115.56
2019-11-05,108.04,111.12,108.92,109.66,103.97,104.00,116.47,115.57
2019-11-06,108.08,111.12,108.92,109.66,103.97,104.00,116.47,115.58
2019-11-07,108.11,111.12,108.92,109.67,103.97,104.00,116.48,115.59
2019-11-08,108.15,111.12,108.92,109.67,103.98,104.00,116.49,115.60
2019-11-09,108.19,111.12,108.92,109.68,103.98,104.00,116.49,115.61
2019-11-10,108.23,111.12,108.93,109.69,103.98,104.00,116.50,115.61
2019-11-11,108.26,111.12,108.93,109.69,103.98,104.00,116.51,115.62
2019-11-12,108.30,111.12,108.93,109.70,103.98,104.00,116.51,115.63
2019-11-13,108.34,111.12,108.93,109.70,103.98,104.00,116.52,115.64
2019-11-14,108.38,111.12,108.93,109.71,103.98,103.99,116.53,115.65
2019-11-15,108.41,111.12,108.93,109.71,103.98,103.99,116.54,115.66
2019-11-16,108.45,111.12,108.93,109.72,103.98,103.99,116.54,115.67
2019-11-17,108.49,111.12,108.93,109.72,103.98,103.99,116.55,115.68
2019-11-18,108.53,111.12,108.93,109.73,103.98,103.99,116.56,115.69
2019-11-19,108.56,111.12,108.93,109.73,103.98,103.99,116.56,115.70
2019-11-20,108.60,111.12,108.93,109.74,103.98,103.99,116.57,115.71
2019-11-21,108.64,111.13,108.93,109.74,103.98,103.99,116.58,115.72
2019-11-22,108.67,111.13,108.93,109.75,103.99,103.99,116.58,115.73
2019-11-23,108.71,111.13,108.93,109.75,103.99,103.99,116.59,115.74
2019-11-24,108.75,111.13,108.93,109.76,103.99,103.99,116.60,115.75
2019-11-25,108.79,111.14,108.94,109.76,103.99,103.99,116.61,115.76
2019-11-26,108.82,111.14,108.94,109.77,103.99,103.99,116.61,115.77
2019-11-27,108.86,111.14,108.94,109.77,103.99,103.99,116.62,115.78
2019-11-28,108.90,111.14,108.94,109.78,103.99,103.99,116.63,115.79
2019-11-29,108.94,111.15,108.94,109.78,103.99,103.98,116.63,115.80
2019-11-30,108.97,111.15,108.94,109.79,103.99,103.98,116.64,115.81
2019-12-01,109.01,111.16,108.94,109.79,103.99,103.98,116.65,115.82
2019-12-02,109.05,111.16,108.98,109.80,103.99,103.98,116.66,115.83
2019-12-03,109.10,111.16,109.02,109.80,103.99,103.98,116.67,115.84
2019-12-04,109.14,111.17,109.05,109.81,104.00,103.98,116.68,115.85
2019-12-05,109.18,111.17,109.09,109.81,104.00,103.98,116.69,115.86
2019-12-06,109.23,111.18,109.13,109.81,104.00,103.98,116.70,115.87
2019-12-07,109.27,111.18,109.17,109.82,104.00,103.98,116.71,115.88
2019-12-08,109.31,111.19,109.20,109.82,104.00,103.98,116.72,115.89
2019-12-09,109.36,111.19,109.24,109.83,104.01,103.98,116.73,115.90
2019-12-10,109.40,111.20,109.28,109.83,104.01,103.98,116.74,115.91
2019-12-11,109.45,111.20,109.32,109.84,104.01,103.98,116.75,115.92
2019-12-12,109.49,111.21,109.36,109.84,104.01,103.98,116.77,115.93
2019-12-13,109.53,111.21,109.39,109.85,104.01,103.98,116.78,115.94
2019-12-14,109.58,111.22,109.43,109.85,104.02,103.98,116.79,115.95
2019-12-15,109.62,111.23,109.47,109.86,104.02,103.98,116.80,115.96
2019-12-16,109.66,111.23,109.51,109.87,104.02,103.98,116.81,115.97
2019-12-17,109.71,111.24,109.55,109.87,104.02,103.98,116.82,115.98
2019-12-18,109.75,111.24,109.58,109.88,104.02,103.98,116.83,115.98
2019-12-19,109.79,111.25,109.62,109.88,104.02,103.98,116.84,115.99
2019-12-20,109.84,111.25,109.66,109.89,104.03,103.98,116.85,116.00
2019-12-21,109.88,111.26,109.70,109.89,104.03,103.98,116.86,116.01
2019-12-22,109.92,111.27,109.73,109.90,104.03,103.98,116.87,116.02
2019-12-23,109.97,111.27,109.77,109.91,104.03,103.98,116.88,116.03
2019-12-24,110.01,111.28,109.81,109.91,104.03,103.98,116.89,116.03
2019-12-25,110.05,111.28,109.85,109.92,104.04,103.98,116.90,116.04
2019-12-26,110.10,111.29,109.89,109.92,104.04,103.98,116.92,116.05
2019-12-27,110.14,111.30,109.92,109.93,104.04,103.98,116.93,116.06
2019-12-28,110.18,111.30,109.96,109.94,104.04,103.98,116.94,116.07
2019-12-29,110.23,111.31,110.00,109.94,104.04,103.98,116.95,116.07
2019-12-30,110.27,111.32,110.04,109.95,104.04,103.98,116.96,116.08
2019-12-31,110.31,111.32,110.07,109.95,104.05,103.98,116.97,116.09
2020-01-01,110.36,111.33,110.11,109.96,104.05,103.98,116.98,116.09
2020-01-02,110.34,111.34,110.12,109.97,104.05,103.98,116.98,116.10
2020-01-03,110.32,111.34,110.14,109.97,104.05,103.98,116.99,116.11
2020-01-04,110.30,111.35,110.15,109.98,104.05,103.98,116.99,116.11
2020-01-05,110.28,111.35,110.16,109.99,104.05,103.98,117.00,116.12
2020-01-06,110.27,111.36,110.17,109.99,104.05,103.98,117.00,116.13
2020-01-07,110.25,111.37,110.19,110.00,104.05,103.98,117.00,116.13
2020-01-08,110.23,111.37,110.20,110.00,104.05,103.98,117.01,116.14
2020-01-09,110.21,111.38,110.21,110.01,104.05,103.98,117.01,116.15
2020-01-10,110.19,111.38,110.22,110.02,104.05,103.97,117.01,116.15
2020-01-11,110.17,111.39,110.23,110.02,104.06,103.97,117.02,116.16
2020-01-12,110.16,111.40,110.25,110.03,104.06,103.97,117.02,116.16
2020-01-13,110.14,111.40,110.26,110.04,104.06,103.97,117.03,116.17
2020-01-14,110.12,111.41,110.27,110.04,104.06,103.97,117.03,116.18
2020-01-15,110.10,111.41,110.28,110.05,104.06,103.97,117.03,116.18
2020-01-16,110.08,111.42,110.29,110.05,104.06,103.97,117.04,116.19
2020-01-17,110.06,111.42,110.31,110.06,104.06,103.97,117.04,116.19
2020-01-18,110.05,111.43,110.32,110.06,104.06,103.97,117.04,116.20
2020-01-19,110.03,111.43,110.33,110.07,104.06,103.97,117.05,116.21
2020-01-20,110.01,111.43,110.34,110.08,104.06,103.97,117.05,116.21
2020-01-21,109.99,111.44,110.36,110.08,104.06,103.97,117.06,116.22
2020-01-22,109.97,111.44,110.37,110.09,104.06,103.97,117.06,116.22
2020-01-23,109.95,111.45,110.38,110.09,104.06,103.97,117.06,116.23
2020-01-24,109.94,111.45,110.39,110.10,104.06,103.97,117.07,116.24
2020-01-25,109.92,111.45,110.40,110.10,104.06,103.96,117.07,116.24
2020-01-26,109.90,111.46,110.42,110.11,104.07,103.96,117.08,116.25
2020-01-27,109.88,111.46,110.43,110.11,104.07,103.96,117.08,116.25
2020-01-28,109.86,111.46,110.44,110.12,104.07,103.96,117.08,116.26
2020-01-29,109.84,111.47,110.45,110.12,104.07,103.96,117.09,116.26
2020-01-30,109.83,111.47,110.47,110.13,104.07,103.96,117.09,116.27
2020-01-31,109.81,111.47,110.48,110.13,104.07,103.96,117.09,116.27
2020-02-01,109.79,111.47,110.49,110.14,104.07,103.96,117.10,116.28
2020-02-02,109.84,111.48,110.49,110.14,104.07,103.95,117.10,116.29
2020-02-03,109.90,111.48,110.48,110.15,104.07,103.95,117.11,116.29
2020-02-04,109.95,111.48,110.48,110.15,104.07,103.95,117.12,116.30
2020-02-05,110.01,111.48,110.48,110.16,104.07,103.95,117.12,116.30
2020-02-06,110.06,111.48,110.47,110.16,104.07,103.95,117.13,116.31
2020-02-07,110.12,111.49,110.47,110.17,104.07,103.95,117.14,116.31
2020-02-08,110.17,111.49,110.47,110.17,104.07,103.95,117.14,116.32
2020-02-09,110.23,111.49,110.46,110.18,104.08,103.94,117.15,116.32
2020-02-10,110.28,111.49,110.46,110.18,104.08,103.94,117.16,116.33
2020-02-11,110.34,111.50,110.46,110.19,104.08,103.94,117.16,116.34
2020-02-12,110.39,111.50,110.46,110.19,104.08,103.94,117.17,116.34
2020-02-13,110.45,111.50,110.45,110.20,104.08,103.94,117.18,116.35
2020-02-14,110.50,111.51,110.45,110.20,104.08,103.94,117.18,116.35
2020-02-15,110.56,111.51,110.45,110.20,104.08,103.94,117.19,116.36
2020-02-16,110.61,111.51,110.44,110.21,104.08,103.93,117.20,116.37
2020-02-17,110.67,111.52,110.44,110.21,104.08,103.93,117.20,116.37
2020-02-18,110.72,111.52,110.44,110.22,104.08,103.93,117.21,116.38
2020-02-19,110.78,111.53,110.43,110.22,104.08,103.93,117.21,116.39
2020-02-20,110.83,111.53,110.43,110.23,104.08,103.93,117.22,116.39
2020-02-21,110.89,111.54,110.43,110.23,104.08,103.93,117.23,116.40
2020-02-22,110.94,111.54,110.43,110.23,104.08,103.92,117.23,116.41
2020-02-23,111.00,111.55,110.42,110.24,104.09,103.92,117.24,116.41
2020-02-24,111.05,111.55,110.42,110.24,104.09,103.92,117.25,116.42
2020-02-25,111.11,111.56,110.42,110.24,104.09,103.92,117.25,116.43
2020-02-26,111.16,111.56,110.41,110.25,104.09,103.92,117.26,116.44
2020-02-27,111.22,111.57,110.41,110.25,104.09,103.92,117.27,116.44
2020-02-28,111.27,111.57,110.41,110.26,104.09,103.91,117.27,116.45
2020-02-29,111.33,111.58,110.40,110.26,104.09,103.91,117.28,116.46
2020-03-01,111.38,111.58,110.40,110.26,104.09,103.91,117.29,116.47
2020-03-02,111.36,111.59,110.39,110.27,104.09,103.91,117.29,116.48
2020-03-03,111.35,111.59,110.38,110.27,104.09,103.91,117.29,116.48
2020-03-04,111.33,111.60,110.38,110.27,104.09,103.91,117.30,116.49
2020-03-05,111.32,111.61,110.37,110.28,104.09,103.90,117.30,116.50
2020-03-06,111.30,111.61,110.36,110.28,104.10,103.90,117.31,116.51
2020-03-07,111.29,111.62,110.35,110.28,104.10,103.90,117.31,116.51
2020-03-08,111.27,111.62,110.35,110.29,104.10,103.90,117.31,116.52
2020-03-09,111.26,111.63,110.34,110.29,104.10,103.90,117.32,116.53
2020-03-10,111.24,111.63,110.33,110.29,104.10,103.90,117.32,116.54
2020-03-11,111.23,111.64,110.32,110.30,104.10,103.89,117.32,116.54
2020-03-12,111.21,111.64,110.31,110.30,104.10,103.89,117.33,116.55
2020-03-13,111.20,111.65,110.31,110.30,104.10,103.89,117.33,116.56
2020-03-14,111.18,111.65,110.30,110.31,104.10,103.89,117.34,116.56
2020-03-15,111.17,111.66,110.29,110.31,104.10,103.89,117.34,116.57
2020-03-16,111.15,111.66,110.28,110.31,104.11,103.89,117.34,116.57
2020-03-17,111.14,111.66,110.27,110.32,104.11,103.89,117.35,116.58
2020-03-18,111.12,111.67,110.27,110.32,104.11,103.88,117.35,116.59
2020-03-19,111.11,111.67,110.26,110.33,104.11,103.88,117.35,116.59
2020-03-20,111.09,111.67,110.25,110.33,104.11,103.88,117.36,116.60
2020-03-21,111.08,111.68,110.24,110.33,104.11,103.88,117.36,116.60
2020-03-22,111.06,111.68,110.24,110.34,104.11,103.88,117.37,116.61
2020-03-23,111.05,111.68,110.23,110.34,104.11,103.88,117.37,116.61
2020-03-24,111.03,111.68,110.22,110.35,104.11,103.87,117.37,116.62
2020-03-25,111.02,111.69,110.21,110.35,104.11,103.87,117.38,116.62
2020-03-26,111.00,111.69,110.20,110.35,104.12,103.87,117.38,116.62
2020-03-27,110.99,111.69,110.20,110.36,104.12,103.87,117.39,116.63
2020-03-28,110.97,111.69,110.19,110.36,104.12,103.87,117.39,116.63
2020-03-29,110.96,111.69,110.18,110.37,104.12,103.87,117.39,116.64
2020-03-30,110.94,111.69,110.17,110.37,104.12,103.87,117.40,116.64
2020-03-31,110.93,111.69,110.16,110.38,104.12,103.86,117.40,116.64
2020-04-01,110.91,111.69,110.16,110.38,104.12,103.86,117.40,116.65
2020-04-02,110.94,111.69,110.17,110.38,104.12,103.86,117.41,116.65
2020-04-03,110.97,111.69,110.19,110.39,104.12,103.86,117.42,116.65
2020-04-04,111.01,111.69,110.20,110.39,104.12,103.86,117.42,116.65
2020-04-05,111.04,111.69,110.22,110.40,104.12,103.86,117.43,116.66
2020-04-06,111.07,111.69,110.23,110.40,104.13,103.86,117.44,116.66
2020-04-07,111.10,111.69,110.25,110.41,104.13,103.85,117.44,116.66
2020-04-08,111.13,111.69,110.26,110.41,104.13,103.85,117.45,116.67
2020-04-09,111.16,111.69,110.28,110.42,104.13,103.85,117.45,116.67
2020-04-10,111.19,111.69,110.29,110.42,104.13,103.85,117.46,116.67
2020-04-11,111.22,111.69,110.30,110.43,104.13,103.85,117.47,116.68
2020-04-12,111.25,111.69,110.32,110.43,104.13,103.85,117.47,116.68
2020-04-13,111.28,111.70,110.33,110.44,104.13,103.84,117.48,116.68
2020-04-14,111.31,111.70,110.35,110.44,104.13,103.84,117.49,116.69
2020-04-15,111.34,111.70,110.36,110.45,104.13,103.84,117.49,116.69
2020-04-16,111.37,111.70,110.38,110.45,104.13,103.84,117.50,116.69
2020-04-17,111.40,111.70,110.39,110.46,104.13,103.84,117.50,116.70
2020-04-18,111.43,111.70,110.41,110.46,104.13,103.84,117.51,116.70
2020-04-19,111.46,111.70,110.42,110.47,104.13,103.84,117.52,116.71
2020-04-20,111.49,111.70,110.44,110.47,104.13,103.83,117.52,116.71
2020-04-21,111.52,111.70,110.45,110.48,104.14,103.83,117.53,116.72
2020-04-22,111.55,111.70,110.47,110.48,104.14,103.83,117.54,116.72
2020-04-23,111.58,111.70,110.48,110.49,104.14,103.83,117.54,116.72
2020-04-24,111.61,111.70,110.50,110.49,104.14,103.83,117.55,116.73
2020-04-25,111.64,111.70,110.51,110.49,104.14,103.83,117.55,116.73
2020-04-26,111.67,111.70,110.53,110.50,104.14,103.82,117.56,116.74
2020-04-27,111.70,111.70,110.54,110.50,104.14,103.82,117.57,116.74
2020-04-28,111.73,111.70,110.56,110.51,104.14,103.82,117.57,116.75
2020-04-29,111.76,111.70,110.57,110.51,104.14,103.82,117.58,116.75
2020-04-30,111.79,111.70,110.59,110.52,104.14,103.82,117.59,116.76
2020-05-01,111.82,111.70,110.60,110.52,104.14,103.82,117.59,116.76
2020-05-02,111.83,111.70,110.60,110.53,104.14,103.81,117.60,116.77
2020-05-03,111.84,111.70,110.61,110.53,104.14,103.81,117.60,116.77
2020-05-04,111.85,111.70,110.61,110.54,104.15,103.81,117.60,116.78
2020-05-05,111.86,111.70,110.62,110.55,104.15,103.81,117.61,116.78
2020-05-06,111.87,111.70,110.62,110.55,104.15,103.81,117.61,116.79
2020-05-07,111.87,111.70,110.63,110.56,104.15,103.81,117.61,116.79
2020-05-08,111.88,111.71,110.63,110.56,104.15,103.80,117.62,116.80
2020-05-09,111.89,111.71,110.64,110.57,104.15,103.80,117.62,116.80
2020-05-10,111.90,111.71,110.64,110.57,104.15,103.80,117.62,116.81
2020-05-11,111.91,111.71,110.65,110.58,104.15,103.80,117.63,116.81
2020-05-12,111.92,111.71,110.65,110.58,104.15,103.80,117.63,116.82
2020-05-13,111.92,111.71,110.66,110.59,104.15,103.80,117.63,116.83
2020-05-14,111.93,111.71,110.66,110.59,104.16,103.80,117.64,116.83
2020-05-15,111.94,111.71,110.67,110.60,104.16,103.79,117.64,116.84
2020-05-16,111.95,111.71,110.67,110.60,104.16,103.79,117.64,116.84
2020-05-17,111.96,111.72,110.67,110.61,104.16,103.79,117.65,116.85
2020-05-18,111.97,111.72,110.68,110.61,104.16,103.79,117.65,116.85
2020-05-19,111.97,111.72,110.68,110.62,104.16,103.79,117.65,116.86
2020-05-20,111.98,111.72,110.69,110.62,104.16,103.79,117.66,116.87
2020-05-21,111.99,111.72,110.69,110.63,104.16,103.79,117.66,116.87
2020-05-22,112.00,111.72,110.70,110.63,104.16,103.79,117.66,116.88
2020-05-23,112.01,111.72,110.70,110.64,104.16,103.78,117.67,116.88
2020-05-24,112.02,111.73,110.71,110.64,104.17,103.78,117.67,116.89
2020-05-25,112.03,111.73,110.71,110.65,104.17,103.78,117.67,116.90
2020-05-26,112.03,111.73,110.72,110.65,104.17,103.78,117.68,116.90
2020-05-27,112.04,111.73,110.72,110.66,104.17,103.78,117.68,116.91
2020-05-28,112.05,111.74,110.73,110.66,104.17,103.78,117.69,116.92
2020-05-29,112.06,111.74,110.73,110.67,104.17,103.78,117.69,116.92
2020-05-30,112.07,111.74,110.73,110.67,104.17,103.78,117.69,116.93
2020-05-31,112.08,111.74,110.74,110.68,104.17,103.78,117.70,116.94
2020-06-01,112.08,111.75,110.74,110.68,104.17,103.78,117.70,116.94
2020-06-02,112.10,111.75,110.75,110.69,104.18,103.78,117.71,116.95
2020-06-03,112.12,111.75,110.76,110.70,104.18,103.77,117.72,116.96
2020-06-04,112.14,111.75,110.77,110.70,104.18,103.77,117.72,116.96
2020-06-05,112.16,111.76,110.78,110.71,104.18,103.77,117.73,116.97
2020-06-06,112.17,111.76,110.79,110.71,104.18,103.77,117.74,116.98
2020-06-07,112.19,111.76,110.80,110.72,104.18,103.77,117.75,116.98
2020-06-08,112.21,111.77,110.81,110.72,104.19,103.77,117.76,116.99
2020-06-09,112.23,111.77,110.82,110.73,104.19,103.77,117.76,117.00
2020-06-10,112.24,111.77,110.82,110.73,104.19,103.77,117.77,117.00
2020-06-11,112.26,111.78,110.83,110.74,104.19,103.77,117.78,117.01
2020-06-12,112.28,111.78,110.84,110.74,104.19,103.77,117.79,117.02
2020-06-13,112.30,111.79,110.85,110.75,104.19,103.77,117.80,117.02
2020-06-14,112.32,111.79,110.86,110.75,104.20,103.77,117.81,117.03
2020-06-15,112.33,111.79,110.87,110.76,104.20,103.77,117.81,117.04
2020-06-16,112.35,111.80,110.88,110.76,104.20,103.77,117.82,117.04
2020-06-17,112.37,111.80,110.89,110.77,104.20,103.77,117.83,117.05
2020-06-18,112.39,111.81,110.89,110.78,104.20,103.77,117.84,117.06
2020-06-19,112.40,111.81,110.90,110.78,104.21,103.77,117.85,117.06
2020-06-20,112.42,111.82,110.91,110.79,104.21,103.76,117.86,117.07
2020-06-21,112.44,111.82,110.92,110.79,104.21,103.76,117.86,117.07
2020-06-22,112.46,111.83,110.93,110.80,104.21,103.76,117.87,117.08
2020-06-23,112.48,111.83,110.94,110.80,104.21,103.76,117.88,117.09
2020-06-24,112.49,111.84,110.95,110.81,104.21,103.76,117.89,117.09
2020-06-25,112.51,111.84,110.96,110.81,104.22,103.76,117.90,117.10
2020-06-26,112.53,111.85,110.97,110.82,104.22,103.76,117.90,117.11
2020-06-27,112.55,111.86,110.97,110.83,104.22,103.76,117.91,117.11
2020-06-28,112.56,111.86,110.98,110.83,104.22,103.76,117.92,117.12
2020-06-29,112.58,111.87,110.99,110.84,104.22,103.76,117.93,117.13
2020-06-30,112.60,111.87,111.00,110.84,104.22,103.76,117.94,117.13
2020-07-01,112.62,111.88,111.01,110.85,104.23,103.76,117.95,117.14
2020-07-02,112.72,111.89,111.01,110.85,104.23,103.76,117.95,117.15
2020-07-03,112.81,111.89,111.00,110.86,104.23,103.76,117.95,117.15
2020-07-04,112.91,111.90,111.00,110.87,104.23,103.76,117.96,117.16
2020-07-05,113.01,111.91,111.00,110.87,104.24,103.76,117.96,117.17
2020-07-06,113.10,111.92,110.99,110.88,104.24,103.76,117.97,117.17
2020-07-07,113.20,111.92,110.99,110.88,104.24,103.76,117.97,117.18
2020-07-08,113.30,111.93,110.98,110.89,104.24,103.76,117.98,117.19
2020-07-09,113.39,111.94,110.98,110.90,104.24,103.76,117.98,117.20
2020-07-10,113.49,111.95,110.98,110.90,104.25,103.76,117.98,117.20
2020-07-11,113.59,111.96,110.97,110.91,104.25,103.76,117.99,117.21
2020-07-12,113.69,111.97,110.97,110.91,104.25,103.76,117.99,117.22
2020-07-13,113.78,111.98,110.97,110.92,104.25,103.76,118.00,117.23
2020-07-14,113.88,111.99,110.96,110.92,104.26,103.75,118.00,117.24
2020-07-15,113.98,112.00,110.96,110.93,104.26,103.75,118.00,117.25
2020-07-16,114.07,112.01,110.96,110.94,104.26,103.75,118.01,117.25
2020-07-17,114.17,112.02,110.95,110.94,104.26,103.75,118.01,117.26
2020-07-18,114.27,112.03,110.95,110.95,104.27,103.75,118.02,117.27
2020-07-19,114.37,112.05,110.95,110.95,104.27,103.75,118.02,117.28
2020-07-20,114.46,112.06,110.94,110.96,104.27,103.75,118.03,117.29
2020-07-21,114.56,112.07,110.94,110.96,104.27,103.75,118.03,117.30
2020-07-22,114.66,112.08,110.93,110.97,104.28,103.75,118.03,117.31
2020-07-23,114.75,112.10,110.93,110.97,104.28,103.76,118.04,117.32
2020-07-24,114.85,112.11,110.93,110.98,104.28,103.76,118.04,117.34
2020-07-25,114.95,112.12,110.92,110.99,104.28,103.76,118.05,117.35
2020-07-26,115.05,112.14,110.92,110.99,104.28,103.76,118.05,117.36
2020-07-27,115.14,112.15,110.92,111.00,104.29,103.76,118.05,117.37
2020-07-28,115.24,112.17,110.91,111.00,104.29,103.76,118.06,117.38
2020-07-29,115.34,112.18,110.91,111.01,104.29,103.76,118.06,117.39
2020-07-30,115.43,112.20,110.91,111.01,104.29,103.76,118.07,117.41
2020-07-31,115.53,112.21,110.90,111.02,104.30,103.76,118.07,117.42
2020-08-01,115.63,112.23,110.90,111.02,104.30,103.76,118.08,117.43
2020-08-02,115.74,112.24,110.93,111.03,104.30,103.76,118.08,117.44
2020-08-03,115.85,112.26,110.95,111.03,104.30,103.76,118.09,117.46
2020-08-04,115.96,112.27,110.98,111.04,104.30,103.76,118.09,117.47
2020-08-05,116.07,112.29,111.01,111.04,104.31,103.76,118.10,117.48
2020-08-06,116.18,112.30,111.03,111.05,104.31,103.76,118.10,117.50
2020-08-07,116.29,112.32,111.06,111.05,104.31,103.76,118.11,117.51
2020-08-08,116.39,112.34,111.09,111.06,104.31,103.76,118.11,117.52
2020-08-09,116.50,112.35,111.12,111.07,104.32,103.76,118.12,117.54
2020-08-10,116.61,112.37,111.14,111.07,104.32,103.76,118.12,117.55
2020-08-11,116.72,112.38,111.17,111.08,104.32,103.76,118.13,117.56
2020-08-12,116.83,112.40,111.20,111.08,104.32,103.76,118.13,117.58
2020-08-13,116.94,112.41,111.23,111.09,104.32,103.76,118.14,117.59
2020-08-14,117.05,112.43,111.25,111.09,104.33,103.76,118.14,117.60
2020-08-15,117.16,112.44,111.28,111.10,104.33,103.77,118.15,117.61
2020-08-16,117.27,112.46,111.31,111.10,104.33,103.77,118.16,117.63
2020-08-17,117.38,112.47,111.33,111.11,104.33,103.77,118.16,117.64
2020-08-18,117.49,112.49,111.36,111.11,104.33,103.77,118.17,117.65
2020-08-19,117.60,112.50,111.39,111.12,104.34,103.77,118.17,117.66
2020-08-20,117.71,112.51,111.42,111.12,104.34,103.77,118.18,117.68
2020-08-21,117.82,112.53,111.44,111.13,104.34,103.77,118.18,117.69
2020-08-22,117.93,112.54,111.47,111.13,104.34,103.77,118.19,117.70
2020-08-23,118.04,112.56,111.50,111.14,104.34,103.77,118.19,117.72
2020-08-24,118.15,112.57,111.52,111.15,104.35,103.77,118.20,117.73
2020-08-25,118.26,112.58,111.55,111.15,104.35,103.77,118.20,117.74
2020-08-26,118.37,112.60,111.58,111.16,104.35,103.77,118.21,117.75
2020-08-27,118.48,112.61,111.61,111.16,104.35,103.77,118.21,117.76
2020-08-28,118.59,112.62,111.63,111.17,104.35,103.77,118.22,117.78
2020-08-29,118.70,112.64,111.66,111.17,104.36,103.77,118.22,117.79
2020-08-30,118.80,112.65,111.69,111.18,104.36,103.77,118.23,117.80
2020-08-31,118.91,112.66,111.71,111.18,104.36,103.77,118.24,117.81
2020-09-01,119.02,112.67,111.74,111.19,104.36,103.77,118.24,117.83
2020-09-02,119.03,112.68,111.71,111.19,104.36,103.77,118.25,117.84
2020-09-03,119.03,112.70,111.69,111.20,104.37,103.77,118.25,117.85
2020-09-04,119.03,112.71,111.66,111.20,104.37,103.77,118.26,117.86
2020-09-05,119.03,112.72,111.64,111.21,104.38,103.77,118.26,117.87
2020-09-06,119.04,112.73,111.61,111.22,104.38,103.77,118.27,117.88
2020-09-07,119.04,112.74,111.58,111.22,104.38,103.77,118.27,117.90
2020-09-08,119.04,112.75,111.56,111.23,104.39,103.77,118.28,117.91
2020-09-09,119.04,112.76,111.53,111.23,104.39,103.77,118.28,117.92
2020-09-10,119.04,112.77,111.51,111.24,104.39,103.77,118.29,117.93
2020-09-11,119.05,112.78,111.48,111.24,104.40,103.77,118.29,117.94
2020-09-12,119.05,112.79,111.45,111.25,104.40,103.77,118.30,117.95
2020-09-13,119.05,112.80,111.43,111.25,104.40,103.77,118.30,117.96
2020-09-14,119.05,112.80,111.40,111.26,104.41,103.77,118.31,117.97
2020-09-15,119.06,112.81,111.37,111.26,104.41,103.77,118.31,117.98
2020-09-16,119.06,112.82,111.35,111.27,104.41,103.77,118.32,117.99
2020-09-17,119.06,112.83,111.32,111.27,104.42,103.77,118.32,118.00
2020-09-18,119.06,112.83,111.30,111.28,104.42,103.77,118.33,118.01
2020-09-19,119.06,112.84,111.27,111.28,104.42,103.77,118.33,118.02
2020-09-20,119.07,112.85,111.24,111.28,104.43,103.78,118.34,118.03
2020-09-21,119.07,112.85,111.22,111.29,104.43,103.78,118.34,118.04
2020-09-22,119.07,112.86,111.19,111.29,104.43,103.78,118.35,118.05
2020-09-23,119.07,112.86,111.16,111.30,104.44,103.78,118.35,118.06
2020-09-24,119.08,112.87,111.14,111.30,104.44,103.78,118.36,118.07
2020-09-25,119.08,112.87,111.11,111.31,104.44,103.78,118.36,118.08
2020-09-26,119.08,112.88,111.09,111.31,104.45,103.78,118.37,118.09
2020-09-27,119.08,112.88,111.06,111.32,104.45,103.78,118.37,118.10
2020-09-28,119.09,112.88,111.03,111.32,104.46,103.78,118.38,118.11
2020-09-29,119.09,112.89,111.01,111.32,104.46,103.78,118.38,118.11
2020-09-30,119.09,112.89,110.98,111.33,104.46,103.78,118.39,118.12
2020-10-01,119.09,112.89,110.95,111.33,104.47,103.78,118.39,118.13
2020-10-02,118.96,112.90,110.96,111.34,104.47,103.78,118.40,118.14
2020-10-03,118.83,112.90,110.97,111.34,104.47,103.78,118.40,118.15
2020-10-04,118.70,112.90,110.98,111.35,104.47,103.78,118.40,118.15
2020-10-05,118.56,112.90,110.99,111.35,104.48,103.78,118.41,118.16
2020-10-06,118.43,112.91,111.00,111.35,104.48,103.78,118.41,118.17
2020-10-07,118.30,112.91,111.01,111.36,104.48,103.78,118.41,118.18
2020-10-08,118.17,112.91,111.01,111.36,104.49,103.78,118.42,118.18
2020-10-09,118.03,112.91,111.02,111.36,104.49,103.78,118.42,118.19
2020-10-10,117.90,112.91,111.03,111.37,104.49,103.78,118.42,118.20
2020-10-11,117.77,112.91,111.04,111.37,104.50,103.78,118.43,118.21
2020-10-12,117.64,112.91,111.05,111.38,104.50,103.78,118.43,118.21
2020-10-13,117.50,112.91,111.06,111.38,104.50,103.78,118.43,118.22
2020-10-14,117.37,112.91,111.07,111.38,104.51,103.78,118.44,118.23
2020-10-15,117.24,112.91,111.07,111.39,104.51,103.78,118.44,118.24
2020-10-16,117.11,112.90,111.08,111.39,104.51,103.78,118.45,118.24
2020-10-17,116.98,112.90,111.09,111.39,104.51,103.78,118.45,118.25
2020-10-18,116.84,112.90,111.10,111.40,104.52,103.78,118.45,118.26
2020-10-19,116.71,112.90,111.11,111.40,104.52,103.78,118.46,118.26
2020-10-20,116.58,112.89,111.12,111.40,104.52,103.78,118.46,118.27
2020-10-21,116.45,112.89,111.13,111.41,104.53,103.78,118.46,118.28
2020-10-22,116.31,112.89,111.13,111.41,104.53,103.79,118.47,118.28
2020-10-23,116.18,112.88,111.14,111.42,104.53,103.79,118.47,118.29
2020-10-24,116.05,112.88,111.15,111.42,104.54,103.79,118.47,118.30
2020-10-25,115.92,112.88,111.16,111.42,104.54,103.79,118.48,118.30
2020-10-26,115.79,112.87,111.17,111.43,104.54,103.79,118.48,118.31
2020-10-27,115.65,112.87,111.18,111.43,104.54,103.79,118.48,118.32
2020-10-28,115.52,112.86,111.19,111.43,104.55,103.79,118.49,118.32
2020-10-29,115.39,112.86,111.19,111.44,104.55,103.79,118.49,118.33
2020-10-30,115.26,112.85,111.20,111.44,104.55,103.79,118.49,118.34
2020-10-31,115.12,112.85,111.21,111.44,104.56,103.79,118.50,118.34
2020-11-01,114.99,112.84,111.22,111.45,104.56,103.79,118.50,118.35
2020-11-02,115.00,112.84,111.21,111.45,104.56,103.79,118.50,118.36
2020-11-03,115.01,112.83,111.21,111.45,104.57,103.79,118.50,118.36
2020-11-04,115.02,112.82,111.20,111.46,104.57,103.79,118.51,118.37
2020-11-05,115.03,112.82,111.19,111.46,104.57,103.79,118.51,118.37
2020-11-06,115.04,112.81,111.18,111.46,104.58,103.79,118.51,118.38
2020-11-07,115.05,112.81,111.18,111.47,104.58,103.79,118.51,118.39
2020-11-08,115.06,112.80,111.17,111.47,104.58,103.79,118.52,118.39
2020-11-09,115.07,112.80,111.16,111.47,104.58,103.79,118.52,118.40
2020-11-10,115.08,112.79,111.15,111.48,104.59,103.79,118.52,118.40
2020-11-11,115.09,112.79,111.15,111.48,104.59,103.80,118.52,118.41
2020-11-12,115.10,112.78,111.14,111.48,104.59,103.80,118.53,118.42
2020-11-13,115.11,112.78,111.13,111.49,104.60,103.80,118.53,118.42
2020-11-14,115.12,112.78,111.12,111.49,104.60,103.80,118.53,118.43
2020-11-15,115.14,112.77,111.12,111.49,104.60,103.80,118.53,118.44
2020-11-16,115.15,112.77,111.11,111.50,104.61,103.80,118.54,118.44
2020-11-17,115.16,112.77,111.10,111.50,104.61,103.80,118.54,118.45
2020-11-18,115.17,112.76,111.09,111.50,104.61,103.80,118.54,118.45
2020-11-19,115.18,112.76,111.09,111.51,104.62,103.80,118.54,118.46
2020-11-20,115.19,112.76,111.08,111.51,104.62,103.80,118.54,118.47
2020-11-21,115.20,112.76,111.07,111.51,104.62,103.80,118.55,118.47
2020-11-22,115.21,112.75,111.07,111.52,104.63,103.81,118.55,118.48
2020-11-23,115.22,112.75,111.06,111.52,104.63,103.81,118.55,118.48
2020-11-24,115.23,112.75,111.05,111.53,104.63,103.81,118.55,118.49
2020-11-25,115.24,112.75,111.04,111.53,104.63,103.81,118.56,118.50
2020-11-26,115.25,112.75,111.04,111.53,104.64,103.81,118.56,118.50
2020-11-27,115.26,112.75,111.03,111.54,104.64,103.81,118.56,118.51
2020-11-28,115.27,112.75,111.02,111.54,104.64,103.81,118.56,118.51
2020-11-29,115.28,112.75,111.01,111.54,104.65,103.81,118.57,118.52
2020-11-30,115.29,112.75,111.01,111.55,104.65,103.81,118.57,118.53
2020-12-01,115.30,112.75,111.00,111.55,104.65,103.82,118.57,118.53
2020-12-02,115.37,112.75,111.04,111.55,104.66,103.82,118.58,118.54
2020-12-03,115.44,112.75,111.09,111.56,104.66,103.82,118.60,118.55
2020-12-04,115.51,112.75,111.13,111.56,104.66,103.82,118.61,118.55
2020-12-05,115.57,112.75,111.17,111.56,104.67,103.82,118.62,118.56
2020-12-06,115.64,112.75,111.22,111.57,104.67,103.82,118.64,118.56
2020-12-07,115.71,112.75,111.26,111.57,104.67,103.82,118.65,118.57
2020-12-08,115.78,112.75,111.30,111.57,104.67,103.83,118.66,118.58
2020-12-09,115.85,112.75,111.34,111.58,104.68,103.83,118.68,118.58
2020-12-10,115.92,112.76,111.39,111.58,104.68,103.83,118.69,118.59
2020-12-11,115.99,112.76,111.43,111.59,104.68,103.83,118.70,118.59
2020-12-12,116.06,112.76,111.47,111.59,104.69,103.83,118.72,118.60
2020-12-13,116.13,112.77,111.52,111.59,104.69,103.83,118.73,118.60
2020-12-14,116.19,112.77,111.56,111.60,104.69,103.83,118.74,118.61
2020-12-15,116.26,112.77,111.60,111.60,104.70,103.84,118.76,118.62
2020-12-16,116.33,112.78,111.65,111.61,104.70,103.84,118.77,118.62
2020-12-17,116.40,112.78,111.69,111.61,104.70,103.84,118.78,118.63
2020-12-18,116.47,112.78,111.73,111.62,104.70,103.84,118.80,118.63
2020-12-19,116.54,112.79,111.78,111.62,104.71,103.84,118.81,118.64
2020-12-20,116.61,112.79,111.82,111.63,104.71,103.84,118.82,118.64
2020-12-21,116.68,112.80,111.86,111.63,104.71,103.84,118.84,118.65
2020-12-22,116.75,112.80,111.91,111.64,104.72,103.85,118.85,118.66
2020-12-23,116.81,112.81,111.95,111.64,104.72,103.85,118.86,118.66
2020-12-24,116.88,112.82,111.99,111.65,104.72,103.85,118.88,118.67
2020-12-25,116.95,112.82,112.04,111.65,104.73,103.85,118.89,118.67
2020-12-26,117.02,112.83,112.08,111.66,104.73,103.85,118.90,118.68
2020-12-27,117.09,112.83,112.12,111.66,104.73,103.85,118.92,118.68
2020-12-28,117.16,112.84,112.17,111.67,104.74,103.85,118.93,118.69
2020-12-29,117.23,112.85,112.21,111.67,104.74,103.86,118.94,118.69
2020-12-30,117.30,112.85,112.25,111.68,104.74,103.86,118.96,118.70
2020-12-31,117.37,112.86,112.30,111.68,104.74,103.86,118.97,118.71
2021-01-01,117.43,112.87,112.34,111.69,104.75,103.86,118.98,118.71
2021-01-02,117.52,112.87,112.34,111.69,104.75,103.86,119.00,118.72
2021-01-03,117.60,112.88,112.33,111.70,104.76,103.86,119.01,118.72
2021-01-04,117.69,112.89,112.33,111.70,104.77,103.87,119.02,118.73
2021-01-05,117.77,112.90,112.33,111.71,104.77,103.87,119.04,118.73
2021-01-06,117.86,112.91,112.32,111.72,104.78,103.87,119.05,118.74
2021-01-07,117.94,112.91,112.32,111.72,104.78,103.87,119.06,118.75
2021-01-08,118.02,112.92,112.31,111.73,104.79,103.87,119.08,118.75
2021-01-09,118.11,112.93,112.31,111.73,104.80,103.87,119.09,118.76
2021-01-10,118.19,112.94,112.31,111.74,104.80,103.88,119.10,118.77
2021-01-11,118.28,112.95,112.30,111.75,104.81,103.88,119.12,118.77
2021-01-12,118.36,112.96,112.30,111.75,104.81,103.88,119.13,118.78
2021-01-13,118.45,112.97,112.30,111.76,104.82,103.88,119.14,118.79
2021-01-14,118.53,112.98,112.29,111.76,104.83,103.88,119.16,118.80
2021-01-15,118.61,112.99,112.29,111.77,104.83,103.89,119.17,118.80
2021-01-16,118.70,113.00,112.29,111.77,104.84,103.89,119.18,118.81
2021-01-17,118.78,113.01,112.28,111.78,104.84,103.89,119.20,118.82
2021-01-18,118.87,113.03,112.28,111.79,104.85,103.89,119.21,118.83
2021-01-19,118.95,113.04,112.27,111.79,104.86,103.90,119.22,118.84
2021-01-20,119.04,113.05,112.27,111.80,104.86,103.90,119.24,118.85
2021-01-21,119.12,113.06,112.27,111.80,104.87,103.90,119.25,118.86
2021-01-22,119.20,113.07,112.26,111.81,104.87,103.90,119.26,118.87
2021-01-23,119.29,113.09,112.26,111.82,104.88,103.91,119.28,118.88
2021-01-24,119.37,113.10,112.26,111.82,104.89,103.91,119.29,118.89
2021-01-25,119.46,113.11,112.25,111.83,104.89,103.91,119.30,118.90
2021-01-26,119.54,113.13,112.25,111.83,104.90,103.91,119.32,118.91
2021-01-27,119.62,113.14,112.25,111.84,104.90,103.92,119.33,118.92
2021-01-28,119.71,113.15,112.24,111.85,104.91,103.92,119.34,118.93
2021-01-29,119.79,113.17,112.24,111.85,104.92,103.92,119.36,118.94
2021-01-30,119.88,113.18,112.24,111.86,104.92,103.93,119.37,118.96
2021-01-31,119.96,113.19,112.23,111.87,104.93,103.93,119.38,118.97
2021-02-01,120.05,113.21,112.23,111.87,104.93,103.93,119.40,118.98
2021-02-02,120.05,113.22,112.24,111.88,104.94,103.93,119.42,118.99
2021-02-03,120.06,113.24,112.25,111.88,104.95,103.94,119.44,119.00
2021-02-04,120.06,113.25,112.26,111.89,104.96,103.94,119.47,119.02
2021-02-05,120.07,113.27,112.27,111.90,104.96,103.94,119.49,119.03
2021-02-06,120.08,113.28,112.28,111.90,104.97,103.95,119.51,119.04
2021-02-07,120.08,113.29,112.29,111.91,104.98,103.95,119.54,119.06
2021-02-08,120.09,113.31,112.29,111.91,104.99,103.95,119.56,119.07
2021-02-09,120.09,113.32,112.30,111.92,104.99,103.96,119.58,119.08
2021-02-10,120.10,113.34,112.31,111.93,105.00,103.96,119.61,119.10
2021-02-11,120.11,113.35,112.32,111.93,105.01,103.96,119.63,119.11
2021-02-12,120.11,113.36,112.33,111.94,105.02,103.97,119.65,119.13
2021-02-13,120.12,113.38,112.34,111.94,105.02,103.97,119.68,119.14
2021-02-14,120.13,113.39,112.35,111.95,105.03,103.97,119.70,119.16
2021-02-15,120.13,113.40,112.36,111.96,105.04,103.98,119.73,119.17
2021-02-16,120.14,113.41,112.37,111.96,105.05,103.98,119.75,119.18
2021-02-17,120.14,113.43,112.38,111.97,105.05,103.98,119.77,119.20
2021-02-18,120.15,113.44,112.39,111.97,105.06,103.99,119.80,119.22
2021-02-19,120.16,113.45,112.40,111.98,105.07,103.99,119.82,119.23
2021-02-20,120.16,113.46,112.41,111.99,105.08,104.00,119.84,119.25
2021-02-21,120.17,113.48,112.42,111.99,105.08,104.00,119.87,119.26
2021-02-22,120.17,113.49,112.43,112.00,105.09,104.00,119.89,119.28
2021-02-23,120.18,113.50,112.44,112.00,105.10,104.01,119.91,119.29
2021-02-24,120.19,113.51,112.45,112.01,105.11,104.01,119.94,119.31
2021-02-25,120.19,113.52,112.46,112.02,105.11,104.02,119.96,119.33
2021-02-26,120.20,113.53,112.47,112.02,105.12,104.02,119.98,119.34
2021-02-27,120.20,113.54,112.48,112.03,105.13,104.02,120.01,119.36
2021-02-28,120.21,113.55,112.48,112.04,105.14,104.03,120.03,119.38
2021-03-01,120.22,113.56,112.49,112.04,105.14,104.03,120.06,119.39
2021-03-02,120.20,113.57,112.52,112.05,105.15,104.04,120.10,119.41
2021-03-03,120.18,113.58,112.54,112.05,105.15,104.04,120.14,119.43
2021-03-04,120.16,113.59,112.56,112.06,105.16,104.04,120.18,119.45
2021-03-05,120.14,113.60,112.58,112.07,105.16,104.05,120.22,119.47
2021-03-06,120.13,113.61,112.60,112.07,105.17,104.05,120.26,119.48
2021-03-07,120.11,113.62,112.62,112.08,105.17,104.06,120.30,119.50
2021-03-08,120.09,113.63,112.64,112.08,105.18,104.06,120.34,119.52
2021-03-09,120.07,113.64,112.66,112.09,105.18,104.07,120.38,119.54
2021-03-10,120.06,113.65,112.68,112.10,105.19,104.07,120.42,119.56
2021-03-11,120.04,113.65,112.71,112.10,105.19,104.08,120.47,119.57
2021-03-12,120.02,113.66,112.73,112.11,105.20,104.08,120.51,119.59
2021-03-13,120.00,113.67,112.75,112.12,105.20,104.09,120.55,119.61
2021-03-14,119.98,113.68,112.77,112.12,105.20,104.09,120.59,119.63
2021-03-15,119.97,113.69,112.79,112.13,105.21,104.10,120.63,119.65
2021-03-16,119.95,113.69,112.81,112.14,105.21,104.10,120.67,119.67
2021-03-17,119.93,113.70,112.83,112.14,105.22,104.10,120.71,119.69
2021-03-18,119.91,113.71,112.85,112.15,105.22,104.11,120.75,119.70
2021-03-19,119.89,113.72,112.87,112.16,105.23,104.11,120.79,119.72
2021-03-20,119.88,113.72,112.89,112.16,105.23,104.12,120.83,119.74
2021-03-21,119.86,113.73,112.92,112.17,105.24,104.12,120.88,119.76
2021-03-22,119.84,113.74,112.94,112.18,105.24,104.13,120.92,119.78
2021-03-23,119.82,113.74,112.96,112.19,105.25,104.13,120.96,119.80
2021-03-24,119.80,113.75,112.98,112.19,105.25,104.14,121.00,119.82
2021-03-25,119.79,113.75,113.00,112.20,105.26,104.14,121.04,119.84
2021-03-26,119.77,113.76,113.02,112.21,105.26,104.15,121.08,119.86
2021-03-27,119.75,113.77,113.04,112.21,105.27,104.15,121.12,119.88
2021-03-28,119.73,113.77,113.06,112.22,105.27,104.16,121.16,119.90
2021-03-29,119.71,113.78,113.08,112.23,105.28,104.16,121.20,119.91
2021-03-30,119.70,113.78,113.11,112.24,105.28,104.17,121.25,119.93
2021-03-31,119.68,113.79,113.13,112.24,105.28,104.17,121.29,119.95
2021-04-01,119.66,113.79,113.15,112.25,105.29,104.18,121.33,119.97
2021-04-02,119.65,113.80,113.15,112.26,105.29,104.18,121.38,119.99
2021-04-03,119.65,113.81,113.16,112.27,105.30,104.19,121.43,120.01
2021-04-04,119.64,113.81,113.17,112.28,105.31,104.19,121.49,120.03
2021-04-05,119.63,113.82,113.17,112.28,105.31,104.20,121.54,120.05
2021-04-06,119.62,113.82,113.18,112.29,105.32,104.20,121.59,120.07
2021-04-07,119.62,113.83,113.19,112.30,105.32,104.21,121.65,120.09
2021-04-08,119.61,113.83,113.19,112.31,105.33,104.22,121.70,120.12
2021-04-09,119.60,113.84,113.20,112.32,105.33,104.22,121.75,120.14
2021-04-10,119.60,113.84,113.20,112.32,105.34,104.23,121.80,120.16
2021-04-11,119.59,113.85,113.21,112.33,105.34,104.23,121.86,120.18
2021-04-12,119.58,113.86,113.22,112.34,105.35,104.24,121.91,120.20
2021-04-13,119.57,113.86,113.22,112.35,105.36,104.24,121.96,120.22
2021-04-14,119.57,113.87,113.23,112.36,105.36,104.25,122.02,120.24
2021-04-15,119.56,113.87,113.24,112.37,105.37,104.25,122.07,120.27
2021-04-16,119.55,113.88,113.24,112.38,105.37,104.26,122.12,120.29
2021-04-17,119.55,113.89,113.25,112.38,105.38,104.27,122.18,120.31
2021-04-18,119.54,113.89,113.25,112.39,105.38,104.27,122.23,120.33
2021-04-19,119.53,113.90,113.26,112.40,105.39,104.28,122.28,120.36
2021-04-20,119.52,113.91,113.27,112.41,105.40,104.28,122.33,120.38
2021-04-21,119.52,113.91,113.27,112.42,105.40,104.29,122.39,120.40
2021-04-22,119.51,113.92,113.28,112.43,105.41,104.30,122.44,120.43
2021-04-23,119.50,113.93,113.29,112.44,105.41,104.30,122.49,120.45
2021-04-24,119.49,113.93,113.29,112.45,105.42,104.31,122.55,120.47
2021-04-25,119.49,113.94,113.30,112.46,105.42,104.31,122.60,120.50
2021-04-26,119.48,113.95,113.30,112.47,105.43,104.32,122.65,120.52
2021-04-27,119.47,113.96,113.31,112.48,105.43,104.33,122.71,120.55
2021-04-28,119.47,113.96,113.32,112.49,105.44,104.33,122.76,120.57
2021-04-29,119.46,113.97,113.32,112.50,105.45,104.34,122.81,120.59
2021-04-30,119.45,113.98,113.33,112.51,105.45,104.35,122.86,120.62
2021-05-01,119.44,113.99,113.34,112.52,105.46,104.35,122.92,120.64
2021-05-02,119.42,114.00,113.33,112.53,105.46,104.36,122.96,120.67
2021-05-03,119.40,114.00,113.31,112.54,105.46,104.37,123.00,120.70
2021-05-04,119.38,114.01,113.30,112.55,105.47,104.37,123.04,120.72
2021-05-05,119.36,114.02,113.29,112.56,105.47,104.38,123.08,120.75
2021-05-06,119.33,114.03,113.28,112.57,105.47,104.39,123.12,120.77
2021-05-07,119.31,114.04,113.27,112.58,105.48,104.39,123.16,120.80
2021-05-08,119.29,114.05,113.26,112.59,105.48,104.40,123.20,120.82
2021-05-09,119.27,114.06,113.25,112.60,105.49,104.41,123.24,120.85
2021-05-10,119.25,114.07,113.24,112.61,105.49,104.42,123.28,120.87
2021-05-11,119.22,114.08,113.23,112.62,105.49,104.42,123.32,120.90
2021-05-12,119.20,114.09,113.21,112.63,105.50,104.43,123.37,120.93
2021-05-13,119.18,114.10,113.20,112.64,105.50,104.44,123.41,120.95
2021-05-14,119.16,114.11,113.19,112.65,105.50,104.44,123.45,120.98
2021-05-15,119.14,114.12,113.18,112.66,105.51,104.45,123.49,121.00
2021-05-16,119.11,114.13,113.17,112.67,105.51,104.46,123.53,121.03
2021-05-17,119.09,114.14,113.16,112.68,105.52,104.46,123.57,121.06
2021-05-18,119.07,114.15,113.15,112.69,105.52,104.47,123.61,121.08
2021-05-19,119.05,114.16,113.14,112.70,105.52,104.48,123.65,121.11
2021-05-20,119.03,114.17,113.13,112.71,105.53,104.49,123.69,121.13
2021-05-21,119.00,114.18,113.11,112.72,105.53,104.49,123.73,121.16
2021-05-22,118.98,114.19,113.10,112.73,105.53,104.50,123.77,121.19
2021-05-23,118.96,114.21,113.09,112.74,105.54,104.51,123.81,121.21
2021-05-24,118.94,114.22,113.08,112.75,105.54,104.51,123.85,121.24
2021-05-25,118.92,114.23,113.07,112.76,105.55,104.52,123.89,121.27
2021-05-26,118.89,114.24,113.06,112.77,105.55,104.53,123.93,121.29
2021-05-27,118.87,114.25,113.05,112.78,105.55,104.53,123.98,121.32
2021-05-28,118.85,114.27,113.04,112.79,105.56,104.54,124.02,121.34
2021-05-29,118.83,114.28,113.03,112.80,105.56,104.55,124.06,121.37
2021-05-30,118.81,114.29,113.02,112.82,105.56,104.56,124.10,121.40
2021-05-31,118.78,114.31,113.00,112.83,105.57,104.56,124.14,121.42
2021-06-01,118.76,114.32,112.99,112.84,105.57,104.57,124.18,121.45
2021-06-02,118.77,114.33,113.00,112.85,105.58,104.58,124.20,121.48
2021-06-03,118.78,114.35,113.00,112.86,105.58,104.58,124.22,121.50
2021-06-04,118.78,114.36,113.00,112.87,105.59,104.59,124.24,121.53
2021-06-05,118.79,114.38,113.00,112.88,105.59,104.60,124.27,121.55
2021-06-06,118.80,114.39,113.01,112.89,105.60,104.60,124.29,121.58
2021-06-07,118.81,114.41,113.01,112.90,105.60,104.61,124.31,121.61
2021-06-08,118.81,114.42,113.01,112.91,105.60,104.62,124.33,121.63
2021-06-09,118.82,114.44,113.02,112.92,105.61,104.62,124.35,121.66
2021-06-10,118.83,114.46,113.02,112.93,105.61,104.63,124.38,121.69
2021-06-11,118.83,114.47,113.02,112.94,105.62,104.64,124.40,121.71
2021-06-12,118.84,114.49,113.03,112.95,105.62,104.65,124.42,121.74
2021-06-13,118.85,114.51,113.03,112.96,105.63,104.65,124.44,121.77
2021-06-14,118.86,114.52,113.03,112.97,105.63,104.66,124.46,121.79
2021-06-15,118.86,114.54,113.03,112.99,105.64,104.67,124.49,121.82
2021-06-16,118.87,114.56,113.04,113.00,105.64,104.67,124.51,121.85
2021-06-17,118.88,114.58,113.04,113.01,105.65,104.68,124.53,121.87
2021-06-18,118.89,114.60,113.04,113.02,105.65,104.69,124.55,121.90
2021-06-19,118.89,114.62,113.05,113.03,105.66,104.70,124.57,121.92
2021-06-20,118.90,114.63,113.05,113.04,105.66,104.70,124.60,121.95
2021-06-21,118.91,114.65,113.05,113.05,105.67,104.71,124.62,121.98
2021-06-22,118.91,114.67,113.05,113.06,105.67,104.72,124.64,122.00
2021-06-23,118.92,114.69,113.06,113.07,105.68,104.72,124.66,122.03
2021-06-24,118.93,114.71,113.06,113.08,105.68,104.73,124.68,122.06
2021-06-25,118.94,114.74,113.06,113.09,105.69,104.74,124.71,122.08
2021-06-26,118.94,114.76,113.07,113.10,105.69,104.75,124.73,122.11
2021-06-27,118.95,114.78,113.07,113.12,105.70,104.75,124.75,122.14
2021-06-28,118.96,114.80,113.07,113.13,105.70,104.76,124.77,122.16
2021-06-29,118.96,114.82,113.08,113.14,105.71,104.77,124.79,122.19
2021-06-30,118.97,114.84,113.08,113.15,105.71,104.78,124.82,122.22
2021-07-01,118.98,114.87,113.08,113.16,105.72,104.78,124.84,122.24
2021-07-02,119.03,114.89,113.09,113.17,105.72,104.79,124.86,122.27
2021-07-03,119.08,114.91,113.10,113.18,105.73,104.80,124.88,122.30
2021-07-04,119.14,114.94,113.11,113.19,105.74,104.81,124.91,122.32
2021-07-05,119.19,114.96,113.11,113.20,105.74,104.81,124.93,122.35
2021-07-06,119.24,114.98,113.12,113.21,105.75,104.82,124.95,122.38
2021-07-07,119.30,115.01,113.13,113.22,105.76,104.83,124.98,122.40
2021-07-08,119.35,115.03,113.14,113.24,105.76,104.84,125.00,122.43
2021-07-09,119.40,115.06,113.14,113.25,105.77,104.84,125.02,122.46
2021-07-10,119.46,115.08,113.15,113.26,105.77,104.85,125.05,122.48
2021-07-11,119.51,115.11,113.16,113.27,105.78,104.86,125.07,122.51
2021-07-12,119.56,115.13,113.17,113.28,105.79,104.87,125.09,122.53
2021-07-13,119.62,115.16,113.18,113.29,105.79,104.87,125.12,122.56
2021-07-14,119.67,115.18,113.18,113.30,105.80,104.88,125.14,122.59
2021-07-15,119.72,115.21,113.19,113.31,105.81,104.89,125.16,122.61
2021-07-16,119.78,115.23,113.20,113.33,105.81,104.90,125.19,122.64
2021-07-17,119.83,115.26,113.21,113.34,105.82,104.90,125.21,122.66
2021-07-18,119.88,115.28,113.22,113.35,105.83,104.91,125.23,122.69
2021-07-19,119.93,115.31,113.22,113.36,105.83,104.92,125.26,122.72
2021-07-20,119.99,115.34,113.23,113.37,105.84,104.93,125.28,122.74
2021-07-21,120.04,115.36,113.24,113.38,105.84,104.93,125.30,122.77
2021-07-22,120.09,115.39,113.25,113.40,105.85,104.94,125.33,122.79
2021-07-23,120.15,115.41,113.25,113.41,105.86,104.95,125.35,122.82
2021-07-24,120.20,115.44,113.26,113.42,105.86,104.96,125.37,122.84
2021-07-25,120.25,115.47,113.27,113.43,105.87,104.96,125.39,122.87
2021-07-26,120.31,115.49,113.28,113.44,105.88,104.97,125.42,122.89
2021-07-27,120.36,115.52,113.29,113.45,105.88,104.98,125.44,122.92
2021-07-28,120.41,115.55,113.29,113.47,105.89,104.99,125.46,122.95
2021-07-29,120.47,115.57,113.30,113.48,105.90,104.99,125.49,122.97
2021-07-30,120.52,115.60,113.31,113.49,105.90,105.00,125.51,123.00
2021-07-31,120.57,115.62,113.32,113.50,105.91,105.01,125.53,123.02
2021-08-01,120.63,115.65,113.33,113.52,105.92,105.01,125.56,123.05
2021-08-02,120.69,115.68,113.32,113.53,105.92,105.02,125.57,123.07
2021-08-03,120.75,115.70,113.31,113.54,105.93,105.03,125.58,123.10
2021-08-04,120.81,115.73,113.30,113.55,105.93,105.04,125.59,123.12
2021-08-05,120.87,115.76,113.30,113.56,105.94,105.04,125.60,123.15
2021-08-06,120.93,115.78,113.29,113.58,105.95,105.05,125.61,123.17
2021-08-07,120.99,115.81,113.28,113.59,105.95,105.06,125.62,123.20
2021-08-08,121.05,115.84,113.28,113.60,105.96,105.07,125.63,123.22
2021-08-09,121.12,115.86,113.27,113.61,105.96,105.07,125.64,123.25
2021-08-10,121.18,115.89,113.26,113.63,105.97,105.08,125.65,123.27
2021-08-11,121.24,115.91,113.25,113.64,105.98,105.09,125.66,123.30
2021-08-12,121.30,115.94,113.25,113.65,105.98,105.09,125.67,123.32
2021-08-13,121.36,115.97,113.24,113.66,105.99,105.10,125.68,123.35
2021-08-14,121.42,115.99,113.23,113.68,105.99,105.11,125.69,123.38
2021-08-15,121.48,116.02,113.23,113.69,106.00,105.12,125.70,123.40
2021-08-16,121.54,116.04,113.22,113.70,106.01,105.12,125.71,123.43
2021-08-17,121.60,116.07,113.21,113.72,106.01,105.13,125.72,123.45
2021-08-18,121.67,116.10,113.20,113.73,106.02,105.14,125.73,123.48
2021-08-19,121.73,116.12,113.20,113.74,106.02,105.15,125.74,123.51
2021-08-20,121.79,116.15,113.19,113.75,106.03,105.15,125.75,123.53
2021-08-21,121.85,116.17,113.18,113.77,106.04,105.16,125.76,123.56
2021-08-22,121.91,116.20,113.18,113.78,106.04,105.17,125.77,123.58
2021-08-23,121.97,116.22,113.17,113.79,106.05,105.18,125.78,123.61
2021-08-24,122.03,116.25,113.16,113.80,106.05,105.18,125.79,123.64
2021-08-25,122.09,116.27,113.15,113.82,106.06,105.19,125.80,123.66
2021-08-26,122.16,116.29,113.15,113.83,106.07,105.20,125.81,123.69
2021-08-27,122.22,116.32,113.14,113.84,106.07,105.21,125.82,123.72
2021-08-28,122.28,116.34,113.13,113.85,106.08,105.21,125.83,123.75
2021-08-29,122.34,116.37,113.13,113.87,106.08,105.22,125.84,123.77
2021-08-30,122.40,116.39,113.12,113.88,106.09,105.23,125.85,123.80
2021-08-31,122.46,116.41,113.11,113.89,106.10,105.24,125.86,123.83
2021-09-01,122.52,116.44,113.10,113.91,106.10,105.24,125.88,123.85
2021-09-02,122.48,116.46,113.11,113.92,106.11,105.25,125.89,123.88
2021-09-03,122.44,116.48,113.11,113.93,106.11,105.26,125.91,123.91
2021-09-04,122.39,116.50,113.12,113.94,106.12,105.27,125.93,123.94
2021-09-05,122.35,116.53,113.12,113.96,106.13,105.28,125.95,123.96
2021-09-06,122.30,116.55,113.13,113.97,106.13,105.28,125.97,123.99
2021-09-07,122.26,116.57,113.13,113.98,106.14,105.29,125.99,124.02
2021-09-08,122.22,116.59,113.14,113.99,106.14,105.30,126.00,124.05
2021-09-09,122.17,116.61,113.14,114.01,106.15,105.31,126.02,124.08
2021-09-10,122.13,116.63,113.15,114.02,106.16,105.32,126.04,124.10
2021-09-11,122.09,116.65,113.15,114.03,106.16,105.32,126.06,124.13
2021-09-12,122.04,116.67,113.16,114.05,106.17,105.33,126.08,124.16
2021-09-13,122.00,116.69,113.16,114.06,106.17,105.34,126.10,124.19
2021-09-14,121.96,116.70,113.17,114.07,106.18,105.35,126.12,124.21
2021-09-15,121.91,116.72,113.17,114.09,106.19,105.36,126.13,124.24
2021-09-16,121.87,116.74,113.18,114.10,106.19,105.36,126.15,124.27
2021-09-17,121.83,116.76,113.18,114.11,106.20,105.37,126.17,124.30
2021-09-18,121.78,116.77,113.19,114.13,106.20,105.38,126.19,124.32
2021-09-19,121.74,116.79,113.19,114.14,106.21,105.39,126.21,124.35
2021-09-20,121.70,116.81,113.19,114.15,106.21,105.40,126.23,124.38
2021-09-21,121.65,116.82,113.20,114.17,106.22,105.40,126.24,124.41
2021-09-22,121.61,116.84,113.20,114.18,106.23,105.41,126.26,124.44
2021-09-23,121.56,116.85,113.21,114.19,106.23,105.42,126.28,124.46
2021-09-24,121.52,116.87,113.21,114.21,106.24,105.43,126.30,124.49
2021-09-25,121.48,116.88,113.22,114.22,106.24,105.44,126.32,124.52
2021-09-26,121.43,116.90,113.22,114.23,106.25,105.45,126.34,124.55
2021-09-27,121.39,116.91,113.23,114.25,106.26,105.45,126.36,124.57
2021-09-28,121.35,116.92,113.23,114.26,106.26,105.46,126.37,124.60
2021-09-29,121.30,116.94,113.24,114.27,106.27,105.47,126.39,124.63
2021-09-30,121.26,116.95,113.24,114.29,106.27,105.48,126.41,124.66
2021-10-01,121.22,116.96,113.25,114.30,106.28,105.49,126.43,124.69
2021-10-02,121.24,116.97,113.23,114.31,106.29,105.50,126.45,124.71
2021-10-03,121.26,116.98,113.22,114.33,106.30,105.50,126.47,124.74
2021-10-04,121.27,117.00,113.20,114.34,106.31,105.51,126.49,124.77
2021-10-05,121.29,117.01,113.19,114.36,106.31,105.52,126.51,124.80
2021-10-06,121.31,117.02,113.17,114.37,106.32,105.53,126.53,124.82
2021-10-07,121.33,117.03,113.16,114.38,106.33,105.54,126.55,124.85
2021-10-08,121.35,117.04,113.14,114.40,106.34,105.55,126.57,124.88
2021-10-09,121.37,117.05,113.12,114.41,106.35,105.56,126.59,124.91
2021-10-10,121.39,117.06,113.11,114.43,106.36,105.57,126.61,124.94
2021-10-11,121.41,117.07,113.09,114.44,106.36,105.57,126.63,124.96
2021-10-12,121.43,117.09,113.08,114.45,106.37,105.58,126.65,124.99
2021-10-13,121.45,117.10,113.06,114.47,106.38,105.59,126.67,125.02
2021-10-14,121.47,117.11,113.05,114.48,106.39,105.60,126.69,125.05
2021-10-15,121.49,117.12,113.03,114.49,106.40,105.61,126.71,125.08
2021-10-16,121.51,117.13,113.02,114.51,106.41,105.62,126.73,125.11
2021-10-17,121.53,117.14,113.00,114.52,106.41,105.63,126.75,125.13
2021-10-18,121.55,117.15,112.99,114.53,106.42,105.64,126.77,125.16
2021-10-19,121.57,117.16,112.97,114.55,106.43,105.64,126.79,125.19
2021-10-20,121.59,117.18,112.96,114.56,106.44,105.65,126.81,125.22
2021-10-21,121.60,117.19,112.94,114.57,106.45,105.66,126.83,125.25
2021-10-22,121.62,117.20,112.92,114.59,106.46,105.67,126.85,125.28
2021-10-23,121.64,117.21,112.91,114.60,106.46,105.68,126.87,125.31
2021-10-24,121.66,117.22,112.89,114.61,106.47,105.69,126.89,125.33
2021-10-25,121.68,117.23,112.88,114.63,106.48,105.70,126.91,125.36
2021-10-26,121.70,117.25,112.86,114.64,106.49,105.71,126.93,125.39
2021-10-27,121.72,117.26,112.85,114.65,106.50,105.71,126.95,125.42
2021-10-28,121.74,117.27,112.83,114.67,106.51,105.72,126.97,125.45
2021-10-29,121.76,117.28,112.82,114.68,106.52,105.73,126.99,125.48
2021-10-30,121.78,117.30,112.80,114.69,106.52,105.74,127.01,125.51
2021-10-31,121.80,117.31,112.79,114.71,106.53,105.75,127.03,125.54
2021-11-01,121.82,117.32,112.77,114.72,106.54,105.76,127.05,125.56
2021-11-02,121.84,117.34,112.81,114.73,106.55,105.77,127.06,125.59
2021-11-03,121.86,117.35,112.85,114.75,106.56,105.78,127.07,125.62
2021-11-04,121.89,117.36,112.88,114.76,106.57,105.79,127.08,125.65
2021-11-05,121.91,117.38,112.92,114.77,106.57,105.79,127.09,125.68
2021-11-06,121.93,117.39,112.96,114.79,106.58,105.80,127.10,125.71
2021-11-07,121.95,117.41,113.00,114.80,106.59,105.81,127.11,125.74
2021-11-08,121.98,117.42,113.03,114.81,106.60,105.82,127.12,125.77
2021-11-09,122.00,117.43,113.07,114.83,106.61,105.83,127.13,125.79
2021-11-10,122.02,117.45,113.11,114.84,106.62,105.84,127.13,125.82
2021-11-11,122.05,117.46,113.14,114.85,106.62,105.85,127.14,125.85
2021-11-12,122.07,117.48,113.18,114.87,106.63,105.86,127.15,125.88
2021-11-13,122.09,117.49,113.22,114.88,106.64,105.86,127.16,125.91
2021-11-14,122.11,117.51,113.26,114.89,106.65,105.87,127.17,125.94
2021-11-15,122.14,117.52,113.29,114.91,106.66,105.88,127.18,125.97
2021-11-16,122.16,117.54,113.33,114.92,106.67,105.89,127.19,125.99
2021-11-17,122.18,117.55,113.37,114.93,106.67,105.90,127.20,126.02
2021-11-18,122.20,117.57,113.41,114.95,106.68,105.91,127.21,126.05
2021-11-19,122.23,117.59,113.44,114.96,106.69,105.92,127.22,126.08
2021-11-20,122.25,117.60,113.48,114.98,106.70,105.92,127.22,126.11
2021-11-21,122.27,117.62,113.52,114.99,106.71,105.93,127.23,126.14
2021-11-22,122.30,117.63,113.55,115.00,106.72,105.94,127.24,126.16
2021-11-23,122.32,117.65,113.59,115.02,106.72,105.95,127.25,126.19
2021-11-24,122.34,117.67,113.63,115.03,106.73,105.96,127.26,126.22
2021-11-25,122.36,117.68,113.67,115.05,106.74,105.97,127.27,126.25
2021-11-26,122.39,117.70,113.70,115.06,106.75,105.98,127.28,126.27
2021-11-27,122.41,117.72,113.74,115.08,106.76,105.98,127.29,126.30
2021-11-28,122.43,117.73,113.78,115.09,106.77,105.99,127.30,126.33
2021-11-29,122.45,117.75,113.82,115.11,106.77,106.00,127.31,126.36
2021-11-30,122.48,117.77,113.85,115.12,106.78,106.01,127.32,126.39
2021-12-01,122.50,117.78,113.89,115.14,106.79,106.02,127.32,126.41
2021-12-02,122.55,117.80,113.97,115.15,106.80,106.03,127.34,126.44
2021-12-03,122.61,117.82,114.05,115.17,106.80,106.04,127.36,126.47
2021-12-04,122.66,117.84,114.12,115.18,106.81,106.04,127.37,126.50
2021-12-05,122.72,117.86,114.20,115.20,106.81,106.05,127.39,126.52
2021-12-06,122.77,117.87,114.28,115.21,106.81,106.06,127.40,126.55
2021-12-07,122.83,117.89,114.36,115.23,106.82,106.07,127.42,126.58
2021-12-08,122.88,117.91,114.44,115.24,106.82,106.08,127.44,126.60
2021-12-09,122.94,117.93,114.52,115.26,106.83,106.09,127.45,126.63
2021-12-10,122.99,117.95,114.59,115.28,106.83,106.09,127.47,126.66
2021-12-11,123.05,117.97,114.67,115.29,106.84,106.10,127.48,126.69
2021-12-12,123.10,117.98,114.75,115.31,106.84,106.11,127.50,126.71
2021-12-13,123.15,118.00,114.83,115.32,106.85,106.12,127.52,126.74
2021-12-14,123.21,118.02,114.91,115.34,106.85,106.13,127.53,126.77
2021-12-15,123.26,118.04,114.99,115.36,106.86,106.13,127.55,126.79
2021-12-16,123.32,118.06,115.06,115.37,106.86,106.14,127.56,126.82
2021-12-17,123.37,118.08,115.14,115.39,106.87,106.15,127.58,126.85
2021-12-18,123.43,118.10,115.22,115.41,106.87,106.16,127.60,126.87
2021-12-19,123.48,118.12,115.30,115.42,106.88,106.17,127.61,126.90
2021-12-20,123.54,118.14,115.38,115.44,106.88,106.17,127.63,126.93
2021-12-21,123.59,118.16,115.46,115.46,106.89,106.18,127.64,126.95
2021-12-22,123.65,118.18,115.53,115.47,106.89,106.19,127.66,126.98
2021-12-23,123.70,118.20,115.61,115.49,106.89,106.20,127.68,127.00
2021-12-24,123.76,118.21,115.69,115.51,106.90,106.21,127.69,127.03
2021-12-25,123.81,118.23,115.77,115.52,106.90,106.21,127.71,127.06
2021-12-26,123.86,118.25,115.85,115.54,106.91,106.22,127.72,127.08
2021-12-27,123.92,118.27,115.92,115.56,106.91,106.23,127.74,127.11
2021-12-28,123.97,118.29,116.00,115.58,106.92,106.24,127.76,127.14
2021-12-29,124.03,118.31,116.08,115.59,106.92,106.25,127.77,127.16
2021-12-30,124.08,118.33,116.16,115.61,106.93,106.25,127.79,127.19
2021-12-31,124.14,118.35,116.24,115.63,106.93,106.26,127.80,127.21
2022-01-01,124.19,118.37,116.32,115.65,106.94,106.27,127.82,127.24
2022-01-02,124.20,118.39,116.36,115.66,106.94,106.28,127.84,127.26
2022-01-03,124.21,118.41,116.41,115.68,106.95,106.28,127.85,127.29
2022-01-04,124.22,118.43,116.46,115.70,106.95,106.29,127.87,127.32
2022-01-05,124.23,118.45,116.51,115.72,106.96,106.30,127.89,127.34
2022-01-06,124.25,118.47,116.56,115.73,106.96,106.31,127.90,127.37
2022-01-07,124.26,118.49,116.61,115.75,106.97,106.32,127.92,127.39
2022-01-08,124.27,118.51,116.65,115.77,106.97,106.32,127.94,127.42
2022-01-09,124.28,118.53,116.70,115.79,106.98,106.33,127.96,127.44
2022-01-10,124.29,118.55,116.75,115.81,106.99,106.34,127.97,127.47
2022-01-11,124.30,118.56,116.80,115.82,106.99,106.34,127.99,127.49
2022-01-12,124.31,118.58,116.85,115.84,107.00,106.35,128.01,127.52
2022-01-13,124.32,118.60,116.90,115.86,107.00,106.36,128.02,127.54
2022-01-14,124.33,118.62,116.94,115.88,107.01,106.37,128.04,127.56
2022-01-15,124.34,118.64,116.99,115.90,107.01,106.37,128.06,127.59
2022-01-16,124.35,118.65,117.04,115.92,107.02,106.38,128.08,127.61
2022-01-17,124.36,118.67,117.09,115.93,107.02,106.39,128.09,127.64
2022-01-18,124.37,118.69,117.14,115.95,107.03,106.40,128.11,127.66
2022-01-19,124.38,118.71,117.18,115.97,107.03,106.40,128.13,127.68
2022-01-20,124.39,118.72,117.23,115.99,107.04,106.41,128.14,127.71
2022-01-21,124.40,118.74,117.28,116.01,107.04,106.42,128.16,127.73
2022-01-22,124.42,118.76,117.33,116.03,107.05,106.42,128.18,127.75
2022-01-23,124.43,118.77,117.38,116.04,107.06,106.43,128.20,127.78
2022-01-24,124.44,118.79,117.43,116.06,107.06,106.44,128.21,127.80
2022-01-25,124.45,118.81,117.47,116.08,107.07,106.44,128.23,127.82
2022-01-26,124.46,118.82,117.52,116.10,107.07,106.45,128.25,127.85
2022-01-27,124.47,118.84,117.57,116.12,107.08,106.46,128.26,127.87
2022-01-28,124.48,118.85,117.62,116.14,107.08,106.46,128.28,127.89
2022-01-29,124.49,118.87,117.67,116.15,107.09,106.47,128.30,127.91
2022-01-30,124.50,118.88,117.72,116.17,107.09,106.48,128.32,127.93
2022-01-31,124.51,118.90,117.76,116.19,107.10,106.48,128.33,127.96
2022-02-01,124.52,118.91,117.81,116.21,107.10,106.49,128.35,127.98
2022-02-02,124.52,118.92,117.80,116.23,107.11,106.50,128.39,128.00
2022-02-03,124.52,118.94,117.79,116.25,107.12,106.50,128.42,128.02
2022-02-04,124.51,118.95,117.78,116.27,107.12,106.51,128.46,128.04
2022-02-05,124.51,118.97,117.77,116.28,107.13,106.52,128.50,128.07
2022-02-06,124.51,118.98,117.76,116.30,107.13,106.52,128.53,128.09
2022-02-07,124.50,118.99,117.75,116.32,107.14,106.53,128.57,128.11
2022-02-08,124.50,119.01,117.74,116.34,107.15,106.53,128.61,128.13
2022-02-09,124.50,119.02,117.73,116.36,107.15,106.54,128.64,128.15
2022-02-10,124.49,119.03,117.72,116.38,107.16,106.55,128.68,128.17
2022-02-11,124.49,119.05,117.71,116.40,107.16,106.55,128.72,128.20
2022-02-12,124.49,119.06,117.70,116.41,107.17,106.56,128.75,128.22
2022-02-13,124.48,119.07,117.69,116.43,107.18,106.57,128.79,128.24
2022-02-14,124.48,119.08,117.68,116.45,107.18,106.57,128.83,128.26
2022-02-15,124.48,119.10,117.67,116.47,107.19,106.58,128.86,128.28
2022-02-16,124.47,119.11,117.66,116.49,107.19,106.59,128.90,128.30
2022-02-17,124.47,119.12,117.65,116.51,107.20,106.59,128.94,128.33
2022-02-18,124.47,119.13,117.64,116.52,107.20,106.60,128.97,128.35
2022-02-19,124.46,119.15,117.63,116.54,107.21,106.61,129.01,128.37
2022-02-20,124.46,119.16,117.62,116.56,107.22,106.61,129.04,128.39
2022-02-21,124.46,119.17,117.61,116.58,107.22,106.62,129.08,128.42
2022-02-22,124.45,119.18,117.60,116.60,107.23,106.63,129.12,128.44
2022-02-23,124.45,119.19,117.59,116.61,107.23,106.63,129.15,128.46
2022-02-24,124.45,119.21,117.58,116.63,107.24,106.64,129.19,128.48
2022-02-25,124.44,119.22,117.56,116.65,107.25,106.65,129.23,128.51
2022-02-26,124.44,119.23,117.55,116.67,107.25,106.65,129.26,128.53
2022-02-27,124.44,119.24,117.54,116.68,107.26,106.66,129.30,128.55
2022-02-28,124.43,119.25,117.53,116.70,107.26,106.67,129.34,128.57
2022-03-01,124.43,119.26,117.52,116.72,107.27,106.68,129.37,128.59
2022-03-02,124.46,119.28,117.51,116.74,107.27,106.68,129.43,128.62
2022-03-03,124.48,119.29,117.51,116.75,107.28,106.69,129.50,128.64
2022-03-04,124.51,119.30,117.50,116.77,107.28,106.70,129.56,128.66
2022-03-05,124.54,119.31,117.49,116.79,107.28,106.70,129.62,128.69
2022-03-06,124.57,119.32,117.48,116.81,107.29,106.71,129.68,128.71
2022-03-07,124.59,119.33,117.47,116.82,107.29,106.72,129.74,128.73
2022-03-08,124.62,119.34,117.46,116.84,107.29,106.73,129.80,128.75
2022-03-09,124.65,119.36,117.45,116.86,107.30,106.73,129.86,128.78
2022-03-10,124.67,119.37,117.44,116.88,107.30,106.74,129.92,128.80
2022-03-11,124.70,119.38,117.43,116.89,107.30,106.75,129.98,128.82
2022-03-12,124.73,119.39,117.42,116.91,107.31,106.76,130.04,128.85
2022-03-13,124.76,119.40,117.41,116.93,107.31,106.76,130.10,128.87
2022-03-14,124.78,119.42,117.40,116.94,107.31,106.77,130.16,128.90
2022-03-15,124.81,119.43,117.39,116.96,107.32,106.78,130.22,128.92
2022-03-16,124.84,119.44,117.38,116.98,107.32,106.79,130.28,128.94
2022-03-17,124.86,119.45,117.38,117.00,107.32,106.79,130.34,128.97
2022-03-18,124.89,119.46,117.37,117.01,107.33,106.80,130.40,128.99
2022-03-19,124.92,119.48,117.36,117.03,107.33,106.81,130.46,129.02
2022-03-20,124.95,119.49,117.35,117.05,107.33,106.82,130.52,129.04
2022-03-21,124.97,119.50,117.34,117.06,107.34,106.83,130.58,129.06
2022-03-22,125.00,119.52,117.33,117.08,107.34,106.83,130.64,129.09
2022-03-23,125.03,119.53,117.32,117.10,107.34,106.84,130.70,129.11
2022-03-24,125.05,119.54,117.31,117.12,107.35,106.85,130.76,129.14
2022-03-25,125.08,119.56,117.30,117.13,107.35,106.86,130.82,129.16
2022-03-26,125.11,119.57,117.29,117.15,107.35,106.87,130.89,129.19
2022-03-27,125.14,119.58,117.28,117.17,107.36,106.87,130.95,129.21
2022-03-28,125.16,119.60,117.27,117.18,107.36,106.88,131.01,129.24
2022-03-29,125.19,119.61,117.26,117.20,107.36,106.89,131.07,129.26
2022-03-30,125.22,119.62,117.25,117.22,107.37,106.90,131.13,129.29
2022-03-31,125.24,119.64,117.24,117.23,107.37,106.91,131.19,129.31
2022-04-01,125.27,119.65,117.24,117.25,107.37,106.92,131.25,129.34
2022-04-02,125.31,119.67,117.31,117.27,107.38,106.93,131.28,129.37
2022-04-03,125.35,119.68,117.38,117.29,107.39,106.93,131.32,129.39
2022-04-04,125.39,119.69,117.45,117.30,107.39,106.94,131.35,129.42
2022-04-05,125.43,119.71,117.52,117.32,107.40,106.95,131.39,129.44
2022-04-06,125.47,119.72,117.59,117.34,107.40,106.96,131.42,129.47
2022-04-07,125.51,119.74,117.66,117.35,107.41,106.97,131.46,129.49
2022-04-08,125.55,119.75,117.73,117.37,107.41,106.98,131.49,129.52
2022-04-09,125.59,119.77,117.80,117.39,107.42,106.99,131.53,129.54
2022-04-10,125.63,119.78,117.87,117.40,107.42,106.99,131.56,129.57
2022-04-11,125.67,119.79,117.94,117.42,107.43,107.00,131.60,129.59
2022-04-12,125.71,119.81,118.01,117.44,107.43,107.01,131.63,129.62
2022-04-13,125.75,119.82,118.08,117.46,107.44,107.02,131.67,129.64
2022-04-14,125.79,119.84,118.15,117.47,107.44,107.03,131.70,129.67
2022-04-15,125.83,119.85,118.22,117.49,107.45,107.04,131.74,129.69
2022-04-16,125.87,119.87,118.29,117.51,107.45,107.05,131.77,129.72
2022-04-17,125.91,119.88,118.36,117.52,107.46,107.06,131.81,129.74
2022-04-18,125.95,119.90,118.43,117.54,107.46,107.06,131.84,129.76
2022-04-19,125.99,119.91,118.50,117.56,107.47,107.07,131.88,129.79
2022-04-20,126.03,119.93,118.57,117.58,107.47,107.08,131.91,129.81
2022-04-21,126.07,119.94,118.64,117.59,107.48,107.09,131.95,129.83
2022-04-22,126.11,119.95,118.71,117.61,107.48,107.10,131.98,129.86
2022-04-23,126.15,119.97,118.78,117.63,107.49,107.11,132.02,129.88
2022-04-24,126.19,119.98,118.85,117.64,107.49,107.11,132.05,129.90
2022-04-25,126.23,120.00,118.92,117.66,107.50,107.12,132.09,129.93
2022-04-26,126.27,120.01,118.99,117.68,107.51,107.13,132.12,129.95
2022-04-27,126.31,120.03,119.06,117.70,107.51,107.14,132.16,129.97
2022-04-28,126.35,120.04,119.13,117.71,107.52,107.15,132.19,129.99
2022-04-29,126.39,120.06,119.20,117.73,107.52,107.16,132.23,130.02
2022-04-30,126.44,120.07,119.27,117.75,107.53,107.16,132.26,130.04
2022-05-01,126.48,120.09,119.34,117.77,107.53,107.17,132.30,130.06
2022-05-02,126.47,120.10,119.38,117.78,107.53,107.18,132.33,130.08
2022-05-03,126.47,120.12,119.41,117.80,107.54,107.19,132.36,130.10
2022-05-04,126.47,120.13,119.44,117.82,107.54,107.20,132.39,130.12
2022-05-05,126.47,120.15,119.48,117.84,107.54,107.21,132.42,130.14
2022-05-06,126.47,120.16,119.51,117.85,107.55,107.21,132.45,130.17
2022-05-07,126.47,120.18,119.55,117.87,107.55,107.22,132.48,130.19
2022-05-08,126.47,120.19,119.58,117.89,107.55,107.23,132.51,130.21
2022-05-09,126.47,120.20,119.62,117.91,107.56,107.24,132.54,130.23
2022-05-10,126.47,120.22,119.65,117.92,107.56,107.25,132.57,130.25
2022-05-11,126.46,120.23,119.69,117.94,107.56,107.25,132.60,130.27
2022-05-12,126.46,120.25,119.72,117.96,107.56,107.26,132.63,130.29
2022-05-13,126.46,120.26,119.76,117.97,107.57,107.27,132.66,130.31
2022-05-14,126.46,120.28,119.79,117.99,107.57,107.28,132.69,130.33
2022-05-15,126.46,120.29,119.83,118.01,107.57,107.29,132.72,130.35
2022-05-16,126.46,120.31,119.86,118.03,107.58,107.29,132.75,130.37
2022-05-17,126.46,120.32,119.90,118.04,107.58,107.30,132.78,130.39
2022-05-18,126.46,120.34,119.93,118.06,107.58,107.31,132.81,130.41
2022-05-19,126.46,120.35,119.96,118.08,107.59,107.32,132.84,130.43
2022-05-20,126.45,120.36,120.00,118.09,107.59,107.32,132.87,130.44
2022-05-21,126.45,120.38,120.03,118.11,107.59,107.33,132.90,130.46
2022-05-22,126.45,120.39,120.07,118.13,107.59,107.34,132.93,130.48
2022-05-23,126.45,120.41,120.10,118.15,107.60,107.35,132.96,130.50
2022-05-24,126.45,120.42,120.14,118.16,107.60,107.35,132.99,130.52
2022-05-25,126.45,120.44,120.17,118.18,107.60,107.36,133.02,130.54
2022-05-26,126.45,120.45,120.21,118.20,107.61,107.37,133.05,130.56
2022-05-27,126.45,120.46,120.24,118.21,107.61,107.38,133.08,130.57
2022-05-28,126.45,120.48,120.28,118.23,107.61,107.39,133.11,130.59
2022-05-29,126.44,120.49,120.31,118.25,107.62,107.39,133.14,130.61
2022-05-30,126.44,120.51,120.35,118.26,107.62,107.40,133.17,130.63
2022-05-31,126.44,120.52,120.38,118.28,107.62,107.41,133.20,130.65
2022-06-01,126.44,120.54,120.42,118.30,107.62,107.41,133.23,130.66
2022-06-02,126.50,120.55,120.43,118.31,107.63,107.42,133.25,130.68
2022-06-03,126.57,120.57,120.45,118.33,107.63,107.43,133.27,130.70
2022-06-04,126.63,120.58,120.46,118.35,107.64,107.44,133.29,130.71
2022-06-05,126.69,120.59,120.48,118.36,107.64,107.44,133.31,130.73
2022-06-06,126.76,120.61,120.49,118.38,107.64,107.45,133.33,130.75
2022-06-07,126.82,120.62,120.51,118.40,107.65,107.46,133.36,130.77
2022-06-08,126.88,120.64,120.52,118.41,107.65,107.47,133.38,130.78
2022-06-09,126.95,120.66,120.54,118.43,107.66,107.47,133.40,130.80
2022-06-10,127.01,120.67,120.55,118.45,107.66,107.48,133.42,130.82
2022-06-11,127.07,120.69,120.57,118.46,107.66,107.49,133.44,130.83
2022-06-12,127.14,120.70,120.59,118.48,107.67,107.49,133.46,130.85
2022-06-13,127.20,120.72,120.60,118.50,107.67,107.50,133.49,130.87
2022-06-14,127.26,120.73,120.62,118.51,107.67,107.51,133.51,130.88
2022-06-15,127.33,120.75,120.63,118.53,107.68,107.52,133.53,130.90
2022-06-16,127.39,120.77,120.65,118.55,107.68,107.52,133.55,130.92
2022-06-17,127.45,120.78,120.66,118.56,107.69,107.53,133.57,130.93
2022-06-18,127.52,120.80,120.68,118.58,107.69,107.54,133.59,130.95
2022-06-19,127.58,120.82,120.69,118.60,107.69,107.55,133.62,130.97
2022-06-20,127.64,120.83,120.71,118.61,107.70,107.55,133.64,130.98
2022-06-21,127.71,120.85,120.73,118.63,107.70,107.56,133.66,131.00
2022-06-22,127.77,120.87,120.74,118.65,107.71,107.57,133.68,131.02
2022-06-23,127.83,120.89,120.76,118.66,107.71,107.57,133.70,131.03
2022-06-24,127.90,120.90,120.77,118.68,107.71,107.58,133.72,131.05
2022-06-25,127.96,120.92,120.79,118.70,107.72,107.59,133.75,131.07
2022-06-26,128.02,120.94,120.80,118.71,107.72,107.60,133.77,131.08
2022-06-27,128.08,120.96,120.82,118.73,107.72,107.60,133.79,131.10
2022-06-28,128.15,120.98,120.83,118.75,107.73,107.61,133.81,131.11
2022-06-29,128.21,120.99,120.85,118.76,107.73,107.62,133.83,131.13
2022-06-30,128.27,121.01,120.86,118.78,107.74,107.62,133.85,131.15
2022-07-01,128.34,121.03,120.88,118.80,107.74,107.63,133.87,131.16
2022-07-02,128.40,121.05,120.88,118.81,107.74,107.64,133.88,131.18
2022-07-03,128.45,121.07,120.89,118.83,107.75,107.65,133.89,131.19
2022-07-04,128.51,121.09,120.89,118.85,107.75,107.65,133.90,131.21
2022-07-05,128.57,121.11,120.89,118.86,107.76,107.66,133.91,131.23
2022-07-06,128.63,121.13,120.90,118.88,107.76,107.67,133.92,131.24
2022-07-07,128.68,121.15,120.90,118.90,107.77,107.67,133.93,131.26
2022-07-08,128.74,121.17,120.91,118.91,107.77,107.68,133.94,131.28
2022-07-09,128.80,121.19,120.91,118.93,107.77,107.69,133.95,131.29
2022-07-10,128.86,121.21,120.91,118.95,107.78,107.70,133.96,131.31
2022-07-11,128.91,121.23,120.92,118.96,107.78,107.70,133.97,131.33
2022-07-12,128.97,121.25,120.92,118.98,107.79,107.71,133.98,131.34
2022-07-13,129.03,121.27,120.92,119.00,107.79,107.72,133.99,131.36
2022-07-14,129.09,121.29,120.93,119.01,107.80,107.73,134.00,131.38
2022-07-15,129.14,121.31,120.93,119.03,107.80,107.73,134.01,131.39
2022-07-16,129.20,121.33,120.93,119.05,107.81,107.74,134.02,131.41
2022-07-17,129.26,121.35,120.94,119.06,107.81,107.75,134.03,131.43
2022-07-18,129.32,121.37,120.94,119.08,107.81,107.76,134.04,131.44
2022-07-19,129.37,121.39,120.94,119.10,107.82,107.76,134.05,131.46
2022-07-20,129.43,121.42,120.95,119.11,107.82,107.77,134.06,131.48
2022-07-21,129.49,121.44,120.95,119.13,107.83,107.78,134.06,131.49
2022-07-22,129.55,121.46,120.96,119.15,107.83,107.79,134.07,131.51
2022-07-23,129.60,121.48,120.96,119.17,107.84,107.79,134.08,131.53
2022-07-24,129.66,121.50,120.96,119.18,107.84,107.80,134.09,131.55
2022-07-25,129.72,121.52,120.97,119.20,107.84,107.81,134.10,131.56
2022-07-26,129.78,121.55,120.97,119.22,107.85,107.82,134.11,131.58
2022-07-27,129.83,121.57,120.97,119.23,107.85,107.83,134.12,131.60
2022-07-28,129.89,121.59,120.98,119.25,107.86,107.83,134.13,131.62
2022-07-29,129.95,121.61,120.98,119.27,107.86,107.84,134.14,131.63
2022-07-30,130.01,121.63,120.98,119.28,107.87,107.85,134.15,131.65
2022-07-31,130.06,121.65,120.99,119.30,107.87,107.86,134.16,131.67
2022-08-01,130.12,121.68,120.99,119.32,107.88,107.87,134.17,131.69
2022-08-02,130.18,121.70,121.00,119.34,107.88,107.87,134.18,131.71
2022-08-03,130.23,121.72,121.02,119.35,107.88,107.88,134.20,131.72
2022-08-04,130.29,121.74,121.03,119.37,107.89,107.89,134.21,131.74
2022-08-05,130.34,121.76,121.05,119.39,107.89,107.90,134.23,131.76
2022-08-06,130.40,121.79,121.06,119.40,107.90,107.91,134.24,131.78
2022-08-07,130.45,121.81,121.07,119.42,107.90,107.91,134.25,131.80
2022-08-08,130.51,121.83,121.09,119.44,107.90,107.92,134.27,131.81
2022-08-09,130.56,121.85,121.10,119.45,107.91,107.93,134.28,131.83
2022-08-10,130.62,121.87,121.12,119.47,107.91,107.94,134.30,131.85
2022-08-11,130.67,121.89,121.13,119.49,107.92,107.94,134.31,131.87
2022-08-12,130.73,121.91,121.14,119.50,107.92,107.95,134.32,131.88
2022-08-13,130.78,121.93,121.16,119.52,107.92,107.96,134.34,131.90
2022-08-14,130.84,121.95,121.17,119.54,107.93,107.97,134.35,131.92
2022-08-15,130.89,121.97,121.19,119.55,107.93,107.97,134.37,131.94
2022-08-16,130.95,121.99,121.20,119.57,107.94,107.98,134.38,131.95
2022-08-17,131.00,122.01,121.21,119.59,107.94,107.99,134.39,131.97
2022-08-18,131.06,122.03,121.23,119.60,107.94,108.00,134.41,131.99
2022-08-19,131.11,122.05,121.24,119.62,107.95,108.01,134.42,132.00
2022-08-20,131.17,122.07,121.26,119.64,107.95,108.01,134.44,132.02
2022-08-21,131.22,122.09,121.27,119.65,107.96,108.02,134.45,132.04
2022-08-22,131.28,122.11,121.28,119.67,107.96,108.03,134.46,132.06
2022-08-23,131.33,122.13,121.30,119.69,107.96,108.03,134.48,132.07
2022-08-24,131.39,122.14,121.31,119.70,107.97,108.04,134.49,132.09
2022-08-25,131.44,122.16,121.33,119.72,107.97,108.05,134.51,132.11
2022-08-26,131.50,122.18,121.34,119.74,107.98,108.06,134.52,132.12
2022-08-27,131.55,122.20,121.35,119.75,107.98,108.06,134.54,132.14
2022-08-28,131.61,122.22,121.37,119.77,107.98,108.07,134.55,132.16
2022-08-29,131.66,122.23,121.38,119.79,107.99,108.08,134.56,132.17
2022-08-30,131.72,122.25,121.40,119.80,107.99,108.09,134.58,132.19
2022-08-31,131.77,122.27,121.41,119.82,108.00,108.09,134.59,132.20
2022-09-01,131.82,122.28,121.42,119.84,108.00,108.10,134.61,132.22
2022-09-02,131.77,122.30,121.44,119.85,108.00,108.11,134.62,132.24
2022-09-03,131.72,122.32,121.46,119.87,108.01,108.11,134.63,132.25
2022-09-04,131.67,122.33,121.47,119.89,108.01,108.12,134.64,132.27
2022-09-05,131.62,122.35,121.49,119.90,108.01,108.13,134.65,132.28
2022-09-06,131.57,122.36,121.51,119.92,108.01,108.14,134.66,132.30
2022-09-07,131.52,122.38,121.52,119.94,108.01,108.14,134.67,132.32
2022-09-08,131.47,122.39,121.54,119.95,108.02,108.15,134.69,132.33
2022-09-09,131.42,122.41,121.56,119.97,108.02,108.16,134.70,132.35
2022-09-10,131.37,122.42,121.57,119.99,108.02,108.16,134.71,132.36
2022-09-11,131.32,122.44,121.59,120.00,108.02,108.17,134.72,132.38
2022-09-12,131.27,122.45,121.61,120.02,108.03,108.18,134.73,132.39
2022-09-13,131.22,122.47,121.62,120.03,108.03,108.18,134.74,132.41
2022-09-14,131.17,122.48,121.64,120.05,108.03,108.19,134.75,132.42
2022-09-15,131.11,122.49,121.66,120.07,108.03,108.20,134.76,132.44
2022-09-16,131.06,122.51,121.67,120.08,108.04,108.20,134.78,132.46
2022-09-17,131.01,122.52,121.69,120.10,108.04,108.21,134.79,132.47
2022-09-18,130.96,122.53,121.71,120.11,108.04,108.22,134.80,132.49
2022-09-19,130.91,122.54,121.72,120.13,108.04,108.22,134.81,132.50
2022-09-20,130.86,122.56,121.74,120.15,108.05,108.23,134.82,132.52
2022-09-21,130.81,122.57,121.76,120.16,108.05,108.24,134.83,132.53
2022-09-22,130.76,122.58,121.77,120.18,108.05,108.24,134.84,132.54
2022-09-23,130.71,122.59,121.79,120.19,108.05,108.25,134.86,132.56
2022-09-24,130.66,122.60,121.81,120.21,108.06,108.26,134.87,132.57
2022-09-25,130.61,122.61,121.82,120.23,108.06,108.26,134.88,132.59
2022-09-26,130.56,122.63,121.84,120.24,108.06,108.27,134.89,132.60
2022-09-27,130.51,122.64,121.86,120.26,108.06,108.28,134.90,132.62
2022-09-28,130.46,122.65,121.87,120.27,108.07,108.28,134.91,132.63
2022-09-29,130.40,122.66,121.89,120.29,108.07,108.29,134.92,132.65
2022-09-30,130.35,122.67,121.90,120.31,108.07,108.30,134.94,132.66
2022-10-01,130.30,122.68,121.92,120.32,108.07,108.30,134.95,132.67
2022-10-02,130.22,122.69,121.94,120.34,108.08,108.31,134.95,132.69
2022-10-03,130.14,122.70,121.95,120.35,108.08,108.32,134.96,132.70
2022-10-04,130.05,122.71,121.96,120.37,108.09,108.32,134.96,132.72
2022-10-05,129.97,122.72,121.98,120.38,108.09,108.33,134.96,132.73
2022-10-06,129.89,122.73,121.99,120.40,108.09,108.34,134.97,132.74
2022-10-07,129.81,122.74,122.01,120.41,108.10,108.34,134.97,132.76
2022-10-08,129.72,122.75,122.02,120.43,108.10,108.35,134.98,132.77
2022-10-09,129.64,122.76,122.04,120.45,108.11,108.36,134.98,132.79
2022-10-10,129.56,122.77,122.05,120.46,108.11,108.36,134.98,132.80
2022-10-11,129.47,122.78,122.06,120.48,108.11,108.37,134.99,132.81
2022-10-12,129.39,122.79,122.08,120.49,108.12,108.37,134.99,132.83
2022-10-13,129.31,122.80,122.09,120.51,108.12,108.38,135.00,132.84
2022-10-14,129.23,122.81,122.11,120.52,108.13,108.39,135.00,132.85
2022-10-15,129.14,122.82,122.12,120.54,108.13,108.39,135.01,132.87
2022-10-16,129.06,122.83,122.14,120.55,108.13,108.40,135.01,132.88
2022-10-17,128.98,122.84,122.15,120.57,108.14,108.41,135.01,132.89
2022-10-18,128.90,122.85,122.16,120.58,108.14,108.41,135.02,132.91
2022-10-19,128.81,122.85,122.18,120.60,108.15,108.42,135.02,132.92
2022-10-20,128.73,122.86,122.19,120.62,108.15,108.42,135.03,132.93
2022-10-21,128.65,122.87,122.21,120.63,108.15,108.43,135.03,132.94
2022-10-22,128.56,122.88,122.22,120.65,108.16,108.44,135.03,132.96
2022-10-23,128.48,122.89,122.24,120.66,108.16,108.44,135.04,132.97
2022-10-24,128.40,122.90,122.25,120.68,108.17,108.45,135.04,132.98
2022-10-25,128.32,122.91,122.26,120.69,108.17,108.45,135.05,133.00
2022-10-26,128.23,122.92,122.28,120.71,108.17,108.46,135.05,133.01
2022-10-27,128.15,122.93,122.29,120.72,108.18,108.46,135.06,133.02
2022-10-28,128.07,122.94,122.31,120.74,108.18,108.47,135.06,133.03
2022-10-29,127.98,122.95,122.32,120.75,108.19,108.48,135.06,133.05
2022-10-30,127.90,122.95,122.34,120.77,108.19,108.48,135.07,133.06
2022-10-31,127.82,122.96,122.35,120.78,108.19,108.49,135.07,133.07
2022-11-01,127.74,122.97,122.36,120.80,108.20,108.49,135.08,133.08
2022-11-02,127.78,122.98,122.39,120.81,108.20,108.50,135.08,133.10
2022-11-03,127.82,122.99,122.41,120.83,108.20,108.50,135.08,133.11
2022-11-04,127.86,123.00,122.43,120.84,108.21,108.51,135.08,133.12
2022-11-05,127.90,123.01,122.45,120.86,108.21,108.52,135.08,133.13
2022-11-06,127.94,123.02,122.47,120.87,108.21,108.52,135.08,133.15
2022-11-07,127.98,123.03,122.49,120.89,108.21,108.53,135.09,133.16
2022-11-08,128.02,123.04,122.51,120.90,108.22,108.53,135.09,133.17
2022-11-09,128.06,123.05,122.54,120.92,108.22,108.54,135.09,133.18
2022-11-10,128.10,123.06,122.56,120.93,108.22,108.54,135.09,133.19
2022-11-11,128.14,123.07,122.58,120.94,108.22,108.55,135.09,133.20
2022-11-12,128.18,123.08,122.60,120.96,108.23,108.55,135.09,133.22
2022-11-13,128.22,123.09,122.62,120.97,108.23,108.56,135.10,133.23
2022-11-14,128.26,123.10,122.64,120.99,108.23,108.56,135.10,133.24
2022-11-15,128.30,123.12,122.66,121.00,108.23,108.57,135.10,133.25
2022-11-16,128.34,123.13,122.69,121.02,108.23,108.57,135.10,133.26
2022-11-17,128.38,123.14,122.71,121.03,108.24,108.58,135.10,133.27
2022-11-18,128.42,123.15,122.73,121.05,108.24,108.58,135.10,133.28
2022-11-19,128.47,123.16,122.75,121.06,108.24,108.59,135.10,133.29
2022-11-20,128.51,123.17,122.77,121.08,108.24,108.59,135.11,133.30
2022-11-21,128.55,123.19,122.79,121.09,108.25,108.60,135.11,133.31
2022-11-22,128.59,123.20,122.81,121.10,108.25,108.60,135.11,133.32
2022-11-23,128.63,123.21,122.84,121.12,108.25,108.61,135.11,133.33
2022-11-24,128.67,123.22,122.86,121.13,108.25,108.61,135.11,133.35
2022-11-25,128.71,123.24,122.88,121.15,108.26,108.62,135.11,133.36
2022-11-26,128.75,123.25,122.90,121.16,108.26,108.62,135.12,133.37
2022-11-27,128.79,123.26,122.92,121.17,108.26,108.63,135.12,133.38
2022-11-28,128.83,123.28,122.94,121.19,108.26,108.63,135.12,133.39
2022-11-29,128.87,123.29,122.96,121.20,108.27,108.64,135.12,133.40
2022-11-30,128.91,123.31,122.99,121.22,108.27,108.64,135.12,133.41
2022-12-01,128.95,123.32,123.01,121.23,108.27,108.65,135.12,133.42
2022-12-02,129.02,123.33,123.08,121.25,108.27,108.65,135.14,133.42
2022-12-03,129.09,123.35,123.15,121.26,108.28,108.65,135.16,133.43
2022-12-04,129.15,123.36,123.22,121.27,108.28,108.66,135.17,133.44
2022-12-05,129.22,123.38,123.29,121.29,108.28,108.66,135.19,133.45
2022-12-06,129.29,123.39,123.36,121.30,108.28,108.67,135.21,133.46
2022-12-07,129.36,123.41,123.43,121.31,108.29,108.67,135.22,133.47
2022-12-08,129.42,123.42,123.49,121.33,108.29,108.68,135.24,133.48
2022-12-09,129.49,123.43,123.56,121.34,108.29,108.68,135.25,133.49
2022-12-10,129.56,123.45,123.63,121.36,108.29,108.68,135.27,133.50
2022-12-11,129.63,123.46,123.70,121.37,108.30,108.69,135.29,133.51
2022-12-12,129.69,123.48,123.77,121.38,108.30,108.69,135.30,133.52
2022-12-13,129.76,123.49,123.84,121.40,108.30,108.70,135.32,133.52
2022-12-14,129.83,123.51,123.91,121.41,108.30,108.70,135.34,133.53
2022-12-15,129.90,123.52,123.98,121.43,108.30,108.70,135.35,133.54
2022-12-16,129.96,123.54,124.05,121.44,108.31,108.71,135.37,133.55
2022-12-17,130.03,123.55,124.12,121.45,108.31,108.71,135.39,133.56
2022-12-18,130.10,123.56,124.19,121.47,108.31,108.72,135.40,133.56
2022-12-19,130.16,123.58,124.26,121.48,108.31,108.72,135.42,133.57
2022-12-20,130.23,123.59,124.33,121.49,108.32,108.72,135.43,133.58
2022-12-21,130.30,123.61,124.40,121.51,108.32,108.73,135.45,133.59
2022-12-22,130.37,123.62,124.47,121.52,108.32,108.73,135.47,133.60
2022-12-23,130.43,123.64,124.54,121.54,108.32,108.73,135.48,133.60
2022-12-24,130.50,123.65,124.61,121.55,108.33,108.74,135.50,133.61
2022-12-25,130.57,123.66,124.68,121.56,108.33,108.74,135.52,133.62
2022-12-26,130.64,123.68,124.75,121.58,108.33,108.74,135.53,133.62
2022-12-27,130.70,123.69,124.82,121.59,108.33,108.75,135.55,133.63
2022-12-28,130.77,123.71,124.89,121.60,108.33,108.75,135.57,133.64
2022-12-29,130.84,123.72,124.96,121.62,108.34,108.75,135.58,133.65
2022-12-30,130.91,123.73,125.03,121.63,108.34,108.76,135.60,133.65
2022-12-31,130.97,123.75,125.10,121.65,108.34,108.76,135.61,133.66
2023-01-01,131.04,123.76,125.17,121.66,108.34,108.76,135.63,133.66
2023-01-02,131.06,123.77,125.18,121.67,108.34,108.77,135.64,133.67
2023-01-03,131.08,123.79,125.19,121.69,108.34,108.77,135.65,133.68
2023-01-04,131.10,123.80,125.20,121.70,108.34,108.77,135.66,133.68
2023-01-05,131.12,123.81,125.21,121.71,108.34,108.77,135.67,133.69
2023-01-06,131.14,123.83,125.22,121.73,108.34,108.78,135.68,133.70
2023-01-07,131.16,123.84,125.23,121.74,108.34,108.78,135.69,133.70
2023-01-08,131.18,123.85,125.24,121.76,108.34,108.78,135.70,133.71
2023-01-09,131.20,123.86,125.25,121.77,108.34,108.79,135.71,133.72
2023-01-10,131.22,123.88,125.26,121.78,108.34,108.79,135.72,133.72
2023-01-11,131.24,123.89,125.27,121.80,108.34,108.79,135.73,133.73
2023-01-12,131.26,123.90,125.28,121.81,108.34,108.80,135.74,133.74
2023-01-13,131.28,123.92,125.29,121.83,108.34,108.80,135.75,133.75
2023-01-14,131.30,123.93,125.30,121.84,108.34,108.80,135.76,133.75
2023-01-15,131.32,123.94,125.31,121.85,108.34,108.80,135.77,133.76
2023-01-16,131.34,123.95,125.32,121.87,108.34,108.81,135.78,133.77
2023-01-17,131.36,123.97,125.33,121.88,108.34,108.81,135.79,133.78
2023-01-18,131.38,123.98,125.34,121.89,108.34,108.81,135.80,133.78
2023-01-19,131.40,123.99,125.35,121.91,108.34,108.82,135.82,133.79
2023-01-20,131.42,124.00,125.36,121.92,108.34,108.82,135.83,133.80
2023-01-21,131.44,124.02,125.37,121.93,108.34,108.82,135.84,133.81
2023-01-22,131.46,124.03,125.38,121.95,108.34,108.83,135.85,133.81
2023-01-23,131.48,124.04,125.39,121.96,108.34,108.83,135.86,133.82
2023-01-24,131.50,124.05,125.40,121.97,108.34,108.83,135.87,133.83
2023-01-25,131.52,124.07,125.41,121.99,108.34,108.84,135.88,133.84
2023-01-26,131.54,124.08,125.42,122.00,108.34,108.84,135.89,133.85
2023-01-27,131.56,124.09,125.43,122.01,108.34,108.85,135.90,133.86
2023-01-28,131.58,124.10,125.44,122.03,108.34,108.85,135.91,133.86
2023-01-29,131.60,124.11,125.45,122.04,108.34,108.85,135.92,133.87
2023-01-30,131.62,124.12,125.46,122.05,108.33,108.86,135.93,133.88
2023-01-31,131.63,124.14,125.47,122.07,108.33,108.86,135.94,133.89
2023-02-01,131.65,124.15,125.48,122.08,108.33,108.86,135.95,133.90
2023-02-02,131.68,124.16,125.49,122.09,108.33,108.87,135.97,133.91
2023-02-03,131.70,124.17,125.50,122.10,108.33,108.87,135.98,133.92
2023-02-04,131.72,124.18,125.52,122.12,108.33,108.87,136.00,133.93
2023-02-05,131.74,124.19,125.53,122.13,108.33,108.88,136.02,133.94
2023-02-06,131.77,124.20,125.54,122.14,108.32,108.88,136.04,133.95
2023-02-07,131.79,124.21,125.56,122.15,108.32,108.89,136.06,133.95
2023-02-08,131.81,124.23,125.57,122.17,108.32,108.89,136.08,133.96
2023-02-09,131.83,124.24,125.59,122.18,108.32,108.89,136.09,133.97
2023-02-10,131.86,124.25,125.60,122.19,108.32,108.90,136.11,133.98
2023-02-11,131.88,124.26,125.61,122.20,108.32,108.90,136.13,133.99
2023-02-12,131.90,124.27,125.63,122.22,108.31,108.90,136.15,134.00
2023-02-13,131.92,124.28,125.64,122.23,108.31,108.91,136.17,134.01
2023-02-14,131.94,124.29,125.65,122.24,108.31,108.91,136.18,134.02
2023-02-15,131.97,124.30,125.67,122.25,108.31,108.91,136.20,134.03
2023-02-16,131.99,124.31,125.68,122.27,108.31,108.92,136.22,134.04
2023-02-17,132.01,124.32,125.69,122.28,108.30,108.92,136.24,134.05
2023-02-18,132.03,124.33,125.71,122.29,108.30,108.92,136.26,134.06
2023-02-19,132.06,124.34,125.72,122.30,108.30,108.93,136.27,134.06
2023-02-20,132.08,124.35,125.73,122.32,108.30,108.93,136.29,134.07
2023-02-21,132.10,124.36,125.75,122.33,108.30,108.93,136.31,134.08
2023-02-22,132.12,124.37,125.76,122.34,108.29,108.94,136.33,134.09
2023-02-23,132.15,124.38,125.77,122.35,108.29,108.94,136.35,134.10
2023-02-24,132.17,124.39,125.79,122.36,108.29,108.94,136.36,134.11
2023-02-25,132.19,124.40,125.80,122.38,108.29,108.95,136.38,134.12
2023-02-26,132.21,124.41,125.81,122.39,108.29,108.95,136.40,134.13
2023-02-27,132.23,124.42,125.83,122.40,108.29,108.95,136.42,134.14
2023-02-28,132.26,124.43,125.84,122.41,108.28,108.96,136.44,134.14
2023-03-01,132.28,124.44,125.85,122.42,108.28,108.96,136.46,134.15
2023-03-02,132.26,124.44,125.89,122.44,108.28,108.96,136.46,134.16
2023-03-03,132.24,124.45,125.94,122.45,108.28,108.97,136.47,134.17
2023-03-04,132.22,124.46,125.98,122.46,108.28,108.97,136.48,134.18
2023-03-05,132.20,124.47,126.02,122.47,108.28,108.97,136.49,134.19
2023-03-06,132.18,124.48,126.06,122.48,108.28,108.97,136.49,134.20
2023-03-07,132.16,124.49,126.10,122.50,108.28,108.98,136.50,134.20
2023-03-08,132.14,124.49,126.14,122.51,108.27,108.98,136.51,134.21
2023-03-09,132.12,124.50,126.18,122.52,108.27,108.98,136.52,134.22
2023-03-10,132.09,124.51,126.22,122.53,108.27,108.98,136.52,134.23
2023-03-11,132.07,124.52,126.26,122.54,108.27,108.99,136.53,134.23
2023-03-12,132.05,124.52,126.30,122.55,108.27,108.99,136.54,134.24
2023-03-13,132.03,124.53,126.34,122.56,108.27,108.99,136.55,134.25
2023-03-14,132.01,124.53,126.38,122.57,108.27,108.99,136.55,134.25
2023-03-15,131.99,124.54,126.42,122.59,108.27,108.99,136.56,134.26
2023-03-16,131.97,124.54,126.47,122.60,108.27,109.00,136.57,134.26
2023-03-17,131.95,124.55,126.51,122.61,108.27,109.00,136.58,134.27
2023-03-18,131.93,124.55,126.55,122.62,108.26,109.00,136.58,134.27
2023-03-19,131.91,124.56,126.59,122.63,108.26,109.00,136.59,134.28
2023-03-20,131.89,124.56,126.63,122.64,108.26,109.00,136.60,134.28
2023-03-21,131.87,124.56,126.67,122.65,108.26,109.00,136.61,134.29
2023-03-22,131.85,124.57,126.71,122.66,108.26,109.00,136.61,134.29
2023-03-23,131.83,124.57,126.75,122.67,108.26,109.00,136.62,134.29
2023-03-24,131.81,124.57,126.79,122.68,108.26,109.01,136.63,134.30
2023-03-25,131.79,124.58,126.83,122.69,108.26,109.01,136.64,134.30
2023-03-26,131.77,124.58,126.87,122.70,108.26,109.01,136.65,134.30
2023-03-27,131.75,124.58,126.91,122.71,108.26,109.01,136.65,134.30
2023-03-28,131.73,124.58,126.95,122.72,108.25,109.01,136.66,134.31
2023-03-29,131.70,124.58,126.99,122.73,108.25,109.01,136.67,134.31
2023-03-30,131.68,124.59,127.04,122.74,108.25,109.01,136.68,134.31
2023-03-31,131.66,124.59,127.08,122.76,108.25,109.01,136.68,134.31
2023-04-01,131.64,124.59,127.12,122.77,108.25,109.01,136.69,134.31
2023-04-02,131.65,124.59,127.10,122.78,108.25,109.01,136.71,134.31
2023-04-03,131.65,124.59,127.08,122.79,108.25,109.01,136.72,134.31
2023-04-04,131.65,124.59,127.07,122.80,108.25,109.01,136.74,134.32
2023-04-05,131.66,124.59,127.05,122.81,108.24,109.01,136.76,134.32
2023-04-06,131.66,124.59,127.03,122.82,108.24,109.01,136.77,134.32
2023-04-07,131.66,124.59,127.02,122.83,108.24,109.01,136.79,134.32
2023-04-08,131.67,124.59,127.00,122.84,108.24,109.01,136.80,134.32
2023-04-09,131.67,124.59,126.98,122.85,108.24,109.01,136.82,134.32
2023-04-10,131.67,124.59,126.96,122.86,108.23,109.01,136.84,134.32
2023-04-11,131.68,124.59,126.95,122.87,108.23,109.01,136.85,134.32
2023-04-12,131.68,124.59,126.93,122.88,108.23,109.01,136.87,134.32
2023-04-13,131.68,124.59,126.91,122.89,108.23,109.01,136.88,134.32
2023-04-14,131.69,124.59,126.90,122.90,108.23,109.01,136.90,134.32
2023-04-15,131.69,124.59,126.88,122.91,108.23,109.01,136.92,134.33
2023-04-16,131.69,124.59,126.86,122.92,108.22,109.01,136.93,134.33
2023-04-17,131.70,124.60,126.85,122.93,108.22,109.01,136.95,134.33
2023-04-18,131.70,124.60,126.83,122.94,108.22,109.01,136.96,134.33
2023-04-19,131.70,124.60,126.81,122.95,108.22,109.01,136.98,134.33
2023-04-20,131.71,124.60,126.79,122.96,108.22,109.01,137.00,134.33
2023-04-21,131.71,124.60,126.78,122.97,108.22,109.01,137.01,134.34
2023-04-22,131.71,124.60,126.76,122.98,108.21,109.01,137.03,134.34
2023-04-23,131.72,124.60,126.74,122.99,108.21,109.01,137.04,134.34
2023-04-24,131.72,124.60,126.73,123.00,108.21,109.01,137.06,134.34
2023-04-25,131.72,124.61,126.71,123.01,108.21,109.01,137.08,134.34
2023-04-26,131.73,124.61,126.69,123.02,108.21,109.01,137.09,134.35
2023-04-27,131.73,124.61,126.68,123.03,108.21,109.02,137.11,134.35
2023-04-28,131.74,124.61,126.66,123.03,108.20,109.02,137.13,134.35
2023-04-29,131.74,124.61,126.64,123.04,108.20,109.02,137.14,134.35
2023-04-30,131.74,124.62,126.62,123.05,108.20,109.02,137.16,134.36
2023-05-01,131.75,124.62,126.61,123.06,108.20,109.02,137.17,134.36
2023-05-02,131.76,124.62,126.61,123.07,108.20,109.02,137.18,134.36
2023-05-03,131.77,124.62,126.62,123.08,108.19,109.02,137.19,134.36
2023-05-04,131.78,124.63,126.63,123.09,108.19,109.03,137.20,134.37
2023-05-05,131.79,124.63,126.63,123.10,108.19,109.03,137.21,134.37
2023-05-06,131.80,124.63,126.64,123.11,108.19,109.03,137.22,134.37
2023-05-07,131.81,124.64,126.65,123.11,108.18,109.03,137.23,134.38
2023-05-08,131.82,124.64,126.65,123.12,108.18,109.03,137.23,134.38
2023-05-09,131.84,124.65,126.66,123.13,108.18,109.03,137.24,134.39
2023-05-10,131.85,124.65,126.67,123.14,108.18,109.04,137.25,134.39
2023-05-11,131.86,124.66,126.67,123.15,108.17,109.04,137.26,134.39
2023-05-12,131.87,124.66,126.68,123.16,108.17,109.04,137.27,134.40
2023-05-13,131.88,124.67,126.68,123.17,108.17,109.04,137.28,134.40
2023-05-14,131.89,124.67,126.69,123.18,108.17,109.04,137.29,134.41
2023-05-15,131.90,124.68,126.70,123.18,108.17,109.05,137.30,134.41
2023-05-16,131.92,124.68,126.70,123.19,108.16,109.05,137.30,134.42
2023-05-17,131.93,124.69,126.71,123.20,108.16,109.05,137.31,134.42
2023-05-18,131.94,124.70,126.72,123.21,108.16,109.05,137.32,134.43
2023-05-19,131.95,124.70,126.72,123.22,108.16,109.05,137.33,134.43
2023-05-20,131.96,124.71,126.73,123.23,108.15,109.06,137.34,134.44
2023-05-21,131.97,124.72,126.74,123.24,108.15,109.06,137.35,134.44
2023-05-22,131.98,124.73,126.74,123.25,108.15,109.06,137.36,134.45
2023-05-23,132.00,124.74,126.75,123.25,108.15,109.06,137.37,134.45
2023-05-24,132.01,124.74,126.76,123.26,108.14,109.07,137.37,134.46
2023-05-25,132.02,124.75,126.76,123.27,108.14,109.07,137.38,134.47
2023-05-26,132.03,124.76,126.77,123.28,108.14,109.07,137.39,134.47
2023-05-27,132.04,124.77,126.77,123.29,108.14,109.07,137.40,134.48
2023-05-28,132.05,124.78,126.78,123.30,108.13,109.08,137.41,134.49
2023-05-29,132.06,124.79,126.79,123.31,108.13,109.08,137.42,134.49
2023-05-30,132.07,124.80,126.79,123.32,108.13,109.08,137.43,134.50
2023-05-31,132.09,124.81,126.80,123.33,108.13,109.09,137.44,134.51
2023-06-01,132.10,124.82,126.81,123.33,108.13,109.09,137.44,134.51
2023-06-02,132.14,124.83,126.82,123.34,108.12,109.09,137.46,134.52
2023-06-03,132.17,124.84,126.83,123.35,108.12,109.09,137.47,134.53
2023-06-04,132.21,124.85,126.84,123.36,108.12,109.10,137.48,134.54
2023-06-05,132.25,124.87,126.85,123.37,108.12,109.10,137.49,134.54
2023-06-06,132.29,124.88,126.86,123.38,108.12,109.10,137.51,134.55
2023-06-07,132.32,124.89,126.87,123.39,108.11,109.11,137.52,134.56
2023-06-08,132.36,124.90,126.88,123.39,108.11,109.11,137.53,134.57
2023-06-09,132.40,124.91,126.90,123.40,108.11,109.11,137.54,134.57
2023-06-10,132.44,124.92,126.91,123.41,108.11,109.11,137.55,134.58
2023-06-11,132.48,124.94,126.92,123.42,108.10,109.12,137.57,134.59
2023-06-12,132.51,124.95,126.93,123.43,108.10,109.12,137.58,134.60
2023-06-13,132.55,124.96,126.94,123.43,108.10,109.12,137.59,134.60
2023-06-14,132.59,124.97,126.95,123.44,108.10,109.12,137.60,134.61
2023-06-15,132.63,124.99,126.96,123.45,108.10,109.13,137.62,134.62
2023-06-16,132.67,125.00,126.97,123.46,108.09,109.13,137.63,134.62
2023-06-17,132.70,125.01,126.98,123.47,108.09,109.13,137.64,134.63
2023-06-18,132.74,125.02,127.00,123.47,108.09,109.13,137.65,134.64
2023-06-19,132.78,125.04,127.01,123.48,108.09,109.14,137.66,134.65
2023-06-20,132.82,125.05,127.02,123.49,108.09,109.14,137.68,134.65
2023-06-21,132.85,125.06,127.03,123.50,108.08,109.14,137.69,134.66
2023-06-22,132.89,125.07,127.04,123.50,108.08,109.14,137.70,134.67
2023-06-23,132.93,125.09,127.05,123.51,108.08,109.14,137.71,134.67
2023-06-24,132.97,125.10,127.06,123.52,108.08,109.15,137.72,134.68
2023-06-25,133.01,125.11,127.07,123.53,108.08,109.15,137.74,134.69
2023-06-26,133.04,125.13,127.08,123.53,108.07,109.15,137.75,134.69
2023-06-27,133.08,125.14,127.09,123.54,108.07,109.15,137.76,134.70
2023-06-28,133.12,125.15,127.11,123.55,108.07,109.16,137.77,134.71
2023-06-29,133.16,125.16,127.12,123.56,108.07,109.16,137.79,134.71
2023-06-30,133.20,125.18,127.13,123.56,108.06,109.16,137.80,134.72
2023-07-01,133.23,125.19,127.14,123.57,108.06,109.16,137.81,134.73
2023-07-02,133.35,125.20,127.15,123.58,108.06,109.16,137.82,134.73
2023-07-03,133.47,125.22,127.17,123.59,108.06,109.17,137.82,134.74
2023-07-04,133.59,125.23,127.18,123.59,108.06,109.17,137.83,134.74
2023-07-05,133.71,125.24,127.20,123.60,108.06,109.17,137.83,134.75
2023-07-06,133.83,125.26,127.21,123.61,108.06,109.17,137.84,134.76
2023-07-07,133.94,125.27,127.23,123.61,108.06,109.17,137.84,134.76
2023-07-08,134.06,125.28,127.24,123.62,108.06,109.17,137.85,134.77
2023-07-09,134.18,125.29,127.26,123.63,108.06,109.18,137.86,134.77
2023-07-10,134.30,125.31,127.27,123.63,108.06,109.18,137.86,134.78
2023-07-11,134.42,125.32,127.29,123.64,108.06,109.18,137.87,134.78
2023-07-12,134.54,125.33,127.30,123.65,108.06,109.18,137.87,134.79
2023-07-13,134.65,125.34,127.32,123.65,108.06,109.18,137.88,134.79
2023-07-14,134.77,125.36,127.33,123.66,108.06,109.18,137.88,134.80
2023-07-15,134.89,125.37,127.35,123.66,108.06,109.19,137.89,134.80
2023-07-16,135.01,125.38,127.36,123.67,108.06,109.19,137.90,134.81
2023-07-17,135.13,125.39,127.38,123.68,108.06,109.19,137.90,134.81
2023-07-18,135.25,125.40,127.39,123.68,108.06,109.19,137.91,134.81
2023-07-19,135.36,125.42,127.41,123.69,108.06,109.19,137.91,134.82
2023-07-20,135.48,125.43,127.42,123.69,108.06,109.19,137.92,134.82
2023-07-21,135.60,125.44,127.44,123.70,108.06,109.19,137.92,134.82
2023-07-22,135.72,125.45,127.45,123.70,108.06,109.20,137.93,134.83
2023-07-23,135.84,125.46,127.47,123.70,108.06,109.20,137.94,134.83
2023-07-24,135.96,125.47,127.48,123.71,108.06,109.20,137.94,134.83
2023-07-25,136.07,125.49,127.50,123.71,108.06,109.20,137.95,134.83
2023-07-26,136.19,125.50,127.51,123.72,108.06,109.20,137.95,134.84
2023-07-27,136.31,125.51,127.53,123.72,108.06,109.20,137.96,134.84
2023-07-28,136.43,125.52,127.54,123.73,108.06,109.20,137.96,134.84
2023-07-29,136.55,125.53,127.56,123.73,108.06,109.20,137.97,134.84
2023-07-30,136.67,125.54,127.57,123.73,108.06,109.20,137.98,134.84
2023-07-31,136.78,125.55,127.59,123.74,108.06,109.21,137.98,134.84
2023-08-01,136.90,125.56,127.60,123.74,108.06,109.21,137.99,134.85
2023-08-02,136.97,125.57,127.61,123.74,108.06,109.21,137.99,134.85
2023-08-03,137.04,125.58,127.61,123.75,108.06,109.21,138.00,134.85
2023-08-04,137.11,125.59,127.62,123.75,108.06,109.21,138.01,134.85
2023-08-05,137.18,125.60,127.62,123.75,108.06,109.21,138.01,134.85
2023-08-06,137.26,125.61,127.62,123.75,108.06,109.21,138.02,134.85
2023-08-07,137.33,125.62,127.63,123.76,108.06,109.21,138.03,134.85
2023-08-08,137.40,125.63,127.63,123.76,108.07,109.21,138.03,134.85
2023-08-09,137.47,125.64,127.64,123.76,108.07,109.21,138.04,134.85
2023-08-10,137.54,125.64,127.64,123.77,108.07,109.21,138.05,134.85
2023-08-11,137.61,125.65,127.64,123.77,108.07,109.22,138.06,134.85
2023-08-12,137.68,125.66,127.65,123.77,108.07,109.22,138.06,134.85
2023-08-13,137.75,125.67,127.65,123.77,108.07,109.22,138.07,134.85
2023-08-14,137.82,125.68,127.66,123.77,108.07,109.22,138.08,134.85
2023-08-15,137.89,125.69,127.66,123.78,108.07,109.22,138.08,134.85
2023-08-16,137.96,125.69,127.66,123.78,108.07,109.22,138.09,134.86
2023-08-17,138.03,125.70,127.67,123.78,108.07,109.22,138.10,134.86
2023-08-18,138.10,125.71,127.67,123.78,108.07,109.22,138.10,134.86
2023-08-19,138.17,125.72,127.68,123.79,108.07,109.22,138.11,134.86
2023-08-20,138.25,125.72,127.68,123.79,108.07,109.22,138.12,134.86
2023-08-21,138.32,125.73,127.68,123.79,108.07,109.23,138.12,134.86
2023-08-22,138.39,125.74,127.69,123.79,108.07,109.23,138.13,134.86
2023-08-23,138.46,125.74,127.69,123.79,108.07,109.23,138.14,134.86
2023-08-24,138.53,125.75,127.69,123.79,108.07,109.23,138.14,134.86
2023-08-25,138.60,125.76,127.70,123.80,108.07,109.23,138.15,134.87
2023-08-26,138.67,125.76,127.70,123.80,108.07,109.23,138.16,134.87
2023-08-27,138.74,125.77,127.71,123.80,108.07,109.23,138.16,134.87
2023-08-28,138.81,125.77,127.71,123.80,108.07,109.23,138.17,134.87
2023-08-29,138.88,125.78,127.71,123.80,108.07,109.23,138.18,134.87
2023-08-30,138.95,125.79,127.72,123.80,108.07,109.23,138.19,134.87
2023-08-31,139.02,125.79,127.72,123.80,108.07,109.24,138.19,134.87
2023-09-01,139.09,125.79,127.73,123.80,108.07,109.24,138.20,134.87
2023-09-02,139.11,125.80,127.72,123.80,108.07,109.24,138.21,134.88
2023-09-03,139.12,125.80,127.72,123.81,108.07,109.24,138.21,134.88
2023-09-04,139.14,125.81,127.72,123.81,108.07,109.24,138.22,134.88
2023-09-05,139.15,125.81,127.72,123.81,108.07,109.24,138.22,134.88
2023-09-06,139.17,125.82,127.72,123.81,108.08,109.24,138.23,134.88
2023-09-07,139.18,125.82,127.72,123.81,108.08,109.24,138.24,134.88
2023-09-08,139.20,125.82,127.71,123.81,108.08,109.24,138.24,134.89
2023-09-09,139.21,125.83,127.71,123.81,108.08,109.24,138.25,134.89
2023-09-10,139.23,125.83,127.71,123.81,108.08,109.25,138.26,134.89
2023-09-11,139.24,125.83,127.71,123.81,108.08,109.25,138.26,134.89
2023-09-12,139.26,125.84,127.71,123.81,108.08,109.25,138.27,134.89
2023-09-13,139.27,125.84,127.70,123.81,108.08,109.25,138.27,134.89
2023-09-14,139.29,125.84,127.70,123.81,108.08,109.25,138.28,134.90
2023-09-15,139.30,125.84,127.70,123.81,108.08,109.25,138.29,134.90
2023-09-16,139.32,125.85,127.70,123.81,108.08,109.25,138.29,134.90
2023-09-17,139.33,125.85,127.70,123.81,108.08,109.25,138.30,134.90
2023-09-18,139.35,125.85,127.69,123.81,108.08,109.26,138.31,134.91
2023-09-19,139.36,125.85,127.69,123.81,108.08,109.26,138.31,134.91
2023-09-20,139.37,125.86,127.69,123.81,108.08,109.26,138.32,134.91
2023-09-21,139.39,125.86,127.69,123.81,108.08,109.26,138.32,134.91
2023-09-22,139.40,125.86,127.69,123.81,108.08,109.26,138.33,134.92
2023-09-23,139.42,125.86,127.69,123.81,108.08,109.26,138.34,134.92
2023-09-24,139.43,125.86,127.68,123.81,108.08,109.26,138.34,134.92
2023-09-25,139.45,125.86,127.68,123.81,108.08,109.26,138.35,134.92
2023-09-26,139.46,125.87,127.68,123.81,108.08,109.27,138.36,134.93
2023-09-27,139.48,125.87,127.68,123.81,108.08,109.27,138.36,134.93
2023-09-28,139.49,125.87,127.68,123.81,108.08,109.27,138.37,134.93
2023-09-29,139.51,125.87,127.67,123.81,108.08,109.27,138.37,134.93
2023-09-30,139.52,125.87,127.67,123.81,108.08,109.27,138.38,134.94
2023-10-01,139.54,125.87,127.67,123.81,108.08,109.27,138.39,134.94
2023-10-02,139.43,125.87,127.67,123.81,108.09,109.27,138.39,134.94
2023-10-03,139.31,125.87,127.67,123.81,108.09,109.28,138.40,134.95
2023-10-04,139.20,125.88,127.67,123.81,108.09,109.28,138.41,134.95
2023-10-05,139.09,125.88,127.67,123.81,108.09,109.28,138.41,134.95
2023-10-06,138.98,125.88,127.67,123.81,108.10,109.28,138.42,134.95
2023-10-07,138.87,125.88,127.68,123.81,108.10,109.28,138.42,134.96
2023-10-08,138.76,125.88,127.68,123.81,108.10,109.28,138.43,134.96
2023-10-09,138.64,125.88,127.68,123.81,108.11,109.28,138.44,134.96
2023-10-10,138.53,125.88,127.68,123.81,108.11,109.29,138.44,134.97
2023-10-11,138.42,125.88,127.68,123.81,108.11,109.29,138.45,134.97
2023-10-12,138.31,125.88,127.68,123.81,108.11,109.29,138.45,134.97
2023-10-13,138.20,125.88,127.68,123.81,108.12,109.29,138.46,134.98
2023-10-14,138.08,125.88,127.68,123.81,108.12,109.29,138.47,134.98
2023-10-15,137.97,125.87,127.68,123.81,108.12,109.29,138.47,134.98
2023-10-16,137.86,125.87,127.68,123.81,108.12,109.29,138.48,134.99
2023-10-17,137.75,125.87,127.68,123.81,108.13,109.30,138.48,134.99
2023-10-18,137.64,125.87,127.68,123.81,108.13,109.30,138.49,134.99
2023-10-19,137.53,125.87,127.68,123.81,108.13,109.30,138.50,135.00
2023-10-20,137.41,125.87,127.68,123.82,108.13,109.30,138.50,135.00
2023-10-21,137.30,125.87,127.69,123.82,108.14,109.30,138.51,135.00
2023-10-22,137.19,125.87,127.69,123.82,108.14,109.30,138.51,135.01
2023-10-23,137.08,125.87,127.69,123.82,108.14,109.30,138.52,135.01
2023-10-24,136.97,125.86,127.69,123.82,108.15,109.31,138.53,135.01
2023-10-25,136.86,125.86,127.69,123.82,108.15,109.31,138.53,135.02
2023-10-26,136.74,125.86,127.69,123.82,108.15,109.31,138.54,135.02
2023-10-27,136.63,125.86,127.69,123.82,108.15,109.31,138.55,135.02
2023-10-28,136.52,125.86,127.69,123.82,108.16,109.31,138.55,135.03
2023-10-29,136.41,125.86,127.69,123.82,108.16,109.31,138.56,135.03
2023-10-30,136.30,125.85,127.69,123.82,108.16,109.31,138.56,135.03
2023-10-31,136.18,125.85,127.69,123.83,108.16,109.31,138.57,135.04
2023-11-01,136.07,125.85,127.69,123.83,108.17,109.32,138.58,135.04
2023-11-02,136.10,125.85,127.70,123.83,108.17,109.32,138.58,135.04
2023-11-03,136.13,125.85,127.72,123.83,108.17,109.32,138.58,135.05
2023-11-04,136.16,125.85,127.73,123.83,108.17,109.32,138.59,135.05
2023-11-05,136.19,125.85,127.74,123.83,108.17,109.32,138.59,135.05
2023-11-06,136.22,125.85,127.75,123.84,108.17,109.32,138.59,135.06
2023-11-07,136.25,125.85,127.76,123.84,108.17,109.32,138.59,135.06
2023-11-08,136.27,125.85,127.77,123.84,108.17,109.32,138.60,135.07
2023-11-09,136.30,125.85,127.78,123.84,108.17,109.32,138.60,135.07
2023-11-10,136.33,125.85,127.80,123.85,108.17,109.33,138.60,135.08
2023-11-11,136.36,125.85,127.81,123.85,108.17,109.33,138.61,135.08
2023-11-12,136.39,125.85,127.82,123.85,108.17,109.33,138.61,135.09
2023-11-13,136.42,125.85,127.83,123.86,108.17,109.33,138.61,135.09
2023-11-14,136.45,125.86,127.84,123.86,108.17,109.33,138.62,135.10
2023-11-15,136.48,125.86,127.85,123.86,108.17,109.33,138.62,135.10
2023-11-16,136.50,125.86,127.86,123.87,108.17,109.34,138.62,135.11
2023-11-17,136.53,125.87,127.88,123.87,108.17,109.34,138.63,135.12
2023-11-18,136.56,125.87,127.89,123.88,108.17,109.34,138.63,135.12
2023-11-19,136.59,125.88,127.90,123.88,108.17,109.34,138.63,135.13
2023-11-20,136.62,125.88,127.91,123.89,108.17,109.34,138.64,135.14
2023-11-21,136.65,125.89,127.92,123.89,108.17,109.34,138.64,135.14
2023-11-22,136.68,125.89,127.93,123.90,108.17,109.35,138.64,135.15
2023-11-23,136.71,125.90,127.94,123.90,108.17,109.35,138.64,135.16
2023-11-24,136.73,125.91,127.96,123.91,108.17,109.35,138.65,135.17
2023-11-25,136.76,125.91,127.97,123.92,108.17,109.35,138.65,135.17
2023-11-26,136.79,125.92,127.98,123.92,108.17,109.35,138.65,135.18
2023-11-27,136.82,125.93,127.99,123.93,108.17,109.35,138.66,135.19
2023-11-28,136.85,125.94,128.00,123.94,108.17,109.36,138.66,135.20
2023-11-29,136.88,125.95,128.01,123.94,108.17,109.36,138.66,135.21
2023-11-30,136.91,125.96,128.03,123.95,108.17,109.36,138.67,135.22
2023-12-01,136.94,125.97,128.04,123.96,108.17,109.36,138.67,135.22
2023-12-02,137.00,125.98,128.14,123.96,108.17,109.36,138.68,135.23
2023-12-03,137.06,125.99,128.24,123.97,108.17,109.37,138.68,135.24
2023-12-04,137.12,126.00,128.34,123.98,108.17,109.37,138.69,135.25
2023-12-05,137.18,126.01,128.44,123.99,108.17,109.37,138.69,135.26
2023-12-06,137.24,126.02,128.54,124.00,108.17,109.37,138.70,135.27
2023-12-07,137.30,126.03,128.64,124.00,108.17,109.37,138.71,135.28
2023-12-08,137.36,126.04,128.74,124.01,108.17,109.37,138.71,135.29
2023-12-09,137.42,126.06,128.84,124.02,108.17,109.38,138.72,135.30
2023-12-10,137.48,126.07,128.94,124.03,108.17,109.38,138.72,135.31
2023-12-11,137.54,126.08,129.04,124.04,108.17,109.38,138.73,135.32
2023-12-12,137.60,126.09,129.14,124.05,108.17,109.38,138.74,135.33
2023-12-13,137.66,126.10,129.24,124.06,108.17,109.38,138.74,135.34
2023-12-14,137.72,126.12,129.34,124.06,108.17,109.38,138.75,135.35
2023-12-15,137.78,126.13,129.44,124.07,108.17,109.39,138.76,135.36
2023-12-16,137.84,126.14,129.54,124.08,108.17,109.39,138.76,135.37
2023-12-17,137.90,126.15,129.64,124.09,108.17,109.39,138.77,135.38
2023-12-18,137.96,126.17,129.74,124.10,108.17,109.39,138.77,135.38
2023-12-19,138.02,126.18,129.84,124.11,108.17,109.39,138.78,135.39
2023-12-20,138.08,126.19,129.94,124.12,108.17,109.39,138.79,135.40
2023-12-21,138.14,126.21,130.04,124.13,108.17,109.39,138.79,135.41
2023-12-22,138.20,126.22,130.14,124.14,108.17,109.40,138.80,135.42
2023-12-23,138.26,126.23,130.24,124.15,108.17,109.40,138.80,135.43
2023-12-24,138.32,126.25,130.34,124.16,108.17,109.40,138.81,135.44
2023-12-25,138.38,126.26,130.44,124.17,108.17,109.40,138.82,135.45
2023-12-26,138.44,126.27,130.54,124.18,108.17,109.40,138.82,135.46
2023-12-27,138.50,126.29,130.64,124.19,108.17,109.40,138.83,135.47
2023-12-28,138.56,126.30,130.74,124.21,108.17,109.40,138.83,135.48
2023-12-29,138.62,126.31,130.84,124.22,108.17,109.40,138.84,135.49
2023-12-30,138.68,126.33,130.94,124.23,108.17,109.40,138.85,135.50
2023-12-31,138.74,126.34,131.04,124.24,108.17,109.41,138.85,135.51
2024-01-01,138.80,126.36,131.14,124.25,108.17,109.41,138.86,135.52
2024-01-02,138.86,126.37,131.13,124.26,108.17,109.41,138.86,135.53
2024-01-03,138.93,126.38,131.13,124.27,108.17,109.41,138.87,135.54
2024-01-04,138.99,126.40,131.12,124.28,108.17,109.41,138.88,135.55
2024-01-05,139.06,126.41,131.12,124.30,108.17,109.41,138.88,135.56
2024-01-06,139.12,126.42,131.11,124.31,108.17,109.41,138.89,135.57
2024-01-07,139.19,126.44,131.11,124.32,108.17,109.41,138.90,135.58
2024-01-08,139.25,126.45,131.11,124.33,108.17,109.41,138.90,135.59
2024-01-09,139.31,126.46,131.10,124.34,108.18,109.41,138.91,135.60
2024-01-10,139.38,126.48,131.10,124.35,108.18,109.42,138.92,135.61
2024-01-11,139.44,126.49,131.09,124.36,108.18,109.42,138.92,135.62
2024-01-12,139.51,126.50,131.09,124.38,108.18,109.42,138.93,135.63
2024-01-13,139.57,126.52,131.08,124.39,108.18,109.42,138.94,135.64
2024-01-14,139.64,126.53,131.08,124.40,108.18,109.42,138.94,135.65
2024-01-15,139.70,126.54,131.07,124.41,108.18,109.42,138.95,135.66
2024-01-16,139.77,126.55,131.07,124.42,108.18,109.42,138.96,135.67
2024-01-17,139.83,126.57,131.06,124.43,108.18,109.42,138.96,135.68
2024-01-18,139.90,126.58,131.06,124.44,108.18,109.42,138.97,135.68
2024-01-19,139.96,126.59,131.05,124.45,108.19,109.42,138.97,135.69
2024-01-20,140.02,126.61,131.05,124.46,108.19,109.42,138.98,135.70
2024-01-21,140.09,126.62,131.05,124.47,108.19,109.43,138.99,135.71
2024-01-22,140.15,126.63,131.04,124.48,108.19,109.43,138.99,135.72
2024-01-23,140.22,126.65,131.04,124.49,108.19,109.43,139.00,135.73
2024-01-24,140.28,126.66,131.03,124.50,108.19,109.43,139.01,135.74
2024-01-25,140.35,126.67,131.03,124.51,108.19,109.43,139.01,135.75
2024-01-26,140.41,126.68,131.02,124.52,108.19,109.43,139.02,135.76
2024-01-27,140.48,126.69,131.02,124.53,108.19,109.43,139.03,135.77
2024-01-28,140.54,126.71,131.01,124.54,108.19,109.43,139.03,135.78
2024-01-29,140.60,126.72,131.01,124.55,108.20,109.43,139.04,135.78
2024-01-30,140.67,126.73,131.00,124.56,108.20,109.43,139.05,135.79
2024-01-31,140.73,126.74,131.00,124.57,108.20,109.44,139.05,135.80
2024-02-01,140.80,126.75,130.99,124.58,108.20,109.44,139.06,135.81
2024-02-02,140.81,126.77,131.00,124.59,108.20,109.44,139.07,135.82
2024-02-03,140.82,126.78,131.01,124.60,108.20,109.44,139.07,135.83
2024-02-04,140.83,126.79,131.02,124.61,108.20,109.44,139.08,135.84
2024-02-05,140.84,126.80,131.03,124.62,108.20,109.44,139.09,135.84
2024-02-06,140.85,126.81,131.04,124.63,108.20,109.44,139.10,135.85
2024-02-07,140.86,126.82,131.05,124.64,108.20,109.44,139.11,135.86
2024-02-08,140.87,126.83,131.06,124.65,108.21,109.44,139.11,135.87
2024-02-09,140.88,126.84,131.07,124.65,108.21,109.45,139.12,135.88
2024-02-10,140.89,126.85,131.08,124.66,108.21,109.45,139.13,135.89
2024-02-11,140.90,126.86,131.09,124.67,108.21,109.45,139.14,135.90
2024-02-12,140.91,126.87,131.10,124.68,108.21,109.45,139.14,135.90
2024-02-13,140.92,126.88,131.10,124.69,108.21,109.45,139.15,135.91
2024-02-14,140.93,126.89,131.11,124.70,108.21,109.45,139.16,135.92
2024-02-15,140.94,126.90,131.12,124.71,108.21,109.45,139.17,135.93
2024-02-16,140.95,126.91,131.13,124.72,108.21,109.45,139.17,135.94
2024-02-17,140.96,126.92,131.14,124.73,108.22,109.46,139.18,135.95
2024-02-18,140.97,126.93,131.15,124.73,108.22,109.46,139.19,135.96
2024-02-19,140.98,126.94,131.16,124.74,108.22,109.46,139.20,135.97
2024-02-20,140.99,126.95,131.17,124.75,108.22,109.46,139.21,135.97
2024-02-21,141.00,126.95,131.18,124.76,108.22,109.46,139.21,135.98
2024-02-22,141.01,126.96,131.19,124.77,108.22,109.46,139.22,135.99
2024-02-23,141.02,126.97,131.20,124.78,108.22,109.47,139.23,136.00
2024-02-24,141.03,126.98,131.21,124.79,108.22,109.47,139.24,136.01
2024-02-25,141.04,126.98,131.21,124.79,108.22,109.47,139.24,136.02
2024-02-26,141.05,126.99,131.22,124.80,108.23,109.47,139.25,136.03
2024-02-27,141.06,127.00,131.23,124.81,108.23,109.47,139.26,136.04
2024-02-28,141.07,127.01,131.24,124.82,108.23,109.47,139.27,136.05
2024-02-29,141.08,127.01,131.25,124.83,108.23,109.47,139.27,136.05
2024-03-01,141.09,127.02,131.26,124.84,108.23,109.48,139.28,136.06
2024-03-02,141.04,127.02,131.28,124.85,108.23,109.48,139.29,136.07
2024-03-03,140.99,127.03,131.31,124.85,108.23,109.48,139.30,136.08
2024-03-04,140.93,127.04,131.33,124.86,108.23,109.48,139.31,136.09
2024-03-05,140.88,127.04,131.35,124.87,108.23,109.48,139.33,136.10
2024-03-06,140.82,127.05,131.38,124.88,108.23,109.49,139.34,136.11
2024-03-07,140.77,127.06,131.40,124.89,108.24,109.49,139.35,136.12
2024-03-08,140.72,127.06,131.42,124.90,108.24,109.49,139.36,136.13
2024-03-09,140.66,127.07,131.45,124.91,108.24,109.49,139.37,136.14
2024-03-10,140.61,127.07,131.47,124.91,108.24,109.49,139.38,136.15
2024-03-11,140.55,127.08,131.49,124.92,108.24,109.50,139.39,136.16
2024-03-12,140.50,127.08,131.52,124.93,108.24,109.50,139.40,136.17
2024-03-13,140.45,127.09,131.54,124.94,108.24,109.50,139.41,136.18
2024-03-14,140.39,127.09,131.56,124.95,108.24,109.50,139.42,136.19
2024-03-15,140.34,127.10,131.59,124.96,108.24,109.51,139.43,136.20
2024-03-16,140.29,127.10,131.61,124.97,108.24,109.51,139.44,136.22
2024-03-17,140.23,127.10,131.63,124.98,108.25,109.51,139.45,136.23
2024-03-18,140.18,127.11,131.65,124.99,108.25,109.51,139.46,136.24
2024-03-19,140.12,127.11,131.68,125.00,108.25,109.52,139.47,136.25
2024-03-20,140.07,127.12,131.70,125.01,108.25,109.52,139.48,136.26
2024-03-21,140.02,127.12,131.72,125.02,108.25,109.52,139.50,136.28
2024-03-22,139.96,127.12,131.75,125.03,108.25,109.52,139.51,136.29
2024-03-23,139.91,127.13,131.77,125.04,108.25,109.53,139.52,136.30
2024-03-24,139.85,127.13,131.79,125.05,108.25,109.53,139.53,136.32
2024-03-25,139.80,127.14,131.82,125.06,108.25,109.53,139.54,136.33
2024-03-26,139.75,127.14,131.84,125.07,108.25,109.53,139.55,136.34
2024-03-27,139.69,127.14,131.86,125.08,108.26,109.54,139.56,136.36
2024-03-28,139.64,127.15,131.89,125.09,108.26,109.54,139.57,136.37
2024-03-29,139.59,127.15,131.91,125.10,108.26,109.54,139.58,136.38
2024-03-30,139.53,127.15,131.93,125.11,108.26,109.54,139.59,136.40
2024-03-31,139.48,127.15,131.96,125.12,108.26,109.55,139.60,136.41
2024-04-01,139.42,127.16,131.98,125.13,108.26,109.55,139.61,136.43
2024-04-02,139.39,127.16,131.98,125.14,108.26,109.55,139.62,136.44
2024-04-03,139.36,127.16,131.98,125.15,108.27,109.56,139.63,136.46
2024-04-04,139.33,127.17,131.98,125.16,108.27,109.56,139.63,136.47
2024-04-05,139.29,127.17,131.98,125.17,108.27,109.56,139.64,136.49
2024-04-06,139.26,127.17,131.98,125.18,108.27,109.57,139.65,136.50
2024-04-07,139.23,127.17,131.98,125.19,108.27,109.57,139.66,136.51
2024-04-08,139.20,127.17,131.98,125.21,108.28,109.57,139.66,136.53
2024-04-09,139.17,127.18,131.98,125.22,108.28,109.57,139.67,136.54
2024-04-10,139.13,127.18,131.98,125.23,108.28,109.58,139.68,136.56
2024-04-11,139.10,127.18,131.98,125.24,108.28,109.58,139.69,136.57
2024-04-12,139.07,127.18,131.98,125.25,108.28,109.58,139.69,136.58
2024-04-13,139.04,127.18,131.98,125.26,108.29,109.58,139.70,136.60
2024-04-14,139.01,127.19,131.98,125.27,108.29,109.59,139.71,136.61
2024-04-15,138.97,127.19,131.97,125.28,108.29,109.59,139.72,136.62
2024-04-16,138.94,127.19,131.97,125.29,108.29,109.59,139.72,136.63
2024-04-17,138.91,127.19,131.97,125.30,108.29,109.59,139.73,136.65
2024-04-18,138.88,127.19,131.97,125.31,108.30,109.60,139.74,136.66
2024-04-19,138.84,127.19,131.97,125.32,108.30,109.60,139.75,136.67
2024-04-20,138.81,127.19,131.97,125.33,108.30,109.60,139.75,136.68
2024-04-21,138.78,127.20,131.97,125.34,108.30,109.60,139.76,136.70
2024-04-22,138.75,127.20,131.97,125.35,108.30,109.61,139.77,136.71
2024-04-23,138.72,127.20,131.97,125.36,108.31,109.61,139.78,136.72
2024-04-24,138.68,127.20,131.97,125.37,108.31,109.61,139.78,136.73
2024-04-25,138.65,127.20,131.97,125.38,108.31,109.61,139.79,136.74
2024-04-26,138.62,127.20,131.97,125.39,108.31,109.61,139.80,136.75
2024-04-27,138.59,127.20,131.97,125.40,108.32,109.62,139.81,136.76
2024-04-28,138.55,127.20,131.97,125.41,108.32,109.62,139.81,136.77
2024-04-29,138.52,127.21,131.97,125.42,108.32,109.62,139.82,136.78
2024-04-30,138.49,127.21,131.97,125.42,108.32,109.62,139.83,136.79
2024-05-01,138.46,127.18,131.97,125.42,108.32,109.62,139.84,136.80
2024-05-02,138.41,127.16,131.99,125.42,108.33,109.62,139.83,136.81
2024-05-03,138.37,127.14,132.00,125.41,108.33,109.61,139.83,136.81
2024-05-04,138.32,127.11,132.02,125.41,108.33,109.61,139.82,136.82
2024-05-05,138.28,127.09,132.04,125.41,108.33,109.60,139.82,136.83
2024-05-06,138.23,127.06,132.06,125.41,108.34,109.60,139.82,136.83
2024-05-07,138.19,127.04,132.08,125.40,108.34,109.60,139.81,136.84
2024-05-08,138.15,127.01,132.09,125.40,108.34,109.59,139.81,136.85
2024-05-09,138.10,126.99,132.11,125.40,108.34,109.59,139.81,136.85
2024-05-10,138.06,126.96,132.13,125.39,108.34,109.59,139.80,136.86
2024-05-11,138.01,126.94,132.15,125.39,108.35,109.58,139.80,136.87
2024-05-12,137.97,126.91,132.17,125.39,108.35,109.58,139.79,136.87
2024-05-13,137.92,126.89,132.18,125.38,108.35,109.57,139.79,136.88
2024-05-14,137.88,126.86,132.20,125.38,108.35,109.57,139.79,136.88
2024-05-15,137.83,126.84,132.22,125.38,108.36,109.57,139.78,136.89
2024-05-16,137.79,126.81,132.24,125.37,108.36,109.56,139.78,136.89
2024-05-17,137.74,126.79,132.25,125.37,108.36,109.56,139.78,136.90
2024-05-18,137.70,126.76,132.27,125.37,108.36,109.56,139.77,136.90
2024-05-19,137.65,126.74,132.29,125.37,108.37,109.55,139.77,136.90
2024-05-20,137.61,126.71,132.31,125.36,108.37,109.55,139.76,136.91
2024-05-21,137.56,126.69,132.33,125.36,108.37,109.55,139.76,136.91
2024-05-22,137.52,126.66,132.34,125.36,108.37,109.54,139.76,136.91
2024-05-23,137.47,126.64,132.36,125.35,108.38,109.54,139.75,136.92
2024-05-24,137.43,126.62,132.38,125.35,108.38,109.53,139.75,136.92
2024-05-25,137.39,126.60,132.40,125.35,108.38,109.53,139.75,136.92
2024-05-26,137.34,126.58,132.42,125.34,108.38,109.52,139.74,136.93
2024-05-27,137.30,126.55,132.43,125.34,108.38,109.52,139.74,136.93
2024-05-28,137.25,126.53,132.45,125.34,108.39,109.52,139.73,136.93
2024-05-29,137.21,126.51,132.47,125.33,108.39,109.51,139.73,136.94
2024-05-30,137.16,126.48,132.49,125.33,108.39,109.51,139.73,136.94
2024-05-31,137.12,126.46,132.51,125.32,108.39,109.50,139.72,136.94
2024-06-01,137.07,126.44,132.52,125.32,108.40,109.50,139.72,136.94
2024-06-02,137.11,126.43,132.53,125.32,108.40,109.49,139.73,136.94
2024-06-03,137.14,126.41,132.53,125.31,108.40,109.49,139.73,136.95
2024-06-04,137.17,126.39,132.54,125.31,108.40,109.49,139.74,136.95
2024-06-05,137.20,126.37,132.55,125.31,108.40,109.48,139.75,136.95
2024-06-06,137.24,126.35,132.55,125.30,108.41,109.48,139.75,136.95
2024-06-07,137.27,126.33,132.56,125.30,108.41,109.47,139.76,136.95
2024-06-08,137.30,126.31,132.56,125.29,108.41,109.46,139.77,136.95
2024-06-09,137.33,126.29,132.57,125.29,108.41,109.46,139.77,136.96
2024-06-10,137.37,126.28,132.57,125.28,108.41,109.46,139.78,136.96
2024-06-11,137.40,126.26,132.58,125.28,108.41,109.45,139.79,136.96
2024-06-12,137.43,126.24,132.58,125.28,108.42,109.45,139.79,136.96
2024-06-13,137.46,126.22,132.59,125.27,108.42,109.44,139.80,136.96
2024-06-14,137.50,126.20,132.59,125.27,108.42,109.44,139.81,136.96
2024-06-15,137.53,126.19,132.60,125.27,108.42,109.44,139.81,136.96
2024-06-16,137.56,126.17,132.61,125.26,108.42,109.43,139.82,136.97
2024-06-17,137.59,126.15,132.61,125.26,108.42,109.42,139.83,136.97
2024-06-18,137.63,126.14,132.62,125.26,108.43,109.42,139.83,136.97
2024-06-19,137.66,126.12,132.62,125.25,108.43,109.42,139.84,136.97
2024-06-20,137.69,126.11,132.63,125.25,108.43,109.41,139.85,136.97
2024-06-21,137.72,126.09,132.63,125.25,108.43,109.41,139.85,136.98
2024-06-22,137.76,126.08,132.64,125.24,108.43,109.40,139.86,136.98
2024-06-23,137.79,126.06,132.64,125.24,108.43,109.40,139.87,136.98
2024-06-24,137.82,126.05,132.65,125.23,108.44,109.39,139.87,136.98
2024-06-25,137.85,126.04,132.66,125.23,108.44,109.39,139.88,136.98
2024-06-26,137.89,126.02,132.66,125.23,108.44,109.38,139.89,136.99
2024-06-27,137.92,126.01,132.67,125.22,108.44,109.38,139.89,136.99
2024-06-28,137.95,126.00,132.67,125.22,108.44,109.37,139.90,136.99
2024-06-29,137.98,125.99,132.68,125.22,108.45,109.37,139.91,137.00
2024-06-30,138.02,125.98,132.68,125.21,108.45,109.36,139.91,137.00
2024-07-01,138.05,125.96,132.69,125.21,108.45,109.36,139.92,137.01
2024-07-02,138.10,125.95,132.67,125.21,108.45,109.35,139.92,137.01
2024-07-03,138.16,125.94,132.65,125.20,108.45,109.35,139.93,137.01
2024-07-04,138.21,125.93,132.63,125.20,108.46,109.35,139.93,137.01
2024-07-05,138.26,125.92,132.61,125.20,108.46,109.34,139.94,137.02
2024-07-06,138.31,125.91,132.59,125.19,108.46,109.34,139.94,137.02
2024-07-07,138.37,125.90,132.57,125.19,108.46,109.33,139.94,137.03
2024-07-08,138.42,125.89,132.55,125.18,108.47,109.33,139.95,137.03
2024-07-09,138.47,125.88,132.53,125.18,108.47,109.33,139.95,137.03
2024-07-10,138.53,125.87,132.51,125.17,108.47,109.32,139.96,137.03
2024-07-11,138.58,125.86,132.49,125.17,108.48,109.32,139.96,137.04
2024-07-12,138.63,125.85,132.47,125.17,108.48,109.32,139.96,137.04
2024-07-13,138.69,125.84,132.45,125.16,108.48,109.31,139.97,137.05
2024-07-14,138.74,125.83,132.43,125.16,108.48,109.31,139.97,137.05
2024-07-15,138.79,125.82,132.41,125.16,108.49,109.31,139.98,137.05
2024-07-16,138.85,125.81,132.39,125.15,108.49,109.30,139.98,137.06
2024-07-17,138.90,125.80,132.37,125.15,108.49,109.30,139.99,137.07
2024-07-18,138.95,125.79,132.35,125.15,108.49,109.29,139.99,137.07
2024-07-19,139.01,125.79,132.34,125.14,108.50,109.29,139.99,137.08
2024-07-20,139.06,125.78,132.32,125.14,108.50,109.29,140.00,137.08
2024-07-21,139.11,125.77,132.30,125.14,108.50,109.28,140.00,137.08
2024-07-22,139.17,125.76,132.28,125.14,108.51,109.28,140.01,137.09
2024-07-23,139.22,125.74,132.26,125.13,108.51,109.27,140.01,137.09
2024-07-24,139.27,125.74,132.24,125.13,108.51,109.27,140.02,137.10
2024-07-25,139.32,125.73,132.22,125.13,108.51,109.26,140.02,137.10
2024-07-26,139.38,125.72,132.20,125.12,108.52,109.26,140.02,137.11
2024-07-27,139.43,125.71,132.18,125.12,108.52,109.26,140.03,137.12
2024-07-28,139.48,125.70,132.16,125.12,108.52,109.25,140.03,137.12
2024-07-29,139.54,125.69,132.14,125.11,108.52,109.25,140.04,137.13
2024-07-30,139.59,125.68,132.12,125.11,108.53,109.24,140.04,137.13
2024-07-31,139.64,125.66,132.10,125.10,108.53,109.24,140.04,137.14
2024-08-01,139.70,125.66,132.08,125.10,108.53,109.24,140.05,137.15
2024-08-02,139.76,125.65,132.07,125.10,108.53,109.23,140.06,137.15
2024-08-03,139.82,125.63,132.06,125.09,108.54,109.23,140.07,137.16
2024-08-04,139.89,125.62,132.05,125.09,108.54,109.23,140.07,137.17
2024-08-05,139.95,125.61,132.04,125.08,108.54,109.22,140.08,137.18
2024-08-06,140.01,125.60,132.03,125.08,108.54,109.21,140.09,137.18
2024-08-07,140.08,125.58,132.02,125.07,108.54,109.21,140.10,137.19
2024-08-08,140.14,125.57,132.01,125.07,108.55,109.20,140.11,137.20
2024-08-09,140.20,125.56,132.01,125.07,108.55,109.20,140.12,137.21
2024-08-10,140.27,125.54,132.00,125.07,108.55,109.20,140.12,137.21
2024-08-11,140.33,125.53,131.99,125.06,108.55,109.19,140.13,137.22
2024-08-12,140.39,125.51,131.98,125.06,108.55,109.19,140.14,137.22
2024-08-13,140.46,125.50,131.97,125.06,108.56,109.18,140.15,137.23
2024-08-14,140.52,125.49,131.96,125.05,108.56,109.18,140.16,137.23
2024-08-15,140.58,125.47,131.95,125.05,108.56,109.17,140.17,137.25
2024-08-16,140.65,125.46,131.94,125.05,108.56,109.17,140.17,137.25
2024-08-17,140.71,125.44,131.93,125.04,108.56,109.16,140.18,137.26
2024-08-18,140.77,125.42,131.92,125.04,108.57,109.16,140.19,137.27
2024-08-19,140.84,125.40,131.91,125.04,108.57,109.15,140.20,137.28
2024-08-20,140.90,125.39,131.90,125.04,108.57,109.15,140.21,137.29
2024-08-21,140.96,125.37,131.89,125.04,108.57,109.15,140.22,137.30
2024-08-22,141.03,125.36,131.88,125.04,108.57,109.14,140.22,137.31
2024-08-23,141.09,125.33,131.88,125.03,108.58,109.14,140.23,137.32
2024-08-24,141.15,125.32,131.87,125.03,108.58,109.13,140.24,137.32
2024-08-25,141.22,125.30,131.86,125.03,108.58,109.13,140.25,137.34
2024-08-26,141.28,125.28,131.85,125.03,108.58,109.13,140.26,137.34
2024-08-27,141.34,125.25,131.84,125.02,108.58,109.12,140.27,137.35
2024-08-28,141.41,125.23,131.83,125.03,108.59,109.12,140.27,137.36
2024-08-29,141.47,125.21,131.82,125.02,108.59,109.11,140.28,137.37
2024-08-30,141.53,125.19,131.81,125.02,108.59,109.11,140.29,137.38
2024-08-31,141.60,125.17,131.80,125.02,108.59,109.10,140.30,137.39
2024-09-01,141.66,125.15,131.79,125.01,108.59,109.10,140.31,137.40
2024-09-02,141.65,125.12,131.83,125.02,108.60,109.09,140.32,137.41
2024-09-03,141.65,125.10,131.87,125.02,108.60,109.09,140.33,137.42
2024-09-04,141.64,125.07,131.91,125.01,108.60,109.08,140.35,137.43
2024-09-05,141.63,125.05,131.96,125.01,108.60,109.08,140.36,137.44
2024-09-06,141.63,125.03,132.00,125.00,108.61,109.07,140.37,137.45
2024-09-07,141.62,125.00,132.04,125.00,108.61,109.07,140.39,137.46
2024-09-08,141.61,124.98,132.08,125.00,108.61,109.06,140.40,137.47
2024-09-09,141.60,124.96,132.12,125.00,108.61,109.06,140.41,137.48
2024-09-10,141.60,124.93,132.16,124.99,108.62,109.05,140.43,137.49
2024-09-11,141.59,124.91,132.20,124.99,108.62,109.05,140.44,137.50
2024-09-12,141.58,124.88,132.24,124.99,108.62,109.04,140.45,137.51
2024-09-13,141.57,124.86,132.28,124.98,108.62,109.04,140.47,137.52
2024-09-14,141.57,124.83,132.32,124.98,108.63,109.03,140.48,137.53
2024-09-15,141.56,124.80,132.37,124.98,108.63,109.03,140.49,137.53
2024-09-16,141.55,124.77,132.41,124.97,108.63,109.02,140.51,137.54
2024-09-17,141.55,124.74,132.45,124.97,108.63,109.02,140.52,137.55
2024-09-18,141.54,124.72,132.49,124.97,108.64,109.02,140.53,137.56
2024-09-19,141.53,124.69,132.53,124.97,108.64,109.01,140.55,137.57
2024-09-20,141.52,124.66,132.57,124.96,108.64,109.01,140.56,137.58
2024-09-21,141.52,124.64,132.61,124.96,108.64,109.01,140.57,137.59
2024-09-22,141.51,124.61,132.65,124.96,108.65,109.00,140.59,137.60
2024-09-23,141.50,124.58,132.69,124.96,108.65,108.99,140.60,137.60
2024-09-24,141.50,124.55,132.73,124.95,108.65,108.99,140.61,137.61
2024-09-25,141.49,124.52,132.78,124.95,108.65,108.98,140.63,137.62
2024-09-26,141.48,124.49,132.82,124.95,108.66,108.98,140.64,137.63
2024-09-27,141.47,124.47,132.86,124.94,108.66,108.97,140.65,137.64
2024-09-28,141.47,124.44,132.90,124.94,108.66,108.97,140.67,137.65
2024-09-29,141.46,124.41,132.94,124.94,108.66,108.96,140.68,137.66
2024-09-30,141.45,124.38,132.98,124.93,108.67,108.96,140.69,137.67
2024-10-01,141.45,124.35,133.02,124.93,108.67,108.95,140.71,137.68
2024-10-02,141.33,124.33,133.03,124.93,108.67,108.94,140.72,137.69
2024-10-03,141.21,124.29,133.03,124.92,108.67,108.94,140.73,137.69
2024-10-04,141.09,124.27,133.03,124.92,108.67,108.93,140.73,137.70
2024-10-05,140.98,124.24,133.04,124.92,108.67,108.93,140.74,137.71
2024-10-06,140.86,124.21,133.04,124.92,108.67,108.92,140.75,137.72
2024-10-07,140.74,124.18,133.05,124.92,108.68,108.92,140.76,137.73
2024-10-08,140.62,124.15,133.05,124.91,108.68,108.92,140.77,137.73
2024-10-09,140.50,124.12,133.06,124.91,108.68,108.91,140.78,137.74
2024-10-10,140.39,124.09,133.06,124.91,108.68,108.90,140.78,137.75
2024-10-11,140.27,124.06,133.06,124.90,108.68,108.90,140.79,137.75
2024-10-12,140.15,124.04,133.07,124.90,108.68,108.90,140.80,137.77
2024-10-13,140.03,124.01,133.07,124.90,108.68,108.89,140.81,137.78
2024-10-14,139.92,123.98,133.08,124.89,108.69,108.88,140.82,137.79
2024-10-15,139.80,123.95,133.08,124.89,108.69,108.88,140.83,137.80
2024-10-16,139.68,123.93,133.09,124.90,108.69,108.88,140.83,137.81
2024-10-17,139.56,123.90,133.09,124.89,108.69,108.87,140.84,137.82
2024-10-18,139.45,123.88,133.09,124.89,108.69,108.86,140.85,137.83
2024-10-19,139.33,123.85,133.10,124.89,108.69,108.86,140.86,137.84
2024-10-20,139.21,123.82,133.10,124.89,108.69,108.85,140.87,137.85
2024-10-21,139.09,123.79,133.11,124.89,108.69,108.85,140.88,137.86
2024-10-22,138.98,123.77,133.11,124.88,108.70,108.85,140.88,137.87
2024-10-23,138.86,123.75,133.12,124.88,108.70,108.83,140.89,137.88
2024-10-24,138.74,123.72,133.12,124.88,108.70,108.83,140.90,137.90
2024-10-25,138.62,123.69,133.12,124.88,108.70,108.83,140.91,137.91
2024-10-26,138.51,123.67,133.13,124.88,108.70,108.82,140.92,137.92
2024-10-27,138.39,123.65,133.13,124.88,108.70,108.82,140.93,137.93
2024-10-28,138.27,123.62,133.14,124.88,108.70,108.81,140.93,137.95
2024-10-29,138.15,123.60,133.14,124.88,108.71,108.80,140.94,137.96
2024-10-30,138.03,123.58,133.15,124.88,108.71,108.80,140.95,137.97
2024-10-31,137.92,123.55,133.15,124.88,108.71,108.79,140.96,137.99
2024-11-01,137.80,123.53,133.15,124.88,108.71,108.79,140.97,138.00
2024-11-02,137.89,123.51,133.14,124.88,108.71,108.78,140.97,138.02
2024-11-03,137.97,123.49,133.12,124.88,108.71,108.78,140.97,138.03
2024-11-04,138.06,123.47,133.10,124.88,108.72,108.77,140.98,138.04
2024-11-05,138.15,123.44,133.08,124.88,108.72,108.76,140.98,138.05
2024-11-06,138.23,123.42,133.06,124.89,108.72,108.76,140.98,138.07
2024-11-07,138.32,123.40,133.05,124.89,108.72,108.75,140.98,138.08
2024-11-08,138.41,123.38,133.03,124.89,108.73,108.75,140.99,138.09
2024-11-09,138.49,123.36,133.01,124.88,108.73,108.74,140.99,138.10
2024-11-10,138.58,123.34,132.99,124.88,108.73,108.74,140.99,138.12
2024-11-11,138.67,123.32,132.97,124.88,108.73,108.74,140.99,138.13
2024-11-12,138.75,123.30,132.96,124.88,108.74,108.73,141.00,138.14
2024-11-13,138.84,123.28,132.94,124.88,108.74,108.71,141.00,138.15
2024-11-14,138.93,123.26,132.92,124.88,108.74,108.70,141.00,138.16
2024-11-15,139.01,123.24,132.90,124.88,108.74,108.69,141.01,138.17
2024-11-16,139.10,123.22,132.88,124.88,108.75,108.69,141.01,138.18
2024-11-17,139.19,123.20,132.86,124.87,108.75,108.68,141.01,138.19
2024-11-18,139.27,123.18,132.85,124.86,108.75,108.67,141.01,138.19
2024-11-19,139.36,123.17,132.83,124.86,108.75,108.67,141.02,138.20
2024-11-20,139.45,123.15,132.81,124.85,108.76,108.66,141.02,138.21
2024-11-21,139.53,123.13,132.79,124.85,108.76,108.66,141.02,138.22
2024-11-22,139.62,123.11,132.77,124.84,108.76,108.66,141.03,138.23
2024-11-23,139.71,123.09,132.76,124.84,108.76,108.65,141.03,138.23
2024-11-24,139.79,123.07,132.74,124.84,108.77,108.64,141.03,138.24
2024-11-25,139.88,123.05,132.72,124.83,108.77,108.64,141.03,138.25
2024-11-26,139.97,123.03,132.70,124.83,108.77,108.63,141.04,138.26
2024-11-27,140.05,123.01,132.68,124.82,108.77,108.63,141.04,138.26
2024-11-28,140.14,123.00,132.67,124.82,108.78,108.61,141.04,138.27
2024-11-29,140.23,122.97,132.65,124.81,108.78,108.61,141.04,138.28
2024-11-30,140.31,122.96,132.63,124.81,108.78,108.60,141.05,138.28
2024-12-01,140.40,122.93,132.61,124.80,108.78,108.59,141.05,138.29
2024-12-02,140.46,122.92,132.73,124.80,108.78,108.59,141.07,138.30
2024-12-03,140.51,122.90,132.85,124.79,108.79,108.58,141.09,138.31
2024-12-04,140.57,122.89,132.96,124.78,108.79,108.58,141.11,138.32
2024-12-05,140.62,122.87,133.08,124.78,108.79,108.58,141.13,138.32
2024-12-06,140.68,122.84,133.20,124.78,108.79,108.57,141.15,138.33
2024-12-07,140.73,122.82,133.32,124.77,108.79,108.57,141.17,138.34
2024-12-08,140.79,122.81,133.43,124.76,108.80,108.56,141.19,138.34
2024-12-09,140.85,122.79,133.55,124.75,108.80,108.56,141.20,138.35
2024-12-10,140.90,122.77,133.67,124.75,108.80,108.55,141.22,138.36
2024-12-11,140.96,122.75,133.79,124.73,108.80,108.54,141.24,138.36
2024-12-12,141.01,122.71,133.90,124.72,108.80,108.54,141.26,138.37
2024-12-13,141.07,122.70,134.02,124.71,108.81,108.53,141.28,138.38
2024-12-14,141.12,122.67,134.14,124.70,108.81,108.53,141.30,138.39
2024-12-15,141.18,122.66,134.26,124.69,108.81,108.53,141.32,138.39
2024-12-16,141.24,122.65,134.38,124.68,108.81,108.52,141.34,138.40
2024-12-17,141.29,122.63,134.49,124.67,108.81,108.52,141.36,138.41
2024-12-18,141.35,122.61,134.61,124.66,108.82,108.51,141.38,138.42
2024-12-19,141.40,122.60,134.73,124.65,108.82,108.51,141.40,138.43
2024-12-20,141.46,122.59,134.85,124.64,108.82,108.51,141.42,138.44
2024-12-21,141.51,122.58,134.96,124.64,108.82,108.50,141.44,138.45
2024-12-22,141.57,122.57,135.08,124.63,108.82,108.50,141.46,138.46
2024-12-23,141.63,122.55,135.20,124.62,108.83,108.50,141.48,138.47
2024-12-24,141.68,122.53,135.32,124.61,108.83,108.49,141.50,138.47
2024-12-25,141.74,122.52,135.43,124.60,108.83,108.49,141.52,138.48
2024-12-26,141.79,122.51,135.55,124.60,108.83,108.48,141.53,138.50
2024-12-27,141.85,122.51,135.67,124.58,108.83,108.48,141.55,138.51
2024-12-28,141.90,122.50,135.79,124.58,108.84,108.47,141.57,138.53
2024-12-29,141.96,122.49,135.90,124.56,108.84,108.47,141.59,138.53
2024-12-30,142.02,122.48,136.02,124.55,108.84,108.46,141.61,138.54
2024-12-31,142.07,122.48,136.14,124.55,108.84,108.46,141.63,138.56
2025-01-01,142.13,122.48,136.26,124.54,108.84,108.46,141.65,138.57
2025-01-02,142.18,122.48,136.26,124.53,108.85,108.46,141.66,138.58
2025-01-03,142.22,122.48,136.26,124.52,108.85,108.44,141.67,138.59
2025-01-04,142.27,122.48,136.26,124.51,108.85,108.44,141.68,138.60
2025-01-05,142.32,122.48,136.27,124.50,108.85,108.44,141.69,138.61
2025-01-06,142.37,122.48,136.27,124.49,108.85,108.43,141.70,138.62
2025-01-07,142.42,122.48,136.27,124.48,108.86,108.43,141.71,138.64
2025-01-08,142.47,122.48,136.27,124.47,108.86,108.42,141.71,138.65
2025-01-09,142.51,122.48,136.28,124.47,108.86,108.43,141.72,138.66
2025-01-10,142.56,122.48,136.28,124.45,108.86,108.42,141.73,138.67
2025-01-11,142.61,122.49,136.28,124.44,108.87,108.42,141.74,138.68
2025-01-12,142.66,122.48,136.28,124.42,108.87,108.41,141.75,138.69
2025-01-13,142.71,122.49,136.29,124.41,108.87,108.42,141.76,138.71
2025-01-14,142.76,122.49,136.29,124.40,108.87,108.42,141.77,138.72
2025-01-15,142.80,122.50,136.29,124.40,108.87,108.41,141.78,138.74
2025-01-16,142.85,122.49,136.29,124.39,108.88,108.41,141.79,138.75
2025-01-17,142.90,122.50,136.30,124.38,108.88,108.40,141.80,138.76
2025-01-18,142.95,122.50,136.30,124.38,108.88,108.40,141.81,138.77
2025-01-19,143.00,122.51,136.30,124.37,108.88,108.40,141.81,138.78
2025-01-20,143.05,122.52,136.30,124.36,108.88,108.39,141.82,138.79
2025-01-21,143.09,122.52,136.31,124.35,108.89,108.39,141.83,138.80
2025-01-22,143.14,122.52,136.31,124.34,108.89,108.38,141.84,138.81
2025-01-23,143.19,122.53,136.31,124.33,108.89,108.38,141.85,138.82
2025-01-24,143.24,122.55,136.31,124.33,108.89,108.38,141.86,138.83
2025-01-25,143.29,122.56,136.32,124.31,108.89,108.37,141.87,138.84
2025-01-26,143.34,122.58,136.32,124.30,108.90,108.36,141.88,138.86
2025-01-27,143.38,122.59,136.32,124.29,108.90,108.36,141.89,138.87
2025-01-28,143.43,122.61,136.32,124.28,108.90,108.36,141.90,138.88
2025-01-29,143.48,122.63,136.33,124.27,108.90,108.36,141.91,138.89
2025-01-30,143.53,122.65,136.33,124.26,108.90,108.37,141.92,138.90
2025-01-31,143.58,122.67,136.33,124.24,108.91,108.37,141.92,138.92
2025-02-01,143.63,122.69,136.33,124.22,108.91,108.36,141.93,138.93
2025-02-02,143.66,122.71,136.35,124.21,108.91,108.35,141.94,138.94
2025-02-03,143.69,122.72,136.37,124.20,108.91,108.35,141.94,138.95
2025-02-04,143.72,122.73,136.39,124.19,108.92,108.35,141.95,138.96
2025-02-05,143.76,122.75,136.40,124.18,108.92,108.34,141.95,138.95
2025-02-06,143.79,122.78,136.42,124.18,108.92,108.33,141.96,138.97
2025-02-07,143.82,122.79,136.44,124.17,108.92,108.33,141.96,138.98
2025-02-08,143.86,122.81,136.46,124.17,108.93,108.34,141.97,139.00
2025-02-09,143.89,122.82,136.48,124.15,108.93,108.34,141.97,139.01
2025-02-10,143.92,122.84,136.49,124.14,108.93,108.33,141.98,139.02
2025-02-11,143.95,122.87,136.51,124.12,108.93,108.32,141.98,139.04
2025-02-12,143.99,122.86,136.53,124.11,108.94,108.32,141.98,139.05
2025-02-13,144.02,122.89,136.55,124.11,108.94,108.32,141.99,139.06
2025-02-14,144.05,122.91,136.57,124.11,108.94,108.32,141.99,139.08
2025-02-15,144.09,122.94,136.58,124.10,108.94,108.31,142.00,139.08
2025-02-16,144.12,122.96,136.60,124.08,108.95,108.31,142.00,139.10
2025-02-17,144.15,122.99,136.62,124.07,108.95,108.31,142.01,139.11
2025-02-18,144.18,123.03,136.64,124.06,108.95,108.30,142.01,139.11
2025-02-19,144.22,123.06,136.65,124.05,108.95,108.30,142.02,139.12
2025-02-20,144.25,123.09,136.67,124.04,108.96,108.30,142.02,139.13
2025-02-21,144.28,123.13,136.69,124.03,108.96,108.30,142.03,139.14
2025-02-22,144.32,123.15,136.71,124.03,108.96,108.30,142.03,139.15
2025-02-23,144.35,123.19,136.73,124.01,108.96,108.29,142.04,139.16
2025-02-24,144.38,123.21,136.74,123.98,108.97,108.28,142.04,139.18
2025-02-25,144.41,123.23,136.76,123.97,108.97,108.28,142.04,139.19
2025-02-26,144.45,123.27,136.78,123.96,108.97,108.28,142.05,139.20
2025-02-27,144.48,123.30,136.80,123.95,108.98,108.28,142.05,139.21
2025-02-28,144.51,123.31,136.81,123.94,108.98,108.27,142.06,139.22
2025-03-01,144.55,123.33,136.83,123.91,108.98,108.27,142.06,139.22
2025-03-02,144.52,123.35,136.88,123.87,108.98,108.26,142.08,139.22
2025-03-03,144.49,123.38,136.94,123.86,108.99,108.25,142.09,139.23
2025-03-04,144.46,123.40,136.99,123.85,108.99,108.25,142.11,139.24
2025-03-05,144.43,123.44,137.04,123.84,108.99,108.24,142.12,139.25
2025-03-06,144.40,123.49,137.09,123.83,108.99,108.23,142.14,139.26
2025-03-07,144.37,123.53,137.15,123.82,109.00,108.23,142.15,139.26
2025-03-08,144.35,123.57,137.20,123.81,109.00,108.23,142.17,139.27
2025-03-09,144.32,123.60,137.25,123.80,109.00,108.21,142.18,139.27
2025-03-10,144.29,123.63,137.30,123.79,109.00,108.21,142.20,139.27
2025-03-11,144.26,123.66,137.35,123.79,109.01,108.19,142.22,139.28
2025-03-12,144.23,123.70,137.41,123.78,109.01,108.19,142.23,139.30
2025-03-13,144.20,123.75,137.46,123.78,109.01,108.20,142.25,139.30
2025-03-14,144.17,123.78,137.51,123.77,109.02,108.20,142.26,139.31
2025-03-15,144.15,123.82,137.56,123.75,109.02,108.19,142.28,139.31
2025-03-16,144.12,123.86,137.61,123.74,109.02,108.19,142.29,139.32
2025-03-17,144.09,123.90,137.67,123.72,109.02,108.17,142.31,139.32
2025-03-18,144.06,123.94,137.72,123.72,109.03,108.15,142.32,139.34
2025-03-19,144.03,123.98,137.77,123.72,109.03,108.15,142.34,139.35
2025-03-20,144.00,124.01,137.82,123.72,109.03,108.16,142.35,139.35
2025-03-21,143.97,124.05,137.88,123.71,109.03,108.11,142.37,139.34
2025-03-22,143.95,124.09,137.93,123.71,109.04,108.12,142.38,139.35
2025-03-23,143.92,124.12,137.98,123.72,109.04,108.12,142.40,139.37
2025-03-24,143.89,124.15,138.03,123.71,109.04,108.12,142.41,139.39
2025-03-25,143.86,124.17,138.08,123.71,109.05,108.12,142.43,139.40
2025-03-26,143.83,124.21,138.14,123.70,109.05,108.11,142.44,139.39
2025-03-27,143.80,124.25,138.19,123.68,109.05,108.09,142.46,139.41
2025-03-28,143.77,124.26,138.24,123.67,109.05,108.06,142.47,139.41
2025-03-29,143.75,124.31,138.29,123.65,109.06,108.06,142.49,139.42
2025-03-30,143.72,124.36,138.35,123.66,109.06,108.06,142.50,139.43
2025-03-31,143.69,124.35,138.40,123.63,109.06,108.04,142.52,139.43
2025-04-01,143.66,124.38,138.45,123.66,109.06,108.04,142.53,139.42
2025-04-02,143.66,124.39,138.45,123.65,109.06,108.03,142.53,139.40
2025-04-03,143.66,124.44,138.45,123.68,109.06,108.04,142.53,139.39
2025-04-04,143.66,124.50,138.45,123.67,109.06,108.03,142.53,139.38
2025-04-05,143.66,124.54,138.45,123.68,109.06,108.03,142.53,139.41
2025-04-06,143.66,124.56,138.45,123.66,109.06,108.03,142.53,139.43
2025-04-07,143.66,124.62,138.45,123.65,109.06,108.02,142.53,139.41
2025-04-08,143.66,124.63,138.45,123.65,109.06,108.03,142.53,139.40
2025-04-09,143.66,124.64,138.45,123.64,109.06,108.04,142.53,139.40
2025-04-10,143.66,124.70,138.45,123.66,109.06,108.02,142.53,139.41
2025-04-11,143.66,124.76,138.45,123.65,109.06,108.01,142.53,139.41
2025-04-12,143.66,124.83,138.45,123.67,109.06,108.02,142.53,139.40
2025-04-13,143.66,124.83,138.45,123.66,109.06,108.02,142.53,139.40
2025-04-14,143.66,124.86,138.45,123.64,109.06,108.03,142.53,139.40
2025-04-15,143.66,124.87,138.45,123.67,109.06,107.95,142.53,139.38
2025-04-16,143.66,124.88,138.45,123.69,109.06,107.96,142.53,139.35
2025-04-17,143.66,124.88,138.45,123.67,109.06,107.94,142.53,139.34
2025-04-18,143.66,124.92,138.45,123.71,109.06,107.94,142.53,139.33
2025-04-19,143.66,124.86,138.45,123.73,109.06,107.92,142.53,139.26
2025-04-20,143.66,124.95,138.45,123.75,109.06,107.93,142.53,139.24
2025-04-21,143.66,124.80,138.45,123.77,109.06,107.96,142.53,139.22
2025-04-22,143.66,124.82,138.45,123.65,109.06,108.00,142.53,139.17
2025-04-23,143.66,124.79,138.45,123.74,109.06,108.04,142.53,139.07
2025-04-24,143.66,124.69,138.45,123.76,109.06,108.10,142.53,139.10
2025-04-25,143.66,124.77,138.45,123.83,109.06,108.10,142.53,139.04
2025-04-26,143.66,124.67,138.45,123.90,109.06,108.22,142.53,139.13
2025-04-27,143.66,124.51,138.45,123.77,109.06,108.05,142.53,139.06
2025-04-28,143.66,124.44,138.45,123.85,109.06,107.82,142.53,138.73
2025-04-29,143.66,124.27,138.45,123.43,109.06,107.79,142.53,138.47
